Id;Position1F1S1;Position2F1S1;Position3F1S1;Position4F1S1;Position5F1S1;Position6F1S1;Position7F1S1;Position8F1S1;Position9F1S1;Position10F1S1;Position11F1S1;LocationX1F1S1;LocationY1F1S1;LocationX2F1S1;LocationY2F1S1;LocationX3F1S1;LocationY3F1S1;LocationX4F1S1;LocationY4F1S1;LocationX5F1S1;LocationY5F1S1;LocationX6F1S1;LocationY6F1S1;LocationX7F1S1;LocationY7F1S1;LocationX8F1S1;LocationY8F1S1;LocationX9F1S1;LocationY9F1S1;LocationX10F1S1;LocationY10F1S1;LocationX11F1S1;LocationY11F1S1;Position1F2S1;Position2F2S1;Position3F2S1;Position4F2S1;Position5F2S1;Position6F2S1;Position7F2S1;Position8F2S1;Position9F2S1;Position10F2S1;Position11F2S1;LocationX1F2S1;LocationY1F2S1;LocationX2F2S1;LocationY2F2S1;LocationX3F2S1;LocationY3F2S1;LocationX4F2S1;LocationY4F2S1;LocationX5F2S1;LocationY5F2S1;LocationX6F2S1;LocationY6F2S1;LocationX7F2S1;LocationY7F2S1;LocationX8F2S1;LocationY8F2S1;LocationX9F2S1;LocationY9F2S1;LocationX10F2S1;LocationY10F2S1;LocationX11F2S1;LocationY11F2S1;Position1F3S1;Position2F3S1;Position3F3S1;Position4F3S1;Position5F3S1;Position6F3S1;Position7F3S1;Position8F3S1;Position9F3S1;Position10F3S1;Position11F3S1;LocationX1F3S1;LocationY1F3S1;LocationX2F3S1;LocationY2F3S1;LocationX3F3S1;LocationY3F3S1;LocationX4F3S1;LocationY4F3S1;LocationX5F3S1;LocationY5F3S1;LocationX6F3S1;LocationY6F3S1;LocationX7F3S1;LocationY7F3S1;LocationX8F3S1;LocationY8F3S1;LocationX9F3S1;LocationY9F3S1;LocationX10F3S1;LocationY10F3S1;LocationX11F3S1;LocationY11F3S1;AttackingStylesS1;BuildUpS1;AttackingAreaS1;PositioningS1;SupportRangeS1;NumbersInAttackS1;DefensiveStylesS1;ContainmentAreaS1;PressuringS1;DefensiveLineS1;CompactnessS1;NumbersInDefenseS1;FluidS1;AdvancedAtt1S1;AdvancedAtt2S1;AdvancedDef1S1;AdvancedDef2S1;FFS1;Value1S1;Value2S1;Value3S1;Value4S1;Value5S1;Position1F1S2;Position2F1S2;Position3F1S2;Position4F1S2;Position5F1S2;Position6F1S2;Position7F1S2;Position8F1S2;Position9F1S2;Position10F1S2;Position11F1S2;LocationX1F1S2;LocationY1F1S2;LocationX2F1S2;LocationY2F1S2;LocationX3F1S2;LocationY3F1S2;LocationX4F1S2;LocationY4F1S2;LocationX5F1S2;LocationY5F1S2;LocationX6F1S2;LocationY6F1S2;LocationX7F1S2;LocationY7F1S2;LocationX8F1S2;LocationY8F1S2;LocationX9F1S2;LocationY9F1S2;LocationX10F1S2;LocationY10F1S2;LocationX11F1S2;LocationY11F1S2;Position1F2S2;Position2F2S2;Position3F2S2;Position4F2S2;Position5F2S2;Position6F2S2;Position7F2S2;Position8F2S2;Position9F2S2;Position10F2S2;Position11F2S2;LocationX1F2S2;LocationY1F2S2;LocationX2F2S2;LocationY2F2S2;LocationX3F2S2;LocationY3F2S2;LocationX4F2S2;LocationY4F2S2;LocationX5F2S2;LocationY5F2S2;LocationX6F2S2;LocationY6F2S2;LocationX7F2S2;LocationY7F2S2;LocationX8F2S2;LocationY8F2S2;LocationX9F2S2;LocationY9F2S2;LocationX10F2S2;LocationY10F2S2;LocationX11F2S2;LocationY11F2S2;Position1F3S2;Position2F3S2;Position3F3S2;Position4F3S2;Position5F3S2;Position6F3S2;Position7F3S2;Position8F3S2;Position9F3S2;Position10F3S2;Position11F3S2;LocationX1F3S2;LocationY1F3S2;LocationX2F3S2;LocationY2F3S2;LocationX3F3S2;LocationY3F3S2;LocationX4F3S2;LocationY4F3S2;LocationX5F3S2;LocationY5F3S2;LocationX6F3S2;LocationY6F3S2;LocationX7F3S2;LocationY7F3S2;LocationX8F3S2;LocationY8F3S2;LocationX9F3S2;LocationY9F3S2;LocationX10F3S2;LocationY10F3S2;LocationX11F3S2;LocationY11F3S2;AttackingStylesS2;BuildUpS2;AttackingAreaS2;PositioningS2;SupportRangeS2;NumbersInAttackS2;DefensiveStylesS2;ContainmentAreaS2;PressuringS2;DefensiveLineS2;CompactnessS2;NumbersInDefenseS2;FluidS2;AdvancedAtt1S2;AdvancedAtt2S2;AdvancedDef1S2;AdvancedDef2S2;FFS2;Value1S2;Value2S2;Value3S2;Value4S2;Value5S2;Position1F1S3;Position2F1S3;Position3F1S3;Position4F1S3;Position5F1S3;Position6F1S3;Position7F1S3;Position8F1S3;Position9F1S3;Position10F1S3;Position11F1S3;LocationX1F1S3;LocationY1F1S3;LocationX2F1S3;LocationY2F1S3;LocationX3F1S3;LocationY3F1S3;LocationX4F1S3;LocationY4F1S3;LocationX5F1S3;LocationY5F1S3;LocationX6F1S3;LocationY6F1S3;LocationX7F1S3;LocationY7F1S3;LocationX8F1S3;LocationY8F1S3;LocationX9F1S3;LocationY9F1S3;LocationX10F1S3;LocationY10F1S3;LocationX11F1S3;LocationY11F1S3;Position1F2S3;Position2F2S3;Position3F2S3;Position4F2S3;Position5F2S3;Position6F2S3;Position7F2S3;Position8F2S3;Position9F2S3;Position10F2S3;Position11F2S3;LocationX1F2S3;LocationY1F2S3;LocationX2F2S3;LocationY2F2S3;LocationX3F2S3;LocationY3F2S3;LocationX4F2S3;LocationY4F2S3;LocationX5F2S3;LocationY5F2S3;LocationX6F2S3;LocationY6F2S3;LocationX7F2S3;LocationY7F2S3;LocationX8F2S3;LocationY8F2S3;LocationX9F2S3;LocationY9F2S3;LocationX10F2S3;LocationY10F2S3;LocationX11F2S3;LocationY11F2S3;Position1F3S3;Position2F3S3;Position3F3S3;Position4F3S3;Position5F3S3;Position6F3S3;Position7F3S3;Position8F3S3;Position9F3S3;Position10F3S3;Position11F3S3;LocationX1F3S3;LocationY1F3S3;LocationX2F3S3;LocationY2F3S3;LocationX3F3S3;LocationY3F3S3;LocationX4F3S3;LocationY4F3S3;LocationX5F3S3;LocationY5F3S3;LocationX6F3S3;LocationY6F3S3;LocationX7F3S3;LocationY7F3S3;LocationX8F3S3;LocationY8F3S3;LocationX9F3S3;LocationY9F3S3;LocationX10F3S3;LocationY10F3S3;LocationX11F3S3;LocationY11F3S3;AttackingStylesS3;BuildUpS3;AttackingAreaS3;PositioningS3;SupportRangeS3;NumbersInAttackS3;DefensiveStylesS3;ContainmentAreaS3;PressuringS3;DefensiveLineS3;CompactnessS3;NumbersInDefenseS3;FluidS3;AdvancedAtt1S3;AdvancedAtt2S3;AdvancedDef1S3;AdvancedDef2S3;FFS3;Value1S3;Value2S3;Value3S3;Value4S3;Value5S3;IndexPlayer1;IndexPlayer2;IndexPlayer3;IndexPlayer4;IndexPlayer5;IndexPlayer6;IndexPlayer7;IndexPlayer8;IndexPlayer9;IndexPlayer10;IndexPlayer11;IndexPlayer12;IndexPlayer13;IndexPlayer14;IndexPlayer15;IndexPlayer16;IndexPlayer17;IndexPlayer18;IndexPlayer19;IndexPlayer20;IndexPlayer21;IndexPlayer22;IndexPlayer23;IndexPlayer24;IndexPlayer25;IndexPlayer26;IndexPlayer27;IndexPlayer28;IndexPlayer29;IndexPlayer30;IndexPlayer31;IndexPlayer32;IndexPlayer33;IndexPlayer34;IndexPlayer35;IndexPlayer36;IndexPlayer37;IndexPlayer38;IndexPlayer39;IndexPlayer40;Captain;ShortFK;LongFK;RightCorner;LeftCorner;Penalty;SecondKicker;Header1;Header2;Header3;AutoSubstitutions;OffsideTrap;SwitchTactics;AutoChangeAttDef;Value1;Value2;Zeros
1;0;1;1;3;2;4;4;7;6;12;12;3;52;10;63;10;41;12;89;12;15;18;64;18;40;30;86;30;18;43;67;43;37;0;1;1;3;2;5;5;7;6;12;12;3;52;10;63;10;41;12;89;12;15;21;63;21;40;30;86;30;18;43;67;43;37;0;1;1;3;2;4;4;7;6;8;12;3;52;10;63;10;41;12;89;12;15;18;64;18;40;30;86;30;18;34;53;43;52;0;0;0;0;7;3;1;0;0;5;9;2;0;1;0;0;0;0;0;0;0;0;0;0;1;1;3;2;4;4;7;6;5;12;3;52;10;63;10;41;12;89;12;15;18;64;18;40;30;86;30;18;28;52;43;52;0;1;1;3;2;4;4;7;6;8;12;3;52;10;63;10;41;12;89;12;15;18;64;18;40;30;86;30;18;34;52;43;52;0;1;1;3;2;4;4;7;6;5;12;3;52;10;63;10;41;12;89;12;15;18;64;18;40;30;86;30;18;28;52;43;52;0;0;0;0;8;2;1;0;0;4;9;3;0;1;0;0;0;0;0;0;0;0;0;0;1;1;3;2;4;4;7;6;12;12;3;52;10;63;10;41;12;89;12;15;18;64;18;40;30;86;30;18;43;67;43;37;0;1;1;3;2;5;5;7;6;12;12;3;52;10;63;10;41;12;89;12;15;21;63;21;40;30;86;30;18;43;67;43;37;0;1;1;3;2;4;4;7;6;8;12;3;52;10;63;10;41;12;89;12;15;18;64;18;40;30;86;30;18;34;53;43;52;0;0;0;0;7;3;1;0;0;5;9;2;0;1;0;0;0;0;0;0;0;0;0;0;4;3;12;9;13;14;22;18;24;23;1;5;8;10;11;15;16;17;19;20;21;25;2;6;7;26;27;28;29;30;31;32;33;34;35;36;37;38;39;12;9;9;9;9;9;18;255;255;255;0;0;0;0;0;0;0
2;0;1;1;1;3;2;4;5;5;12;12;3;52;10;52;10;73;10;31;15;89;15;15;19;52;26;38;26;68;43;67;43;38;0;1;1;1;7;6;4;5;5;12;12;3;52;10;52;10;73;10;31;21;88;21;16;19;52;26;38;26;68;43;67;43;38;0;1;1;1;3;2;4;5;5;11;12;3;52;10;52;10;73;10;31;15;89;15;15;19;52;26;38;26;68;39;67;43;38;0;0;1;0;9;1;1;1;1;8;5;2;0;1;0;12;0;0;0;0;0;0;0;0;1;1;1;3;2;4;4;8;12;12;3;52;10;52;10;73;10;31;15;89;15;15;19;40;19;66;27;53;43;67;43;38;0;1;1;1;3;2;4;4;8;12;12;3;52;10;52;10;73;10;31;15;89;15;15;19;40;19;66;27;53;43;67;43;38;0;1;1;1;3;2;4;4;8;12;12;3;52;10;52;10;73;10;31;15;89;15;15;19;40;19;66;27;53;43;67;43;38;0;0;1;0;8;1;1;1;0;6;8;3;0;1;0;12;0;0;0;0;0;0;0;0;1;1;1;3;2;4;5;5;12;12;3;52;10;52;10;73;10;31;15;89;15;15;19;52;26;38;26;68;43;67;43;38;0;1;1;1;7;6;4;5;5;12;12;3;52;10;52;10;73;10;31;21;88;21;16;19;52;26;38;26;68;43;67;43;38;0;1;1;1;3;2;4;5;5;11;12;3;52;10;52;10;73;10;31;15;89;15;15;19;52;26;38;26;68;39;67;43;38;0;0;1;0;9;1;1;1;1;8;5;2;0;1;0;12;0;0;0;0;0;0;0;0;4;5;3;7;9;13;10;15;22;23;1;6;11;8;12;14;16;17;18;20;19;25;2;21;24;26;27;28;29;30;31;32;33;34;35;36;37;38;39;3;9;9;9;9;9;10;255;255;255;0;0;0;0;0;0;0
3;0;1;1;3;2;4;4;5;5;12;12;3;52;10;63;10;41;12;89;12;15;20;64;20;40;30;77;30;26;43;66;43;38;0;1;1;3;2;4;4;8;8;12;12;3;52;10;63;10;41;12;89;12;15;20;64;20;40;34;75;34;29;43;66;43;38;0;1;1;3;2;4;4;5;5;11;12;3;52;10;63;10;41;12;89;12;15;20;64;20;40;30;77;30;26;39;65;43;38;0;0;0;0;5;2;0;1;1;7;6;2;0;1;0;0;0;0;0;0;0;0;0;0;1;1;3;2;4;4;5;5;12;12;3;52;10;63;10;41;12;89;12;15;20;64;20;40;30;77;30;26;43;66;43;38;0;1;1;3;2;4;4;5;5;12;12;3;52;10;63;10;41;12;89;12;15;20;64;20;40;30;77;30;26;43;66;43;38;0;1;1;3;2;4;4;5;5;12;12;3;52;10;63;10;41;12;89;12;15;20;64;20;40;30;77;30;26;43;66;43;38;0;0;0;0;6;2;0;1;0;5;7;3;0;1;0;0;0;0;0;0;0;0;0;0;1;1;3;2;4;4;5;5;12;12;3;52;10;63;10;41;12;89;12;15;20;64;20;40;30;77;30;26;43;66;43;38;0;1;1;3;2;4;4;8;8;12;12;3;52;10;63;10;41;12;89;12;15;20;64;20;40;34;75;34;29;43;66;43;38;0;1;1;3;2;4;4;5;5;11;12;3;52;10;63;10;41;12;89;12;15;20;64;20;40;30;77;30;26;39;65;43;38;0;0;0;0;5;2;0;1;1;7;6;2;0;1;0;0;0;0;0;0;0;0;0;0;4;3;10;8;13;14;18;16;22;23;1;5;6;9;12;20;15;17;19;21;24;25;2;7;11;26;27;28;29;30;31;32;33;34;35;36;37;38;39;8;18;16;8;8;22;8;255;255;255;0;0;0;0;0;0;0
4;0;1;1;3;2;4;4;5;10;9;12;3;52;10;63;10;41;12;89;12;15;18;64;18;40;27;52;36;89;36;15;43;52;0;1;1;3;2;4;4;8;10;9;12;3;52;10;63;10;41;12;89;12;15;18;64;18;40;34;52;36;89;36;15;43;52;0;1;1;3;2;4;4;8;7;6;12;3;52;10;63;10;41;12;89;12;15;18;64;18;40;27;52;34;88;34;16;43;52;0;0;0;0;5;1;1;1;0;5;8;2;0;1;0;12;0;0;0;0;0;0;0;0;1;1;3;2;4;5;5;10;9;12;3;52;10;63;10;41;12;89;12;15;18;52;26;71;26;32;37;88;37;16;43;52;0;1;1;3;2;4;5;5;10;9;12;3;52;10;63;10;41;12;89;12;15;18;52;26;71;26;32;37;88;37;16;43;52;0;1;1;3;2;4;5;5;7;6;12;3;52;10;63;10;41;12;89;12;15;18;52;26;71;26;32;33;90;33;15;43;52;0;0;1;0;7;1;1;1;0;4;8;2;0;1;0;12;0;0;0;0;0;0;0;0;1;1;3;2;4;4;5;10;9;12;3;52;10;63;10;41;12;89;12;15;18;64;18;40;27;52;36;89;36;15;43;52;0;1;1;3;2;4;4;8;10;9;12;3;52;10;63;10;41;12;89;12;15;18;64;18;40;34;52;36;89;36;15;43;52;0;1;1;3;2;4;4;8;7;6;12;3;52;10;63;10;41;12;89;12;15;18;64;18;40;27;52;34;88;34;16;43;52;0;0;0;0;5;1;1;1;0;5;8;2;0;1;0;12;0;0;0;0;0;0;0;0;4;3;7;5;14;11;15;20;17;24;2;6;8;9;10;16;12;19;21;22;23;13;1;18;25;26;27;28;29;30;31;32;33;34;35;36;37;38;39;5;17;11;7;7;20;7;255;255;255;0;0;0;0;0;0;0
5;0;1;1;3;2;4;5;5;10;9;12;3;52;10;63;10;41;12;89;12;15;18;52;26;71;26;32;37;88;37;16;43;52;0;1;1;3;2;4;8;8;10;9;12;3;52;10;63;10;41;12;89;12;15;18;52;33;65;33;38;37;88;37;16;43;52;0;1;1;3;2;4;5;5;10;9;12;3;52;10;63;10;41;12;89;12;15;18;52;26;71;26;32;37;88;37;16;43;52;1;1;0;1;2;3;1;1;0;9;4;2;0;4;0;0;0;0;0;0;0;0;0;0;1;1;3;2;4;4;5;7;6;12;3;52;10;63;10;41;12;89;12;15;18;64;18;40;32;52;33;86;33;18;43;52;0;1;1;3;2;4;4;8;10;9;12;3;52;10;63;10;41;12;89;12;15;18;64;18;40;32;52;36;90;36;14;43;52;0;1;1;3;2;4;4;5;7;6;12;3;52;10;63;10;41;12;89;12;15;18;64;18;40;32;52;33;86;33;18;43;52;1;1;0;1;4;3;1;1;0;8;4;3;0;4;0;0;0;0;0;0;0;0;0;0;1;1;3;2;4;5;5;10;9;12;3;52;10;63;10;41;12;89;12;15;18;52;26;71;26;32;37;88;37;16;43;52;0;1;1;3;2;4;8;8;10;9;12;3;52;10;63;10;41;12;89;12;15;18;52;33;65;33;38;37;88;37;16;43;52;0;1;1;3;2;4;5;5;10;9;12;3;52;10;63;10;41;12;89;12;15;18;52;26;71;26;32;37;88;37;16;43;52;1;1;0;1;2;3;1;1;0;9;4;2;0;4;0;0;0;0;0;0;0;0;0;1;6;4;12;11;14;16;13;22;20;24;0;3;5;8;10;15;18;17;19;21;23;25;2;7;9;26;27;28;29;30;31;32;33;34;35;36;37;38;39;24;13;13;13;13;24;22;255;255;255;0;0;0;0;0;0;0
6;0;1;1;3;2;4;5;5;10;9;12;3;52;11;64;11;40;13;88;13;16;20;52;25;76;25;28;37;84;37;20;43;52;0;1;1;3;2;4;8;8;10;9;12;3;52;11;64;11;40;13;88;13;16;20;52;27;67;27;37;37;84;37;20;43;52;0;1;1;3;2;4;5;5;10;9;12;3;52;11;64;11;40;13;88;13;16;20;52;25;76;25;28;37;84;37;20;43;52;1;1;0;1;2;3;0;1;0;6;4;2;0;4;0;12;0;0;0;0;0;0;0;0;1;1;3;2;4;5;5;10;9;12;3;52;11;64;11;40;13;88;13;16;20;52;25;76;25;28;37;84;37;20;43;52;0;1;1;3;2;4;5;5;10;9;12;3;52;11;64;11;40;13;88;13;16;20;52;25;76;25;28;37;84;37;20;43;52;0;1;1;3;2;4;5;5;10;9;12;3;52;11;64;11;40;13;88;13;16;20;52;25;76;25;28;37;84;37;20;43;52;0;1;0;1;4;2;0;1;0;5;6;2;0;4;0;12;0;0;0;0;0;0;0;0;1;1;3;2;4;5;5;10;9;12;3;52;11;64;11;40;13;88;13;16;20;52;25;76;25;28;37;84;37;20;43;52;0;1;1;3;2;4;8;8;10;9;12;3;52;11;64;11;40;13;88;13;16;20;52;27;67;27;37;37;84;37;20;43;52;0;1;1;3;2;4;5;5;10;9;12;3;52;11;64;11;40;13;88;13;16;20;52;25;76;25;28;37;84;37;20;43;52;1;1;0;1;2;3;0;1;0;6;4;2;0;4;0;12;0;0;0;0;0;0;0;0;4;3;10;7;12;14;11;21;23;24;1;5;6;9;13;8;16;19;18;20;17;25;2;22;15;26;27;28;29;30;31;32;33;34;35;36;37;38;39;10;12;12;12;12;12;10;255;255;255;0;0;0;0;0;0;0
7;0;1;1;3;2;4;5;5;10;9;12;3;52;11;64;11;40;13;88;13;16;18;52;25;76;25;28;39;84;39;20;43;52;0;1;1;3;2;4;5;5;10;9;12;3;52;11;64;11;40;13;88;13;16;18;52;25;76;25;28;39;84;39;20;43;52;0;1;1;3;2;4;5;5;7;6;12;3;52;11;64;11;40;13;88;13;16;18;52;25;76;25;28;34;94;34;10;43;52;1;1;0;1;1;3;0;1;0;9;8;2;0;6;0;0;0;0;0;0;0;0;0;0;1;1;3;2;4;5;5;7;6;12;3;52;11;64;11;40;13;88;13;16;20;52;25;76;25;28;33;89;33;15;43;52;0;1;1;3;2;4;5;5;10;9;12;3;52;11;64;11;40;13;88;13;16;20;52;25;76;25;28;35;88;35;15;43;52;0;1;1;3;2;4;5;5;7;6;12;3;52;11;64;11;40;13;88;13;16;20;52;25;76;25;28;33;89;33;15;43;52;1;1;0;1;1;3;0;1;1;9;7;3;0;6;0;0;0;0;0;0;0;0;0;0;1;1;3;2;4;5;5;10;9;12;3;52;11;64;11;40;13;88;13;16;18;52;25;76;25;28;39;84;39;20;43;52;0;1;1;3;2;4;5;5;10;9;12;3;52;11;64;11;40;13;88;13;16;18;52;25;76;25;28;39;84;39;20;43;52;0;1;1;3;2;4;5;5;7;6;12;3;52;11;64;11;40;13;88;13;16;18;52;25;76;25;28;34;94;34;10;43;52;1;1;0;1;1;3;0;1;0;9;8;2;0;6;0;0;0;0;0;0;0;0;0;1;4;3;10;8;12;18;13;21;23;24;2;5;6;7;9;11;14;20;22;16;17;25;0;15;19;26;27;28;29;30;31;32;33;34;35;36;37;38;39;13;18;12;18;18;24;8;255;255;255;0;0;0;0;0;0;0
8;0;1;1;3;2;5;5;8;10;9;12;3;52;10;63;10;41;12;89;12;15;21;65;21;38;30;52;36;89;36;15;43;52;0;1;1;3;2;5;5;11;10;9;12;3;52;10;63;10;41;12;89;12;15;21;65;21;38;35;52;36;89;36;15;43;52;0;1;1;3;2;5;5;8;7;6;12;3;52;10;63;10;41;12;89;12;15;21;65;21;38;30;52;34;90;34;14;43;52;1;1;0;1;1;3;0;1;0;7;5;2;0;4;0;0;0;0;0;0;0;0;0;0;1;1;3;2;4;4;5;10;9;12;3;52;10;63;10;41;12;89;12;15;21;65;21;38;30;52;36;89;36;15;43;52;0;1;1;3;2;4;4;5;10;9;12;3;52;10;63;10;41;12;89;12;15;21;65;21;38;30;52;36;89;36;15;43;52;0;1;1;3;2;4;4;5;10;9;12;3;52;10;63;10;41;12;89;12;15;21;65;21;38;30;52;36;89;36;15;43;52;1;1;0;1;3;3;0;1;1;7;7;3;0;4;0;0;0;0;0;0;0;0;0;0;1;1;3;2;5;5;8;10;9;12;3;52;10;63;10;41;12;89;12;15;21;65;21;38;30;52;36;89;36;15;43;52;0;1;1;3;2;5;5;11;10;9;12;3;52;10;63;10;41;12;89;12;15;21;65;21;38;35;52;36;89;36;15;43;52;0;1;1;3;2;5;5;8;7;6;12;3;52;10;63;10;41;12;89;12;15;21;65;21;38;30;52;34;90;34;14;43;52;1;1;0;1;1;3;0;1;0;7;5;2;0;4;0;0;0;0;0;0;0;0;0;1;4;3;10;7;15;14;16;17;21;22;0;5;6;8;9;13;18;20;19;23;24;25;2;11;12;26;27;28;29;30;31;32;33;34;35;36;37;38;39;21;17;15;17;17;21;7;255;255;255;0;0;0;0;0;0;0
9;0;1;1;3;2;4;5;5;10;9;12;3;52;10;63;10;41;12;89;12;15;18;52;26;71;26;32;37;88;37;16;43;52;0;1;1;3;2;4;5;5;10;9;12;3;52;10;63;10;41;12;89;12;15;18;52;26;71;26;32;37;88;37;16;43;52;0;1;1;3;2;4;5;5;11;11;12;3;52;10;63;10;41;12;89;12;15;18;52;26;71;26;32;36;78;36;26;43;52;1;1;0;1;1;3;0;1;0;8;6;1;0;0;0;12;0;0;0;0;0;0;0;0;1;1;3;2;4;5;5;10;9;12;3;52;10;63;10;41;12;89;12;15;18;52;26;71;26;32;37;88;37;16;43;52;0;1;1;3;2;4;5;5;10;9;12;3;52;10;63;10;41;12;89;12;15;18;52;26;71;26;32;37;88;37;16;43;52;0;1;1;3;2;4;5;5;7;6;12;3;52;10;63;10;41;12;89;12;15;18;52;26;71;26;32;32;94;32;10;43;52;1;1;0;1;2;3;0;1;0;8;7;2;0;0;0;12;0;0;0;0;0;0;0;0;1;1;3;2;4;5;5;10;9;12;3;52;10;63;10;41;12;89;12;15;18;52;26;71;26;32;37;88;37;16;43;52;0;1;1;3;2;4;5;5;10;9;12;3;52;10;63;10;41;12;89;12;15;18;52;26;71;26;32;37;88;37;16;43;52;0;1;1;3;2;4;5;5;11;11;12;3;52;10;63;10;41;12;89;12;15;18;52;26;71;26;32;36;78;36;26;43;52;1;1;0;1;1;3;0;1;0;8;6;1;0;0;0;12;0;0;0;0;0;0;0;2;7;5;10;8;12;15;19;23;20;24;0;3;4;14;11;16;13;17;21;22;18;25;1;6;9;26;27;28;29;30;31;32;33;34;35;36;37;38;39;19;19;19;19;19;24;8;255;255;255;0;0;0;0;0;0;0
10;0;1;1;3;2;5;5;8;10;9;12;3;52;10;63;10;41;12;89;12;15;21;65;21;38;30;52;36;89;36;15;43;52;0;1;1;3;2;5;5;8;10;9;12;3;52;10;63;10;41;12;89;12;15;21;65;21;38;34;52;36;89;36;15;43;52;0;1;1;3;2;5;5;8;7;6;12;3;52;10;63;10;41;12;89;12;15;21;65;21;38;30;52;34;90;34;15;43;52;1;1;0;1;2;2;0;1;0;7;3;2;0;5;0;0;0;0;0;0;0;0;0;0;1;1;3;2;4;4;8;10;9;12;3;52;10;63;10;41;12;89;12;15;21;65;21;38;30;52;36;89;36;15;43;52;0;1;1;3;2;5;5;8;10;9;12;3;52;10;63;10;41;12;89;12;15;21;65;21;38;30;52;36;89;36;15;43;52;0;1;1;3;2;4;4;5;7;6;12;3;52;10;63;10;41;12;89;12;15;21;65;21;38;30;52;31;93;31;11;43;52;1;1;0;1;3;2;0;1;0;7;5;2;0;5;0;0;0;0;0;0;0;0;0;0;1;1;3;2;5;5;8;10;9;12;3;52;10;63;10;41;12;89;12;15;21;65;21;38;30;52;36;89;36;15;43;52;0;1;1;3;2;5;5;8;10;9;12;3;52;10;63;10;41;12;89;12;15;21;65;21;38;34;52;36;89;36;15;43;52;0;1;1;3;2;5;5;8;7;6;12;3;52;10;63;10;41;12;89;12;15;21;65;21;38;30;52;34;90;34;15;43;52;1;1;0;1;2;2;0;1;0;7;3;2;0;5;0;0;0;0;0;0;0;0;0;0;6;5;9;3;16;14;18;22;20;24;1;4;7;11;12;13;19;17;10;21;23;25;2;8;15;26;27;28;29;30;31;32;33;34;35;36;37;38;39;5;9;9;9;9;9;5;255;255;255;0;0;0;0;0;0;0
11;0;1;1;3;2;4;5;5;10;9;12;3;52;10;63;10;41;12;89;12;15;18;52;26;71;26;32;37;88;37;16;43;52;0;1;1;3;2;5;5;5;10;9;12;3;52;10;63;10;41;12;89;12;15;23;51;26;71;26;32;37;88;37;16;43;52;0;1;1;3;2;4;5;5;7;6;12;3;52;10;63;10;41;12;89;12;15;18;52;26;71;26;32;34;90;34;14;43;52;1;1;0;1;3;3;0;1;0;7;6;2;0;5;0;12;0;0;0;0;0;0;0;0;1;1;3;2;4;5;5;10;9;12;3;52;10;63;10;41;12;89;12;15;18;52;26;71;26;32;37;88;37;16;43;52;0;1;1;3;2;4;5;5;10;9;12;3;52;10;63;10;41;12;89;12;15;18;52;26;71;26;32;37;88;37;16;43;52;0;1;1;3;2;4;5;5;10;9;12;3;52;10;63;10;41;12;89;12;15;18;52;26;71;26;32;37;88;37;16;43;52;1;1;0;1;5;3;0;1;0;6;9;2;0;5;0;12;0;0;0;0;0;0;0;0;1;1;3;2;4;5;5;10;9;12;3;52;10;63;10;41;12;89;12;15;18;52;26;71;26;32;37;88;37;16;43;52;0;1;1;3;2;5;5;5;10;9;12;3;52;10;63;10;41;12;89;12;15;23;51;26;71;26;32;37;88;37;16;43;52;0;1;1;3;2;4;5;5;7;6;12;3;52;10;63;10;41;12;89;12;15;18;52;26;71;26;32;34;90;34;14;43;52;1;1;0;1;3;3;0;1;0;7;6;2;0;5;0;12;0;0;0;0;0;0;0;0;5;3;10;9;12;17;13;24;22;25;2;4;6;7;8;11;15;16;18;23;19;21;1;14;20;26;27;28;29;30;31;32;33;34;35;36;37;38;39;9;9;9;9;9;9;13;255;255;255;0;0;0;0;0;0;0
12;0;1;1;1;4;5;5;6;7;12;12;3;52;10;52;10;73;10;31;18;52;27;38;27;66;28;10;28;94;43;65;43;38;0;1;1;1;4;8;8;6;7;12;12;3;52;10;52;10;73;10;31;18;52;32;38;32;66;28;10;28;94;43;65;43;38;0;1;1;1;4;5;5;2;3;11;12;3;52;10;52;10;73;10;31;18;52;27;38;27;66;15;14;15;90;38;64;43;38;0;0;1;1;2;3;1;1;0;9;4;2;0;1;0;139637976727552;0;0;0;0;0;0;0;0;1;1;1;4;5;5;2;3;12;12;3;52;10;52;10;73;10;31;18;52;27;38;27;66;15;11;15;93;43;65;43;38;0;1;1;1;4;5;5;6;7;12;12;3;52;10;52;10;73;10;31;18;52;27;38;27;66;22;12;22;92;43;65;43;38;0;1;1;1;4;5;5;2;3;12;12;3;52;10;52;10;73;10;31;18;52;27;38;27;66;15;13;15;92;43;65;43;38;1;1;1;1;2;3;0;1;0;8;5;2;0;1;0;139637976727552;0;0;0;0;0;0;0;0;1;1;1;4;5;5;6;7;12;12;3;52;10;52;10;73;10;31;18;52;27;38;27;66;28;10;28;94;43;65;43;38;0;1;1;1;4;8;8;6;7;12;12;3;52;10;52;10;73;10;31;18;52;32;38;32;66;28;10;28;94;43;65;43;38;0;1;1;1;4;5;5;2;3;11;12;3;52;10;52;10;73;10;31;18;52;27;38;27;66;15;14;15;90;38;64;43;38;0;0;1;1;2;3;1;1;0;9;4;2;0;1;0;139637976727552;0;0;0;0;0;0;0;0;5;4;3;13;17;16;8;20;23;24;1;6;7;9;10;11;14;15;18;19;21;25;2;12;22;26;27;28;29;30;31;32;33;34;35;36;37;38;39;0;8;8;8;8;24;13;255;255;255;0;0;0;0;0;0;0
13;0;1;1;3;2;4;5;5;8;8;12;3;52;10;63;10;41;12;89;12;15;18;52;24;78;24;26;32;70;32;34;43;52;0;1;1;3;2;4;5;5;10;9;12;3;52;10;63;10;41;12;89;12;15;18;52;24;78;24;26;36;87;36;17;43;52;0;1;1;3;2;4;4;4;8;8;12;3;52;10;63;10;41;12;89;12;15;18;52;21;78;21;26;32;70;32;34;43;52;0;1;1;0;7;2;1;1;0;5;7;2;0;1;0;12;0;0;0;0;0;0;0;0;1;1;3;2;4;5;5;8;8;12;3;52;10;63;10;41;12;89;12;15;18;52;24;78;24;26;32;70;32;34;43;52;0;1;1;3;2;4;5;5;8;8;12;3;52;10;63;10;41;12;89;12;15;18;52;24;78;24;26;32;70;32;34;43;52;0;1;1;3;2;4;5;5;8;8;12;3;52;10;63;10;41;12;89;12;15;18;52;24;78;24;26;32;70;32;34;43;52;0;0;0;0;7;2;1;1;0;3;7;3;0;1;0;12;0;0;0;0;0;0;0;0;1;1;3;2;4;5;5;8;8;12;3;52;10;63;10;41;12;89;12;15;18;52;24;78;24;26;32;70;32;34;43;52;0;1;1;3;2;4;5;5;10;9;12;3;52;10;63;10;41;12;89;12;15;18;52;24;78;24;26;36;87;36;17;43;52;0;1;1;3;2;4;4;4;8;8;12;3;52;10;63;10;41;12;89;12;15;18;52;21;78;21;26;32;70;32;34;43;52;0;1;1;0;7;2;1;1;0;5;7;2;0;1;0;12;0;0;0;0;0;0;0;0;7;3;10;9;11;15;18;17;16;22;1;4;5;6;8;12;13;14;19;21;23;24;2;20;25;26;27;28;29;30;31;32;33;34;35;36;37;38;39;7;9;9;9;9;9;18;255;255;255;0;0;0;0;0;0;0
14;0;1;1;3;2;5;5;8;10;9;12;3;52;10;64;10;39;12;93;12;12;20;65;20;39;29;53;37;88;37;17;43;53;0;1;1;3;2;5;5;8;10;9;12;3;52;10;64;10;39;12;93;12;12;20;65;20;39;29;53;37;88;37;17;43;53;0;1;1;3;2;4;4;8;8;8;12;3;52;10;64;10;39;12;93;12;12;20;65;20;39;29;53;34;80;34;24;43;53;1;1;1;1;1;3;0;1;1;6;6;2;0;5;0;13;0;0;0;0;0;0;0;0;1;1;3;2;4;4;5;10;9;12;3;52;10;63;10;41;12;89;12;15;18;64;18;40;28;52;42;85;42;19;43;52;0;1;1;3;2;4;4;5;10;9;12;3;52;10;63;10;41;12;89;12;15;18;64;18;40;28;52;42;85;42;19;43;52;0;1;1;3;2;4;4;5;7;6;12;3;52;10;63;10;41;12;89;12;15;18;64;18;40;28;52;33;91;33;13;43;52;1;1;1;1;2;3;0;1;1;5;6;2;0;5;0;13;0;0;0;0;0;0;0;0;1;1;3;2;5;5;8;10;9;12;3;52;10;64;10;39;12;93;12;12;20;65;20;39;29;53;37;88;37;17;43;53;0;1;1;3;2;5;5;8;10;9;12;3;52;10;64;10;39;12;93;12;12;20;65;20;39;29;53;37;88;37;17;43;53;0;1;1;3;2;4;4;8;8;8;12;3;52;10;64;10;39;12;93;12;12;20;65;20;39;29;53;34;80;34;24;43;53;1;1;1;1;1;3;0;1;1;6;6;2;0;5;0;13;0;0;0;0;0;0;0;0;3;7;12;9;19;14;16;21;22;24;2;4;5;8;10;11;15;17;18;20;23;25;1;6;13;26;27;28;29;30;31;32;33;34;35;36;37;38;39;12;21;9;9;9;22;9;255;255;255;0;0;0;0;0;0;0
15;0;1;1;3;2;4;4;5;5;12;12;3;52;10;63;10;41;12;89;12;15;20;64;20;40;29;84;29;18;43;66;43;38;0;1;1;3;2;4;4;7;6;12;12;3;52;10;63;10;41;12;89;12;15;20;64;20;40;34;92;34;13;43;66;43;38;0;1;1;3;2;4;4;5;5;11;12;3;52;10;63;10;41;12;89;12;15;20;64;20;40;29;84;29;18;38;67;43;38;1;1;1;1;3;2;1;1;0;7;3;2;0;1;0;139637976727552;0;0;0;0;0;0;0;0;1;1;3;2;4;4;5;5;12;12;3;52;10;63;10;41;12;89;12;15;20;64;20;40;29;84;29;18;43;66;43;38;0;1;1;3;2;4;4;5;5;12;12;3;52;10;63;10;41;12;89;12;15;20;64;20;40;29;84;29;18;43;66;43;38;0;1;1;3;2;4;4;5;5;8;12;3;52;10;63;10;41;12;89;12;15;20;64;20;40;29;84;29;18;33;50;43;50;1;1;1;1;4;2;1;1;0;5;4;2;0;1;0;139637976727552;0;0;0;0;0;0;0;0;1;1;3;2;4;4;5;5;12;12;3;52;10;63;10;41;12;89;12;15;20;64;20;40;29;84;29;18;43;66;43;38;0;1;1;3;2;4;4;7;6;12;12;3;52;10;63;10;41;12;89;12;15;20;64;20;40;34;92;34;13;43;66;43;38;0;1;1;3;2;4;4;5;5;11;12;3;52;10;63;10;41;12;89;12;15;20;64;20;40;29;84;29;18;38;67;43;38;1;1;1;1;3;2;1;1;0;7;3;2;0;1;0;139637976727552;0;0;0;0;0;0;0;2;6;3;9;7;13;11;15;12;24;23;0;4;5;8;10;14;18;19;17;20;21;25;1;16;22;26;27;28;29;30;31;32;33;34;35;36;37;38;39;12;15;3;15;15;11;12;255;255;255;0;0;0;0;0;0;0
16;0;1;1;3;2;4;5;5;10;9;12;3;52;10;63;10;41;12;89;12;15;18;52;26;71;26;32;37;88;37;16;43;52;0;1;1;3;2;4;8;8;10;9;12;3;52;10;63;10;41;12;89;12;15;18;52;30;73;30;32;37;88;37;16;43;52;0;1;1;3;2;4;5;5;7;6;12;3;52;10;63;10;41;12;89;12;15;18;52;26;71;26;32;34;90;34;14;43;52;1;0;0;1;6;2;0;1;0;7;2;2;0;9;0;0;0;0;0;0;0;0;0;0;1;1;3;2;4;5;5;10;9;12;3;52;10;63;10;41;12;89;12;15;18;52;26;71;26;32;37;88;37;16;43;52;0;1;1;3;2;4;5;5;10;9;12;3;52;10;63;10;41;12;89;12;15;18;52;26;71;26;32;37;88;37;16;43;52;0;1;1;3;2;4;5;5;7;6;12;3;52;10;63;10;41;12;89;12;15;18;52;26;71;26;32;33;92;33;12;43;52;1;0;0;1;6;2;0;1;0;5;4;3;0;9;0;0;0;0;0;0;0;0;0;0;1;1;3;2;4;5;5;10;9;12;3;52;10;63;10;41;12;89;12;15;18;52;26;71;26;32;37;88;37;16;43;52;0;1;1;3;2;4;8;8;10;9;12;3;52;10;63;10;41;12;89;12;15;18;52;30;73;30;32;37;88;37;16;43;52;0;1;1;3;2;4;5;5;7;6;12;3;52;10;63;10;41;12;89;12;15;18;52;26;71;26;32;34;90;34;14;43;52;1;0;0;1;6;2;0;1;0;7;2;2;0;9;0;0;0;0;0;0;0;0;0;1;5;3;8;9;12;15;16;22;20;23;0;4;7;10;11;13;18;21;17;19;24;25;2;6;14;26;27;28;29;30;31;32;33;34;35;36;37;38;39;23;15;16;15;15;23;20;255;255;255;0;0;0;0;0;0;0
17;0;1;1;1;4;5;5;7;6;12;12;3;52;10;52;10;73;10;31;18;52;27;38;27;66;32;89;32;15;43;65;43;38;0;1;1;1;4;5;8;7;6;12;12;3;52;10;52;10;73;10;31;18;52;27;38;30;63;32;89;32;15;43;65;43;38;0;1;1;1;4;5;5;7;6;11;12;3;52;10;52;10;73;10;31;18;52;27;38;27;66;18;90;18;14;38;65;43;38;0;1;1;1;4;2;0;0;0;8;1;2;0;1;0;12;0;0;0;0;0;0;0;0;1;1;1;4;5;5;7;6;12;12;3;52;10;52;10;73;10;31;18;52;27;38;27;66;32;89;32;15;43;65;43;38;0;1;1;1;4;5;5;7;6;12;12;3;52;10;52;10;73;10;31;18;52;27;38;27;66;32;89;32;15;43;65;43;38;0;1;1;1;4;5;5;3;2;12;12;3;52;10;52;10;73;10;31;18;52;27;38;27;66;15;93;15;10;43;65;43;38;0;1;1;1;6;2;0;0;0;4;3;2;0;1;0;12;0;0;0;0;0;0;0;0;1;1;1;4;5;5;7;6;12;12;3;52;10;52;10;73;10;31;18;52;27;38;27;66;32;89;32;15;43;65;43;38;0;1;1;1;4;5;8;7;6;12;12;3;52;10;52;10;73;10;31;18;52;27;38;30;63;32;89;32;15;43;65;43;38;0;1;1;1;4;5;5;7;6;11;12;3;52;10;52;10;73;10;31;18;52;27;38;27;66;18;90;18;14;38;65;43;38;0;1;1;1;4;2;0;0;0;8;1;2;0;1;0;12;0;0;0;0;0;0;0;2;6;3;4;12;11;13;17;22;24;23;0;5;7;8;9;10;14;15;16;18;21;25;1;19;20;26;27;28;29;30;31;32;33;34;35;36;37;38;39;4;23;13;17;17;23;17;255;255;255;0;0;0;0;0;0;0
18;0;1;1;1;4;4;8;8;10;9;12;3;52;10;52;10;73;10;31;20;63;20;40;31;79;31;26;42;85;42;19;43;52;0;1;1;1;4;4;8;8;10;9;12;3;52;10;52;10;73;10;31;20;63;20;40;31;79;31;26;42;85;42;19;43;52;0;1;1;1;4;4;5;5;7;6;12;3;52;10;52;10;73;10;31;20;63;20;40;28;72;28;31;34;90;34;14;43;52;0;1;0;1;2;2;1;0;1;5;8;3;0;0;0;0;0;0;0;0;0;0;0;0;1;1;1;4;4;5;5;10;9;12;3;52;10;52;10;73;10;31;20;63;20;40;27;78;27;26;42;85;42;19;43;52;0;1;1;1;4;4;8;8;10;9;12;3;52;10;52;10;73;10;31;20;63;20;40;31;79;31;26;42;85;42;19;43;52;0;1;1;1;4;4;5;5;7;6;12;3;52;10;52;10;73;10;31;20;63;20;40;25;78;25;26;34;88;34;15;43;52;1;1;0;1;4;2;1;1;1;5;8;3;0;0;0;0;0;0;0;0;0;0;0;0;1;1;1;4;4;8;8;10;9;12;3;52;10;52;10;73;10;31;20;63;20;40;31;79;31;26;42;85;42;19;43;52;0;1;1;1;4;4;8;8;10;9;12;3;52;10;52;10;73;10;31;20;63;20;40;31;79;31;26;42;85;42;19;43;52;0;1;1;1;4;4;5;5;7;6;12;3;52;10;52;10;73;10;31;20;63;20;40;28;72;28;31;34;90;34;14;43;52;0;1;0;1;2;2;1;0;1;5;8;3;0;0;0;0;0;0;0;0;0;0;0;0;6;5;3;14;16;18;19;22;21;23;1;4;7;8;11;12;13;15;17;20;24;25;2;9;10;26;27;28;29;30;31;32;33;34;35;36;37;38;39;0;18;22;18;18;23;22;255;255;255;0;0;0;0;0;0;0
19;0;1;1;1;4;5;5;7;6;12;12;3;52;10;52;10;73;10;31;18;52;27;38;27;66;27;93;27;11;43;65;43;38;0;1;1;1;4;8;8;7;6;12;12;3;52;10;52;10;73;10;31;18;52;30;38;30;67;27;93;27;11;43;65;43;38;0;1;1;1;4;5;5;7;6;11;12;3;52;10;52;10;73;10;31;18;52;27;38;27;66;18;90;18;14;39;65;43;38;0;1;0;0;4;2;1;1;0;5;8;2;0;7;0;0;0;0;0;0;0;0;0;0;1;1;1;4;5;5;7;6;12;12;3;52;10;52;10;73;10;31;18;52;27;38;27;66;27;93;27;11;43;65;43;38;0;1;1;1;4;5;5;7;6;12;12;3;52;10;52;10;73;10;31;18;52;27;38;27;66;27;93;27;11;43;65;43;38;0;1;1;1;4;5;5;3;2;12;12;3;52;10;52;10;73;10;31;18;52;27;38;27;66;15;90;15;14;43;65;43;38;0;1;0;0;5;2;1;1;0;4;9;2;0;7;0;0;0;0;0;0;0;0;0;0;1;1;1;4;5;5;7;6;12;12;3;52;10;52;10;73;10;31;18;52;27;38;27;66;27;93;27;11;43;65;43;38;0;1;1;1;4;8;8;7;6;12;12;3;52;10;52;10;73;10;31;18;52;30;38;30;67;27;93;27;11;43;65;43;38;0;1;1;1;4;5;5;7;6;11;12;3;52;10;52;10;73;10;31;18;52;27;38;27;66;18;90;18;14;39;65;43;38;0;1;0;0;4;2;1;1;0;5;8;2;0;7;0;0;0;0;0;0;0;0;0;0;5;4;3;12;13;16;10;17;23;22;2;6;7;8;9;11;15;18;14;20;24;25;1;21;19;26;27;28;29;30;31;32;33;34;35;36;37;38;39;22;22;13;16;16;22;10;255;255;255;0;0;0;0;0;0;0
20;0;1;1;3;2;4;5;5;7;6;12;3;52;11;64;11;40;13;88;13;16;17;51;25;72;25;32;31;94;31;11;43;52;0;1;1;3;2;4;5;5;10;9;12;3;52;11;64;11;40;13;88;13;16;17;51;25;72;25;32;36;89;36;15;43;52;0;1;1;3;2;4;5;5;7;6;12;3;52;11;64;11;40;13;88;13;16;17;51;25;72;25;32;31;94;31;11;43;52;0;1;1;0;4;1;1;1;0;6;9;2;0;1;0;12;0;0;0;0;0;0;0;0;1;1;3;2;4;5;5;7;6;12;3;52;11;64;11;40;13;88;13;16;19;52;25;72;25;32;28;97;28;10;43;52;0;1;1;3;2;4;5;5;7;6;12;3;52;11;64;11;40;13;88;13;16;19;52;25;72;25;32;28;97;28;10;43;52;0;1;1;3;2;4;5;5;7;6;12;3;52;11;64;11;40;13;88;13;16;19;52;25;72;25;32;28;97;28;10;43;52;0;1;1;0;5;1;1;1;0;4;8;3;0;1;0;12;0;0;0;0;0;0;0;0;1;1;3;2;4;5;5;7;6;12;3;52;11;64;11;40;13;88;13;16;17;51;25;72;25;32;31;94;31;11;43;52;0;1;1;3;2;4;5;5;10;9;12;3;52;11;64;11;40;13;88;13;16;17;51;25;72;25;32;36;89;36;15;43;52;0;1;1;3;2;4;5;5;7;6;12;3;52;11;64;11;40;13;88;13;16;17;51;25;72;25;32;31;94;31;11;43;52;0;1;1;0;4;1;1;1;0;6;9;2;0;1;0;12;0;0;0;0;0;0;0;2;6;4;11;3;12;18;17;19;21;23;1;5;7;8;9;13;14;15;20;22;24;25;0;10;16;26;27;28;29;30;31;32;33;34;35;36;37;38;39;2;19;6;12;12;17;6;255;255;255;0;0;0;0;0;0;0
21;0;1;1;3;2;4;5;5;8;12;12;3;52;10;63;10;41;12;89;12;15;18;52;22;74;22;29;32;52;43;66;43;38;0;1;1;3;2;4;8;8;8;12;12;3;52;10;63;10;41;12;89;12;15;18;52;28;78;28;26;32;52;43;66;43;38;0;1;1;3;2;4;5;5;5;12;12;3;52;10;63;10;41;12;89;12;15;18;52;22;74;22;29;28;52;43;66;43;38;0;1;0;1;5;2;0;1;0;5;7;2;0;4;0;0;0;0;0;0;0;0;0;0;1;1;3;2;4;4;7;6;5;12;3;52;10;63;10;41;12;89;12;15;18;64;18;40;27;90;27;15;27;51;43;52;0;1;1;3;2;4;4;7;6;5;12;3;52;10;63;10;41;12;89;12;15;18;64;18;40;34;89;34;16;27;51;43;52;0;1;1;3;2;4;4;5;5;5;12;3;52;10;63;10;41;12;89;12;15;18;64;18;40;27;78;27;27;27;51;43;52;0;1;0;1;4;3;0;1;0;7;8;2;0;4;0;0;0;0;0;0;0;0;0;0;1;1;3;2;4;5;5;8;12;12;3;52;10;63;10;41;12;89;12;15;18;52;22;74;22;29;32;52;43;66;43;38;0;1;1;3;2;4;8;8;8;12;12;3;52;10;63;10;41;12;89;12;15;18;52;28;78;28;26;32;52;43;66;43;38;0;1;1;3;2;4;5;5;5;12;12;3;52;10;63;10;41;12;89;12;15;18;52;22;74;22;29;28;52;43;66;43;38;0;1;0;1;5;2;0;1;0;5;7;2;0;4;0;0;0;0;0;0;0;0;0;0;5;3;7;8;12;15;11;21;24;23;2;4;6;10;13;14;16;17;18;20;19;25;1;9;22;26;27;28;29;30;31;32;33;34;35;36;37;38;39;8;8;8;8;8;23;23;255;255;255;0;0;0;0;0;0;0
22;0;1;1;1;5;5;7;6;8;8;12;3;52;10;52;10;73;10;31;20;65;20;38;25;91;25;13;32;70;32;34;43;52;0;1;1;1;5;5;7;6;11;11;12;3;52;10;52;10;73;10;31;20;65;20;38;25;91;25;13;36;74;36;31;43;52;0;1;1;1;4;4;7;6;8;8;12;3;52;10;52;10;73;10;31;20;65;20;38;20;91;20;13;32;70;32;34;43;52;0;0;1;0;8;1;1;1;0;3;7;3;0;0;0;0;0;0;0;0;0;0;0;0;1;1;1;5;5;3;2;8;8;12;3;52;10;52;10;73;10;31;20;65;20;38;15;90;15;14;32;70;32;34;43;52;0;1;1;1;5;5;7;6;8;8;12;3;52;10;52;10;73;10;31;20;65;20;38;25;91;25;13;32;70;32;34;43;52;0;1;1;1;4;4;3;2;5;5;12;3;52;10;52;10;73;10;31;20;65;20;38;15;90;15;14;32;70;32;34;43;52;0;0;1;0;7;1;1;1;0;4;7;2;0;0;0;0;0;0;0;0;0;0;0;0;1;1;1;5;5;7;6;8;8;12;3;52;10;52;10;73;10;31;20;65;20;38;25;91;25;13;32;70;32;34;43;52;0;1;1;1;5;5;7;6;11;11;12;3;52;10;52;10;73;10;31;20;65;20;38;25;91;25;13;36;74;36;31;43;52;0;1;1;1;4;4;7;6;8;8;12;3;52;10;52;10;73;10;31;20;65;20;38;20;91;20;13;32;70;32;34;43;52;0;0;1;0;8;1;1;1;0;3;7;3;0;0;0;0;0;0;0;0;0;0;0;1;13;6;3;14;16;15;8;20;19;23;0;4;5;7;18;11;12;17;9;10;22;25;2;21;24;26;27;28;29;30;31;32;33;34;35;36;37;38;39;3;15;15;15;15;23;8;255;255;255;0;0;0;0;0;0;0
23;0;1;1;3;2;5;5;7;6;8;12;3;52;10;63;10;41;12;89;12;15;18;64;18;40;27;90;27;14;32;51;43;52;0;1;1;3;2;5;5;10;9;8;12;3;52;10;63;10;41;12;89;12;15;18;64;18;40;35;89;35;15;32;51;43;52;0;1;1;3;2;4;4;7;6;8;12;3;52;10;63;10;41;12;89;12;15;18;64;18;40;27;90;27;14;32;51;43;52;0;0;0;0;7;2;1;1;0;4;9;3;0;4;0;12;0;0;0;0;0;0;0;0;1;1;3;2;4;4;7;6;5;12;3;52;10;63;10;41;12;89;12;15;18;64;18;40;27;90;27;14;27;52;43;52;0;1;1;3;2;4;4;7;6;5;12;3;52;10;63;10;41;12;89;12;15;18;64;18;40;27;90;27;14;27;52;43;52;0;1;1;3;2;4;4;7;6;5;12;3;52;10;63;10;41;12;89;12;15;18;64;18;40;27;90;27;14;27;52;43;52;0;0;0;0;6;2;1;1;0;5;9;2;0;4;0;12;0;0;0;0;0;0;0;0;1;1;3;2;5;5;7;6;8;12;3;52;10;63;10;41;12;89;12;15;18;64;18;40;27;90;27;14;32;51;43;52;0;1;1;3;2;5;5;10;9;8;12;3;52;10;63;10;41;12;89;12;15;18;64;18;40;35;89;35;15;32;51;43;52;0;1;1;3;2;4;4;7;6;8;12;3;52;10;63;10;41;12;89;12;15;18;64;18;40;27;90;27;14;32;51;43;52;0;0;0;0;7;2;1;1;0;4;9;3;0;4;0;12;0;0;0;0;0;0;0;0;4;3;10;8;14;13;11;21;19;23;2;5;6;9;12;15;16;17;18;22;24;25;1;7;20;26;27;28;29;30;31;32;33;34;35;36;37;38;39;21;8;8;8;8;23;14;255;255;255;0;0;0;0;0;0;0
24;0;1;1;3;2;4;5;5;10;9;12;3;52;10;63;10;41;12;89;12;15;18;52;27;68;27;35;42;85;42;19;43;52;0;1;1;3;2;4;8;8;10;9;12;3;52;10;63;10;41;12;89;12;15;18;52;32;68;32;35;42;85;42;19;43;52;0;1;1;3;2;4;5;5;7;6;12;3;52;10;63;10;41;12;89;12;15;18;52;27;68;27;35;34;89;34;15;43;52;1;1;0;1;3;2;1;1;0;5;8;2;0;9;0;12;0;0;0;0;0;0;0;0;1;1;3;2;4;5;5;7;6;12;3;52;10;63;10;41;12;89;12;15;18;52;27;68;27;35;32;91;32;13;43;52;0;1;1;3;2;4;5;5;7;6;12;3;52;10;63;10;41;12;89;12;15;18;52;27;68;27;35;32;91;32;13;43;52;0;1;1;3;2;4;5;5;7;6;12;3;52;10;63;10;41;12;89;12;15;18;52;27;68;27;35;32;91;32;13;43;52;1;1;0;1;2;2;1;1;0;6;8;1;0;9;0;12;0;0;0;0;0;0;0;0;1;1;3;2;4;5;5;10;9;12;3;52;10;63;10;41;12;89;12;15;18;52;27;68;27;35;42;85;42;19;43;52;0;1;1;3;2;4;8;8;10;9;12;3;52;10;63;10;41;12;89;12;15;18;52;32;68;32;35;42;85;42;19;43;52;0;1;1;3;2;4;5;5;7;6;12;3;52;10;63;10;41;12;89;12;15;18;52;27;68;27;35;34;89;34;15;43;52;1;1;0;1;3;2;1;1;0;5;8;2;0;9;0;12;0;0;0;0;0;0;0;0;5;4;9;8;10;15;13;22;19;25;1;6;7;11;12;16;17;21;14;18;20;24;2;3;23;26;27;28;29;30;31;32;33;34;35;36;37;38;39;15;15;15;15;15;13;10;255;255;255;0;0;0;0;0;0;0
26;0;1;1;3;2;5;5;7;6;8;12;3;52;10;63;10;41;12;89;12;15;18;64;18;40;27;90;27;14;32;52;43;52;0;1;1;3;2;5;5;10;9;8;12;3;52;10;63;10;41;12;89;12;15;18;64;18;40;36;89;36;16;32;52;43;52;0;1;1;3;2;4;4;7;6;8;12;3;52;10;63;10;41;12;89;12;15;18;64;18;40;27;90;27;14;32;52;43;52;0;0;1;0;6;2;1;0;1;3;7;3;0;4;0;0;0;0;0;0;0;0;0;0;1;1;3;2;4;4;7;6;5;12;3;52;10;63;10;41;12;89;12;15;18;64;18;40;27;90;27;14;24;52;43;52;0;1;1;3;2;4;4;7;6;5;12;3;52;10;63;10;41;12;89;12;15;18;64;18;40;27;90;27;14;24;52;43;52;0;1;1;3;2;4;4;7;6;5;12;3;52;10;63;10;41;12;89;12;15;18;64;18;40;27;90;27;14;24;52;43;52;0;0;1;0;5;2;1;0;1;4;7;2;0;4;0;0;0;0;0;0;0;0;0;0;1;1;3;2;5;5;7;6;8;12;3;52;10;63;10;41;12;89;12;15;18;64;18;40;27;90;27;14;32;52;43;52;0;1;1;3;2;5;5;10;9;8;12;3;52;10;63;10;41;12;89;12;15;18;64;18;40;36;89;36;16;32;52;43;52;0;1;1;3;2;4;4;7;6;8;12;3;52;10;63;10;41;12;89;12;15;18;64;18;40;27;90;27;14;32;52;43;52;0;0;1;0;6;2;1;0;1;3;7;3;0;4;0;0;0;0;0;0;0;0;0;2;6;3;10;9;14;15;21;18;16;23;0;4;7;8;5;11;12;13;17;20;22;25;1;19;24;26;27;28;29;30;31;32;33;34;35;36;37;38;39;2;9;9;9;9;9;10;255;255;255;0;0;0;0;0;0;0
27;0;1;1;1;3;2;4;4;7;6;12;3;52;10;52;10;73;10;31;15;89;15;15;20;64;20;40;34;86;34;18;43;52;0;1;1;1;3;2;5;5;10;9;12;3;52;10;52;10;73;10;31;15;89;15;15;24;68;24;36;36;87;36;17;43;52;0;1;1;1;3;2;4;4;7;6;12;3;52;10;52;10;73;10;31;15;89;15;15;20;64;20;40;28;87;28;17;43;52;0;0;1;0;7;1;1;1;1;3;7;3;0;5;0;12;0;0;0;0;0;0;0;0;1;1;1;3;2;4;4;7;6;12;3;52;10;52;10;73;10;31;15;89;15;15;20;64;20;40;34;86;34;18;43;52;0;1;1;1;3;2;4;4;10;9;12;3;52;10;52;10;73;10;31;15;89;15;15;20;64;20;40;35;87;35;17;43;52;0;1;1;1;3;2;4;4;7;6;12;3;52;10;52;10;73;10;31;15;89;15;15;20;64;20;40;34;86;34;18;43;52;0;0;1;0;7;1;1;1;1;6;7;3;0;5;0;12;0;0;0;0;0;0;0;0;1;1;1;3;2;4;4;7;6;12;3;52;10;52;10;73;10;31;15;89;15;15;20;64;20;40;34;86;34;18;43;52;0;1;1;1;3;2;5;5;10;9;12;3;52;10;52;10;73;10;31;15;89;15;15;24;68;24;36;36;87;36;17;43;52;0;1;1;1;3;2;4;4;7;6;12;3;52;10;52;10;73;10;31;15;89;15;15;20;64;20;40;28;87;28;17;43;52;0;0;1;0;7;1;1;1;1;3;7;3;0;5;0;12;0;0;0;0;0;0;0;1;8;7;4;9;6;15;12;17;13;24;0;3;5;10;11;14;16;25;20;21;18;19;2;22;23;26;27;28;29;30;31;32;33;34;35;36;37;38;39;12;9;9;9;9;9;17;255;255;255;0;0;0;0;0;0;0
28;0;1;1;3;2;4;4;7;6;8;12;3;52;11;64;11;40;13;88;13;16;19;64;19;40;31;88;31;16;32;51;43;52;0;1;1;3;2;4;5;10;9;8;12;3;52;11;64;11;40;13;88;13;16;19;64;19;40;36;89;36;15;34;52;43;52;0;1;1;3;2;4;4;7;6;8;12;3;52;11;64;11;40;13;88;13;16;19;64;19;40;24;89;24;15;33;52;43;52;1;0;1;1;7;2;0;1;0;4;5;3;0;7;0;16;0;0;0;0;0;0;0;0;1;1;3;2;4;4;7;6;8;12;3;52;10;63;10;41;12;89;12;15;18;64;18;40;27;90;27;14;31;51;43;52;0;1;1;3;2;4;4;7;6;5;12;3;52;10;63;10;41;12;89;12;15;18;64;18;40;27;90;27;14;24;52;43;52;0;1;1;3;2;4;4;7;6;5;12;3;52;10;63;10;41;12;89;12;15;18;64;18;40;27;90;27;14;24;52;43;52;1;0;1;1;5;2;0;1;0;8;5;2;0;7;0;16;0;0;0;0;0;0;0;0;1;1;3;2;4;4;7;6;8;12;3;52;11;64;11;40;13;88;13;16;19;64;19;40;31;88;31;16;32;51;43;52;0;1;1;3;2;4;5;10;9;8;12;3;52;11;64;11;40;13;88;13;16;19;64;19;40;36;89;36;15;34;52;43;52;0;1;1;3;2;4;4;7;6;8;12;3;52;11;64;11;40;13;88;13;16;19;64;19;40;24;89;24;15;33;52;43;52;1;0;1;1;7;2;0;1;0;4;5;3;0;7;0;16;0;0;0;0;0;0;0;2;6;3;9;7;11;12;21;16;19;23;1;4;5;8;10;15;13;17;18;20;24;25;0;14;22;26;27;28;29;30;31;32;33;34;35;36;37;38;39;7;9;9;9;9;9;19;255;255;255;0;0;0;0;0;0;0
29;0;1;1;3;2;5;5;8;10;9;12;3;52;10;63;10;41;12;89;12;15;21;65;21;38;30;52;36;89;36;15;43;52;0;1;1;3;2;5;5;11;10;9;12;3;52;10;63;10;41;12;89;12;15;21;65;21;38;35;52;36;89;36;15;43;52;0;1;1;3;2;4;4;8;7;6;12;3;52;10;63;10;41;12;89;12;15;19;64;19;38;30;52;34;89;34;15;43;52;1;1;0;0;5;2;1;1;0;4;4;2;0;7;0;12;0;0;0;0;0;0;0;0;1;1;3;2;4;4;7;6;8;12;3;52;10;63;10;41;12;89;12;15;18;64;18;40;27;90;27;14;31;53;43;52;0;1;1;3;2;4;4;10;9;8;12;3;52;10;63;10;41;12;89;12;15;18;64;18;40;35;89;35;15;31;53;43;52;0;1;1;3;2;4;4;7;6;8;12;3;52;10;63;10;41;12;89;12;15;18;64;18;40;27;90;27;14;31;53;43;52;1;1;0;0;4;2;1;1;0;5;4;1;0;7;0;12;0;0;0;0;0;0;0;0;1;1;3;2;5;5;8;10;9;12;3;52;10;63;10;41;12;89;12;15;21;65;21;38;30;52;36;89;36;15;43;52;0;1;1;3;2;5;5;11;10;9;12;3;52;10;63;10;41;12;89;12;15;21;65;21;38;35;52;36;89;36;15;43;52;0;1;1;3;2;4;4;8;7;6;12;3;52;10;63;10;41;12;89;12;15;19;64;19;38;30;52;34;89;34;15;43;52;1;1;0;0;5;2;1;1;0;4;4;2;0;7;0;12;0;0;0;0;0;0;0;0;5;3;11;8;17;12;18;24;20;25;1;4;7;16;9;13;15;21;22;10;23;19;2;6;14;26;27;28;29;30;31;32;33;34;35;36;37;38;39;12;12;12;12;12;17;8;255;255;255;0;0;0;0;0;0;0
30;0;1;1;3;2;4;4;5;10;9;12;3;52;10;63;10;41;12;89;12;15;21;65;21;38;30;52;36;89;36;15;43;52;0;1;1;3;2;4;4;8;10;9;12;3;52;10;63;10;41;12;89;12;15;21;65;21;38;33;50;36;89;36;15;43;52;0;1;1;3;2;4;4;5;7;6;12;3;52;10;63;10;41;12;89;12;15;21;65;21;38;30;52;34;90;34;14;43;52;1;1;1;0;4;2;1;0;1;5;3;3;0;7;0;12;0;0;0;0;0;0;0;0;1;1;3;2;4;4;5;10;9;12;3;52;10;63;10;41;12;89;12;15;21;65;21;38;29;51;36;89;36;15;43;52;0;1;1;3;2;4;4;5;10;9;12;3;52;10;63;10;41;12;89;12;15;21;65;21;38;29;51;36;89;36;15;43;52;0;1;1;3;2;4;4;5;7;6;12;3;52;10;63;10;41;12;89;12;15;21;65;21;38;29;51;34;87;34;17;43;52;1;1;1;0;3;2;1;0;1;6;3;2;0;7;0;12;0;0;0;0;0;0;0;0;1;1;3;2;4;4;5;10;9;12;3;52;10;63;10;41;12;89;12;15;21;65;21;38;30;52;36;89;36;15;43;52;0;1;1;3;2;4;4;8;10;9;12;3;52;10;63;10;41;12;89;12;15;21;65;21;38;33;50;36;89;36;15;43;52;0;1;1;3;2;4;4;5;7;6;12;3;52;10;63;10;41;12;89;12;15;21;65;21;38;30;52;34;90;34;14;43;52;1;1;1;0;4;2;1;0;1;5;3;3;0;7;0;12;0;0;0;0;0;0;0;0;5;3;11;8;14;13;16;20;19;25;1;4;6;7;9;12;15;17;18;21;22;23;2;10;24;26;27;28;29;30;31;32;33;34;35;36;37;38;39;8;16;16;16;16;20;8;255;255;255;0;0;0;0;0;0;0
31;0;1;1;3;2;4;4;8;10;9;12;3;52;10;63;10;41;12;89;12;15;18;64;18;40;32;52;42;85;42;19;43;52;0;1;1;3;2;5;5;8;10;9;12;3;52;10;63;10;41;12;89;12;15;26;77;26;27;32;52;42;85;42;19;43;52;0;1;1;3;2;4;4;8;11;11;12;3;52;10;63;10;41;12;89;12;15;18;64;18;40;32;52;36;79;36;25;43;52;1;1;0;1;3;3;0;1;0;8;6;1;0;5;0;12;0;0;0;0;0;0;0;0;1;1;3;2;4;4;5;10;9;12;3;52;10;63;10;41;12;89;12;15;18;64;18;40;27;51;42;85;42;19;43;52;0;1;1;3;2;4;4;5;10;9;12;3;52;10;63;10;41;12;89;12;15;18;64;18;40;27;51;42;85;42;19;43;52;0;1;1;3;2;4;4;5;7;6;12;3;52;10;63;10;41;12;89;12;15;18;64;18;40;27;51;34;89;34;15;43;52;1;1;0;1;4;3;0;1;0;6;6;2;0;5;0;12;0;0;0;0;0;0;0;0;1;1;3;2;4;4;8;10;9;12;3;52;10;63;10;41;12;89;12;15;18;64;18;40;32;52;42;85;42;19;43;52;0;1;1;3;2;5;5;8;10;9;12;3;52;10;63;10;41;12;89;12;15;26;77;26;27;32;52;42;85;42;19;43;52;0;1;1;3;2;4;4;8;11;11;12;3;52;10;63;10;41;12;89;12;15;18;64;18;40;32;52;36;79;36;25;43;52;1;1;0;1;3;3;0;1;0;8;6;1;0;5;0;12;0;0;0;0;0;0;0;0;5;6;7;8;11;10;18;20;19;22;1;3;4;9;12;15;17;14;21;25;23;24;2;13;16;26;27;28;29;30;31;32;33;34;35;36;37;38;39;10;18;18;18;18;11;20;255;255;255;0;0;0;0;0;0;0
32;0;1;1;3;2;4;5;5;10;9;12;3;52;10;63;10;41;12;89;12;15;18;52;27;70;27;34;37;89;37;15;43;52;0;1;1;3;2;4;8;8;10;9;12;3;52;10;63;10;41;12;89;12;15;18;52;32;63;32;38;40;90;40;14;43;52;0;1;1;3;2;4;5;5;7;6;12;3;52;10;63;10;41;12;89;12;15;18;52;27;71;27;33;34;90;34;15;43;52;0;0;0;1;6;3;1;1;0;5;7;1;0;9;0;0;0;0;0;0;0;0;0;0;1;1;3;2;4;8;5;10;9;12;3;52;10;63;10;41;12;89;12;15;18;52;27;71;27;33;40;90;40;14;43;52;0;1;1;3;2;4;5;5;10;9;12;3;52;10;63;10;41;12;89;12;15;18;52;27;71;27;33;40;90;40;14;43;52;0;1;1;3;2;4;5;5;7;6;12;3;52;10;63;10;41;12;89;12;15;18;52;27;68;27;34;34;91;34;13;43;52;0;0;0;1;6;2;1;1;0;4;7;1;0;9;0;0;0;0;0;0;0;0;0;0;1;1;3;2;4;5;5;10;9;12;3;52;10;63;10;41;12;89;12;15;18;52;27;70;27;34;37;89;37;15;43;52;0;1;1;3;2;4;8;8;10;9;12;3;52;10;63;10;41;12;89;12;15;18;52;32;63;32;38;40;90;40;14;43;52;0;1;1;3;2;4;5;5;7;6;12;3;52;10;63;10;41;12;89;12;15;18;52;27;71;27;33;34;90;34;15;43;52;0;0;0;1;6;3;1;1;0;5;7;1;0;9;0;0;0;0;0;0;0;0;0;0;3;4;9;8;13;15;14;21;18;25;1;5;6;11;10;12;22;17;19;20;23;24;2;7;16;26;27;28;29;30;31;32;33;34;35;36;37;38;39;4;9;9;9;9;9;8;255;255;255;0;0;0;0;0;0;0
33;0;1;1;3;2;4;5;5;10;9;12;3;52;11;64;11;40;13;88;13;16;19;52;25;68;25;36;35;84;35;20;43;52;0;1;1;3;2;4;8;8;10;9;12;3;52;11;64;11;40;13;88;13;16;19;52;30;64;30;39;35;84;35;20;43;52;0;1;1;3;2;4;5;5;7;6;12;3;52;11;64;11;40;13;88;13;16;19;52;25;68;25;36;34;87;34;18;43;52;0;1;1;1;4;2;0;1;0;4;7;3;0;7;0;11;0;0;0;0;0;0;0;0;1;1;3;2;4;5;5;10;9;12;3;52;10;63;10;41;12;89;12;15;18;52;26;69;26;34;42;85;42;19;43;52;0;1;1;3;2;4;5;5;10;9;12;3;52;10;63;10;41;12;89;12;15;18;52;26;69;26;34;42;85;42;19;43;52;0;1;1;3;2;4;5;5;7;6;12;3;52;10;63;10;41;12;89;12;15;18;52;26;69;26;34;34;88;34;17;43;52;0;1;1;1;5;2;0;1;0;3;9;3;0;7;0;11;0;0;0;0;0;0;0;0;1;1;3;2;4;5;5;10;9;12;3;52;11;64;11;40;13;88;13;16;19;52;25;68;25;36;35;84;35;20;43;52;0;1;1;3;2;4;8;8;10;9;12;3;52;11;64;11;40;13;88;13;16;19;52;30;64;30;39;35;84;35;20;43;52;0;1;1;3;2;4;5;5;7;6;12;3;52;11;64;11;40;13;88;13;16;19;52;25;68;25;36;34;87;34;18;43;52;0;1;1;1;4;2;0;1;0;4;7;3;0;7;0;11;0;0;0;0;0;0;0;0;4;8;10;6;12;17;14;16;20;24;2;3;5;7;15;9;11;13;18;19;21;22;1;23;25;26;27;28;29;30;31;32;33;34;35;36;37;38;39;12;8;20;17;17;8;17;255;255;255;0;0;0;0;0;0;0
34;0;1;1;3;2;4;4;8;10;9;12;3;52;10;63;10;41;12;89;12;15;18;64;18;40;32;52;42;85;42;19;43;52;0;1;1;3;2;5;5;8;10;9;12;3;52;10;63;10;41;12;89;12;15;22;65;22;39;32;52;42;85;42;19;43;52;0;1;1;3;2;4;4;8;7;6;12;3;52;10;63;10;41;12;89;12;15;18;64;18;40;32;52;34;91;34;14;43;52;1;0;1;0;6;2;0;1;0;4;8;3;0;0;0;16;0;0;0;0;0;0;0;0;1;1;3;2;4;4;5;10;9;12;3;52;10;63;10;41;12;89;12;15;18;64;18;40;27;53;42;85;42;19;43;52;0;1;1;3;2;4;4;5;10;9;12;3;52;10;63;10;41;12;89;12;15;18;64;18;40;27;53;42;85;42;19;43;52;0;1;1;3;2;4;4;5;7;6;12;3;52;10;63;10;41;12;89;12;15;18;64;18;40;27;53;34;89;34;16;43;52;1;0;1;0;6;2;0;1;0;3;8;3;0;0;0;16;0;0;0;0;0;0;0;0;1;1;3;2;4;4;8;10;9;12;3;52;10;63;10;41;12;89;12;15;18;64;18;40;32;52;42;85;42;19;43;52;0;1;1;3;2;5;5;8;10;9;12;3;52;10;63;10;41;12;89;12;15;22;65;22;39;32;52;42;85;42;19;43;52;0;1;1;3;2;4;4;8;7;6;12;3;52;10;63;10;41;12;89;12;15;18;64;18;40;32;52;34;91;34;14;43;52;1;0;1;0;6;2;0;1;0;4;8;3;0;0;0;16;0;0;0;0;0;0;0;1;5;3;8;7;11;14;15;17;16;24;0;4;6;9;10;12;13;19;21;18;23;25;2;20;22;26;27;28;29;30;31;32;33;34;35;36;37;38;39;1;24;14;24;24;24;5;255;255;255;0;0;0;0;0;0;0
35;0;1;1;3;2;4;4;5;10;9;12;3;52;11;64;11;40;13;88;13;16;21;64;21;40;31;52;35;84;35;20;43;52;0;1;1;3;2;5;5;8;10;9;12;3;52;11;64;11;40;13;88;13;16;21;64;21;40;32;52;35;84;35;20;43;52;0;1;1;3;2;4;4;5;11;11;12;3;52;11;64;11;40;13;88;13;16;21;64;21;40;31;52;36;80;36;26;43;52;1;1;1;1;5;2;0;1;0;5;9;2;0;7;0;0;0;0;0;0;0;0;0;0;1;1;3;2;4;4;5;10;9;12;3;52;11;64;11;40;13;88;13;16;21;64;21;40;27;51;35;84;35;20;43;52;0;1;1;3;2;4;4;5;10;9;12;3;52;11;64;11;40;13;88;13;16;21;64;21;40;27;51;35;84;35;20;43;52;0;1;1;3;2;4;4;5;10;9;12;3;52;11;64;11;40;13;88;13;16;21;64;21;40;27;51;35;84;35;20;43;52;1;1;1;1;5;2;0;1;0;4;9;2;0;7;0;0;0;0;0;0;0;0;0;0;1;1;3;2;4;4;5;10;9;12;3;52;11;64;11;40;13;88;13;16;21;64;21;40;31;52;35;84;35;20;43;52;0;1;1;3;2;5;5;8;10;9;12;3;52;11;64;11;40;13;88;13;16;21;64;21;40;32;52;35;84;35;20;43;52;0;1;1;3;2;4;4;5;11;11;12;3;52;11;64;11;40;13;88;13;16;21;64;21;40;31;52;36;80;36;26;43;52;1;1;1;1;5;2;0;1;0;5;9;2;0;7;0;0;0;0;0;0;0;0;0;0;4;5;10;9;12;11;17;22;18;23;2;3;6;7;8;13;14;20;16;15;21;25;1;19;24;26;27;28;29;30;31;32;33;34;35;36;37;38;39;12;9;9;9;9;9;18;255;255;255;0;0;0;0;0;0;0
36;0;1;1;3;2;4;4;5;10;9;12;3;52;10;63;10;41;12;89;12;15;18;64;18;40;27;53;42;85;42;19;43;52;0;1;1;3;2;4;4;8;10;9;12;3;52;10;63;10;41;12;89;12;15;18;64;18;40;31;51;42;85;42;19;43;52;0;1;1;3;2;4;4;5;10;9;12;3;52;10;63;10;41;12;89;12;15;18;64;18;40;27;53;35;87;35;16;43;52;1;1;0;0;5;2;1;0;0;7;8;2;0;5;0;12;0;0;0;0;0;0;0;0;1;1;3;2;4;4;5;7;6;12;3;52;10;63;10;41;12;89;12;15;18;64;18;40;27;53;32;90;32;13;43;52;0;1;1;3;2;4;4;5;7;6;12;3;52;10;63;10;41;12;89;12;15;18;64;18;40;27;53;32;90;32;13;43;52;0;1;1;3;2;4;4;5;7;6;12;3;52;10;63;10;41;12;89;12;15;18;64;18;40;27;53;32;90;32;13;43;52;1;1;0;0;6;2;1;0;0;5;8;2;0;5;0;12;0;0;0;0;0;0;0;0;1;1;3;2;4;4;5;10;9;12;3;52;10;63;10;41;12;89;12;15;18;64;18;40;27;53;42;85;42;19;43;52;0;1;1;3;2;4;4;8;10;9;12;3;52;10;63;10;41;12;89;12;15;18;64;18;40;31;51;42;85;42;19;43;52;0;1;1;3;2;4;4;5;10;9;12;3;52;10;63;10;41;12;89;12;15;18;64;18;40;27;53;35;87;35;16;43;52;1;1;0;0;5;2;1;0;0;7;8;2;0;5;0;12;0;0;0;0;0;0;0;2;3;5;9;7;12;11;14;18;21;24;0;4;6;8;10;13;15;16;22;19;20;25;1;17;23;26;27;28;29;30;31;32;33;34;35;36;37;38;39;5;9;9;9;9;9;7;255;255;255;0;0;0;0;0;0;0
37;0;1;1;3;2;4;4;5;8;8;12;3;52;11;64;11;40;13;88;13;16;19;64;19;40;29;52;33;80;33;24;43;52;0;1;1;3;2;4;4;5;11;11;12;3;52;11;64;11;40;13;88;13;16;19;64;19;40;29;52;35;82;35;23;43;52;0;1;1;3;2;4;4;5;8;8;12;3;52;11;64;11;40;13;88;13;16;19;64;19;40;29;52;33;80;33;24;43;52;0;0;1;0;7;1;0;1;0;3;8;2;0;0;0;11;0;0;0;0;0;0;0;0;1;1;3;2;4;4;5;8;8;12;3;52;11;64;11;40;13;88;13;16;19;64;19;40;29;52;33;80;33;24;43;52;0;1;1;3;2;4;4;5;8;8;12;3;52;11;64;11;40;13;88;13;16;19;64;19;40;29;52;33;80;33;24;43;52;0;1;1;3;2;4;4;4;5;5;12;3;52;11;64;11;40;13;88;13;16;19;64;19;40;24;52;33;80;33;24;43;52;0;0;1;0;7;1;0;1;0;2;8;3;0;0;0;11;0;0;0;0;0;0;0;0;1;1;3;2;4;4;5;8;8;12;3;52;11;64;11;40;13;88;13;16;19;64;19;40;29;52;33;80;33;24;43;52;0;1;1;3;2;4;4;5;11;11;12;3;52;11;64;11;40;13;88;13;16;19;64;19;40;29;52;35;82;35;23;43;52;0;1;1;3;2;4;4;5;8;8;12;3;52;11;64;11;40;13;88;13;16;19;64;19;40;29;52;33;80;33;24;43;52;0;0;1;0;7;1;0;1;0;3;8;2;0;0;0;11;0;0;0;0;0;0;0;0;3;4;9;7;14;12;13;18;19;24;1;5;8;10;16;22;6;20;17;15;11;25;2;21;23;26;27;28;29;30;31;32;33;34;35;36;37;38;39;0;9;9;9;9;9;12;255;255;255;0;0;0;0;0;0;0
38;0;1;1;3;2;4;7;6;5;12;12;3;52;10;63;10;41;12;89;12;15;18;52;32;89;32;16;29;52;43;67;43;38;0;1;1;3;2;4;10;9;5;12;12;3;52;10;63;10;41;12;89;12;15;18;52;35;90;35;15;29;52;43;67;43;38;0;1;1;3;2;4;8;8;5;12;12;3;52;10;63;10;41;12;89;12;15;18;52;32;79;32;25;25;52;43;67;43;38;0;1;0;1;4;3;0;1;0;4;9;2;0;0;0;0;0;0;0;0;0;0;0;0;1;1;3;2;4;4;5;10;9;12;3;52;11;64;11;40;13;88;13;16;19;62;19;41;26;51;39;84;39;20;43;52;0;1;1;3;2;4;4;5;10;9;12;3;52;11;64;11;40;13;88;13;16;19;66;19;37;27;52;39;84;39;20;43;52;0;1;1;3;2;4;4;5;7;6;12;3;52;11;64;11;40;13;88;13;16;19;64;19;41;26;52;33;87;33;18;43;52;0;1;0;1;5;2;0;1;0;3;9;2;0;0;0;0;0;0;0;0;0;0;0;0;1;1;3;2;4;7;6;5;12;12;3;52;10;63;10;41;12;89;12;15;18;52;32;89;32;16;29;52;43;67;43;38;0;1;1;3;2;4;10;9;5;12;12;3;52;10;63;10;41;12;89;12;15;18;52;35;90;35;15;29;52;43;67;43;38;0;1;1;3;2;4;8;8;5;12;12;3;52;10;63;10;41;12;89;12;15;18;52;32;79;32;25;25;52;43;67;43;38;0;1;0;1;4;3;0;1;0;4;9;2;0;0;0;0;0;0;0;0;0;0;0;1;3;6;5;9;10;16;19;13;22;21;0;4;7;8;11;15;12;14;17;23;24;25;2;18;20;26;27;28;29;30;31;32;33;34;35;36;37;38;39;6;9;9;9;9;9;10;255;255;255;0;0;0;0;0;0;0
39;0;1;1;3;2;4;5;5;7;6;12;3;52;11;64;11;40;13;88;13;16;21;52;25;72;25;32;33;88;33;16;43;52;0;1;1;3;2;4;5;5;10;9;12;3;52;11;64;11;40;13;88;13;16;21;52;25;72;25;32;35;88;35;17;43;52;0;1;1;3;2;4;5;5;7;6;12;3;52;11;64;11;40;13;88;13;16;19;52;25;72;25;32;33;88;33;16;43;52;1;1;0;1;3;3;0;1;1;7;8;1;0;5;0;12;0;0;0;0;0;0;0;0;1;1;3;2;4;4;5;7;6;12;3;52;11;64;11;40;13;88;13;16;20;63;20;41;27;52;33;88;33;16;43;52;0;1;1;3;2;4;4;5;7;6;12;3;52;11;64;11;40;13;88;13;16;20;63;20;41;27;52;33;88;33;16;43;52;0;1;1;3;2;4;4;5;7;6;12;3;52;11;64;11;40;13;88;13;16;20;63;20;41;27;52;33;88;33;16;43;52;1;1;0;1;4;3;0;1;1;7;8;2;0;5;0;12;0;0;0;0;0;0;0;0;1;1;3;2;4;5;5;7;6;12;3;52;11;64;11;40;13;88;13;16;21;52;25;72;25;32;33;88;33;16;43;52;0;1;1;3;2;4;5;5;10;9;12;3;52;11;64;11;40;13;88;13;16;21;52;25;72;25;32;35;88;35;17;43;52;0;1;1;3;2;4;5;5;7;6;12;3;52;11;64;11;40;13;88;13;16;19;52;25;72;25;32;33;88;33;16;43;52;1;1;0;1;3;3;0;1;1;7;8;1;0;5;0;12;0;0;0;0;0;0;0;1;7;3;9;8;13;14;12;17;20;23;0;4;5;6;10;11;15;16;18;19;22;24;2;21;25;26;27;28;29;30;31;32;33;34;35;36;37;38;39;7;9;9;9;9;9;8;255;255;255;0;0;0;0;0;0;0
40;0;1;1;3;2;4;5;5;10;9;12;3;52;11;64;11;40;13;88;13;16;19;52;25;68;25;36;35;84;35;20;43;52;0;1;1;3;2;4;5;5;10;9;12;3;52;11;64;11;40;13;88;13;16;19;52;25;68;25;36;35;84;35;20;43;52;0;1;1;3;2;4;5;5;8;8;12;3;52;11;64;11;40;13;88;13;16;19;52;25;68;25;36;34;80;34;25;43;52;1;1;0;1;2;3;0;1;0;7;7;1;0;1;0;0;0;0;0;0;0;0;0;0;1;1;3;2;4;5;5;7;6;12;3;52;11;64;11;40;13;88;13;16;19;52;25;68;25;36;28;91;28;11;43;52;0;1;1;3;2;4;5;5;7;6;12;3;52;11;64;11;40;13;88;13;16;19;52;25;68;25;36;28;91;28;11;43;52;0;1;1;3;2;4;5;5;7;6;12;3;52;11;64;11;40;13;88;13;16;19;52;25;68;25;36;28;91;28;11;43;52;1;1;0;1;3;3;0;1;0;5;7;2;0;1;0;0;0;0;0;0;0;0;0;0;1;1;3;2;4;5;5;10;9;12;3;52;11;64;11;40;13;88;13;16;19;52;25;68;25;36;35;84;35;20;43;52;0;1;1;3;2;4;5;5;10;9;12;3;52;11;64;11;40;13;88;13;16;19;52;25;68;25;36;35;84;35;20;43;52;0;1;1;3;2;4;5;5;8;8;12;3;52;11;64;11;40;13;88;13;16;19;52;25;68;25;36;34;80;34;25;43;52;1;1;0;1;2;3;0;1;0;7;7;1;0;1;0;0;0;0;0;0;0;0;0;2;5;4;10;7;11;12;14;19;18;22;0;3;9;6;8;13;16;20;15;17;21;25;1;23;24;26;27;28;29;30;31;32;33;34;35;36;37;38;39;2;12;12;12;12;12;7;255;255;255;0;0;0;0;0;0;0
41;0;1;1;3;2;4;4;7;6;12;12;3;52;11;64;11;40;13;88;13;16;21;64;21;40;31;84;31;20;43;64;43;40;0;1;1;3;2;5;5;7;6;12;12;3;52;11;64;11;40;13;88;13;16;25;64;25;40;31;84;31;20;43;65;43;39;0;1;1;3;2;4;4;7;6;11;12;3;52;11;64;11;40;13;88;13;16;21;64;21;40;31;84;31;20;37;52;43;52;1;0;1;1;5;3;1;0;1;6;5;1;0;4;0;11;0;0;0;0;0;0;0;0;1;1;3;2;4;4;7;6;8;12;3;52;11;64;11;40;13;88;13;16;21;64;21;40;31;84;31;20;31;51;43;52;0;1;1;3;2;4;4;7;6;8;12;3;52;11;64;11;40;13;88;13;16;21;64;21;40;31;84;31;20;31;51;43;52;0;1;1;3;2;4;4;7;6;8;12;3;52;11;64;11;40;13;88;13;16;21;64;21;40;31;84;31;20;31;51;43;52;1;0;1;1;6;2;1;0;1;3;5;3;0;4;0;11;0;0;0;0;0;0;0;0;1;1;3;2;4;4;7;6;12;12;3;52;11;64;11;40;13;88;13;16;21;64;21;40;31;84;31;20;43;64;43;40;0;1;1;3;2;5;5;7;6;12;12;3;52;11;64;11;40;13;88;13;16;25;64;25;40;31;84;31;20;43;65;43;39;0;1;1;3;2;4;4;7;6;11;12;3;52;11;64;11;40;13;88;13;16;21;64;21;40;31;84;31;20;37;52;43;52;1;0;1;1;5;3;1;0;1;6;5;1;0;4;0;11;0;0;0;0;0;0;0;0;7;3;4;5;10;12;15;16;23;22;1;6;8;9;11;14;19;13;17;18;20;24;2;21;25;26;27;28;29;30;31;32;33;34;35;36;37;38;39;0;16;10;16;16;22;5;255;255;255;0;0;0;0;0;0;0
42;0;1;1;3;2;4;8;8;10;9;12;3;52;10;63;10;41;12;89;12;15;18;52;29;67;29;36;37;88;37;15;43;52;0;1;1;3;2;5;8;8;10;9;12;3;52;10;63;10;41;12;89;12;15;22;52;29;67;29;36;37;88;37;15;43;52;0;1;1;3;2;4;5;5;7;6;12;3;52;10;63;10;41;12;89;12;15;18;52;29;67;29;36;34;93;34;11;43;52;0;0;1;0;7;1;1;1;0;7;6;3;0;4;0;11;0;0;0;0;0;0;0;0;1;1;3;2;4;5;5;10;9;12;3;52;10;63;10;41;12;89;12;15;19;52;24;69;24;34;37;88;37;15;43;52;0;1;1;3;2;4;5;5;10;9;12;3;52;10;63;10;41;12;89;12;15;19;52;24;69;24;34;37;88;37;15;43;52;0;1;1;3;2;4;5;5;7;6;12;3;52;10;63;10;41;12;89;12;15;19;52;24;69;24;34;33;88;33;16;43;52;0;0;1;0;7;1;1;1;0;5;6;3;0;4;0;11;0;0;0;0;0;0;0;0;1;1;3;2;4;8;8;10;9;12;3;52;10;63;10;41;12;89;12;15;18;52;29;67;29;36;37;88;37;15;43;52;0;1;1;3;2;5;8;8;10;9;12;3;52;10;63;10;41;12;89;12;15;22;52;29;67;29;36;37;88;37;15;43;52;0;1;1;3;2;4;5;5;7;6;12;3;52;10;63;10;41;12;89;12;15;18;52;29;67;29;36;34;93;34;11;43;52;0;0;1;0;7;1;1;1;0;7;6;3;0;4;0;11;0;0;0;0;0;0;0;2;5;4;9;7;12;15;14;20;19;24;0;3;6;8;10;11;13;16;17;21;23;25;1;18;22;26;27;28;29;30;31;32;33;34;35;36;37;38;39;5;9;9;9;9;9;7;255;255;255;0;0;0;0;0;0;0
43;0;1;1;3;2;4;4;7;6;12;12;3;52;11;64;11;40;13;88;13;16;19;40;19;64;31;88;31;16;43;67;43;38;0;1;1;3;2;5;5;7;6;12;12;3;52;11;64;11;40;13;88;13;16;26;39;26;65;31;88;31;16;43;65;43;40;0;1;1;3;2;4;4;7;6;8;12;3;52;11;64;11;40;13;88;13;16;19;40;19;64;31;88;31;16;31;52;43;52;0;1;0;0;3;2;1;1;0;5;6;2;0;1;0;0;0;0;0;0;0;0;0;0;1;1;3;2;4;5;7;6;5;12;3;52;11;64;11;40;13;88;13;16;19;40;19;64;31;88;31;16;26;52;43;52;0;1;1;3;2;4;5;7;6;5;12;3;52;11;64;11;40;13;88;13;16;19;40;19;64;31;88;31;16;26;52;43;52;0;1;1;3;2;4;5;7;6;5;12;3;52;11;64;11;40;13;88;13;16;19;40;19;64;31;88;31;16;26;52;43;52;0;1;0;0;5;2;1;1;0;3;6;3;0;1;0;0;0;0;0;0;0;0;0;0;1;1;3;2;4;4;7;6;12;12;3;52;11;64;11;40;13;88;13;16;19;40;19;64;31;88;31;16;43;67;43;38;0;1;1;3;2;5;5;7;6;12;12;3;52;11;64;11;40;13;88;13;16;26;39;26;65;31;88;31;16;43;65;43;40;0;1;1;3;2;4;4;7;6;8;12;3;52;11;64;11;40;13;88;13;16;19;40;19;64;31;88;31;16;31;52;43;52;0;1;0;0;3;2;1;1;0;5;6;2;0;1;0;0;0;0;0;0;0;0;0;0;3;5;10;6;15;11;14;17;23;19;1;8;9;7;13;12;16;18;22;20;21;25;2;4;24;26;27;28;29;30;31;32;33;34;35;36;37;38;39;6;17;17;17;17;23;5;255;255;255;0;0;0;0;0;0;0
44;0;1;1;3;2;4;5;5;10;9;12;3;52;10;63;10;41;12;89;12;15;19;52;24;69;24;34;37;88;37;15;43;52;0;1;1;3;2;4;8;8;10;9;12;3;52;10;63;10;41;12;89;12;15;19;52;28;69;28;34;37;88;37;15;43;52;0;1;1;3;2;4;5;5;8;8;12;3;52;10;63;10;41;12;89;12;15;19;52;24;69;24;34;34;81;34;24;43;52;0;0;0;0;7;2;0;1;0;5;6;1;0;9;0;139637976727552;0;0;0;0;0;0;0;0;1;1;3;2;4;4;7;6;8;12;3;52;10;63;10;41;12;89;12;15;20;64;20;40;30;87;30;18;32;51;42;51;0;1;1;3;2;5;5;7;6;8;12;3;52;10;63;10;41;12;89;12;15;20;64;20;40;30;87;30;18;32;51;42;51;0;1;1;3;2;4;4;7;6;8;12;3;52;10;63;10;41;12;89;12;15;20;64;20;40;30;87;30;18;32;51;42;51;0;0;0;0;7;2;0;1;0;4;6;2;0;9;0;16;0;0;0;0;0;0;0;0;1;1;3;2;4;5;5;10;9;12;3;52;10;63;10;41;12;89;12;15;19;52;24;69;24;34;37;88;37;15;43;52;0;1;1;3;2;4;8;8;10;9;12;3;52;10;63;10;41;12;89;12;15;19;52;28;69;28;34;37;88;37;15;43;52;0;1;1;3;2;4;5;5;8;8;12;3;52;10;63;10;41;12;89;12;15;19;52;24;69;24;34;34;81;34;24;43;52;0;0;0;0;7;2;0;1;0;5;6;1;0;9;0;139637976727552;0;0;0;0;0;0;0;2;3;4;9;7;12;17;11;20;18;24;0;5;6;8;10;13;14;22;15;21;19;23;1;16;25;26;27;28;29;30;31;32;33;34;35;36;37;38;39;2;9;9;9;9;9;17;255;255;255;0;0;0;0;0;0;0
45;0;1;1;3;2;4;5;5;10;9;12;3;52;11;64;11;40;13;88;13;16;19;52;25;68;25;36;36;89;36;15;43;52;0;1;1;3;2;4;8;8;10;9;12;3;52;11;64;11;40;13;88;13;16;19;52;30;65;30;37;36;89;36;16;43;52;0;1;1;3;2;4;5;5;11;11;12;3;52;11;64;11;40;13;88;13;16;19;52;25;68;25;36;36;81;36;23;43;52;1;1;0;1;4;3;0;1;0;7;4;2;0;4;0;139637976727552;0;0;0;0;0;0;0;0;1;1;3;2;4;5;5;10;9;12;3;52;11;64;11;40;13;88;13;16;19;52;25;68;25;36;35;84;35;20;43;52;0;1;1;3;2;4;5;5;10;9;12;3;52;11;64;11;40;13;88;13;16;19;52;25;68;25;36;35;84;35;20;43;52;0;1;1;3;2;4;5;5;7;6;12;3;52;11;64;11;40;13;88;13;16;19;52;25;68;25;36;32;88;32;17;43;52;1;1;0;1;3;2;0;1;0;7;2;2;0;4;0;16;0;0;0;0;0;0;0;0;1;1;3;2;4;5;5;10;9;12;3;52;11;64;11;40;13;88;13;16;19;52;25;68;25;36;36;89;36;15;43;52;0;1;1;3;2;4;8;8;10;9;12;3;52;11;64;11;40;13;88;13;16;19;52;30;65;30;37;36;89;36;16;43;52;0;1;1;3;2;4;5;5;11;11;12;3;52;11;64;11;40;13;88;13;16;19;52;25;68;25;36;36;81;36;23;43;52;1;1;0;1;4;3;0;1;0;7;4;2;0;4;0;139637976727552;0;0;0;0;0;0;0;0;3;5;8;10;11;12;14;21;19;17;2;6;7;9;13;15;16;23;18;20;22;25;1;4;24;26;27;28;29;30;31;32;33;34;35;36;37;38;39;5;19;12;19;19;19;10;255;255;255;0;0;0;0;0;0;0
46;0;1;1;3;2;4;4;7;6;8;12;3;52;11;64;11;40;13;88;13;16;19;64;19;40;31;88;31;16;31;52;43;52;0;1;1;3;2;5;5;10;9;8;12;3;52;11;64;11;40;13;88;13;16;19;64;19;40;35;89;35;15;31;52;43;52;0;1;1;3;2;4;4;7;6;5;12;3;52;11;64;11;40;13;88;13;16;19;64;19;40;31;88;31;16;27;52;43;52;0;1;1;0;5;2;1;0;0;8;5;3;0;0;0;0;0;0;0;0;0;0;0;0;1;1;3;2;4;5;7;6;5;12;3;52;11;64;11;40;13;88;13;16;19;64;19;40;31;88;31;16;26;51;43;52;0;1;1;3;2;4;5;11;11;5;12;3;52;11;64;11;40;13;88;13;16;19;64;19;40;36;78;36;26;26;51;43;52;0;1;1;3;2;4;5;7;6;5;12;3;52;11;64;11;40;13;88;13;16;19;64;19;40;31;88;31;16;26;51;43;52;0;1;1;0;6;1;1;0;0;5;6;3;0;0;0;0;0;0;0;0;0;0;0;0;1;1;3;2;4;4;7;6;8;12;3;52;11;64;11;40;13;88;13;16;19;64;19;40;31;88;31;16;31;52;43;52;0;1;1;3;2;5;5;10;9;8;12;3;52;11;64;11;40;13;88;13;16;19;64;19;40;35;89;35;15;31;52;43;52;0;1;1;3;2;4;4;7;6;5;12;3;52;11;64;11;40;13;88;13;16;19;64;19;40;31;88;31;16;27;52;43;52;0;1;1;0;5;2;1;0;0;8;5;3;0;0;0;0;0;0;0;0;0;0;0;2;8;3;11;9;14;13;16;21;17;23;1;4;5;6;7;10;18;12;19;20;22;24;0;15;25;26;27;28;29;30;31;32;33;34;35;36;37;38;39;8;9;9;9;9;9;21;255;255;255;0;0;0;0;0;0;0
47;0;1;1;3;2;4;5;5;10;9;12;3;52;10;63;10;41;12;89;12;15;18;52;27;77;27;27;42;85;42;19;43;52;0;1;1;3;2;4;5;5;10;9;12;3;52;10;63;10;41;12;89;12;15;18;52;32;70;32;35;42;85;42;19;43;52;0;1;1;3;2;4;5;5;7;6;12;3;52;10;63;10;41;12;89;12;15;18;52;26;69;26;31;34;87;34;16;43;52;1;0;1;0;4;2;1;1;0;7;5;2;0;5;0;11;0;0;0;0;0;0;0;0;1;1;3;2;4;4;5;10;9;12;3;52;10;63;10;41;12;89;12;15;18;64;18;40;27;51;42;85;42;19;43;52;0;1;1;3;2;4;4;5;10;9;12;3;52;10;63;10;41;12;89;12;15;18;64;18;40;32;52;42;85;42;19;43;52;0;1;1;3;2;4;4;5;7;6;12;3;52;10;63;10;41;12;89;12;15;18;64;18;40;32;52;34;91;34;13;43;52;1;0;1;0;6;2;1;1;0;5;6;3;0;5;0;11;0;0;0;0;0;0;0;0;1;1;3;2;4;5;5;10;9;12;3;52;10;63;10;41;12;89;12;15;18;52;27;77;27;27;42;85;42;19;43;52;0;1;1;3;2;4;5;5;10;9;12;3;52;10;63;10;41;12;89;12;15;18;52;32;70;32;35;42;85;42;19;43;52;0;1;1;3;2;4;5;5;7;6;12;3;52;10;63;10;41;12;89;12;15;18;52;26;69;26;31;34;87;34;16;43;52;1;0;1;0;4;2;1;1;0;7;5;2;0;5;0;11;0;0;0;0;0;0;0;1;4;3;9;7;13;16;15;19;25;23;0;5;6;8;10;12;14;21;22;17;18;20;2;11;24;26;27;28;29;30;31;32;33;34;35;36;37;38;39;7;9;9;9;9;9;16;255;255;255;0;0;0;0;0;0;0
48;0;1;1;3;2;4;5;5;7;6;12;3;52;11;64;11;40;13;88;13;16;19;52;25;68;25;36;33;84;33;20;43;52;0;1;1;3;2;4;5;5;10;9;12;3;52;11;64;11;40;13;88;13;16;19;52;25;68;25;36;35;86;35;19;43;52;0;1;1;3;2;4;5;5;7;6;12;3;52;11;64;11;40;13;88;13;16;19;52;25;68;25;36;33;84;33;20;43;52;0;0;1;0;7;2;0;0;0;6;1;2;0;7;0;0;0;0;0;0;0;0;0;0;1;1;3;2;4;4;8;7;6;12;3;52;10;63;10;41;12;89;12;15;18;64;18;40;27;52;32;91;32;13;43;52;0;1;1;3;2;4;4;8;7;6;12;3;52;10;63;10;41;12;89;12;15;18;64;18;40;27;52;32;91;32;13;43;52;0;1;1;3;2;4;4;8;7;6;12;3;52;10;63;10;41;12;89;12;15;18;64;18;40;27;52;32;91;32;13;43;52;0;0;1;0;7;2;0;0;0;4;3;3;0;7;0;0;0;0;0;0;0;0;0;0;1;1;3;2;4;5;5;7;6;12;3;52;11;64;11;40;13;88;13;16;19;52;25;68;25;36;33;84;33;20;43;52;0;1;1;3;2;4;5;5;10;9;12;3;52;11;64;11;40;13;88;13;16;19;52;25;68;25;36;35;86;35;19;43;52;0;1;1;3;2;4;5;5;7;6;12;3;52;11;64;11;40;13;88;13;16;19;52;25;68;25;36;33;84;33;20;43;52;0;0;1;0;7;2;0;0;0;6;1;2;0;7;0;0;0;0;0;0;0;0;0;0;3;4;10;5;12;14;13;21;22;23;2;6;7;8;9;11;15;16;17;19;24;25;1;20;18;26;27;28;29;30;31;32;33;34;35;36;37;38;39;4;13;14;13;13;23;21;255;255;255;0;0;0;0;0;0;0
49;0;1;1;3;2;4;5;5;10;9;12;3;52;10;63;10;41;12;89;12;15;19;52;24;69;24;34;36;87;36;17;43;52;0;1;1;3;2;4;5;5;10;9;12;3;52;10;63;10;41;12;89;12;15;19;52;24;69;24;34;36;87;36;17;43;52;0;1;1;3;2;4;5;5;7;6;12;3;52;10;63;10;41;12;89;12;15;19;52;24;69;24;34;33;87;33;17;43;52;0;0;1;1;8;3;1;1;0;7;7;1;0;7;0;0;0;0;0;0;0;0;0;0;1;1;3;2;4;5;5;7;6;12;3;52;10;63;10;41;12;89;12;15;19;52;24;69;24;34;34;88;34;17;43;52;0;1;1;3;2;4;5;5;10;9;12;3;52;10;63;10;41;12;89;12;15;19;52;24;69;24;34;36;87;36;17;43;52;0;1;1;3;2;4;5;5;7;6;12;3;52;10;63;10;41;12;89;12;15;19;52;24;69;24;34;34;91;34;14;43;52;0;0;1;1;8;2;1;1;0;5;5;3;0;7;0;0;0;0;0;0;0;0;0;0;1;1;3;2;4;5;5;10;9;12;3;52;10;63;10;41;12;89;12;15;19;52;24;69;24;34;36;87;36;17;43;52;0;1;1;3;2;4;5;5;10;9;12;3;52;10;63;10;41;12;89;12;15;19;52;24;69;24;34;36;87;36;17;43;52;0;1;1;3;2;4;5;5;7;6;12;3;52;10;63;10;41;12;89;12;15;19;52;24;69;24;34;33;87;33;17;43;52;0;0;1;1;8;3;1;1;0;7;7;1;0;7;0;0;0;0;0;0;0;0;0;2;4;3;10;7;12;16;15;20;18;22;1;5;6;8;9;13;14;17;19;21;23;25;0;11;24;26;27;28;29;30;31;32;33;34;35;36;37;38;39;2;16;15;16;16;22;22;255;255;255;0;0;0;0;0;0;0
50;0;1;1;3;2;4;5;5;10;9;12;3;52;11;64;11;40;13;88;13;16;19;52;25;68;25;36;36;89;36;15;42;51;0;1;1;3;2;4;8;8;10;9;12;3;52;11;64;11;40;13;88;13;16;19;52;28;67;28;36;36;90;36;14;42;51;0;1;1;3;2;4;5;5;11;11;12;3;52;11;64;11;40;13;88;13;16;19;52;25;68;25;36;37;77;37;27;42;51;1;1;1;1;4;2;0;1;1;5;6;2;0;9;0;0;0;0;0;0;0;0;0;0;1;1;3;2;4;5;5;8;8;11;3;52;11;64;11;40;13;88;13;16;19;52;25;68;25;36;32;79;32;26;42;51;0;1;1;3;2;4;5;5;8;8;11;3;52;11;64;11;40;13;88;13;16;19;52;25;68;25;36;32;79;32;26;42;51;0;1;1;3;2;4;5;5;8;8;11;3;52;11;64;11;40;13;88;13;16;19;52;25;68;25;36;32;79;32;26;42;51;1;1;1;1;4;2;1;1;0;5;6;2;0;139637976727552;0;0;0;0;0;0;0;0;0;0;1;1;3;2;4;5;5;10;9;12;3;52;11;64;11;40;13;88;13;16;19;52;25;68;25;36;36;89;36;15;42;51;0;1;1;3;2;4;8;8;10;9;12;3;52;11;64;11;40;13;88;13;16;19;52;28;67;28;36;36;90;36;14;42;51;0;1;1;3;2;4;5;5;11;11;12;3;52;11;64;11;40;13;88;13;16;19;52;25;68;25;36;37;77;37;27;42;51;1;1;1;1;4;2;0;1;1;5;6;2;0;9;0;0;0;0;0;0;0;0;0;0;7;4;3;9;11;15;12;22;21;24;1;5;6;8;10;13;14;16;19;20;23;25;2;17;18;26;27;28;29;30;31;32;33;34;35;36;37;38;39;22;22;15;22;22;22;12;255;255;255;0;0;0;0;0;0;0
51;0;1;1;3;2;4;4;7;6;12;12;3;52;10;63;10;41;12;89;12;15;20;64;20;40;30;87;30;18;43;66;43;38;0;1;1;3;2;5;5;10;9;12;12;3;52;10;63;10;41;12;89;12;15;26;64;26;40;35;90;35;15;43;66;43;38;0;1;1;3;2;4;4;7;6;11;12;3;52;10;63;10;41;12;89;12;15;20;64;20;40;30;87;30;18;39;65;43;38;0;1;1;0;8;2;0;1;0;7;3;2;0;1;0;12;0;0;0;0;0;0;0;0;1;1;3;2;4;5;5;7;6;12;3;52;11;64;11;40;13;88;13;16;19;52;25;68;25;36;27;94;27;10;43;52;0;1;1;3;2;4;5;5;11;11;12;3;52;11;64;11;40;13;88;13;16;19;52;25;68;25;36;35;80;35;24;43;52;0;1;1;3;2;4;5;5;7;6;12;3;52;11;64;11;40;13;88;13;16;19;52;25;68;25;36;27;94;27;10;43;52;0;0;1;1;8;1;0;1;0;4;3;3;0;1;0;12;0;0;0;0;0;0;0;0;1;1;3;2;4;4;7;6;12;12;3;52;10;63;10;41;12;89;12;15;20;64;20;40;30;87;30;18;43;66;43;38;0;1;1;3;2;5;5;10;9;12;12;3;52;10;63;10;41;12;89;12;15;26;64;26;40;35;90;35;15;43;66;43;38;0;1;1;3;2;4;4;7;6;11;12;3;52;10;63;10;41;12;89;12;15;20;64;20;40;30;87;30;18;39;65;43;38;0;1;1;0;8;2;0;1;0;7;3;2;0;1;0;12;0;0;0;0;0;0;0;2;4;3;10;8;14;12;17;21;25;24;1;5;7;9;11;13;16;20;18;19;22;23;0;6;15;26;27;28;29;30;31;32;33;34;35;36;37;38;39;2;14;14;14;14;24;8;255;255;255;0;0;0;0;0;0;0
52;0;1;1;1;4;4;7;6;8;8;12;3;52;10;52;10;73;10;31;18;64;18;40;30;86;30;18;34;39;34;64;43;52;0;1;1;1;4;4;7;6;11;11;12;3;52;10;52;10;73;10;31;18;64;18;40;30;86;30;18;35;36;35;69;43;52;0;1;1;1;4;4;7;6;8;8;12;3;52;10;52;10;73;10;31;18;64;18;40;18;91;18;14;34;39;34;64;43;52;1;1;0;1;4;3;0;1;0;6;6;2;0;0;0;0;0;0;0;0;0;0;0;0;1;1;1;4;4;3;2;8;8;12;3;52;10;52;10;73;10;31;18;64;18;40;15;91;15;14;34;39;34;64;43;52;0;1;1;1;4;4;7;6;8;8;12;3;52;10;52;10;73;10;31;18;64;18;40;30;86;30;18;34;39;34;64;43;52;0;1;1;1;4;4;3;2;5;5;12;3;52;10;52;10;73;10;31;18;64;18;40;15;88;15;15;34;39;34;64;43;52;1;1;0;1;4;2;0;1;0;5;7;2;0;0;0;0;0;0;0;0;0;0;0;0;1;1;1;4;4;7;6;8;8;12;3;52;10;52;10;73;10;31;18;64;18;40;30;86;30;18;34;39;34;64;43;52;0;1;1;1;4;4;7;6;11;11;12;3;52;10;52;10;73;10;31;18;64;18;40;30;86;30;18;35;36;35;69;43;52;0;1;1;1;4;4;7;6;8;8;12;3;52;10;52;10;73;10;31;18;64;18;40;18;91;18;14;34;39;34;64;43;52;1;1;0;1;4;3;0;1;0;6;6;2;0;0;0;0;0;0;0;0;0;0;0;0;4;6;3;8;12;18;15;13;14;21;1;9;5;7;11;10;16;17;19;23;24;25;2;20;22;26;27;28;29;30;31;32;33;34;35;36;37;38;39;6;18;3;18;18;14;3;255;255;255;0;0;0;0;0;0;0
53;0;1;1;3;2;5;5;7;6;12;12;3;52;11;64;11;40;13;88;13;16;21;68;21;36;31;88;31;16;42;66;42;41;0;1;1;3;2;5;5;10;9;12;12;3;52;11;64;11;40;13;88;13;16;21;68;21;36;35;89;35;15;42;66;42;41;0;1;1;3;2;4;4;7;6;12;12;3;52;11;64;11;40;13;88;13;16;21;68;21;36;31;88;31;16;42;66;42;41;1;1;0;0;3;2;0;0;0;7;5;1;0;2;0;0;0;0;0;0;0;0;0;0;1;1;3;2;4;4;7;6;5;12;3;52;11;64;11;40;13;88;13;16;21;68;21;36;31;88;31;16;27;52;43;52;0;1;1;3;2;4;4;10;9;5;12;3;52;11;64;11;40;13;88;13;16;21;68;21;36;36;88;36;16;27;52;43;52;0;1;1;3;2;4;4;7;6;5;12;3;52;11;64;11;40;13;88;13;16;21;68;21;36;31;88;31;16;27;52;43;52;1;1;0;0;4;2;0;0;0;6;6;2;0;2;0;0;0;0;0;0;0;0;0;0;1;1;3;2;5;5;7;6;12;12;3;52;11;64;11;40;13;88;13;16;21;68;21;36;31;88;31;16;42;66;42;41;0;1;1;3;2;5;5;10;9;12;12;3;52;11;64;11;40;13;88;13;16;21;68;21;36;35;89;35;15;42;66;42;41;0;1;1;3;2;4;4;7;6;12;12;3;52;11;64;11;40;13;88;13;16;21;68;21;36;31;88;31;16;42;66;42;41;1;1;0;0;3;2;0;0;0;7;5;1;0;2;0;0;0;0;0;0;0;0;0;2;4;3;10;8;18;11;19;21;25;24;1;5;6;7;9;12;15;16;17;20;22;23;0;13;14;26;27;28;29;30;31;32;33;34;35;36;37;38;39;21;19;19;19;19;25;21;255;255;255;0;0;0;0;0;0;0
54;0;1;1;3;2;4;5;5;10;9;12;3;52;11;64;11;40;13;88;13;16;22;52;25;76;25;28;37;84;37;20;43;52;0;1;1;3;2;4;8;8;10;9;12;3;52;11;64;11;40;13;88;13;16;22;52;29;70;29;33;37;84;37;20;43;52;0;1;1;3;2;4;5;5;7;6;12;3;52;11;64;11;40;13;88;13;16;22;52;25;76;25;28;34;87;34;17;43;52;0;0;0;1;6;3;0;1;0;8;4;2;0;0;0;12;0;0;0;0;0;0;0;0;1;1;3;2;4;4;5;10;9;12;3;52;11;64;11;40;13;88;13;16;21;65;21;40;28;52;37;84;37;20;43;52;0;1;1;3;2;4;4;5;10;9;12;3;52;11;64;11;40;13;88;13;16;21;65;21;40;28;52;37;84;37;20;43;52;0;1;1;3;2;4;4;5;10;9;12;3;52;11;64;11;40;13;88;13;16;21;65;21;40;28;52;37;84;37;20;43;52;0;0;0;1;6;2;0;1;0;5;5;3;0;0;0;12;0;0;0;0;0;0;0;0;1;1;3;2;4;5;5;10;9;12;3;52;11;64;11;40;13;88;13;16;22;52;25;76;25;28;37;84;37;20;43;52;0;1;1;3;2;4;8;8;10;9;12;3;52;11;64;11;40;13;88;13;16;22;52;29;70;29;33;37;84;37;20;43;52;0;1;1;3;2;4;5;5;7;6;12;3;52;11;64;11;40;13;88;13;16;22;52;25;76;25;28;34;87;34;17;43;52;0;0;0;1;6;3;0;1;0;8;4;2;0;0;0;12;0;0;0;0;0;0;0;0;5;4;10;9;12;17;14;15;20;22;1;6;7;8;11;16;18;19;21;13;23;24;2;3;25;26;27;28;29;30;31;32;33;34;35;36;37;38;39;12;9;9;9;9;9;15;255;255;255;0;0;0;0;0;0;0
55;0;1;1;3;2;4;5;5;10;9;12;3;52;10;63;10;41;12;89;12;15;18;52;27;70;27;34;37;89;37;16;43;52;0;1;1;3;2;4;5;5;10;9;12;3;52;10;63;10;41;12;89;12;15;18;52;27;70;27;34;42;85;42;19;43;52;0;1;1;3;2;4;5;5;7;6;12;3;52;10;63;10;41;12;89;12;15;18;52;27;70;27;34;34;94;34;10;43;52;0;0;1;1;7;3;1;0;0;7;2;1;0;4;0;0;0;0;0;0;0;0;0;0;1;1;3;2;4;5;5;7;6;12;3;52;10;63;10;41;12;89;12;15;18;52;27;70;27;34;27;93;27;11;43;52;0;1;1;3;2;4;5;5;7;6;12;3;52;10;63;10;41;12;89;12;15;18;52;27;70;27;34;27;93;27;11;43;52;0;1;1;3;2;4;5;5;7;6;12;3;52;10;63;10;41;12;89;12;15;18;52;27;70;27;34;27;93;27;11;43;52;0;0;1;1;7;2;1;0;0;5;3;2;0;4;0;0;0;0;0;0;0;0;0;0;1;1;3;2;4;5;5;10;9;12;3;52;10;63;10;41;12;89;12;15;18;52;27;70;27;34;37;89;37;16;43;52;0;1;1;3;2;4;5;5;10;9;12;3;52;10;63;10;41;12;89;12;15;18;52;27;70;27;34;42;85;42;19;43;52;0;1;1;3;2;4;5;5;7;6;12;3;52;10;63;10;41;12;89;12;15;18;52;27;70;27;34;34;94;34;10;43;52;0;0;1;1;7;3;1;0;0;7;2;1;0;4;0;0;0;0;0;0;0;0;0;1;4;3;9;10;15;16;14;22;19;23;0;5;7;8;11;12;13;17;18;21;24;25;2;6;20;26;27;28;29;30;31;32;33;34;35;36;37;38;39;23;9;9;9;9;9;10;255;255;255;0;0;0;0;0;0;0
56;0;1;1;3;2;4;5;5;10;9;12;3;52;10;63;10;41;12;89;12;15;19;52;24;69;24;34;36;87;36;17;43;52;0;1;1;3;2;4;8;8;10;9;12;3;52;10;63;10;41;12;89;12;15;19;52;27;69;27;35;36;87;36;17;43;52;0;1;1;3;2;4;5;5;7;6;12;3;52;10;63;10;41;12;89;12;15;19;52;24;69;24;34;34;88;34;16;43;52;1;1;1;0;4;2;0;0;0;7;5;2;0;0;0;11;0;0;0;0;0;0;0;0;1;1;3;2;4;4;7;6;8;12;3;52;11;64;11;40;13;88;13;16;19;64;19;40;31;88;31;16;31;52;43;52;0;1;1;3;2;4;4;10;9;8;12;3;52;11;64;11;40;13;88;13;16;19;64;19;40;35;89;35;15;31;52;43;52;0;1;1;3;2;4;4;7;6;8;12;3;52;11;64;11;40;13;88;13;16;19;64;19;40;31;88;31;16;31;52;43;52;1;1;1;0;6;1;0;0;0;4;5;3;0;0;0;11;0;0;0;0;0;0;0;0;1;1;3;2;4;5;5;10;9;12;3;52;10;63;10;41;12;89;12;15;19;52;24;69;24;34;36;87;36;17;43;52;0;1;1;3;2;4;8;8;10;9;12;3;52;10;63;10;41;12;89;12;15;19;52;27;69;27;35;36;87;36;17;43;52;0;1;1;3;2;4;5;5;7;6;12;3;52;10;63;10;41;12;89;12;15;19;52;24;69;24;34;34;88;34;16;43;52;1;1;1;0;4;2;0;0;0;7;5;2;0;0;0;11;0;0;0;0;0;0;0;0;3;5;8;7;16;15;13;21;17;24;1;4;6;9;10;11;12;14;19;22;23;25;2;20;18;26;27;28;29;30;31;32;33;34;35;36;37;38;39;24;16;16;16;16;16;15;255;255;255;0;0;0;0;0;0;0
57;0;1;1;3;2;5;5;8;10;9;12;3;52;11;64;11;40;13;88;13;16;23;72;23;32;28;53;39;84;39;20;43;52;0;1;1;3;2;5;5;8;10;9;12;3;52;11;64;11;40;13;88;13;16;23;72;23;32;34;52;39;84;39;20;43;52;0;1;1;3;2;4;4;8;10;9;12;3;52;11;64;11;40;13;88;13;16;19;69;19;35;28;53;39;84;39;20;43;52;1;1;0;1;4;3;0;1;0;8;6;1;0;7;0;12;0;0;0;0;0;0;0;0;1;1;3;2;4;4;5;10;9;12;3;52;11;64;11;40;13;88;13;16;20;68;20;35;31;52;39;84;39;20;43;52;0;1;1;3;2;4;4;8;10;9;12;3;52;11;64;11;40;13;88;13;16;20;68;20;35;31;52;39;84;39;20;43;52;0;1;1;3;2;4;4;5;10;9;12;3;52;11;64;11;40;13;88;13;16;20;68;20;35;31;52;39;84;39;20;43;52;1;1;0;1;5;2;0;1;0;5;6;2;0;7;0;12;0;0;0;0;0;0;0;0;1;1;3;2;5;5;8;10;9;12;3;52;11;64;11;40;13;88;13;16;23;72;23;32;28;53;39;84;39;20;43;52;0;1;1;3;2;5;5;8;10;9;12;3;52;11;64;11;40;13;88;13;16;23;72;23;32;34;52;39;84;39;20;43;52;0;1;1;3;2;4;4;8;10;9;12;3;52;11;64;11;40;13;88;13;16;19;69;19;35;28;53;39;84;39;20;43;52;1;1;0;1;4;3;0;1;0;8;6;1;0;7;0;12;0;0;0;0;0;0;0;0;4;3;10;9;17;13;18;22;21;25;1;6;7;8;12;14;15;19;16;20;23;24;2;5;11;26;27;28;29;30;31;32;33;34;35;36;37;38;39;9;9;9;9;9;9;25;255;255;255;0;0;0;0;0;0;0
59;0;1;1;1;3;2;4;4;7;6;12;3;52;10;52;10;73;10;31;15;89;15;15;20;64;20;40;34;86;34;18;43;52;0;1;1;1;3;2;4;8;7;6;12;3;52;10;52;10;73;10;31;15;89;15;15;24;66;28;38;34;86;34;18;43;52;0;1;1;1;3;2;4;4;7;6;12;3;52;10;52;10;73;10;31;15;89;15;15;20;64;20;40;34;86;34;18;43;52;0;1;1;0;6;2;1;0;1;6;2;3;0;0;0;0;0;0;0;0;0;0;0;0;1;1;3;2;4;4;7;6;5;12;3;52;11;64;11;40;13;88;13;16;19;64;19;40;31;88;31;16;26;52;43;52;0;1;1;3;2;4;4;7;6;5;12;3;52;11;64;11;40;13;88;13;16;19;64;19;40;31;88;31;16;26;52;43;52;0;1;1;3;2;4;4;7;6;5;12;3;52;11;64;11;40;13;88;13;16;19;64;19;40;31;88;31;16;26;52;43;52;0;0;1;0;7;1;1;0;1;1;2;3;0;0;0;0;0;0;0;0;0;0;0;0;1;1;1;3;2;4;4;7;6;12;3;52;10;52;10;73;10;31;15;89;15;15;20;64;20;40;34;86;34;18;43;52;0;1;1;1;3;2;4;8;7;6;12;3;52;10;52;10;73;10;31;15;89;15;15;24;66;28;38;34;86;34;18;43;52;0;1;1;1;3;2;4;4;7;6;12;3;52;10;52;10;73;10;31;15;89;15;15;20;64;20;40;34;86;34;18;43;52;0;1;1;0;6;2;1;0;1;6;2;3;0;0;0;0;0;0;0;0;0;0;0;0;7;4;8;15;14;25;17;5;16;11;1;3;13;6;9;20;18;19;10;21;22;24;2;12;23;26;27;28;29;30;31;32;33;34;35;36;37;38;39;4;15;8;16;16;11;16;255;255;255;0;0;0;0;0;0;0
100;0;1;1;3;2;5;5;8;10;9;12;3;52;10;63;10;41;12;89;12;15;23;67;23;36;32;52;36;86;36;18;43;52;0;1;1;3;2;5;5;8;10;9;12;3;52;10;63;10;41;12;89;12;15;23;67;23;36;32;52;36;86;36;18;43;52;0;1;1;3;2;4;4;8;10;9;12;3;52;10;63;10;41;12;89;12;15;23;67;23;36;32;52;36;86;36;18;43;52;1;1;1;1;5;3;0;1;1;7;4;2;0;4;0;11;0;0;0;0;0;0;0;0;1;1;3;2;4;5;5;7;6;12;3;52;10;63;10;41;12;89;12;15;18;52;28;71;28;33;34;88;34;15;43;52;0;1;1;3;2;4;5;5;7;6;12;3;52;10;63;10;41;12;89;12;15;18;52;27;72;27;32;34;93;34;11;43;52;0;1;1;3;2;4;5;5;7;6;12;3;52;10;63;10;41;12;89;12;15;18;52;25;71;25;32;34;92;34;13;43;52;1;1;1;1;3;2;1;1;0;6;2;3;0;4;0;11;0;0;0;0;0;0;0;0;1;1;3;2;5;5;8;10;9;12;3;52;10;63;10;41;12;89;12;15;23;67;23;36;32;52;36;86;36;18;43;52;0;1;1;3;2;5;5;8;10;9;12;3;52;10;63;10;41;12;89;12;15;23;67;23;36;32;52;36;86;36;18;43;52;0;1;1;3;2;4;4;8;10;9;12;3;52;10;63;10;41;12;89;12;15;23;67;23;36;32;52;36;86;36;18;43;52;1;1;1;1;5;3;0;1;1;7;4;2;0;4;0;11;0;0;0;0;0;0;0;0;4;5;14;10;17;18;19;20;22;23;1;3;6;9;13;15;16;37;21;33;36;24;2;27;32;39;7;8;29;31;34;11;12;35;38;30;28;25;26;18;18;18;18;18;23;5;255;255;255;0;0;0;0;0;0;0
101;0;1;1;3;2;4;5;5;10;9;12;3;52;10;63;10;41;12;89;12;15;18;52;27;70;27;34;36;93;36;10;45;51;0;1;1;3;2;4;8;8;10;9;12;3;52;10;63;10;41;12;89;12;15;18;52;27;70;27;34;36;89;36;15;45;51;0;1;1;3;2;4;5;5;10;9;12;3;52;10;63;10;41;12;89;12;15;18;52;27;70;27;34;35;90;35;15;45;51;1;1;1;1;3;3;0;1;0;7;5;3;0;4;0;12;0;0;0;0;0;0;0;0;1;1;3;2;4;5;5;7;6;12;3;52;10;63;10;41;12;89;12;15;18;52;27;70;27;34;34;91;34;14;45;51;0;1;1;3;2;4;5;5;10;9;12;3;52;10;63;10;41;12;89;12;15;18;52;25;67;25;37;35;87;35;17;43;52;0;1;1;3;2;4;5;5;7;6;12;3;52;10;63;10;41;12;89;12;15;18;52;27;70;27;34;34;91;34;14;45;51;0;1;1;1;4;3;1;1;0;6;3;3;0;4;0;12;0;0;0;0;0;0;0;0;1;1;3;2;4;5;5;10;9;12;3;52;10;63;10;41;12;89;12;15;18;52;27;70;27;34;36;93;36;10;45;51;0;1;1;3;2;4;8;8;10;9;12;3;52;10;63;10;41;12;89;12;15;18;52;27;70;27;34;36;89;36;15;45;51;0;1;1;3;2;4;5;5;10;9;12;3;52;10;63;10;41;12;89;12;15;18;52;27;70;27;34;35;90;35;15;45;51;1;1;1;1;3;3;0;1;0;7;5;3;0;4;0;12;0;0;0;0;0;0;0;0;3;2;8;6;12;13;14;18;16;21;1;4;5;7;9;11;10;15;17;19;22;23;24;25;27;28;30;31;26;35;20;34;33;29;32;36;37;38;39;14;12;12;12;12;21;2;255;255;255;0;0;0;0;0;0;0
102;0;1;1;3;2;4;4;5;10;9;12;3;52;10;63;10;41;12;89;12;15;21;65;21;38;30;52;37;88;37;16;43;52;0;1;1;3;2;4;4;5;10;9;12;3;52;10;63;10;41;12;89;12;15;21;65;21;38;32;52;37;88;37;16;43;52;0;1;1;3;2;4;4;5;7;6;12;3;52;10;63;10;41;12;89;12;15;21;65;21;38;30;52;34;89;34;16;43;52;1;1;0;1;5;3;0;0;0;7;6;3;0;4;0;12;0;0;0;0;0;0;0;0;1;1;3;2;4;4;5;7;6;12;3;52;10;63;10;41;12;89;12;15;21;65;21;38;30;52;34;90;34;14;43;52;0;1;1;3;2;4;4;5;10;9;12;3;52;10;63;10;41;12;89;12;15;21;65;21;38;30;52;37;88;37;16;43;52;0;1;1;3;2;4;4;5;7;6;12;3;52;10;63;10;41;12;89;12;15;21;65;21;38;30;52;34;91;34;14;43;52;1;1;1;1;3;2;0;0;0;6;7;3;0;4;0;12;0;0;0;0;0;0;0;0;1;1;3;2;4;4;5;10;9;12;3;52;10;63;10;41;12;89;12;15;21;65;21;38;30;52;37;88;37;16;43;52;0;1;1;3;2;4;4;5;10;9;12;3;52;10;63;10;41;12;89;12;15;21;65;21;38;32;52;37;88;37;16;43;52;0;1;1;3;2;4;4;5;7;6;12;3;52;10;63;10;41;12;89;12;15;21;65;21;38;30;52;34;89;34;16;43;52;1;1;0;1;5;3;0;0;0;7;6;3;0;4;0;12;0;0;0;0;0;0;0;0;5;4;13;10;17;16;19;26;23;27;1;6;8;11;14;18;30;20;21;22;24;25;2;3;7;9;32;12;37;15;31;35;36;38;39;28;29;33;34;13;19;19;19;19;27;4;255;255;255;0;0;0;0;0;0;0
103;0;1;1;3;2;5;5;8;10;9;12;3;52;10;63;10;41;12;89;12;15;23;69;23;36;32;52;39;88;39;16;43;52;0;1;1;3;2;5;5;8;10;9;12;3;52;10;63;10;41;12;89;12;15;23;69;23;36;32;52;39;88;39;16;43;52;0;1;1;3;2;4;4;8;10;9;12;3;52;10;63;10;41;12;89;12;15;19;69;19;36;32;52;35;89;35;15;43;52;0;0;0;0;6;3;0;0;0;7;2;3;0;4;0;13;0;0;0;0;0;0;0;0;1;1;3;2;4;4;8;7;6;12;3;52;10;63;10;41;12;89;12;15;23;69;23;36;32;52;34;88;34;17;43;52;0;1;1;3;2;5;5;8;7;6;12;3;52;10;63;10;41;12;89;12;15;23;69;23;36;32;52;34;88;34;16;43;52;0;1;1;3;2;4;4;8;7;6;12;3;52;10;63;10;41;12;89;12;15;23;69;23;36;32;52;33;91;33;13;43;52;0;1;0;0;7;2;0;1;0;6;3;3;0;4;0;13;0;0;0;0;0;0;0;0;1;1;3;2;5;5;8;10;9;12;3;52;10;63;10;41;12;89;12;15;23;69;23;36;32;52;39;88;39;16;43;52;0;1;1;3;2;5;5;8;10;9;12;3;52;10;63;10;41;12;89;12;15;23;69;23;36;32;52;39;88;39;16;43;52;0;1;1;3;2;4;4;8;10;9;12;3;52;10;63;10;41;12;89;12;15;19;69;19;36;32;52;35;89;35;15;43;52;0;0;0;0;6;3;0;0;0;7;2;3;0;4;0;13;0;0;0;0;0;0;0;1;4;6;11;9;18;17;20;24;22;26;0;5;7;10;12;14;15;21;23;25;27;32;2;3;37;8;28;35;31;13;16;36;34;19;29;30;33;38;39;6;17;6;17;17;26;22;255;255;255;0;0;0;0;0;0;0
104;0;1;1;3;2;4;5;5;10;9;12;3;52;10;63;10;41;12;89;12;15;18;52;24;72;24;32;37;88;37;16;43;52;0;1;1;3;2;4;5;5;10;9;12;3;52;10;63;10;41;12;89;12;15;20;52;28;72;28;32;37;88;37;16;43;52;0;1;1;3;2;4;5;5;7;6;12;3;52;10;63;10;41;12;89;12;15;18;52;24;72;24;32;34;85;34;18;43;52;1;1;1;1;4;2;0;0;0;5;6;2;0;7;0;12;0;0;0;0;0;0;0;0;1;1;3;2;4;5;5;7;6;12;3;52;11;64;11;40;13;88;13;16;21;52;25;72;25;32;34;88;34;16;43;52;0;1;1;3;2;4;5;5;7;6;12;3;52;11;64;11;40;13;88;13;16;21;52;25;72;25;32;34;86;34;19;43;52;0;1;1;3;2;4;4;4;7;6;12;3;52;11;64;11;40;13;88;13;16;21;52;25;72;25;32;34;89;34;15;43;52;1;0;1;1;5;2;1;0;0;4;6;3;0;7;0;12;0;0;0;0;0;0;0;0;1;1;3;2;4;5;5;10;9;12;3;52;10;63;10;41;12;89;12;15;18;52;24;72;24;32;37;88;37;16;43;52;0;1;1;3;2;4;5;5;10;9;12;3;52;10;63;10;41;12;89;12;15;20;52;28;72;28;32;37;88;37;16;43;52;0;1;1;3;2;4;5;5;7;6;12;3;52;10;63;10;41;12;89;12;15;18;52;24;72;24;32;34;85;34;18;43;52;1;1;1;1;4;2;0;0;0;5;6;2;0;7;0;12;0;0;0;0;0;0;0;0;7;5;11;8;12;17;16;22;21;23;1;4;6;10;9;13;14;18;19;20;24;25;2;3;26;28;15;27;29;30;31;32;33;34;35;36;37;38;39;12;17;16;16;16;23;16;255;255;255;0;0;0;0;0;0;0
105;0;1;1;1;3;2;4;4;8;12;12;3;52;10;52;10;73;10;31;15;89;15;15;20;64;20;40;32;52;43;67;43;38;0;1;1;1;7;6;5;5;8;12;12;3;52;10;52;10;73;10;31;24;90;24;14;20;64;20;40;32;52;43;67;43;38;0;1;1;1;3;2;4;4;5;12;12;3;52;10;52;10;73;10;31;15;89;15;15;20;64;20;40;29;51;43;67;43;38;0;1;1;1;5;3;0;1;0;4;6;2;0;7;0;12;0;0;0;0;0;0;0;0;1;1;1;3;2;4;4;8;12;12;3;52;10;52;10;73;10;31;15;89;15;15;20;64;20;40;32;52;43;67;43;38;0;1;1;1;3;2;4;4;8;12;12;3;52;10;52;10;73;10;31;15;89;15;15;20;64;20;40;32;52;43;67;43;38;0;1;1;1;3;2;4;4;5;12;12;3;52;10;52;10;73;10;31;15;89;15;15;20;64;20;40;27;52;43;67;43;38;0;0;1;0;6;2;0;1;0;3;4;3;0;7;0;12;0;0;0;0;0;0;0;0;1;1;1;3;2;4;4;8;12;12;3;52;10;52;10;73;10;31;15;89;15;15;20;64;20;40;32;52;43;67;43;38;0;1;1;1;7;6;5;5;8;12;12;3;52;10;52;10;73;10;31;24;90;24;14;20;64;20;40;32;52;43;67;43;38;0;1;1;1;3;2;4;4;5;12;12;3;52;10;52;10;73;10;31;15;89;15;15;20;64;20;40;29;51;43;67;43;38;0;1;1;1;5;3;0;1;0;4;6;2;0;7;0;12;0;0;0;0;0;0;0;1;5;3;4;10;8;14;13;15;18;20;0;6;7;26;9;30;11;12;17;21;19;22;2;29;32;27;25;31;16;23;24;28;33;34;35;36;37;38;39;18;15;13;15;15;20;20;255;255;255;0;0;0;0;0;0;0
106;0;1;1;3;2;4;5;5;10;9;12;3;52;10;63;10;41;12;89;12;15;18;52;25;76;25;28;39;85;39;19;43;52;0;1;1;3;2;4;5;5;10;9;12;3;52;10;63;10;41;15;89;15;15;18;52;25;76;25;28;39;85;39;19;43;52;0;1;1;3;2;4;5;5;8;8;12;3;52;10;63;10;41;12;89;12;15;18;52;25;76;25;28;34;79;34;25;43;52;0;0;1;0;7;3;1;0;1;4;6;2;0;7;0;12;0;0;0;0;0;0;0;0;1;1;3;2;4;4;7;6;5;12;3;52;10;63;10;41;12;89;12;15;18;64;18;40;30;86;30;18;26;51;43;52;0;1;1;3;2;4;4;7;6;8;12;3;52;10;63;10;41;12;89;12;15;18;64;18;40;34;90;34;16;30;51;43;52;0;1;1;3;2;4;4;7;6;5;12;3;52;10;63;10;41;12;89;12;15;18;64;18;40;30;86;30;18;26;51;43;52;0;0;1;1;8;2;1;0;1;3;7;3;0;7;0;12;0;0;0;0;0;0;0;0;1;1;3;2;4;5;5;10;9;12;3;52;10;63;10;41;12;89;12;15;18;52;25;76;25;28;39;85;39;19;43;52;0;1;1;3;2;4;5;5;10;9;12;3;52;10;63;10;41;15;89;15;15;18;52;25;76;25;28;39;85;39;19;43;52;0;1;1;3;2;4;5;5;8;8;12;3;52;10;63;10;41;12;89;12;15;18;52;25;76;25;28;34;79;34;25;43;52;0;0;1;0;7;3;1;0;1;4;6;2;0;7;0;12;0;0;0;0;0;0;0;1;5;4;10;8;13;14;16;21;19;24;0;6;7;11;12;18;17;15;20;33;22;23;2;3;26;32;31;9;28;27;34;35;29;25;30;36;37;38;39;14;19;13;13;14;24;8;255;255;255;0;0;0;0;0;0;0
107;0;1;1;3;2;4;5;5;7;6;12;3;52;10;63;10;41;12;89;12;15;18;52;29;63;29;37;34;88;34;15;43;52;0;1;1;3;2;4;8;8;7;6;12;3;52;10;63;10;41;12;89;12;15;18;52;33;64;33;40;34;94;34;10;43;52;0;1;1;3;2;4;5;5;7;6;12;3;52;10;63;10;41;12;89;12;15;18;52;29;63;29;37;33;90;33;14;43;52;0;0;1;0;8;3;1;0;1;5;3;3;0;1;0;12;0;0;0;0;0;0;0;0;1;1;3;2;4;5;5;7;6;12;3;52;10;63;10;41;12;89;12;15;18;52;29;63;29;37;34;88;34;15;43;52;0;1;1;3;2;4;5;5;7;6;12;3;52;10;63;10;41;12;89;12;15;18;52;29;63;29;37;34;91;34;14;43;52;0;1;1;3;2;4;4;4;7;6;12;3;52;10;63;10;41;12;89;12;15;18;52;23;72;23;31;26;90;26;14;43;52;1;0;1;0;9;1;1;0;0;4;4;3;0;1;0;12;0;0;0;0;0;0;0;0;1;1;3;2;4;5;5;7;6;12;3;52;10;63;10;41;12;89;12;15;18;52;29;63;29;37;34;88;34;15;43;52;0;1;1;3;2;4;8;8;7;6;12;3;52;10;63;10;41;12;89;12;15;18;52;33;64;33;40;34;94;34;10;43;52;0;1;1;3;2;4;5;5;7;6;12;3;52;10;63;10;41;12;89;12;15;18;52;29;63;29;37;33;90;33;14;43;52;0;0;1;0;8;3;1;0;1;5;3;3;0;1;0;12;0;0;0;0;0;0;0;0;3;2;8;6;10;15;13;21;17;23;1;4;5;7;9;11;12;14;19;20;24;29;26;34;31;32;16;33;18;35;30;22;27;28;25;36;37;38;39;15;21;13;13;13;23;6;255;255;255;0;0;0;0;0;0;0
108;0;1;1;3;2;4;5;5;10;9;12;3;52;10;63;10;41;12;89;12;15;18;52;27;68;27;35;42;85;42;19;43;52;0;1;1;3;2;4;8;8;10;9;12;3;52;10;63;10;41;12;89;12;15;18;52;31;67;31;36;38;87;38;18;43;52;0;1;1;3;2;4;5;5;7;6;12;3;52;10;63;10;41;12;89;12;15;18;52;27;68;27;35;34;88;34;17;43;52;1;1;0;1;3;2;0;1;0;8;4;3;0;6;0;0;0;0;0;0;0;0;0;0;1;1;3;2;4;4;5;10;9;12;3;52;10;63;10;41;12;89;12;15;18;64;18;40;27;51;36;88;36;17;43;52;0;1;1;3;2;4;4;8;10;9;12;3;52;10;63;10;41;12;89;12;15;18;64;18;40;27;51;36;88;36;17;43;52;0;1;1;3;2;4;4;5;10;9;12;3;52;10;63;10;41;12;89;12;15;18;64;18;40;27;51;36;86;36;18;43;52;1;1;1;1;2;3;0;1;0;9;2;3;0;6;0;0;0;0;0;0;0;0;0;0;1;1;3;2;4;5;5;10;9;12;3;52;10;63;10;41;12;89;12;15;18;52;27;68;27;35;42;85;42;19;43;52;0;1;1;3;2;4;8;8;10;9;12;3;52;10;63;10;41;12;89;12;15;18;52;31;67;31;36;38;87;38;18;43;52;0;1;1;3;2;4;5;5;7;6;12;3;52;10;63;10;41;12;89;12;15;18;52;27;68;27;35;34;88;34;17;43;52;1;1;0;1;3;2;0;1;0;8;4;3;0;6;0;0;0;0;0;0;0;0;0;0;3;5;9;7;11;14;13;20;18;23;1;4;6;8;10;12;15;16;17;19;22;21;2;33;36;25;30;34;32;31;37;29;35;38;39;24;26;27;28;13;18;14;18;13;23;23;255;255;255;0;0;0;0;0;0;0
109;0;1;1;3;2;4;5;5;10;9;12;3;52;10;63;10;41;12;89;12;15;18;52;26;73;26;32;38;88;38;15;41;51;0;1;1;3;2;4;8;8;10;9;12;3;52;10;63;10;41;12;89;12;15;18;52;30;71;30;32;43;85;43;18;44;52;0;1;1;3;2;4;5;5;10;9;12;3;52;10;63;10;41;12;89;12;15;18;52;26;73;26;32;36;88;36;16;41;51;1;1;0;1;3;3;0;1;0;8;3;2;0;4;0;11;0;0;0;0;0;0;0;0;1;1;3;2;4;5;5;10;9;12;3;52;10;63;10;41;12;89;12;15;18;52;26;73;26;32;36;90;36;14;41;51;0;1;1;3;2;4;5;5;10;9;12;3;52;10;63;10;41;12;89;12;15;18;52;26;73;26;32;43;89;43;16;41;51;0;1;1;3;2;4;5;5;7;6;12;3;52;10;63;10;41;12;89;12;15;18;52;26;70;26;35;34;87;34;17;43;51;1;1;0;0;4;3;0;1;1;5;4;3;0;4;0;11;0;0;0;0;0;0;0;0;1;1;3;2;4;5;5;10;9;12;3;52;10;63;10;41;12;89;12;15;18;52;26;73;26;32;38;88;38;15;41;51;0;1;1;3;2;4;8;8;10;9;12;3;52;10;63;10;41;12;89;12;15;18;52;30;71;30;32;43;85;43;18;44;52;0;1;1;3;2;4;5;5;10;9;12;3;52;10;63;10;41;12;89;12;15;18;52;26;73;26;32;36;88;36;16;41;51;1;1;0;1;3;3;0;1;0;8;3;2;0;4;0;11;0;0;0;0;0;0;0;0;6;4;11;8;13;15;14;23;20;24;1;3;5;7;9;12;16;18;19;22;21;25;2;26;27;31;32;35;36;10;29;39;17;33;38;30;34;28;37;14;11;11;11;11;24;24;255;255;255;0;0;0;0;0;0;0
110;0;1;1;3;2;4;4;5;10;9;12;3;52;10;63;10;41;12;89;12;15;21;70;21;34;29;52;36;88;36;16;43;52;0;1;1;3;2;4;4;5;10;9;12;3;52;10;63;10;41;12;89;12;15;24;75;24;29;29;52;36;88;36;16;43;52;0;1;1;3;2;4;4;5;7;6;12;3;52;10;63;10;41;12;89;12;15;19;65;19;38;26;52;34;88;34;16;43;52;1;1;1;1;5;3;0;1;1;7;5;2;0;7;0;16;0;0;0;0;0;0;0;0;1;1;3;2;4;5;5;10;9;12;3;52;10;63;10;41;12;89;12;15;18;52;25;78;25;27;36;88;36;16;43;52;0;1;1;3;2;4;5;5;10;9;12;3;52;10;63;10;41;12;89;12;15;18;52;25;78;25;27;36;88;36;16;43;52;0;1;1;3;2;4;5;5;7;6;12;3;52;10;63;10;41;12;89;12;15;18;52;25;78;25;27;34;89;34;15;43;52;1;1;1;1;4;2;1;1;1;6;5;3;0;7;0;16;0;0;0;0;0;0;0;0;1;1;3;2;4;4;5;10;9;12;3;52;10;63;10;41;12;89;12;15;21;70;21;34;29;52;36;88;36;16;43;52;0;1;1;3;2;4;4;5;10;9;12;3;52;10;63;10;41;12;89;12;15;24;75;24;29;29;52;36;88;36;16;43;52;0;1;1;3;2;4;4;5;7;6;12;3;52;10;63;10;41;12;89;12;15;19;65;19;38;26;52;34;88;34;16;43;52;1;1;1;1;5;3;0;1;1;7;5;2;0;7;0;16;0;0;0;0;0;0;0;1;5;3;10;8;14;13;16;23;22;24;0;4;6;9;12;15;17;18;19;20;25;26;2;32;33;7;28;31;38;35;11;39;29;34;21;36;30;37;27;8;13;13;13;13;13;8;255;255;255;0;0;0;0;0;0;0
111;0;1;1;3;2;5;5;7;6;8;12;3;52;10;63;10;41;12;89;12;15;20;64;20;40;30;86;30;18;32;52;42;52;0;1;1;3;2;5;5;7;6;11;12;3;52;10;63;10;41;12;89;12;15;20;64;20;40;30;86;30;18;35;53;42;52;0;1;1;3;2;4;4;7;6;8;12;3;52;10;63;10;41;12;89;12;15;20;64;20;40;30;86;30;18;32;52;42;52;1;1;1;0;5;3;1;1;0;7;3;2;0;7;0;11;0;0;0;0;0;0;0;0;1;1;3;2;4;4;7;6;5;12;3;52;10;63;10;41;12;89;12;15;20;64;20;40;30;86;30;18;27;51;42;52;0;1;1;3;2;4;4;7;6;8;12;3;52;10;63;10;41;12;89;12;15;20;64;20;40;34;89;34;17;31;52;42;52;0;1;1;3;2;4;4;7;6;5;12;3;52;10;63;10;41;12;89;12;15;20;64;20;40;30;86;30;18;27;51;42;52;1;1;1;0;6;2;0;1;0;6;7;3;0;7;0;11;0;0;0;0;0;0;0;0;1;1;3;2;5;5;7;6;8;12;3;52;10;63;10;41;12;89;12;15;20;64;20;40;30;86;30;18;32;52;42;52;0;1;1;3;2;5;5;7;6;11;12;3;52;10;63;10;41;12;89;12;15;20;64;20;40;30;86;30;18;35;53;42;52;0;1;1;3;2;4;4;7;6;8;12;3;52;10;63;10;41;12;89;12;15;20;64;20;40;30;86;30;18;32;52;42;52;1;1;1;0;5;3;1;1;0;7;3;2;0;7;0;11;0;0;0;0;0;0;0;0;4;5;8;7;14;12;19;17;20;21;1;3;31;6;9;11;15;13;16;18;24;22;2;26;32;10;25;27;30;29;28;23;33;34;35;36;37;38;39;7;14;14;7;7;20;7;255;255;255;0;0;0;0;0;0;0
112;0;1;1;3;2;4;5;5;7;6;12;3;52;10;63;10;41;12;89;12;15;18;52;27;69;27;35;33;89;33;15;43;52;0;1;1;3;2;4;5;5;10;9;12;3;52;10;63;10;41;12;89;12;15;18;52;27;69;27;35;36;88;36;15;44;52;0;1;1;3;2;4;5;5;7;6;12;3;52;10;63;10;41;12;89;12;15;18;52;27;69;27;35;33;89;33;15;43;52;1;1;1;1;3;3;0;0;1;6;4;3;0;4;0;12;0;0;0;0;0;0;0;0;1;1;3;2;4;8;8;7;6;12;3;52;10;63;10;41;12;89;12;15;18;52;27;72;27;33;33;89;33;15;43;52;0;1;1;3;2;4;8;8;7;6;12;3;52;10;63;10;41;12;89;12;15;18;52;27;72;27;33;33;89;33;15;43;52;0;1;1;3;2;4;8;8;7;6;12;3;52;10;63;10;41;12;89;12;15;18;52;27;72;27;33;33;89;33;15;43;52;1;1;1;0;6;2;0;0;1;7;5;3;0;4;0;12;0;0;0;0;0;0;0;0;1;1;3;2;4;5;5;7;6;12;3;52;10;63;10;41;12;89;12;15;18;52;27;69;27;35;33;89;33;15;43;52;0;1;1;3;2;4;5;5;10;9;12;3;52;10;63;10;41;12;89;12;15;18;52;27;69;27;35;36;88;36;15;44;52;0;1;1;3;2;4;5;5;7;6;12;3;52;10;63;10;41;12;89;12;15;18;52;27;69;27;35;33;89;33;15;43;52;1;1;1;1;3;3;0;0;1;6;4;3;0;4;0;12;0;0;0;0;0;0;0;1;8;4;11;9;13;15;17;23;24;25;0;6;7;10;12;14;20;18;21;22;26;27;2;3;5;29;31;33;34;35;30;36;16;37;19;28;32;38;39;13;17;17;17;17;25;8;255;255;255;0;0;0;0;0;0;0
113;0;1;1;3;2;4;5;8;10;9;12;3;52;10;63;10;41;12;89;12;15;20;52;28;68;32;37;38;88;38;16;43;52;0;1;1;3;2;4;5;5;10;9;12;3;52;10;63;10;41;12;89;12;15;20;52;28;68;28;36;38;88;38;16;43;52;0;1;1;3;2;4;5;5;10;9;12;3;52;10;63;10;41;12;89;12;15;20;52;28;68;28;36;38;88;38;16;43;52;1;1;0;0;4;3;1;0;0;6;5;3;0;1;0;12;0;0;0;0;0;0;0;0;1;1;3;2;4;4;5;10;9;12;3;52;10;63;10;41;12;89;12;15;23;69;23;36;28;52;39;88;39;16;43;52;0;1;1;3;2;4;4;5;10;9;12;3;52;10;63;10;41;12;89;12;15;23;69;23;36;28;52;39;88;39;16;43;52;0;1;1;3;2;4;4;5;7;6;12;3;52;10;63;10;41;12;89;12;15;23;69;23;36;28;52;33;88;33;17;43;52;0;0;0;0;5;2;1;0;0;3;4;3;0;1;0;12;0;0;0;0;0;0;0;0;1;1;3;2;4;5;8;10;9;12;3;52;10;63;10;41;12;89;12;15;20;52;28;68;32;37;38;88;38;16;43;52;0;1;1;3;2;4;5;5;10;9;12;3;52;10;63;10;41;12;89;12;15;20;52;28;68;28;36;38;88;38;16;43;52;0;1;1;3;2;4;5;5;10;9;12;3;52;10;63;10;41;12;89;12;15;20;52;28;68;28;36;38;88;38;16;43;52;1;1;0;0;4;3;1;0;0;6;5;3;0;1;0;12;0;0;0;0;0;0;0;0;5;4;8;9;12;11;18;17;19;21;1;6;7;27;10;14;15;16;20;25;22;23;2;3;30;31;36;35;32;29;13;33;24;26;28;34;37;38;39;5;11;11;18;11;21;17;255;255;255;0;0;0;0;0;0;0
114;0;1;1;3;2;4;5;5;10;9;12;3;52;10;63;10;41;12;89;12;15;18;52;26;68;26;36;36;87;36;17;43;52;0;1;1;3;2;4;5;5;10;9;12;3;52;10;63;10;41;12;89;12;15;18;52;28;69;28;34;36;87;36;17;43;52;0;1;1;3;2;4;5;5;11;11;12;3;52;10;63;10;41;12;89;12;15;18;52;26;68;26;36;40;80;40;25;43;52;1;1;1;1;5;3;0;1;0;8;3;2;0;4;0;12;0;0;0;0;0;0;0;0;1;1;3;2;4;5;5;7;6;12;3;52;10;63;10;41;12;89;12;15;18;52;26;68;26;36;34;88;34;17;43;52;0;1;1;3;2;4;5;5;10;9;12;3;52;10;63;10;41;12;89;12;15;18;52;26;68;26;36;36;87;36;17;43;52;0;1;1;3;2;4;5;5;7;6;12;3;52;10;63;10;41;12;89;12;15;18;52;25;69;25;35;34;87;34;17;43;52;1;0;1;1;4;3;1;1;0;7;2;3;0;4;0;12;0;0;0;0;0;0;0;0;1;1;3;2;4;5;5;10;9;12;3;52;10;63;10;41;12;89;12;15;18;52;26;68;26;36;36;87;36;17;43;52;0;1;1;3;2;4;5;5;10;9;12;3;52;10;63;10;41;12;89;12;15;18;52;28;69;28;34;36;87;36;17;43;52;0;1;1;3;2;4;5;5;11;11;12;3;52;10;63;10;41;12;89;12;15;18;52;26;68;26;36;40;80;40;25;43;52;1;1;1;1;5;3;0;1;0;8;3;2;0;4;0;12;0;0;0;0;0;0;0;1;5;3;9;7;10;11;12;20;17;22;0;4;6;8;29;13;14;18;19;15;21;23;2;31;32;25;30;28;16;26;27;24;33;34;35;36;37;38;39;5;10;10;10;10;22;22;255;255;255;0;0;0;0;0;0;0
116;0;1;1;3;2;4;5;5;10;9;12;3;52;10;63;10;41;12;89;12;15;18;52;26;68;26;35;42;85;42;19;43;52;0;1;1;3;2;5;5;5;10;9;12;3;52;10;63;10;41;12;89;12;15;24;51;27;78;27;25;42;85;42;19;43;52;0;1;1;3;2;4;5;5;10;9;12;3;52;10;63;10;41;12;89;12;15;18;52;26;78;26;27;36;88;36;16;43;52;1;1;0;1;3;3;0;0;0;8;7;2;0;5;0;0;0;0;0;0;0;0;0;0;1;1;3;2;4;5;5;10;9;12;3;52;11;64;11;40;13;88;13;16;19;51;25;72;25;32;39;84;39;20;43;52;0;1;1;3;2;4;5;5;10;9;12;3;52;11;64;11;40;13;88;13;16;19;51;25;72;25;32;39;84;39;20;43;52;0;1;1;3;2;4;4;4;7;6;12;3;52;11;64;11;40;13;88;13;16;19;51;25;72;25;32;33;88;33;15;43;52;1;1;0;1;2;3;0;0;1;5;5;2;0;5;0;0;0;0;0;0;0;0;0;0;1;1;3;2;4;5;5;10;9;12;3;52;10;63;10;41;12;89;12;15;18;52;26;68;26;35;42;85;42;19;43;52;0;1;1;3;2;5;5;5;10;9;12;3;52;10;63;10;41;12;89;12;15;24;51;27;78;27;25;42;85;42;19;43;52;0;1;1;3;2;4;5;5;10;9;12;3;52;10;63;10;41;12;89;12;15;18;52;26;78;26;27;36;88;36;16;43;52;1;1;0;1;3;3;0;0;0;8;7;2;0;5;0;0;0;0;0;0;0;0;0;0;6;4;10;8;13;15;16;23;20;25;1;5;7;11;12;32;14;18;21;22;24;30;2;3;28;34;36;9;35;33;17;31;19;37;27;29;38;26;39;16;23;23;23;23;25;8;255;255;255;0;0;0;0;0;0;0
117;0;1;1;3;2;5;5;8;10;9;12;3;52;11;64;11;40;13;88;13;16;23;68;23;35;30;51;39;84;39;20;43;52;0;1;1;3;2;5;5;11;10;9;12;3;52;11;64;11;40;15;88;15;17;27;76;27;28;35;53;39;84;39;20;43;52;0;1;1;3;2;5;5;8;10;9;12;3;52;11;64;11;40;13;88;13;16;22;77;22;25;30;52;36;91;36;13;43;52;1;1;0;1;5;3;0;0;0;8;3;2;0;7;0;11;0;0;0;0;0;0;0;0;1;1;3;2;4;5;5;7;6;12;3;52;11;64;11;40;13;88;13;16;19;52;25;68;25;36;28;92;28;12;43;52;0;1;1;3;2;4;8;8;7;6;12;3;52;11;64;11;40;13;88;13;16;19;52;28;66;28;39;28;92;28;12;43;52;0;1;1;3;2;4;5;5;7;6;12;3;52;11;64;11;40;13;88;13;16;19;52;25;68;25;36;28;92;28;12;43;52;1;1;1;1;4;2;0;0;0;5;7;2;0;7;0;11;0;0;0;0;0;0;0;0;1;1;3;2;5;5;8;10;9;12;3;52;11;64;11;40;13;88;13;16;23;68;23;35;30;51;39;84;39;20;43;52;0;1;1;3;2;5;5;11;10;9;12;3;52;11;64;11;40;15;88;15;17;27;76;27;28;35;53;39;84;39;20;43;52;0;1;1;3;2;5;5;8;10;9;12;3;52;11;64;11;40;13;88;13;16;22;77;22;25;30;52;36;91;36;13;43;52;1;1;0;1;5;3;0;0;0;8;3;2;0;7;0;11;0;0;0;0;0;0;0;0;4;8;7;10;16;19;22;27;28;31;1;5;6;13;14;17;18;23;24;29;30;33;2;3;9;11;37;38;12;15;20;21;35;36;25;26;32;34;39;0;28;19;22;22;19;10;255;255;255;0;0;0;0;0;0;0
118;0;1;1;3;2;4;5;5;10;9;12;3;52;10;63;10;41;12;89;12;15;20;52;28;72;28;32;37;88;37;16;43;52;0;1;1;3;2;4;8;8;10;9;12;3;52;10;63;10;41;12;89;12;15;20;52;32;70;32;34;37;88;37;16;43;52;0;1;1;3;2;4;5;5;10;9;12;3;52;10;63;10;41;12;89;12;15;20;52;28;72;28;32;35;91;35;14;43;52;1;1;0;0;6;3;0;1;1;6;5;2;0;5;0;16;0;0;0;0;0;0;0;0;1;1;3;2;4;4;8;7;6;12;3;52;11;64;11;40;13;88;13;16;20;63;20;40;28;51;28;93;28;10;41;52;0;1;1;3;2;4;4;11;7;6;12;3;52;11;64;11;40;13;88;13;16;20;63;20;40;35;52;28;93;28;10;41;52;0;1;1;3;2;4;4;8;7;6;12;3;52;11;64;11;40;13;88;13;16;20;63;20;40;28;51;28;93;28;10;41;52;0;1;0;1;4;2;1;1;0;7;6;3;0;5;0;16;0;0;0;0;0;0;0;0;1;1;3;2;4;5;5;10;9;12;3;52;10;63;10;41;12;89;12;15;20;52;28;72;28;32;37;88;37;16;43;52;0;1;1;3;2;4;8;8;10;9;12;3;52;10;63;10;41;12;89;12;15;20;52;32;70;32;34;37;88;37;16;43;52;0;1;1;3;2;4;5;5;10;9;12;3;52;10;63;10;41;12;89;12;15;20;52;28;72;28;32;35;91;35;14;43;52;1;1;0;0;6;3;0;1;1;6;5;2;0;5;0;16;0;0;0;0;0;0;0;1;4;3;8;6;10;14;11;20;18;24;0;5;30;7;9;33;19;13;17;21;22;23;2;32;25;28;26;27;29;35;12;16;15;31;34;36;37;38;39;10;11;11;11;11;24;6;255;255;255;0;0;0;0;0;0;0
119;0;1;1;1;4;5;5;7;6;12;12;3;52;11;52;11;72;11;32;19;52;25;37;25;66;29;88;29;16;43;64;43;40;0;1;1;1;4;8;8;7;6;12;12;3;52;11;52;11;72;11;32;19;52;29;39;29;65;29;88;29;16;43;64;43;40;0;1;1;1;4;5;5;7;6;12;12;3;52;11;52;11;72;11;32;19;52;25;37;25;66;20;91;20;14;43;64;43;40;0;1;1;0;4;3;0;1;0;8;6;2;0;1;0;11;0;0;0;0;0;0;0;0;1;1;1;4;4;5;3;2;12;12;3;52;11;52;11;72;11;32;19;67;19;38;25;52;15;89;15;15;43;64;43;40;0;1;1;1;4;4;5;7;6;12;12;3;52;11;52;11;72;11;32;19;67;19;38;25;52;19;88;19;17;43;64;43;40;0;1;1;1;4;4;5;3;2;11;12;3;52;11;52;11;72;11;32;19;67;19;38;25;52;15;88;15;16;38;66;43;40;0;1;0;0;5;2;0;0;0;6;7;3;0;1;0;11;0;0;0;0;0;0;0;0;1;1;1;4;5;5;7;6;12;12;3;52;11;52;11;72;11;32;19;52;25;37;25;66;29;88;29;16;43;64;43;40;0;1;1;1;4;8;8;7;6;12;12;3;52;11;52;11;72;11;32;19;52;29;39;29;65;29;88;29;16;43;64;43;40;0;1;1;1;4;5;5;7;6;12;12;3;52;11;52;11;72;11;32;19;52;25;37;25;66;20;91;20;14;43;64;43;40;0;1;1;0;4;3;0;1;0;8;6;2;0;1;0;11;0;0;0;0;0;0;0;1;6;3;5;12;18;13;10;8;20;21;0;4;7;9;11;14;15;16;17;19;22;23;2;24;30;26;29;36;37;38;28;25;32;33;34;27;31;35;39;20;12;12;12;12;20;8;255;255;255;0;0;0;0;0;0;0
120;0;1;1;1;5;5;7;6;8;12;12;3;52;10;52;10;73;10;31;21;65;21;37;25;94;25;10;32;52;43;66;43;38;0;1;1;1;5;5;7;6;11;12;12;3;52;10;52;10;73;10;31;21;65;21;37;25;94;25;10;36;52;43;66;43;38;0;1;1;1;5;5;3;2;8;12;12;3;52;10;52;10;73;10;31;18;65;18;38;15;92;15;11;32;52;43;66;43;38;1;1;0;1;2;3;0;1;0;7;6;2;0;7;0;11;0;0;0;0;0;0;0;0;1;1;1;4;4;3;2;8;12;12;3;52;10;52;10;73;10;31;21;65;21;37;15;90;15;14;32;52;43;66;43;38;0;1;1;1;5;5;3;2;8;12;12;3;52;10;52;10;73;10;31;21;65;21;37;15;89;15;16;32;52;43;66;43;38;0;1;1;1;4;4;3;2;8;12;12;3;52;10;52;10;73;10;31;21;65;21;37;15;91;15;13;32;52;43;66;43;38;1;1;1;1;4;3;0;1;0;6;5;3;0;7;0;11;0;0;0;0;0;0;0;0;1;1;1;5;5;7;6;8;12;12;3;52;10;52;10;73;10;31;21;65;21;37;25;94;25;10;32;52;43;66;43;38;0;1;1;1;5;5;7;6;11;12;12;3;52;10;52;10;73;10;31;21;65;21;37;25;94;25;10;36;52;43;66;43;38;0;1;1;1;5;5;3;2;8;12;12;3;52;10;52;10;73;10;31;18;65;18;38;15;92;15;11;32;52;43;66;43;38;1;1;0;1;2;3;0;1;0;7;6;2;0;7;0;11;0;0;0;0;0;0;0;0;6;4;3;11;9;19;14;17;22;21;1;5;7;25;13;10;12;18;20;23;24;36;2;30;33;34;37;29;32;31;8;15;27;16;35;26;28;38;39;9;22;14;14;14;22;14;255;255;255;0;0;0;0;0;0;0
121;0;1;1;1;4;5;5;6;7;12;12;3;52;10;52;10;73;10;31;18;52;23;35;23;69;32;15;32;89;43;66;43;38;0;1;1;1;4;5;5;6;7;12;12;3;52;10;52;10;73;10;31;18;52;27;36;27;67;32;15;32;89;43;66;43;38;0;1;1;1;4;5;5;6;7;11;12;3;52;10;52;10;73;10;31;18;52;23;35;23;69;23;10;23;93;39;65;43;38;1;1;1;0;5;3;0;0;0;6;5;2;0;7;0;11;0;0;0;0;0;0;0;0;1;1;1;4;5;5;6;7;12;12;3;52;10;52;10;73;10;31;18;52;23;35;23;69;32;15;32;89;43;66;43;38;0;1;1;1;4;5;5;6;7;12;12;3;52;10;52;10;73;10;31;18;52;23;35;23;69;32;15;32;89;43;66;43;38;0;1;1;1;4;4;4;6;7;12;12;3;52;10;52;10;73;10;31;18;52;23;35;23;69;32;15;32;89;43;66;43;38;1;1;0;0;6;2;1;0;0;7;7;3;0;7;0;11;0;0;0;0;0;0;0;0;1;1;1;4;5;5;6;7;12;12;3;52;10;52;10;73;10;31;18;52;23;35;23;69;32;15;32;89;43;66;43;38;0;1;1;1;4;5;5;6;7;12;12;3;52;10;52;10;73;10;31;18;52;27;36;27;67;32;15;32;89;43;66;43;38;0;1;1;1;4;5;5;6;7;11;12;3;52;10;52;10;73;10;31;18;52;23;35;23;69;23;10;23;93;39;65;43;38;1;1;1;0;5;3;0;0;0;6;5;2;0;7;0;11;0;0;0;0;0;0;0;0;3;6;5;13;14;16;18;17;21;22;1;4;7;8;9;11;12;15;19;20;27;34;2;28;31;10;24;25;33;26;35;32;23;30;29;36;37;38;39;0;16;16;16;16;22;17;255;255;255;0;0;0;0;0;0;0
122;0;1;1;3;2;4;5;5;10;9;12;3;52;10;64;10;40;11;90;11;15;20;51;25;70;25;34;39;90;39;15;42;52;0;1;1;3;2;4;5;5;10;9;12;3;52;10;64;10;40;15;89;15;16;20;51;25;70;25;34;39;90;39;15;42;52;0;1;1;3;2;4;5;5;7;6;12;3;52;10;64;10;40;11;90;11;15;20;51;25;70;25;34;34;88;34;17;42;52;1;1;0;1;6;3;0;1;1;5;6;2;0;1;0;12;0;0;0;0;0;0;0;0;1;1;3;2;4;5;5;7;6;12;3;52;9;63;9;41;11;89;11;16;18;52;24;68;24;35;28;94;28;11;41;53;0;1;1;3;2;4;8;8;7;6;12;3;52;9;63;9;41;11;89;11;16;18;52;27;69;27;35;33;89;33;16;41;53;0;1;1;3;2;4;5;5;7;6;12;3;52;9;63;9;41;11;89;11;16;18;52;24;68;24;35;28;94;28;11;41;53;1;1;1;1;6;2;1;1;1;4;6;2;0;1;0;12;0;0;0;0;0;0;0;0;1;1;3;2;4;5;5;10;9;12;3;52;10;64;10;40;11;90;11;15;20;51;25;70;25;34;39;90;39;15;42;52;0;1;1;3;2;4;5;5;10;9;12;3;52;10;64;10;40;15;89;15;16;20;51;25;70;25;34;39;90;39;15;42;52;0;1;1;3;2;4;5;5;7;6;12;3;52;10;64;10;40;11;90;11;15;20;51;25;70;25;34;34;88;34;17;42;52;1;1;0;1;6;3;0;1;1;5;6;2;0;1;0;12;0;0;0;0;0;0;0;0;3;4;11;8;15;20;16;23;21;26;2;6;7;10;12;13;14;17;22;24;25;27;1;5;9;31;32;18;30;19;28;29;33;34;35;36;37;38;39;15;15;15;15;15;26;21;255;255;255;0;0;0;0;0;0;0
123;0;1;1;1;7;6;4;4;5;12;12;3;52;10;52;10;73;10;31;22;90;22;14;20;64;20;40;32;52;43;66;43;38;0;1;1;1;7;6;5;5;8;12;12;3;52;10;52;10;73;10;31;22;90;22;14;22;65;22;39;32;52;43;66;43;38;0;1;1;1;3;2;4;4;5;12;12;3;52;10;52;10;73;10;31;15;94;15;10;20;64;20;40;32;52;43;66;43;38;0;1;1;0;6;2;0;0;1;2;7;3;0;0;0;0;0;0;0;0;0;0;0;0;1;1;1;3;2;4;4;8;12;12;3;52;10;52;10;73;10;31;15;90;15;14;20;64;20;40;32;52;43;66;43;38;0;1;1;1;7;6;4;4;8;12;12;3;52;10;52;10;73;10;31;22;90;22;14;20;64;20;40;32;52;43;66;43;38;0;1;1;1;3;2;4;4;8;12;12;3;52;10;52;10;73;10;31;15;90;15;14;20;64;20;40;32;52;43;66;43;38;0;0;1;0;9;1;1;0;1;1;8;3;0;0;0;0;0;0;0;0;0;0;0;0;1;1;1;7;6;4;4;5;12;12;3;52;10;52;10;73;10;31;22;90;22;14;20;64;20;40;32;52;43;66;43;38;0;1;1;1;7;6;5;5;8;12;12;3;52;10;52;10;73;10;31;22;90;22;14;22;65;22;39;32;52;43;66;43;38;0;1;1;1;3;2;4;4;5;12;12;3;52;10;52;10;73;10;31;15;94;15;10;20;64;20;40;32;52;43;66;43;38;0;1;1;0;6;2;0;0;1;2;7;3;0;0;0;0;0;0;0;0;0;0;0;0;6;5;3;10;19;11;16;13;23;22;1;4;30;7;8;12;15;14;18;20;21;24;2;32;26;9;27;29;17;28;31;25;33;34;35;36;37;38;39;10;13;13;13;13;22;19;255;255;255;0;0;0;0;0;0;0
124;0;1;1;1;5;5;7;6;8;12;12;3;52;10;52;10;73;10;31;20;66;20;38;25;91;25;13;32;52;43;67;43;38;0;1;1;1;5;5;7;6;8;12;12;3;52;10;52;10;73;10;31;20;66;20;38;25;91;25;13;32;52;43;67;43;38;0;1;1;1;4;4;3;2;8;12;12;3;52;10;52;10;73;10;31;20;66;20;38;15;90;15;14;32;52;43;67;43;38;1;1;1;0;8;2;0;1;1;4;7;2;0;7;0;12;0;0;0;0;0;0;0;0;1;1;1;3;2;5;5;8;12;12;3;52;10;52;10;73;10;31;15;90;15;15;20;64;20;40;32;52;43;66;43;38;0;1;1;1;7;6;5;5;8;12;12;3;52;10;52;10;73;10;31;19;90;19;14;20;64;20;40;32;52;43;66;43;38;0;1;1;1;3;2;4;4;5;12;12;3;52;10;52;10;73;10;31;15;90;15;15;20;64;20;40;32;52;43;66;43;38;1;0;0;0;6;2;0;0;1;3;8;1;0;7;0;12;0;0;0;0;0;0;0;0;1;1;1;5;5;7;6;8;12;12;3;52;10;52;10;73;10;31;20;66;20;38;25;91;25;13;32;52;43;67;43;38;0;1;1;1;5;5;7;6;8;12;12;3;52;10;52;10;73;10;31;20;66;20;38;25;91;25;13;32;52;43;67;43;38;0;1;1;1;4;4;3;2;8;12;12;3;52;10;52;10;73;10;31;20;66;20;38;15;90;15;14;32;52;43;67;43;38;1;1;1;0;8;2;0;1;1;4;7;2;0;7;0;12;0;0;0;0;0;0;0;0;7;5;4;17;16;22;10;21;24;25;1;3;6;8;11;13;14;18;20;23;26;27;2;28;31;9;12;33;15;30;19;29;32;34;35;36;37;38;39;0;21;16;16;16;24;10;255;255;255;0;0;0;0;0;0;0
125;0;1;1;1;4;5;5;7;6;11;12;3;52;10;52;10;73;10;31;18;52;25;65;25;39;26;91;26;13;40;66;43;38;0;1;1;1;4;5;5;7;6;11;12;3;52;10;52;10;73;10;31;18;52;25;65;25;39;26;91;26;13;40;66;43;38;0;1;1;1;4;5;5;7;6;8;12;3;52;10;52;10;73;10;31;18;52;25;65;25;39;21;89;21;15;34;52;42;53;1;1;0;1;8;3;0;0;0;8;4;2;0;7;0;12;0;0;0;0;0;0;0;0;1;1;1;4;5;5;3;2;11;12;3;52;10;52;10;73;10;31;18;52;25;65;25;39;15;90;15;14;40;66;43;38;0;1;1;1;4;5;5;7;6;11;12;3;52;10;52;10;73;10;31;18;52;25;65;25;39;26;91;26;13;40;66;43;38;0;1;1;1;4;5;5;3;2;11;12;3;52;10;52;10;73;10;31;18;52;25;65;25;39;15;89;15;16;40;66;43;38;1;1;0;0;8;2;0;1;0;6;5;3;0;7;0;12;0;0;0;0;0;0;0;0;1;1;1;4;5;5;7;6;11;12;3;52;10;52;10;73;10;31;18;52;25;65;25;39;26;91;26;13;40;66;43;38;0;1;1;1;4;5;5;7;6;11;12;3;52;10;52;10;73;10;31;18;52;25;65;25;39;26;91;26;13;40;66;43;38;0;1;1;1;4;5;5;7;6;8;12;3;52;10;52;10;73;10;31;18;52;25;65;25;39;21;89;21;15;34;52;42;53;1;1;0;1;8;3;0;0;0;8;4;2;0;7;0;12;0;0;0;0;0;0;0;0;7;4;3;13;15;14;19;18;22;25;1;5;6;31;8;12;16;34;17;20;24;23;2;28;29;27;9;10;11;33;21;26;30;32;35;36;37;38;39;13;22;13;22;22;22;19;255;255;255;0;0;0;0;0;0;0
126;0;1;1;3;2;4;5;5;10;9;12;3;52;10;63;10;41;12;89;12;15;21;52;28;71;28;32;42;85;42;19;43;52;0;1;1;3;2;4;8;8;10;9;12;3;52;10;63;10;41;12;89;12;15;21;52;33;69;33;33;46;84;46;20;43;52;0;1;1;3;2;4;5;5;10;9;12;3;52;10;63;10;41;12;89;12;15;18;52;28;71;28;32;42;85;42;19;43;52;1;0;0;1;5;3;0;1;0;6;5;2;0;9;0;13;0;0;0;0;0;0;0;0;1;1;3;2;4;5;5;8;8;12;3;52;10;63;10;41;12;89;12;15;21;52;28;71;28;32;34;79;34;26;43;52;0;1;1;3;2;4;5;5;11;11;12;3;52;10;63;10;41;12;89;12;15;21;52;28;71;28;32;36;79;36;25;43;52;0;1;1;3;2;4;5;5;8;8;12;3;52;10;63;10;41;12;89;12;15;21;52;24;72;24;30;34;79;34;26;43;52;1;0;1;1;5;2;0;0;0;4;5;3;0;139637976727552;0;13;0;0;0;0;0;0;0;0;1;1;3;2;4;5;5;10;9;12;3;52;10;63;10;41;12;89;12;15;21;52;28;71;28;32;42;85;42;19;43;52;0;1;1;3;2;4;8;8;10;9;12;3;52;10;63;10;41;12;89;12;15;21;52;33;69;33;33;46;84;46;20;43;52;0;1;1;3;2;4;5;5;10;9;12;3;52;10;63;10;41;12;89;12;15;18;52;28;71;28;32;42;85;42;19;43;52;1;0;0;1;5;3;0;1;0;6;5;2;0;9;0;13;0;0;0;0;0;0;0;0;5;4;13;11;7;16;18;21;20;22;1;6;8;12;19;30;14;15;17;28;23;24;2;3;9;10;31;25;27;26;29;32;33;34;35;36;37;38;39;7;20;7;20;20;22;18;255;255;255;0;0;0;0;0;0;0
127;0;1;1;3;2;4;4;8;10;9;12;3;52;10;63;10;41;12;89;12;15;20;67;20;36;29;51;35;86;35;18;43;52;0;1;1;3;2;5;5;8;10;9;12;3;52;10;63;10;41;12;89;12;15;20;67;20;36;32;52;42;85;42;19;43;52;0;1;1;3;2;4;4;8;10;9;12;3;52;10;63;10;41;12;89;12;15;20;67;20;36;29;51;36;87;36;18;43;52;1;1;1;1;4;3;0;1;0;9;3;2;0;0;0;0;0;0;0;0;0;0;0;0;1;1;3;2;4;4;5;10;9;12;3;52;10;63;10;41;12;89;12;15;18;64;18;40;25;53;36;88;36;17;43;52;0;1;1;3;2;4;4;8;10;9;12;3;52;10;63;10;41;12;89;12;15;18;64;18;40;27;53;36;87;36;17;43;52;0;1;1;3;2;4;4;5;10;9;12;3;52;10;63;10;41;12;89;12;15;18;64;18;40;26;53;35;89;35;15;43;52;1;1;1;0;5;2;0;1;0;8;4;3;0;0;0;0;0;0;0;0;0;0;0;0;1;1;3;2;4;4;8;10;9;12;3;52;10;63;10;41;12;89;12;15;20;67;20;36;29;51;35;86;35;18;43;52;0;1;1;3;2;5;5;8;10;9;12;3;52;10;63;10;41;12;89;12;15;20;67;20;36;32;52;42;85;42;19;43;52;0;1;1;3;2;4;4;8;10;9;12;3;52;10;63;10;41;12;89;12;15;20;67;20;36;29;51;36;87;36;18;43;52;1;1;1;1;4;3;0;1;0;9;3;2;0;0;0;0;0;0;0;0;0;0;0;1;5;4;11;8;12;13;16;20;18;22;2;6;7;9;10;15;17;24;19;21;26;23;0;3;14;25;27;28;29;30;31;32;33;34;35;36;37;38;39;1;13;13;13;13;22;20;255;255;255;0;0;0;0;0;0;0
128;0;1;1;1;4;5;5;6;7;8;12;3;52;10;52;10;73;10;31;18;52;27;39;27;65;29;12;29;91;34;52;43;51;0;1;1;1;4;5;5;6;7;11;12;3;52;10;52;10;73;10;31;18;52;31;33;31;71;29;12;29;91;36;52;43;51;0;1;1;1;4;5;5;6;7;8;12;3;52;10;52;10;73;10;31;18;52;27;39;27;65;21;13;21;92;34;52;43;51;1;1;1;1;3;3;0;0;0;6;7;2;0;1;0;12;0;0;0;0;0;0;0;0;1;1;1;4;5;5;2;3;8;12;3;52;10;52;10;73;10;31;18;52;27;39;27;65;15;15;15;89;34;52;43;51;0;1;1;1;4;5;5;6;7;8;12;3;52;10;52;10;73;10;31;18;52;27;39;27;65;22;13;22;91;34;52;43;51;0;1;1;1;4;5;5;2;3;8;12;3;52;10;52;10;73;10;31;18;52;27;39;27;65;15;14;15;90;34;52;43;51;0;1;1;1;4;3;1;0;0;5;5;3;0;1;0;12;0;0;0;0;0;0;0;0;1;1;1;4;5;5;6;7;8;12;3;52;10;52;10;73;10;31;18;52;27;39;27;65;29;12;29;91;34;52;43;51;0;1;1;1;4;5;5;6;7;11;12;3;52;10;52;10;73;10;31;18;52;31;33;31;71;29;12;29;91;36;52;43;51;0;1;1;1;4;5;5;6;7;8;12;3;52;10;52;10;73;10;31;18;52;27;39;27;65;21;13;21;92;34;52;43;51;1;1;1;1;3;3;0;0;0;6;7;2;0;1;0;12;0;0;0;0;0;0;0;1;4;5;6;14;15;16;21;23;19;24;0;7;8;9;10;11;12;13;17;20;18;25;2;3;32;26;31;30;29;27;22;28;33;34;35;36;37;38;39;14;16;14;16;16;24;15;255;255;255;0;0;0;0;0;0;0
129;0;1;1;1;3;2;4;4;10;9;12;3;52;10;52;10;73;10;31;15;89;15;15;20;64;20;40;35;86;35;18;43;52;0;1;1;1;7;6;5;5;10;9;12;3;52;10;52;10;73;10;31;18;89;18;15;24;66;24;38;35;86;35;18;43;52;0;1;1;1;3;2;4;4;10;9;12;3;52;10;52;10;73;10;31;15;89;15;15;20;64;20;40;36;89;36;15;43;52;0;1;1;1;7;2;1;0;1;8;4;2;0;0;0;0;0;0;0;0;0;0;0;0;1;1;1;3;2;4;4;8;8;12;3;52;10;52;10;73;10;31;15;89;15;15;20;64;20;40;34;79;34;25;43;52;0;1;1;1;3;2;4;4;10;9;12;3;52;10;52;10;73;10;31;15;89;15;15;23;64;23;41;35;86;35;18;43;52;0;1;1;1;3;2;4;4;8;8;12;3;52;10;52;10;73;10;31;15;89;15;15;20;64;20;40;34;79;34;24;43;52;0;1;1;1;4;2;1;1;1;5;7;3;0;0;0;0;0;0;0;0;0;0;0;0;1;1;1;3;2;4;4;10;9;12;3;52;10;52;10;73;10;31;15;89;15;15;20;64;20;40;35;86;35;18;43;52;0;1;1;1;7;6;5;5;10;9;12;3;52;10;52;10;73;10;31;18;89;18;15;24;66;24;38;35;86;35;18;43;52;0;1;1;1;3;2;4;4;10;9;12;3;52;10;52;10;73;10;31;15;89;15;15;20;64;20;40;36;89;36;15;43;52;0;1;1;1;7;2;1;0;1;8;4;2;0;0;0;0;0;0;0;0;0;0;0;0;3;6;4;9;7;11;12;26;28;25;1;5;8;10;29;13;15;18;14;16;17;22;2;27;19;21;20;23;24;30;31;32;33;34;35;36;37;38;39;25;26;11;11;11;11;7;255;255;255;0;0;0;0;0;0;0
130;0;1;1;3;2;4;4;5;10;9;12;3;52;10;63;10;41;12;89;12;15;21;66;21;37;30;52;37;86;37;18;43;52;0;1;1;3;2;4;4;8;10;9;12;3;52;10;63;10;41;12;89;12;15;21;66;21;37;33;52;37;86;37;18;43;52;0;1;1;3;2;4;4;5;7;6;12;3;52;10;63;10;41;12;89;12;15;21;66;21;37;30;52;34;87;34;18;43;52;1;1;1;1;4;3;0;0;0;7;2;2;0;1;0;0;0;0;0;0;0;0;0;0;1;1;3;2;4;4;5;7;6;12;3;52;11;64;11;40;13;88;13;16;20;65;20;39;28;52;33;84;33;20;43;52;0;1;1;3;2;4;4;5;10;9;12;3;52;11;64;11;40;13;88;13;16;20;65;20;39;28;52;35;87;35;17;43;52;0;1;1;3;2;4;4;5;7;6;12;3;52;11;64;11;40;13;88;13;16;20;65;20;39;28;52;33;84;33;20;43;52;0;1;1;1;5;3;1;0;0;6;3;3;0;1;0;0;0;0;0;0;0;0;0;0;1;1;3;2;4;4;5;10;9;12;3;52;10;63;10;41;12;89;12;15;21;66;21;37;30;52;37;86;37;18;43;52;0;1;1;3;2;4;4;8;10;9;12;3;52;10;63;10;41;12;89;12;15;21;66;21;37;33;52;37;86;37;18;43;52;0;1;1;3;2;4;4;5;7;6;12;3;52;10;63;10;41;12;89;12;15;21;66;21;37;30;52;34;87;34;18;43;52;1;1;1;1;4;3;0;0;0;7;2;2;0;1;0;0;0;0;0;0;0;0;0;0;5;4;11;9;14;13;17;24;22;28;1;6;7;15;10;16;18;12;21;23;20;27;2;3;38;8;29;35;37;34;19;32;25;33;36;26;30;31;39;28;24;17;17;17;28;4;255;255;255;0;0;0;0;0;0;0
131;0;1;1;3;2;4;5;5;10;9;12;3;52;10;63;10;41;12;89;12;15;18;52;27;78;27;26;36;94;36;10;40;52;0;1;1;3;2;4;5;5;10;9;12;3;52;10;62;10;40;11;89;11;16;19;51;28;67;28;35;38;88;38;16;41;51;0;1;1;3;2;4;5;5;7;6;12;3;52;10;62;10;40;11;89;11;16;19;51;27;68;27;36;31;94;31;10;41;51;1;1;1;1;2;3;0;1;0;7;2;2;0;4;0;12;0;0;0;0;0;0;0;0;1;1;3;2;4;4;5;10;9;12;3;52;10;63;10;40;11;90;11;14;20;65;20;38;28;52;38;91;37;14;41;52;0;1;1;3;2;4;4;8;10;9;12;3;52;10;63;10;40;11;90;11;14;20;65;20;38;28;52;38;91;37;14;41;52;0;1;1;3;2;4;4;5;7;6;12;3;52;10;63;10;40;11;90;11;14;20;65;20;38;28;52;33;88;33;16;41;52;1;1;1;0;3;3;0;1;0;7;3;2;0;4;0;12;0;0;0;0;0;0;0;0;1;1;3;2;4;5;5;10;9;12;3;52;10;63;10;41;12;89;12;15;18;52;27;78;27;26;36;94;36;10;40;52;0;1;1;3;2;4;5;5;10;9;12;3;52;10;62;10;40;11;89;11;16;19;51;28;67;28;35;38;88;38;16;41;51;0;1;1;3;2;4;5;5;7;6;12;3;52;10;62;10;40;11;89;11;16;19;51;27;68;27;36;31;94;31;10;41;51;1;1;1;1;2;3;0;1;0;7;2;2;0;4;0;12;0;0;0;0;0;0;0;1;5;3;12;8;15;20;16;27;23;32;0;4;6;9;11;17;18;21;24;25;30;31;2;7;10;36;37;13;14;19;34;35;29;26;22;28;33;38;39;1;15;16;15;15;27;27;255;255;255;0;0;0;0;0;0;0
132;0;1;1;3;2;5;5;8;10;9;12;3;52;10;63;10;41;12;89;12;15;21;65;21;36;29;51;37;91;37;12;43;52;0;1;1;3;2;5;5;8;10;9;12;3;52;10;63;10;41;12;89;12;15;21;65;21;36;29;51;37;91;37;12;43;52;0;1;1;3;2;5;5;8;7;6;12;3;52;10;63;10;41;12;89;12;15;21;65;21;36;29;51;34;93;34;11;43;52;1;1;0;1;2;3;0;0;0;7;3;2;0;4;0;12;0;0;0;0;0;0;0;0;1;1;3;2;5;5;8;7;6;12;3;52;10;63;10;41;12;89;12;15;21;65;21;36;29;51;34;87;34;17;43;52;0;1;1;3;2;5;5;8;7;6;12;3;52;10;63;10;41;12;89;12;15;21;65;21;36;34;52;34;90;34;15;43;52;0;1;1;3;2;4;4;8;7;6;12;3;52;10;63;10;41;12;89;12;15;21;65;21;36;29;51;34;89;34;15;43;52;1;1;0;1;3;3;0;0;1;6;4;2;0;4;0;12;0;0;0;0;0;0;0;0;1;1;3;2;5;5;8;10;9;12;3;52;10;63;10;41;12;89;12;15;21;65;21;36;29;51;37;91;37;12;43;52;0;1;1;3;2;5;5;8;10;9;12;3;52;10;63;10;41;12;89;12;15;21;65;21;36;29;51;37;91;37;12;43;52;0;1;1;3;2;5;5;8;7;6;12;3;52;10;63;10;41;12;89;12;15;21;65;21;36;29;51;34;93;34;11;43;52;1;1;0;1;2;3;0;0;0;7;3;2;0;4;0;12;0;0;0;0;0;0;0;0;3;5;11;8;16;12;18;22;19;25;1;4;6;9;10;13;14;17;21;23;24;26;2;7;15;28;20;27;29;30;31;32;33;34;35;36;37;38;39;5;22;12;11;11;11;11;255;255;255;0;0;0;0;0;0;0
133;0;1;1;3;2;5;5;8;10;9;12;3;52;10;63;10;41;12;89;12;15;21;65;21;36;29;51;37;91;37;12;43;52;0;1;1;3;2;5;5;8;10;9;12;3;52;10;63;10;41;12;89;12;15;21;65;21;36;29;51;37;91;37;12;43;52;0;1;1;3;2;5;5;5;10;9;12;3;52;10;63;10;41;12;89;12;15;21;65;21;36;24;50;37;91;37;12;43;52;1;1;0;0;4;1;1;1;1;6;4;2;0;4;0;0;0;0;0;0;0;0;0;0;1;1;3;2;4;4;5;10;9;12;3;52;10;63;10;41;12;89;12;15;21;65;21;36;29;51;37;91;37;12;43;52;0;1;1;3;2;5;5;8;10;9;12;3;52;10;63;10;41;12;89;12;15;21;65;21;36;29;51;37;91;37;12;43;52;0;1;1;3;2;4;4;5;10;9;12;3;52;10;63;10;41;12;89;12;15;21;65;21;36;29;51;37;91;37;12;43;52;1;1;0;1;5;2;1;1;1;5;6;2;0;4;0;0;0;0;0;0;0;0;0;0;1;1;3;2;5;5;8;10;9;12;3;52;10;63;10;41;12;89;12;15;21;65;21;36;29;51;37;91;37;12;43;52;0;1;1;3;2;5;5;8;10;9;12;3;52;10;63;10;41;12;89;12;15;21;65;21;36;29;51;37;91;37;12;43;52;0;1;1;3;2;5;5;5;10;9;12;3;52;10;63;10;41;12;89;12;15;21;65;21;36;24;50;37;91;37;12;43;52;1;1;0;0;4;1;1;1;1;6;4;2;0;4;0;0;0;0;0;0;0;0;0;0;4;3;11;8;14;19;20;23;21;25;1;7;9;5;10;12;17;28;30;22;24;29;2;6;15;27;18;13;16;26;31;32;33;34;35;36;37;38;39;4;20;20;20;20;20;19;255;255;255;0;0;0;0;0;0;0
134;0;1;1;3;2;4;5;5;10;9;12;3;52;10;63;10;41;12;89;12;15;18;52;26;70;26;34;36;91;36;13;43;52;0;1;1;3;2;4;8;8;10;9;12;3;52;10;63;10;41;12;89;12;15;18;52;29;68;29;35;36;91;36;13;43;52;0;1;1;3;2;4;5;5;7;6;12;3;52;10;63;10;41;12;89;12;15;18;52;26;70;26;34;34;91;34;13;43;52;0;1;1;1;4;2;1;1;0;5;5;2;0;5;0;12;0;0;0;0;0;0;0;0;1;1;3;2;4;5;5;7;6;12;3;52;10;63;10;41;12;89;12;15;18;52;26;70;26;34;33;89;33;15;43;52;0;1;1;3;2;4;5;5;10;9;12;3;52;10;63;10;41;12;89;12;15;18;52;26;70;26;34;36;91;36;13;43;52;0;1;1;3;2;4;5;5;7;6;12;3;52;10;63;10;41;12;89;12;15;18;52;26;70;26;34;34;91;34;13;43;52;0;1;1;1;8;1;1;1;0;4;6;3;0;5;0;12;0;0;0;0;0;0;0;0;1;1;3;2;4;5;5;10;9;12;3;52;10;63;10;41;12;89;12;15;18;52;26;70;26;34;36;91;36;13;43;52;0;1;1;3;2;4;8;8;10;9;12;3;52;10;63;10;41;12;89;12;15;18;52;29;68;29;35;36;91;36;13;43;52;0;1;1;3;2;4;5;5;7;6;12;3;52;10;63;10;41;12;89;12;15;18;52;26;70;26;34;34;91;34;13;43;52;0;1;1;1;4;2;1;1;0;5;5;2;0;5;0;12;0;0;0;0;0;0;0;0;3;4;9;7;11;16;13;20;17;21;1;2;5;6;8;10;12;15;14;18;19;22;23;24;25;26;27;28;29;30;31;32;33;34;35;36;37;38;39;20;9;9;9;9;9;13;255;255;255;0;0;0;0;0;0;0
135;0;1;1;3;2;4;5;5;10;9;12;3;52;10;63;10;41;12;89;12;15;18;52;27;68;27;36;37;92;37;12;43;52;0;1;1;3;2;4;8;8;10;9;12;3;52;10;63;10;41;12;89;12;15;18;52;27;68;27;36;37;92;37;12;43;52;0;1;1;3;2;4;5;5;10;9;12;3;52;10;63;10;41;12;89;12;15;18;52;27;68;27;36;35;89;35;15;43;52;1;1;0;1;4;2;1;1;1;6;8;2;0;5;0;12;0;0;0;0;0;0;0;0;1;1;3;2;4;5;5;7;6;12;3;52;10;63;10;41;12;89;12;15;18;52;27;68;27;36;34;88;34;17;43;52;0;1;1;3;2;4;5;5;7;6;12;3;52;10;63;10;41;12;89;12;15;18;52;27;68;27;36;34;91;34;13;43;52;0;1;1;3;2;4;4;4;7;6;12;3;52;10;63;10;41;12;89;12;15;18;52;22;75;22;28;34;89;34;15;43;52;1;0;0;1;5;2;1;1;1;5;9;2;0;5;0;12;0;0;0;0;0;0;0;0;1;1;3;2;4;5;5;10;9;12;3;52;10;63;10;41;12;89;12;15;18;52;27;68;27;36;37;92;37;12;43;52;0;1;1;3;2;4;8;8;10;9;12;3;52;10;63;10;41;12;89;12;15;18;52;27;68;27;36;37;92;37;12;43;52;0;1;1;3;2;4;5;5;10;9;12;3;52;10;63;10;41;12;89;12;15;18;52;27;68;27;36;35;89;35;15;43;52;1;1;0;1;4;2;1;1;1;6;8;2;0;5;0;12;0;0;0;0;0;0;0;0;3;6;8;7;10;13;12;19;15;22;1;4;5;9;11;14;25;17;18;20;23;24;2;16;21;26;27;28;29;30;31;32;33;34;35;36;37;38;39;6;15;15;15;15;19;12;255;255;255;0;0;0;0;0;0;0
136;0;1;1;3;2;4;4;5;10;9;12;3;52;10;63;10;41;12;89;12;15;21;69;21;35;31;52;37;87;37;17;43;52;0;1;1;3;2;4;4;8;10;9;12;3;52;10;63;10;41;12;89;12;15;21;69;21;35;33;52;37;87;37;17;43;52;0;1;1;3;2;4;4;5;10;9;12;3;52;10;63;10;41;12;89;12;15;21;69;21;35;31;52;36;87;36;16;43;52;0;0;1;0;7;2;0;1;0;6;7;2;0;1;0;0;0;0;0;0;0;0;0;0;1;1;3;2;4;5;5;7;6;12;3;52;10;63;10;41;12;89;12;15;18;52;27;68;27;36;34;89;34;15;43;52;0;1;1;3;2;4;5;5;7;6;12;3;52;10;63;10;41;12;89;12;15;18;52;27;68;27;36;34;89;34;15;43;52;0;1;1;3;2;4;4;4;7;6;12;3;52;10;63;10;41;12;89;12;15;18;52;23;68;23;35;27;91;27;12;43;52;0;0;1;0;8;2;0;0;0;5;8;2;0;1;0;0;0;0;0;0;0;0;0;0;1;1;3;2;4;4;5;10;9;12;3;52;10;63;10;41;12;89;12;15;21;69;21;35;31;52;37;87;37;17;43;52;0;1;1;3;2;4;4;8;10;9;12;3;52;10;63;10;41;12;89;12;15;21;69;21;35;33;52;37;87;37;17;43;52;0;1;1;3;2;4;4;5;10;9;12;3;52;10;63;10;41;12;89;12;15;21;69;21;35;31;52;36;87;36;16;43;52;0;0;1;0;7;2;0;1;0;6;7;2;0;1;0;0;0;0;0;0;0;0;0;0;3;4;9;8;15;14;12;23;22;26;1;5;6;7;10;11;18;20;24;25;19;27;2;13;16;17;21;28;29;30;31;32;33;34;35;36;37;38;39;4;9;9;9;9;9;8;255;255;255;0;0;0;0;0;0;0
137;0;1;1;3;2;5;5;8;10;9;12;3;52;10;63;10;41;12;89;12;15;23;69;23;34;32;52;37;89;37;15;43;52;0;1;1;3;2;5;5;8;10;9;12;3;52;10;63;10;41;12;89;12;15;23;72;23;32;30;52;42;85;42;19;43;52;0;1;1;3;2;5;5;5;7;6;12;3;52;10;63;10;41;12;89;12;15;23;78;23;26;26;51;34;93;34;11;43;52;1;1;1;1;6;3;0;1;0;7;6;2;0;1;0;0;0;0;0;0;0;0;0;0;1;1;1;3;2;4;5;5;8;12;3;52;10;52;10;73;10;31;15;89;15;15;19;53;27;26;27;78;33;51;43;52;0;1;1;1;7;6;4;5;5;11;12;3;52;10;52;10;73;10;31;17;91;17;13;19;53;27;26;27;78;35;52;43;52;0;1;1;1;3;2;4;5;5;8;12;3;52;10;52;10;73;10;31;15;89;15;15;19;53;27;26;27;78;33;51;43;52;1;1;1;1;7;3;0;1;0;6;7;1;0;1;0;0;0;0;0;0;0;0;0;0;1;1;3;2;5;5;8;10;9;12;3;52;10;63;10;41;12;89;12;15;23;69;23;34;32;52;37;89;37;15;43;52;0;1;1;3;2;5;5;8;10;9;12;3;52;10;63;10;41;12;89;12;15;23;72;23;32;30;52;42;85;42;19;43;52;0;1;1;3;2;5;5;5;7;6;12;3;52;10;63;10;41;12;89;12;15;23;78;23;26;26;51;34;93;34;11;43;52;1;1;1;1;6;3;0;1;0;7;6;2;0;1;0;0;0;0;0;0;0;0;0;0;4;5;11;7;13;15;19;21;25;28;1;3;6;8;12;16;23;10;22;24;27;29;2;9;14;17;18;26;20;30;31;32;33;34;35;36;37;38;39;5;15;13;15;15;15;11;255;255;255;0;0;0;0;0;0;0
138;0;1;1;3;2;4;4;7;6;12;12;3;52;10;63;10;41;12;89;12;15;20;64;20;40;30;87;30;18;43;66;43;38;0;1;1;3;2;5;5;10;9;12;12;3;52;10;63;10;41;12;89;12;15;26;66;26;38;35;88;35;16;43;66;43;38;0;1;1;3;2;4;4;7;6;12;12;3;52;10;63;10;41;12;89;12;15;20;64;20;40;30;87;30;18;43;66;43;38;1;1;1;1;4;3;0;0;0;8;7;2;0;5;0;0;0;0;0;0;0;0;0;0;1;1;3;2;4;4;7;6;12;12;3;52;10;63;10;41;12;89;12;15;20;64;20;40;30;87;30;18;43;66;43;38;0;1;1;3;2;5;5;7;6;12;12;3;52;10;63;10;41;12;89;12;15;20;64;20;40;30;87;30;18;43;66;43;38;0;1;1;3;2;4;4;7;6;8;12;3;52;10;63;10;41;12;89;12;15;20;64;20;40;30;87;30;18;34;53;42;53;1;1;0;1;5;3;0;0;1;7;8;2;0;5;0;0;0;0;0;0;0;0;0;0;1;1;3;2;4;4;7;6;12;12;3;52;10;63;10;41;12;89;12;15;20;64;20;40;30;87;30;18;43;66;43;38;0;1;1;3;2;5;5;10;9;12;12;3;52;10;63;10;41;12;89;12;15;26;66;26;38;35;88;35;16;43;66;43;38;0;1;1;3;2;4;4;7;6;12;12;3;52;10;63;10;41;12;89;12;15;20;64;20;40;30;87;30;18;43;66;43;38;1;1;1;1;4;3;0;0;0;8;7;2;0;5;0;0;0;0;0;0;0;0;0;1;6;4;11;10;13;14;24;19;28;26;0;3;7;9;12;15;16;18;21;27;29;33;2;35;5;8;36;34;30;31;17;22;32;23;20;25;37;38;39;4;24;10;24;10;28;10;255;255;255;0;0;0;0;0;0;0
139;0;1;1;3;2;4;4;5;10;9;12;3;52;10;63;10;41;12;89;12;15;22;64;22;41;31;52;36;91;36;14;43;52;0;1;1;3;2;4;4;8;10;9;12;3;52;10;63;10;41;12;89;12;15;22;64;22;41;34;52;36;91;36;14;43;52;0;1;1;3;2;4;4;5;7;6;12;3;52;10;63;10;41;12;89;12;15;22;64;22;41;31;52;34;91;34;14;43;52;1;1;1;0;5;3;1;1;0;4;7;3;0;4;0;16;0;0;0;0;0;0;0;0;1;1;3;2;4;4;5;7;6;12;3;52;10;63;10;41;12;89;12;15;22;64;22;41;31;52;34;90;34;14;43;52;0;1;1;3;2;4;4;5;10;9;12;3;52;10;63;10;41;12;89;12;15;22;64;22;41;31;52;36;91;36;14;43;52;0;1;1;3;2;4;4;5;7;6;12;3;52;10;63;10;41;12;89;12;15;22;64;22;41;31;52;34;90;34;14;43;52;0;0;1;0;5;2;1;1;0;4;7;2;0;4;0;16;0;0;0;0;0;0;0;0;1;1;3;2;4;4;5;10;9;12;3;52;10;63;10;41;12;89;12;15;22;64;22;41;31;52;36;91;36;14;43;52;0;1;1;3;2;4;4;8;10;9;12;3;52;10;63;10;41;12;89;12;15;22;64;22;41;34;52;36;91;36;14;43;52;0;1;1;3;2;4;4;5;7;6;12;3;52;10;63;10;41;12;89;12;15;22;64;22;41;31;52;34;91;34;14;43;52;1;1;1;0;5;3;1;1;0;4;7;3;0;4;0;16;0;0;0;0;0;0;0;1;3;16;10;8;13;14;19;27;25;34;0;4;5;11;15;17;18;9;24;26;28;31;2;6;7;38;37;12;20;21;22;23;36;30;29;32;33;35;39;14;14;14;14;8;34;8;255;255;255;0;0;0;0;0;0;0
140;0;1;1;3;2;4;4;7;6;8;12;3;52;9;64;9;40;13;88;11;16;21;60;21;40;29;88;29;20;31;52;41;52;0;1;1;3;2;4;4;7;6;8;12;3;52;9;64;9;40;13;88;11;16;21;60;21;40;29;88;29;20;31;52;41;52;0;1;1;3;2;4;4;7;6;8;12;3;52;9;64;9;40;13;88;11;16;21;60;21;40;29;88;29;20;31;52;41;52;0;0;1;0;10;1;1;1;1;1;5;2;0;0;0;0;0;0;0;0;0;0;0;0;1;1;3;2;4;4;7;6;8;12;3;52;9;64;9;40;13;88;11;16;21;60;21;40;29;88;29;20;31;52;41;52;0;1;1;3;2;4;4;7;6;8;12;3;52;9;64;9;40;13;88;11;16;21;60;21;40;29;88;29;20;31;52;41;52;0;1;1;3;2;4;4;7;6;8;12;3;52;9;64;9;40;13;88;11;16;21;60;21;40;29;88;29;20;31;52;41;52;0;0;1;0;9;1;1;1;1;1;7;2;0;0;0;0;0;0;0;0;0;0;0;0;1;1;3;2;4;4;7;6;8;12;3;52;9;64;9;40;13;88;11;16;21;60;21;40;29;88;29;20;31;52;41;52;0;1;1;3;2;4;4;7;6;8;12;3;52;9;64;9;40;13;88;11;16;21;60;21;40;29;88;29;20;31;52;41;52;0;1;1;3;2;4;4;7;6;8;12;3;52;9;64;9;40;13;88;11;16;21;60;21;40;29;88;29;20;31;52;41;52;0;0;1;0;10;1;1;1;1;1;5;2;0;0;0;0;0;0;0;0;0;0;0;0;1;2;3;4;5;6;7;8;9;10;11;12;13;14;15;16;17;18;19;20;21;22;23;24;25;26;27;28;29;30;31;32;33;34;35;36;37;38;39;8;4;6;3;5;9;2;255;255;255;0;0;0;0;0;0;0
146;0;1;1;3;2;4;4;7;6;12;12;3;52;11;64;11;40;13;88;13;16;21;64;21;40;31;84;31;20;43;64;43;40;0;1;1;3;2;5;5;7;6;12;12;3;52;11;64;11;40;13;88;13;16;23;65;23;39;31;84;31;20;43;64;43;40;0;1;1;3;2;4;4;7;6;11;12;3;52;11;64;11;40;13;88;13;16;21;64;21;40;31;84;31;20;38;63;43;40;1;1;1;1;4;2;0;1;0;5;4;2;0;0;0;0;0;0;0;0;0;0;0;0;1;1;3;2;4;4;7;6;12;12;3;52;11;64;11;40;13;88;13;16;21;64;21;40;31;84;31;20;43;64;43;40;0;1;1;3;2;4;4;8;8;12;12;3;52;11;64;11;40;13;88;13;16;21;64;21;40;34;79;34;25;43;64;43;40;0;1;1;3;2;4;4;7;6;12;12;3;52;11;64;11;40;13;88;13;16;21;64;21;40;31;84;31;20;43;64;43;40;1;0;1;1;6;2;1;1;1;5;6;2;0;0;0;0;0;0;0;0;0;0;0;0;1;1;3;2;4;4;7;6;12;12;3;52;11;64;11;40;13;88;13;16;21;64;21;40;31;84;31;20;43;64;43;40;0;1;1;3;2;5;5;7;6;12;12;3;52;11;64;11;40;13;88;13;16;23;65;23;39;31;84;31;20;43;64;43;40;0;1;1;3;2;4;4;7;6;11;12;3;52;11;64;11;40;13;88;13;16;21;64;21;40;31;84;31;20;38;63;43;40;1;1;1;1;4;2;0;1;0;5;4;2;0;0;0;0;0;0;0;0;0;0;0;0;4;3;14;10;17;16;18;23;26;25;2;5;6;11;13;19;20;21;28;24;27;29;1;7;8;9;12;15;22;30;31;32;33;34;35;36;37;38;39;26;18;18;18;18;25;10;255;255;255;0;0;0;0;0;0;0
147;0;1;1;3;2;4;4;5;7;6;12;3;52;10;63;10;41;12;89;12;15;23;66;23;37;32;52;33;91;33;13;43;52;0;1;1;3;2;4;4;8;10;9;12;3;52;10;63;10;41;12;89;12;15;22;75;22;29;32;52;42;85;42;19;43;52;0;1;1;3;2;4;4;5;7;6;12;3;52;10;63;10;41;12;89;12;15;18;64;18;40;25;52;33;88;33;15;43;52;0;0;0;1;7;2;0;1;1;4;4;2;0;0;0;0;0;0;0;0;0;0;0;0;1;1;1;4;4;5;3;2;12;12;3;52;10;52;10;73;10;31;19;62;19;41;28;51;14;90;14;13;40;63;40;41;0;1;1;1;4;4;8;7;6;12;12;3;52;10;52;10;73;10;31;19;62;19;41;28;51;18;90;18;14;40;63;40;41;0;1;1;1;4;4;5;3;2;12;12;3;52;10;52;10;73;10;31;19;62;19;41;28;51;13;96;13;10;40;63;40;41;0;0;0;0;6;1;1;1;1;4;2;3;0;0;0;0;0;0;0;0;0;0;0;0;1;1;3;2;4;4;5;7;6;12;3;52;10;63;10;41;12;89;12;15;23;66;23;37;32;52;33;91;33;13;43;52;0;1;1;3;2;4;4;8;10;9;12;3;52;10;63;10;41;12;89;12;15;22;75;22;29;32;52;42;85;42;19;43;52;0;1;1;3;2;4;4;5;7;6;12;3;52;10;63;10;41;12;89;12;15;18;64;18;40;25;52;33;88;33;15;43;52;0;0;0;1;7;2;0;1;1;4;4;2;0;0;0;0;0;0;0;0;0;0;0;0;4;3;8;7;11;10;17;22;16;23;1;5;6;9;12;13;20;14;15;18;24;27;2;19;21;25;26;28;29;30;31;32;33;34;35;36;37;38;39;0;16;16;16;16;16;7;255;255;255;0;0;0;0;0;0;0
148;0;1;1;3;2;4;4;7;6;12;12;3;52;10;63;10;41;12;89;12;15;20;64;20;40;30;87;30;18;43;66;43;38;0;1;1;3;2;4;4;7;6;12;12;3;52;10;63;10;41;12;89;12;15;20;64;20;40;30;87;30;18;43;66;43;38;0;1;1;3;2;4;4;7;6;12;12;3;52;10;63;10;41;12;89;12;15;20;64;20;40;30;87;30;18;43;66;43;38;1;1;0;1;7;2;0;1;1;4;2;2;0;0;0;0;0;0;0;0;0;0;0;0;1;1;3;2;4;4;7;6;12;12;3;52;10;63;10;41;12;89;12;15;20;64;20;40;30;87;30;18;43;66;43;38;0;1;1;3;2;4;4;7;6;12;12;3;52;10;63;10;41;12;89;12;15;20;64;20;40;30;87;30;18;43;66;43;38;0;1;1;3;2;4;4;7;6;12;12;3;52;10;63;10;41;12;89;12;15;20;64;20;40;30;87;30;18;43;66;43;38;1;1;1;1;4;1;0;1;0;4;3;2;0;0;0;0;0;0;0;0;0;0;0;0;1;1;3;2;4;4;7;6;12;12;3;52;10;63;10;41;12;89;12;15;20;64;20;40;30;87;30;18;43;66;43;38;0;1;1;3;2;4;4;7;6;12;12;3;52;10;63;10;41;12;89;12;15;20;64;20;40;30;87;30;18;43;66;43;38;0;1;1;3;2;4;4;7;6;12;12;3;52;10;63;10;41;12;89;12;15;20;64;20;40;30;87;30;18;43;66;43;38;1;1;0;1;7;2;0;1;1;4;2;2;0;0;0;0;0;0;0;0;0;0;0;0;5;4;12;10;17;14;27;25;30;28;1;7;8;11;6;15;18;13;20;26;24;29;2;3;9;16;19;22;23;21;31;32;33;34;35;36;37;38;39;17;10;17;17;17;27;17;255;255;255;0;0;0;0;0;0;0
149;0;1;1;1;3;2;4;5;5;12;12;3;52;10;52;10;73;10;31;15;89;15;15;20;53;28;68;28;36;43;66;43;38;0;1;1;1;7;6;5;5;5;12;12;3;52;10;52;10;73;10;31;23;91;23;13;26;50;26;70;26;32;43;66;43;38;0;1;1;1;3;2;4;5;5;11;12;3;52;10;52;10;73;10;31;15;89;15;15;20;53;28;68;28;36;38;65;43;38;0;0;0;1;6;3;0;0;1;7;4;2;0;0;0;0;0;0;0;0;0;0;0;0;1;1;1;3;2;4;4;7;6;12;3;52;10;52;10;73;10;31;15;89;15;15;20;64;20;40;34;86;34;18;43;52;0;1;1;1;3;2;5;5;10;9;12;3;52;10;52;10;73;10;31;15;89;15;15;20;64;20;40;36;89;36;15;43;52;0;1;1;1;3;2;4;4;7;6;12;3;52;10;52;10;73;10;31;15;89;15;15;20;64;20;40;34;86;34;18;43;52;0;0;1;1;4;1;1;0;1;3;4;3;0;0;0;0;0;0;0;0;0;0;0;0;1;1;1;3;2;4;5;5;12;12;3;52;10;52;10;73;10;31;15;89;15;15;20;53;28;68;28;36;43;66;43;38;0;1;1;1;7;6;5;5;5;12;12;3;52;10;52;10;73;10;31;23;91;23;13;26;50;26;70;26;32;43;66;43;38;0;1;1;1;3;2;4;5;5;11;12;3;52;10;52;10;73;10;31;15;89;15;15;20;53;28;68;28;36;38;65;43;38;0;0;0;1;6;3;0;0;1;7;4;2;0;0;0;0;0;0;0;0;0;0;0;0;6;7;5;11;9;13;19;17;32;31;1;8;14;10;12;15;18;26;20;29;22;33;2;3;4;16;23;24;21;30;25;27;28;34;35;36;37;38;39;5;9;9;9;9;9;7;255;255;255;0;0;0;0;0;0;0
150;0;1;1;3;2;5;5;7;6;12;12;3;52;10;63;10;41;12;89;12;15;20;64;20;40;30;87;30;18;43;66;43;38;0;1;1;3;2;5;5;7;6;12;12;3;52;10;63;10;41;12;89;12;15;20;64;20;40;30;87;30;18;43;66;43;38;0;1;1;3;2;4;4;7;6;11;12;3;52;10;63;10;41;12;89;12;15;20;64;20;40;30;87;30;18;38;63;43;38;0;0;0;0;7;2;0;1;0;4;9;3;0;0;0;0;0;0;0;0;0;0;0;0;1;1;3;2;4;4;7;6;12;12;3;52;10;63;10;41;12;89;12;15;20;64;20;40;30;87;30;18;43;66;43;38;0;1;1;3;2;5;5;7;6;12;12;3;52;10;63;10;41;12;89;12;15;20;64;20;40;30;87;30;18;43;66;43;38;0;1;1;3;2;4;4;7;6;12;12;3;52;10;63;10;41;12;89;12;15;20;64;20;40;30;87;30;18;43;66;43;38;0;0;0;1;7;1;0;1;0;3;9;3;0;0;0;0;0;0;0;0;0;0;0;0;1;1;3;2;5;5;7;6;12;12;3;52;10;63;10;41;12;89;12;15;20;64;20;40;30;87;30;18;43;66;43;38;0;1;1;3;2;5;5;7;6;12;12;3;52;10;63;10;41;12;89;12;15;20;64;20;40;30;87;30;18;43;66;43;38;0;1;1;3;2;4;4;7;6;11;12;3;52;10;63;10;41;12;89;12;15;20;64;20;40;30;87;30;18;38;63;43;38;0;0;0;0;7;2;0;1;0;4;9;3;0;0;0;0;0;0;0;0;0;0;0;1;8;4;14;11;15;17;23;29;32;31;0;7;9;12;13;16;25;22;28;27;33;36;2;3;5;6;10;19;18;20;21;24;26;30;34;35;37;38;39;4;15;8;15;15;4;4;255;255;255;0;0;0;0;0;0;0
151;0;1;1;1;5;5;7;6;8;8;12;3;52;10;52;10;73;10;31;20;64;20;40;26;92;26;11;32;70;32;34;43;52;0;1;1;1;5;5;7;6;11;11;12;3;52;10;52;10;73;10;31;20;64;20;40;28;88;28;16;35;69;35;36;43;52;0;1;1;1;5;5;7;6;8;8;12;3;52;10;52;10;73;10;31;20;64;20;40;26;92;26;11;32;70;32;34;43;52;0;1;1;1;2;3;1;0;0;4;7;2;0;0;0;0;0;0;0;0;0;0;0;0;1;1;1;3;2;5;5;8;8;12;3;52;10;52;10;73;10;31;15;89;15;15;20;64;20;40;34;79;34;25;43;52;0;1;1;1;7;6;5;5;8;8;12;3;52;10;52;10;73;10;31;24;89;24;15;20;64;20;40;34;79;34;25;43;52;0;1;1;1;3;2;4;4;8;8;12;3;52;10;52;10;73;10;31;15;89;15;15;20;64;20;40;34;79;34;25;43;52;0;1;1;1;4;2;1;1;0;2;6;3;0;0;0;0;0;0;0;0;0;0;0;0;1;1;1;5;5;7;6;8;8;12;3;52;10;52;10;73;10;31;20;64;20;40;26;92;26;11;32;70;32;34;43;52;0;1;1;1;5;5;7;6;11;11;12;3;52;10;52;10;73;10;31;20;64;20;40;28;88;28;16;35;69;35;36;43;52;0;1;1;1;5;5;7;6;8;8;12;3;52;10;52;10;73;10;31;20;64;20;40;26;92;26;11;32;70;32;34;43;52;0;1;1;1;2;3;1;0;0;4;7;2;0;0;0;0;0;0;0;0;0;0;0;0;5;6;4;15;14;19;20;21;22;27;2;7;13;8;10;16;18;25;17;23;28;29;1;3;9;11;12;24;26;30;31;32;33;34;35;36;37;38;39;0;15;14;22;22;15;22;255;255;255;0;0;0;0;0;0;0
152;0;1;1;3;2;5;5;7;6;8;12;3;52;10;63;10;41;12;89;12;15;20;64;20;40;30;87;30;18;34;53;43;53;0;1;1;3;2;5;5;7;6;11;12;3;52;10;63;10;41;12;89;12;15;20;64;20;40;33;94;33;10;35;53;43;52;0;1;1;3;2;5;5;7;6;8;12;3;52;10;63;10;41;12;89;12;15;20;64;20;40;30;87;30;18;34;54;43;54;1;1;0;0;3;2;1;1;0;3;7;2;0;0;0;0;0;0;0;0;0;0;0;0;1;1;3;2;5;5;8;7;6;12;3;52;11;64;11;40;13;88;13;16;19;64;19;40;29;52;29;94;29;10;41;52;0;1;1;3;2;5;5;8;7;6;12;3;52;11;64;11;40;13;88;13;16;19;64;19;40;29;52;33;88;33;16;41;52;0;1;1;3;2;4;4;8;7;6;12;3;52;11;64;11;40;13;88;13;16;19;64;19;40;29;52;29;94;29;10;41;52;1;1;0;0;3;1;1;1;0;6;7;2;0;0;0;0;0;0;0;0;0;0;0;0;1;1;3;2;5;5;7;6;8;12;3;52;10;63;10;41;12;89;12;15;20;64;20;40;30;87;30;18;34;53;43;53;0;1;1;3;2;5;5;7;6;11;12;3;52;10;63;10;41;12;89;12;15;20;64;20;40;33;94;33;10;35;53;43;52;0;1;1;3;2;5;5;7;6;8;12;3;52;10;63;10;41;12;89;12;15;20;64;20;40;30;87;30;18;34;54;43;54;1;1;0;0;3;2;1;1;0;3;7;2;0;0;0;0;0;0;0;0;0;0;0;0;8;5;12;10;16;15;17;26;20;27;2;6;7;11;14;13;18;19;23;21;24;28;1;3;4;9;22;25;29;30;31;32;33;34;35;36;37;38;39;5;20;15;20;20;20;5;255;255;255;0;0;0;0;0;0;0
153;0;1;1;1;3;2;5;5;7;6;12;3;52;10;52;10;73;10;31;15;89;15;15;20;64;20;40;34;86;34;18;43;52;0;1;1;1;3;2;5;5;10;9;12;3;52;10;52;10;73;10;31;15;89;15;15;20;64;20;40;35;87;35;17;43;52;0;1;1;1;3;2;5;5;7;6;12;3;52;10;52;10;73;10;31;15;89;15;15;20;64;20;40;34;86;34;18;43;52;1;1;0;0;4;2;1;0;1;4;2;2;0;0;0;0;0;0;0;0;0;0;0;0;1;1;1;3;2;4;4;7;6;12;3;52;10;52;10;73;10;31;15;89;15;15;20;64;20;40;34;86;34;18;43;52;0;1;1;1;3;2;5;5;7;6;12;3;52;10;52;10;73;10;31;15;89;15;15;20;64;20;40;34;86;34;18;43;52;0;1;1;1;3;2;4;4;7;6;12;3;52;10;52;10;73;10;31;15;89;15;15;20;64;20;40;34;86;34;18;43;52;0;0;0;0;4;2;1;0;1;4;2;3;0;0;0;0;0;0;0;0;0;0;0;0;1;1;1;3;2;5;5;7;6;12;3;52;10;52;10;73;10;31;15;89;15;15;20;64;20;40;34;86;34;18;43;52;0;1;1;1;3;2;5;5;10;9;12;3;52;10;52;10;73;10;31;15;89;15;15;20;64;20;40;35;87;35;17;43;52;0;1;1;1;3;2;5;5;7;6;12;3;52;10;52;10;73;10;31;15;89;15;15;20;64;20;40;34;86;34;18;43;52;1;1;0;0;4;2;1;0;1;4;2;2;0;0;0;0;0;0;0;0;0;0;0;0;6;5;9;4;11;14;17;19;25;27;1;7;10;8;12;13;15;20;21;24;26;29;2;3;16;23;18;22;28;30;31;32;33;34;35;36;37;38;39;9;9;9;9;9;9;5;255;255;255;0;0;0;0;0;0;0
155;0;1;1;1;4;4;7;6;8;11;12;3;52;10;52;10;73;10;31;20;65;20;40;30;86;30;18;32;52;39;68;43;38;0;1;1;1;4;4;7;6;11;11;12;3;52;10;52;10;73;10;31;20;65;20;40;30;86;30;18;37;39;37;66;45;52;0;1;1;1;4;4;7;6;8;11;12;3;52;10;52;10;73;10;31;20;65;20;40;30;86;30;18;32;52;39;68;43;38;0;1;0;0;6;2;1;0;0;4;7;2;0;0;0;0;0;0;0;0;0;0;0;0;1;1;1;3;2;4;4;8;8;12;3;52;10;52;10;73;10;31;15;89;15;15;20;64;20;40;34;79;34;25;43;52;0;1;1;1;3;2;4;4;11;11;12;3;52;10;52;10;73;10;31;15;89;15;15;20;64;20;40;36;78;36;26;43;52;0;1;1;1;3;2;4;4;8;8;12;3;52;10;52;10;73;10;31;15;89;15;15;20;64;20;40;34;79;34;25;43;52;0;1;0;1;4;1;1;0;0;3;6;3;0;0;0;0;0;0;0;0;0;0;0;0;1;1;1;4;4;7;6;8;11;12;3;52;10;52;10;73;10;31;20;65;20;40;30;86;30;18;32;52;39;68;43;38;0;1;1;1;4;4;7;6;11;11;12;3;52;10;52;10;73;10;31;20;65;20;40;30;86;30;18;37;39;37;66;45;52;0;1;1;1;4;4;7;6;8;11;12;3;52;10;52;10;73;10;31;20;65;20;40;30;86;30;18;32;52;39;68;43;38;0;1;0;0;6;2;1;0;0;4;7;2;0;0;0;0;0;0;0;0;0;0;0;0;5;7;4;15;14;18;20;30;33;31;1;6;8;10;26;16;9;11;19;23;24;32;2;3;21;12;13;17;27;22;25;29;28;34;35;36;37;38;39;0;30;30;30;30;30;20;255;255;255;0;0;0;0;0;0;0
156;0;1;1;3;2;4;5;5;10;9;12;3;52;10;63;10;41;12;89;12;15;18;52;26;69;26;34;36;87;36;16;43;52;0;1;1;3;2;4;5;5;10;9;12;3;52;10;63;10;41;12;89;12;15;18;52;26;69;26;34;41;90;41;14;43;52;0;1;1;3;2;4;5;5;8;8;12;3;52;10;63;10;41;12;89;12;15;18;52;26;69;26;34;34;79;34;25;43;52;1;1;1;1;3;2;1;0;0;6;4;2;0;0;0;0;0;0;0;0;0;0;0;0;1;1;3;2;4;5;5;8;8;12;3;52;10;63;10;41;12;89;12;15;18;52;26;67;26;35;33;77;33;25;43;52;0;1;1;3;2;4;5;5;10;9;12;3;52;10;63;10;41;12;89;12;15;18;52;26;67;26;35;36;85;36;19;43;52;0;1;1;3;2;4;5;5;8;8;12;3;52;10;63;10;41;12;89;12;15;18;52;26;67;26;35;33;77;33;25;43;52;1;1;1;1;4;2;1;0;1;4;2;2;0;0;0;0;0;0;0;0;0;0;0;0;1;1;3;2;4;5;5;10;9;12;3;52;10;63;10;41;12;89;12;15;18;52;26;69;26;34;36;87;36;16;43;52;0;1;1;3;2;4;5;5;10;9;12;3;52;10;63;10;41;12;89;12;15;18;52;26;69;26;34;41;90;41;14;43;52;0;1;1;3;2;4;5;5;8;8;12;3;52;10;63;10;41;12;89;12;15;18;52;26;69;26;34;34;79;34;25;43;52;1;1;1;1;3;2;1;0;0;6;4;2;0;0;0;0;0;0;0;0;0;0;0;0;6;5;12;10;16;22;17;29;27;28;1;7;8;14;13;15;18;24;23;25;21;30;2;3;4;9;11;20;19;26;31;32;33;34;35;36;37;38;39;16;22;16;22;22;22;10;255;255;255;0;0;0;0;0;0;0
157;0;1;1;3;2;5;5;7;6;11;12;3;52;10;63;10;41;12;89;12;15;20;64;20;40;30;86;30;18;38;62;43;38;0;1;1;3;2;5;5;7;6;12;12;3;52;10;63;10;41;12;89;12;15;20;64;20;40;30;86;30;18;43;66;43;38;0;1;1;3;2;5;5;7;6;11;12;3;52;10;63;10;41;12;89;12;15;20;64;20;40;30;86;30;18;35;52;43;52;0;1;0;1;4;3;0;0;0;5;6;2;0;0;0;0;0;0;0;0;0;0;0;0;1;1;3;2;4;4;7;6;8;12;3;52;10;63;10;41;12;89;12;15;20;64;20;40;30;86;30;18;31;52;42;52;0;1;1;3;2;5;5;7;6;11;12;3;52;10;63;10;41;12;89;12;15;20;64;20;40;30;86;30;18;35;52;42;52;0;1;1;3;2;4;4;7;6;8;12;3;52;10;63;10;41;12;89;12;15;20;64;20;40;30;86;30;18;31;52;42;52;1;0;0;1;6;1;1;0;0;6;6;2;0;0;0;0;0;0;0;0;0;0;0;0;1;1;3;2;5;5;7;6;11;12;3;52;10;63;10;41;12;89;12;15;20;64;20;40;30;86;30;18;38;62;43;38;0;1;1;3;2;5;5;7;6;12;12;3;52;10;63;10;41;12;89;12;15;20;64;20;40;30;86;30;18;43;66;43;38;0;1;1;3;2;5;5;7;6;11;12;3;52;10;63;10;41;12;89;12;15;20;64;20;40;30;86;30;18;35;52;43;52;0;1;0;1;4;3;0;0;0;5;6;2;0;0;0;0;0;0;0;0;0;0;0;0;6;5;12;35;16;14;19;21;26;29;2;7;8;10;11;13;15;18;24;22;27;28;1;3;4;9;17;23;25;20;34;30;31;32;33;36;37;38;39;26;14;14;14;14;26;19;255;255;255;0;0;0;0;0;0;0
158;0;1;1;3;2;4;4;5;10;9;12;3;52;10;63;10;41;12;89;12;15;21;67;21;36;30;52;36;92;36;12;43;52;0;1;1;3;2;4;4;8;10;9;12;3;52;11;64;11;40;13;88;13;16;21;64;21;40;31;52;41;91;41;13;43;52;0;1;1;3;2;4;4;5;8;8;12;3;52;11;64;11;40;13;88;13;16;21;64;21;40;28;52;34;80;34;23;43;52;1;1;1;1;3;3;1;1;1;6;4;2;0;0;0;0;0;0;0;0;0;0;0;0;1;1;3;2;4;4;5;7;6;12;3;52;11;64;11;40;13;88;13;16;21;64;21;40;31;52;32;90;32;14;43;52;0;1;1;3;2;4;4;5;8;8;12;3;52;11;64;11;40;13;88;13;16;21;64;21;40;31;52;34;81;34;23;43;52;0;1;1;3;2;4;4;5;7;6;12;3;52;11;64;11;40;13;88;13;16;21;64;21;40;31;52;32;90;32;14;43;52;1;1;1;1;3;2;1;0;1;5;1;3;0;0;0;0;0;0;0;0;0;0;0;0;1;1;3;2;4;4;5;10;9;12;3;52;10;63;10;41;12;89;12;15;21;67;21;36;30;52;36;92;36;12;43;52;0;1;1;3;2;4;4;8;10;9;12;3;52;11;64;11;40;13;88;13;16;21;64;21;40;31;52;41;91;41;13;43;52;0;1;1;3;2;4;4;5;8;8;12;3;52;11;64;11;40;13;88;13;16;21;64;21;40;28;52;34;80;34;23;43;52;1;1;1;1;3;3;1;1;1;6;4;2;0;0;0;0;0;0;0;0;0;0;0;0;6;5;16;11;18;19;20;34;31;35;1;7;8;12;14;21;28;30;32;29;36;37;2;3;4;9;10;13;17;26;27;15;25;22;23;24;33;38;39;16;11;11;19;19;35;19;255;255;255;0;0;0;0;0;0;0
159;0;1;1;1;4;5;5;7;6;11;12;3;52;10;52;10;73;10;31;18;52;24;70;24;34;27;93;27;11;36;62;41;40;0;1;1;1;4;5;5;7;6;11;12;3;52;10;52;10;73;10;31;18;52;28;68;28;35;29;94;29;10;36;62;42;37;0;1;1;1;4;5;5;7;6;11;12;3;52;10;52;10;73;10;31;18;52;24;70;24;34;24;88;24;16;35;52;42;51;0;0;0;0;5;2;0;0;0;5;3;2;0;0;0;0;0;0;0;0;0;0;0;0;1;1;1;4;5;5;3;2;8;12;3;52;10;52;10;73;10;31;18;52;24;70;24;34;13;93;13;10;29;52;42;51;0;1;1;1;4;5;5;7;6;8;12;3;52;10;52;10;73;10;31;18;52;24;70;24;34;19;93;19;10;29;52;42;51;0;1;1;1;4;5;5;3;2;8;12;3;52;10;52;10;73;10;31;18;52;24;70;24;34;13;93;13;10;29;52;42;51;0;0;0;0;2;2;0;0;0;3;4;3;0;0;0;0;0;0;0;0;0;0;0;0;1;1;1;4;5;5;7;6;11;12;3;52;10;52;10;73;10;31;18;52;24;70;24;34;27;93;27;11;36;62;41;40;0;1;1;1;4;5;5;7;6;11;12;3;52;10;52;10;73;10;31;18;52;28;68;28;35;29;94;29;10;36;62;42;37;0;1;1;1;4;5;5;7;6;11;12;3;52;10;52;10;73;10;31;18;52;24;70;24;34;24;88;24;16;35;52;42;51;0;0;0;0;5;2;0;0;0;5;3;2;0;0;0;0;0;0;0;0;0;0;0;0;6;7;5;23;14;17;13;21;30;31;1;8;9;12;20;16;18;22;19;27;32;33;2;3;4;10;11;15;24;28;25;26;29;34;35;36;37;38;39;7;21;21;21;21;17;17;255;255;255;0;0;0;0;0;0;0
161;0;1;1;3;2;5;5;7;6;12;12;3;52;10;63;10;41;12;89;12;15;23;66;23;38;30;87;30;18;43;66;43;38;0;1;1;3;2;8;8;7;6;12;12;3;52;10;63;10;41;12;89;12;15;26;66;26;38;30;87;30;18;43;66;43;38;0;1;1;3;2;5;5;7;6;12;12;3;52;10;63;10;41;12;89;12;15;23;66;23;38;30;87;30;18;43;66;43;38;0;0;1;1;7;2;1;0;0;4;6;2;0;0;0;0;0;0;0;0;0;0;0;0;1;1;3;2;5;5;7;6;12;12;3;52;10;63;10;41;12;89;12;15;23;66;23;38;30;87;30;18;43;66;43;38;0;1;1;3;2;5;5;7;6;12;12;3;52;10;63;10;41;12;89;12;15;23;66;23;38;30;87;30;18;43;66;43;38;0;1;1;3;2;4;4;7;6;12;12;3;52;10;63;10;41;12;89;12;15;23;66;23;38;30;87;30;18;43;66;43;38;0;1;1;1;6;1;1;0;1;4;5;2;0;0;0;0;0;0;0;0;0;0;0;0;1;1;3;2;5;5;7;6;12;12;3;52;10;63;10;41;12;89;12;15;23;66;23;38;30;87;30;18;43;66;43;38;0;1;1;3;2;8;8;7;6;12;12;3;52;10;63;10;41;12;89;12;15;26;66;26;38;30;87;30;18;43;66;43;38;0;1;1;3;2;5;5;7;6;12;12;3;52;10;63;10;41;12;89;12;15;23;66;23;38;30;87;30;18;43;66;43;38;0;0;1;1;7;2;1;0;0;4;6;2;0;0;0;0;0;0;0;0;0;0;0;0;3;4;9;2;16;12;14;20;25;24;1;6;7;8;10;13;11;18;19;21;22;23;5;15;17;26;27;28;29;30;31;32;33;34;35;36;37;38;39;0;9;9;9;9;9;2;255;255;255;0;0;0;0;0;0;0
163;0;1;1;3;2;4;5;5;7;6;12;3;52;10;63;10;41;12;89;12;15;18;52;26;70;26;33;33;92;33;12;43;52;0;1;1;3;2;4;5;5;10;9;12;3;52;11;64;11;40;13;88;13;16;19;52;23;73;23;32;36;90;36;14;43;52;0;1;1;3;2;4;5;5;7;6;12;3;52;11;64;11;40;13;88;13;16;19;52;23;73;23;32;33;90;33;14;43;52;1;1;1;1;3;3;0;0;0;4;5;2;0;0;0;0;0;0;0;0;0;0;0;0;1;1;3;2;4;4;5;7;6;12;3;52;11;64;11;40;13;88;13;16;19;64;19;41;26;52;26;94;26;10;43;52;0;1;1;3;2;4;4;8;7;6;12;3;52;11;64;11;40;13;88;13;16;19;64;19;41;33;52;26;94;26;10;43;52;0;1;1;3;2;4;4;5;7;6;12;3;52;11;64;11;40;13;88;13;16;19;64;19;41;26;52;26;94;26;10;43;52;1;1;0;1;5;2;0;0;0;4;5;2;0;0;0;0;0;0;0;0;0;0;0;0;1;1;3;2;4;5;5;7;6;12;3;52;10;63;10;41;12;89;12;15;18;52;26;70;26;33;33;92;33;12;43;52;0;1;1;3;2;4;5;5;10;9;12;3;52;11;64;11;40;13;88;13;16;19;52;23;73;23;32;36;90;36;14;43;52;0;1;1;3;2;4;5;5;7;6;12;3;52;11;64;11;40;13;88;13;16;19;52;23;73;23;32;33;90;33;14;43;52;1;1;1;1;3;3;0;0;0;4;5;2;0;0;0;0;0;0;0;0;0;0;0;0;5;4;13;9;16;15;18;26;24;28;1;6;8;10;11;17;19;20;23;27;29;30;2;3;32;7;12;14;22;21;25;31;33;34;35;36;37;38;39;4;9;9;9;9;9;18;255;255;255;0;0;0;0;0;0;0
164;0;1;1;1;4;4;7;6;8;12;12;3;52;10;52;10;73;10;31;21;63;21;39;30;86;30;18;33;51;43;66;43;38;0;1;1;1;5;5;7;6;8;12;12;3;52;10;52;10;73;10;31;24;65;24;38;30;86;30;18;32;52;43;66;43;38;0;1;1;1;4;4;3;2;8;11;12;3;52;10;52;10;73;10;31;18;64;18;40;15;92;15;12;32;52;40;66;43;38;0;0;1;1;7;3;1;1;0;3;7;2;0;0;0;0;0;0;0;0;0;0;0;0;1;1;1;3;2;4;4;7;6;12;3;52;10;52;10;73;10;31;15;89;15;15;20;64;20;40;32;87;32;16;43;52;0;1;1;1;3;2;5;5;10;9;12;3;52;10;52;10;73;10;31;15;89;15;15;24;65;24;38;35;88;35;16;43;52;0;1;1;1;3;2;4;4;7;6;12;3;52;10;52;10;73;10;31;15;89;15;15;20;64;20;40;32;87;32;16;43;52;0;0;1;1;7;2;1;1;0;4;7;3;0;0;0;0;0;0;0;0;0;0;0;0;1;1;1;4;4;7;6;8;12;12;3;52;10;52;10;73;10;31;21;63;21;39;30;86;30;18;33;51;43;66;43;38;0;1;1;1;5;5;7;6;8;12;12;3;52;10;52;10;73;10;31;24;65;24;38;30;86;30;18;32;52;43;66;43;38;0;1;1;1;4;4;3;2;8;11;12;3;52;10;52;10;73;10;31;18;64;18;40;15;92;15;12;32;52;40;66;43;38;0;0;1;1;7;3;1;1;0;3;7;2;0;0;0;0;0;0;0;0;0;0;0;0;1;2;3;4;5;6;7;8;9;10;11;12;13;14;15;16;17;18;19;20;21;22;23;24;25;26;27;28;29;30;31;32;33;34;35;36;37;38;39;0;9;9;9;9;9;8;255;255;255;0;0;0;0;0;0;0
165;0;1;1;1;4;5;5;7;6;12;12;3;52;10;52;10;73;10;31;18;52;23;31;23;71;31;92;31;12;44;69;44;35;0;1;1;1;4;5;5;7;6;12;12;3;52;10;52;10;73;10;31;18;52;26;64;26;40;32;89;32;15;43;67;43;38;0;1;1;1;4;5;5;3;2;11;12;3;52;10;52;10;73;10;31;18;52;24;79;24;25;15;92;15;12;37;69;43;38;0;0;0;0;5;2;0;0;0;6;6;2;0;0;0;0;0;0;0;0;0;0;0;0;1;1;1;3;2;4;4;5;12;12;3;52;10;52;10;73;10;31;15;89;15;15;20;64;20;40;28;52;43;68;43;38;0;1;1;1;7;6;4;4;5;12;12;3;52;10;52;10;73;10;31;22;90;22;15;20;64;20;40;28;52;43;68;43;38;0;1;1;1;3;2;4;4;5;12;12;3;52;10;52;10;73;10;31;15;89;15;15;20;64;20;40;28;52;43;68;43;38;1;1;0;0;6;1;1;0;0;7;7;3;0;0;0;0;0;0;0;0;0;0;0;0;1;1;1;4;5;5;7;6;12;12;3;52;10;52;10;73;10;31;18;52;23;31;23;71;31;92;31;12;44;69;44;35;0;1;1;1;4;5;5;7;6;12;12;3;52;10;52;10;73;10;31;18;52;26;64;26;40;32;89;32;15;43;67;43;38;0;1;1;1;4;5;5;3;2;11;12;3;52;10;52;10;73;10;31;18;52;24;79;24;25;15;92;15;12;37;69;43;38;0;0;0;0;5;2;0;0;0;6;6;2;0;0;0;0;0;0;0;0;0;0;0;0;1;2;3;4;5;6;7;8;9;10;11;12;13;14;15;16;17;18;19;20;21;22;23;24;25;26;27;28;29;30;31;32;33;34;35;36;37;38;39;0;9;9;9;9;9;10;255;255;255;0;0;0;0;0;0;0
167;0;1;1;3;2;5;5;8;8;8;12;3;52;10;63;10;41;12;89;12;15;20;64;20;38;30;79;30;25;34;52;43;52;0;1;1;3;2;5;5;8;8;11;12;3;52;10;63;10;41;12;89;12;15;22;67;22;36;31;79;31;26;36;52;43;52;0;1;1;3;2;4;4;8;8;8;12;3;52;10;63;10;41;12;89;12;15;18;64;18;40;26;79;26;25;32;52;43;52;0;0;1;1;4;2;0;1;1;7;5;2;0;0;0;0;0;0;0;0;0;0;0;0;1;1;3;2;4;4;7;6;8;12;3;52;10;63;10;41;12;89;12;15;18;64;18;40;30;86;30;18;32;52;43;52;0;1;1;3;2;4;4;7;6;11;12;3;52;10;63;10;41;12;89;12;15;18;64;18;40;30;86;30;18;35;52;43;52;0;1;1;3;2;4;4;7;6;8;12;3;52;10;63;10;41;12;89;12;15;18;64;18;40;30;86;30;18;32;52;43;52;0;0;1;1;3;1;0;1;1;3;8;3;0;0;0;0;0;0;0;0;0;0;0;0;1;1;3;2;5;5;8;8;8;12;3;52;10;63;10;41;12;89;12;15;20;64;20;38;30;79;30;25;34;52;43;52;0;1;1;3;2;5;5;8;8;11;12;3;52;10;63;10;41;12;89;12;15;22;67;22;36;31;79;31;26;36;52;43;52;0;1;1;3;2;4;4;8;8;8;12;3;52;10;63;10;41;12;89;12;15;18;64;18;40;26;79;26;25;32;52;43;52;0;0;1;1;4;2;0;1;1;7;5;2;0;0;0;0;0;0;0;0;0;0;0;0;1;2;3;4;5;6;7;8;9;10;11;12;13;14;15;16;17;18;19;20;21;22;23;24;25;26;27;28;29;30;31;32;33;34;35;36;37;38;39;0;9;9;9;9;9;8;255;255;255;0;0;0;0;0;0;0
168;0;1;1;3;2;4;5;5;7;6;12;3;52;10;63;10;41;12;89;12;15;18;52;25;71;25;33;33;88;33;16;43;52;0;1;1;3;2;4;5;5;10;9;12;3;52;10;63;10;41;12;89;12;15;18;52;25;71;25;33;35;87;35;18;43;52;0;1;1;3;2;4;5;5;7;6;12;3;52;10;63;10;41;12;89;12;15;18;52;25;71;25;33;33;88;33;16;43;52;0;0;1;0;9;2;1;0;1;4;5;3;0;0;0;0;0;0;0;0;0;0;0;0;1;1;3;2;4;4;7;6;5;12;3;52;10;63;10;41;12;89;12;15;20;64;20;40;30;86;30;18;30;51;42;51;0;1;1;3;2;5;5;7;6;11;12;3;52;10;63;10;41;12;89;12;15;20;64;20;40;30;86;30;18;35;51;42;51;0;1;1;3;2;4;4;7;6;5;12;3;52;10;63;10;41;12;89;12;15;20;64;20;40;30;86;30;18;30;51;42;51;0;0;1;0;3;3;1;0;0;6;6;3;0;0;0;0;0;0;0;0;0;0;0;0;1;1;3;2;4;5;5;7;6;12;3;52;10;63;10;41;12;89;12;15;18;52;25;71;25;33;33;88;33;16;43;52;0;1;1;3;2;4;5;5;10;9;12;3;52;10;63;10;41;12;89;12;15;18;52;25;71;25;33;35;87;35;18;43;52;0;1;1;3;2;4;5;5;7;6;12;3;52;10;63;10;41;12;89;12;15;18;52;25;71;25;33;33;88;33;16;43;52;0;0;1;0;9;2;1;0;1;4;5;3;0;0;0;0;0;0;0;0;0;0;0;1;4;5;11;8;14;16;24;20;25;29;2;6;7;17;9;12;15;19;21;22;27;28;0;3;10;18;13;26;23;30;31;32;33;34;35;36;37;38;39;24;24;24;20;20;24;8;255;255;255;0;0;0;0;0;0;0
169;0;1;1;1;5;5;7;6;8;12;12;3;52;10;52;10;73;10;31;20;64;20;40;25;91;25;13;32;52;43;67;43;38;0;1;1;1;5;5;7;6;11;12;12;3;52;10;52;10;73;10;31;20;64;20;40;25;91;25;13;35;52;43;67;43;38;0;1;1;1;5;5;3;2;8;12;12;3;52;10;52;10;73;10;31;20;64;20;40;15;91;15;13;32;52;43;67;43;38;0;0;1;0;5;2;1;0;1;4;5;3;0;0;0;0;0;0;0;0;0;0;0;0;1;1;1;5;5;3;2;8;12;12;3;52;10;52;10;73;10;31;20;64;20;40;15;90;15;14;32;52;43;67;43;38;0;1;1;1;5;5;7;6;8;12;12;3;52;10;52;10;73;10;31;20;64;20;40;25;91;25;13;32;52;43;67;43;38;0;1;1;1;4;4;3;2;8;12;12;3;52;10;52;10;73;10;31;20;64;20;40;15;90;15;14;32;52;43;67;43;38;0;0;1;0;3;1;1;1;1;4;6;3;0;0;0;0;0;0;0;0;0;0;0;0;1;1;1;5;5;7;6;8;12;12;3;52;10;52;10;73;10;31;20;64;20;40;25;91;25;13;32;52;43;67;43;38;0;1;1;1;5;5;7;6;11;12;12;3;52;10;52;10;73;10;31;20;64;20;40;25;91;25;13;35;52;43;67;43;38;0;1;1;1;5;5;3;2;8;12;12;3;52;10;52;10;73;10;31;20;64;20;40;15;91;15;13;32;52;43;67;43;38;0;0;1;0;5;2;1;0;1;4;5;3;0;0;0;0;0;0;0;0;0;0;0;0;7;6;4;20;15;11;22;21;24;23;1;5;8;9;12;13;16;17;18;19;25;26;2;3;10;14;28;27;29;30;31;32;33;34;35;36;37;38;39;6;21;6;21;21;24;11;255;255;255;0;0;0;0;0;0;0
172;0;1;1;3;2;4;5;5;11;11;12;3;52;10;63;10;41;12;89;12;15;18;52;26;70;26;34;35;82;35;23;43;52;0;1;1;3;2;4;5;5;11;11;12;3;52;10;63;10;41;12;89;12;15;18;52;29;67;29;36;37;81;37;24;43;52;0;1;1;3;2;4;5;5;8;8;12;3;52;10;63;10;41;12;89;12;15;18;52;24;64;24;40;34;77;34;27;43;52;0;1;1;0;4;3;0;0;0;7;5;2;0;7;0;11;0;0;0;0;0;0;0;0;1;1;3;2;4;5;5;8;8;12;3;52;10;63;10;41;12;89;12;15;18;52;26;70;26;34;34;80;34;25;43;52;0;1;1;3;2;4;5;5;11;11;12;3;52;10;63;10;41;12;89;12;15;18;52;26;70;26;34;36;81;36;23;43;52;0;1;1;3;2;4;5;5;8;8;12;3;52;10;63;10;41;12;89;12;15;18;52;26;70;26;34;34;81;34;24;43;52;0;1;1;0;4;2;0;0;0;3;6;3;0;7;0;11;0;0;0;0;0;0;0;0;1;1;3;2;4;5;5;11;11;12;3;52;10;63;10;41;12;89;12;15;18;52;26;70;26;34;35;82;35;23;43;52;0;1;1;3;2;4;5;5;11;11;12;3;52;10;63;10;41;12;89;12;15;18;52;29;67;29;36;37;81;37;24;43;52;0;1;1;3;2;4;5;5;8;8;12;3;52;10;63;10;41;12;89;12;15;18;52;24;64;24;40;34;77;34;27;43;52;0;1;1;0;4;3;0;0;0;7;5;2;0;7;0;11;0;0;0;0;0;0;0;0;5;3;8;7;14;15;11;19;20;21;1;2;6;4;9;10;26;18;17;16;22;33;28;31;23;32;36;27;13;30;12;24;37;34;25;29;35;38;39;14;15;14;15;15;21;20;255;255;255;0;0;0;0;0;0;0
173;0;1;1;3;2;4;8;8;10;9;12;3;52;10;63;10;41;12;89;12;15;18;52;29;71;29;31;35;92;35;12;43;52;0;1;1;3;2;4;8;8;10;9;12;3;52;10;63;10;41;12;89;12;15;18;52;31;66;31;39;40;84;40;20;43;52;0;1;1;3;2;4;5;5;10;9;12;3;52;10;63;10;41;12;89;12;15;18;52;27;65;27;37;35;92;35;12;43;52;1;1;1;1;6;2;0;1;0;8;3;2;0;3;0;11;0;0;0;0;0;0;0;0;1;1;3;2;4;5;5;10;9;12;3;52;10;63;10;41;12;89;12;15;18;52;25;66;25;38;35;92;35;12;43;52;0;1;1;3;2;4;8;8;10;9;12;3;52;10;63;10;41;12;89;12;15;18;52;30;67;30;35;35;92;35;12;43;52;0;1;1;3;2;4;5;5;10;9;12;3;52;10;63;10;41;12;89;12;15;18;52;25;66;25;38;35;84;35;20;43;52;1;1;1;1;3;2;0;1;0;9;2;3;0;3;0;11;0;0;0;0;0;0;0;0;1;1;3;2;4;8;8;10;9;12;3;52;10;63;10;41;12;89;12;15;18;52;29;71;29;31;35;92;35;12;43;52;0;1;1;3;2;4;8;8;10;9;12;3;52;10;63;10;41;12;89;12;15;18;52;31;66;31;39;40;84;40;20;43;52;0;1;1;3;2;4;5;5;10;9;12;3;52;10;63;10;41;12;89;12;15;18;52;27;65;27;37;35;92;35;12;43;52;1;1;1;1;6;2;0;1;0;8;3;2;0;3;0;11;0;0;0;0;0;0;0;0;5;4;13;3;14;20;21;19;22;25;1;7;8;10;11;15;16;17;23;24;33;26;2;28;29;6;9;27;31;36;30;35;12;18;34;32;37;38;39;21;20;14;19;19;25;19;255;255;255;0;0;0;0;0;0;0
174;0;1;1;3;2;4;4;5;10;9;12;3;52;10;63;10;41;12;89;12;15;21;66;21;37;30;51;37;86;37;18;43;52;0;1;1;3;2;4;4;8;10;9;12;3;52;10;63;10;41;12;89;12;15;21;66;21;37;33;51;37;86;37;18;43;52;0;1;1;3;2;4;4;5;10;9;12;3;52;10;63;10;41;12;89;12;15;21;66;21;37;30;51;35;86;35;17;43;52;1;1;1;1;2;3;1;1;0;4;6;2;0;5;0;16;0;0;0;0;0;0;0;0;1;1;3;2;4;4;5;8;8;12;3;52;11;64;11;40;13;88;13;16;21;64;21;40;31;52;33;78;33;25;43;52;0;1;1;3;2;4;4;8;7;6;12;3;52;11;64;11;40;13;88;13;16;21;64;21;40;31;52;34;88;34;17;43;52;0;1;1;3;2;4;4;5;8;8;12;3;52;11;64;11;40;13;88;13;16;21;64;21;40;31;52;30;83;30;22;43;52;1;1;0;1;3;1;1;1;0;3;7;3;0;5;0;139637976727552;0;0;0;0;0;0;0;0;1;1;3;2;4;4;5;10;9;12;3;52;10;63;10;41;12;89;12;15;21;66;21;37;30;51;37;86;37;18;43;52;0;1;1;3;2;4;4;8;10;9;12;3;52;10;63;10;41;12;89;12;15;21;66;21;37;33;51;37;86;37;18;43;52;0;1;1;3;2;4;4;5;10;9;12;3;52;10;63;10;41;12;89;12;15;21;66;21;37;30;51;35;86;35;17;43;52;1;1;1;1;2;3;1;1;0;4;6;2;0;5;0;16;0;0;0;0;0;0;0;0;7;4;14;10;16;5;18;22;24;29;1;9;15;11;12;17;23;20;21;25;35;30;2;3;33;6;8;32;13;37;19;27;36;26;34;28;31;38;39;0;22;10;10;10;22;10;255;255;255;0;0;0;0;0;0;0
175;0;1;1;1;4;5;5;7;6;8;12;3;52;10;52;10;73;10;31;18;53;24;70;24;35;27;92;27;13;34;52;43;52;0;1;1;1;4;5;5;7;6;8;12;3;52;10;52;10;73;10;31;18;53;24;70;24;35;27;92;27;13;34;52;43;52;0;1;1;1;4;5;5;3;2;8;12;3;52;10;52;10;73;10;31;18;53;23;77;23;26;15;89;15;15;34;52;43;52;0;0;1;0;8;2;1;1;1;3;7;3;0;0;0;0;0;0;0;0;0;0;0;0;1;1;1;4;5;5;3;2;8;12;3;52;10;52;10;73;10;31;18;53;24;70;24;35;15;89;15;16;34;52;43;52;0;1;1;1;4;5;5;7;6;8;12;3;52;10;52;10;73;10;31;18;53;24;70;24;35;27;92;27;13;34;52;43;52;0;1;1;1;4;5;5;3;2;8;12;3;52;10;52;10;73;10;31;18;53;24;70;24;35;15;89;15;15;34;52;43;52;1;0;1;0;5;2;1;1;1;2;8;3;0;0;0;0;0;0;0;0;0;0;0;0;1;1;1;4;5;5;7;6;8;12;3;52;10;52;10;73;10;31;18;53;24;70;24;35;27;92;27;13;34;52;43;52;0;1;1;1;4;5;5;7;6;8;12;3;52;10;52;10;73;10;31;18;53;24;70;24;35;27;92;27;13;34;52;43;52;0;1;1;1;4;5;5;3;2;8;12;3;52;10;52;10;73;10;31;18;53;23;77;23;26;15;89;15;15;34;52;43;52;0;0;1;0;8;2;1;1;1;3;7;3;0;0;0;0;0;0;0;0;0;0;0;0;6;7;3;11;13;14;16;21;19;26;2;4;5;8;10;12;15;17;23;22;25;27;1;9;18;20;24;28;29;30;31;32;33;34;35;36;37;38;39;16;13;13;13;13;11;3;255;255;255;0;0;0;0;0;0;0
176;0;1;1;3;2;4;5;5;10;9;12;3;52;10;63;10;41;12;89;12;15;18;52;24;77;24;27;36;86;36;17;43;52;0;1;1;3;2;4;5;5;10;9;12;3;52;11;64;11;40;13;88;13;16;20;52;26;71;26;32;39;84;39;20;43;52;0;1;1;3;2;4;5;5;7;6;12;3;52;11;64;11;40;13;88;13;16;20;52;25;72;25;32;34;87;34;17;43;52;1;1;1;1;7;2;1;1;0;6;5;2;0;0;0;0;0;0;0;0;0;0;0;0;1;1;3;2;4;4;5;10;9;12;3;52;11;64;11;40;13;88;13;16;20;65;20;40;28;53;39;84;39;20;43;52;0;1;1;3;2;4;4;8;10;9;12;3;52;11;64;11;40;13;88;13;16;20;65;20;40;34;52;39;84;39;20;43;52;0;1;1;3;2;4;4;5;7;6;12;3;52;11;64;11;40;13;88;13;16;20;65;20;40;28;53;34;86;34;18;43;52;1;1;1;1;8;1;1;1;0;8;8;2;0;0;0;0;0;0;0;0;0;0;0;0;1;1;3;2;4;5;5;10;9;12;3;52;10;63;10;41;12;89;12;15;18;52;24;77;24;27;36;86;36;17;43;52;0;1;1;3;2;4;5;5;10;9;12;3;52;11;64;11;40;13;88;13;16;20;52;26;71;26;32;39;84;39;20;43;52;0;1;1;3;2;4;5;5;7;6;12;3;52;11;64;11;40;13;88;13;16;20;52;25;72;25;32;34;87;34;17;43;52;1;1;1;1;7;2;1;1;0;6;5;2;0;0;0;0;0;0;0;0;0;0;0;0;5;2;21;8;15;12;11;24;20;27;1;3;4;7;10;18;13;16;22;23;25;26;33;34;6;31;32;9;17;14;30;19;29;35;28;36;37;38;39;5;21;15;21;21;27;8;255;255;255;0;0;0;0;0;0;0
177;0;1;1;3;2;4;5;5;7;6;12;3;52;10;63;10;41;12;89;12;15;18;52;25;66;25;38;31;88;31;16;43;52;0;1;1;3;2;4;5;5;10;9;12;3;52;10;63;10;41;12;89;12;15;18;52;25;66;25;38;35;89;35;15;43;52;0;1;1;3;2;4;5;5;7;6;12;3;52;10;63;10;41;12;89;12;15;18;52;25;66;25;38;31;88;31;16;43;52;0;0;1;0;8;3;0;0;0;7;4;3;0;1;0;12;0;0;0;0;0;0;0;0;1;1;3;2;4;5;5;7;6;12;3;52;11;64;11;40;13;88;13;16;20;52;25;72;25;32;29;95;29;10;43;52;0;1;1;3;2;4;5;5;10;9;12;3;52;10;63;10;41;12;89;12;15;18;52;25;66;25;38;35;88;35;16;43;52;0;1;1;3;2;4;4;4;7;6;12;3;52;10;63;10;41;12;89;12;15;18;52;21;70;21;33;31;88;31;16;43;52;0;0;0;0;6;3;0;0;0;6;8;3;0;1;0;12;0;0;0;0;0;0;0;0;1;1;3;2;4;5;5;7;6;12;3;52;10;63;10;41;12;89;12;15;18;52;25;66;25;38;31;88;31;16;43;52;0;1;1;3;2;4;5;5;10;9;12;3;52;10;63;10;41;12;89;12;15;18;52;25;66;25;38;35;89;35;15;43;52;0;1;1;3;2;4;5;5;7;6;12;3;52;10;63;10;41;12;89;12;15;18;52;25;66;25;38;31;88;31;16;43;52;0;0;1;0;8;3;0;0;0;7;4;3;0;1;0;12;0;0;0;0;0;0;0;0;4;3;10;6;12;14;13;20;21;23;1;5;8;7;9;11;15;26;18;22;24;30;2;25;27;28;16;29;17;19;31;32;33;34;35;36;37;38;39;10;13;13;20;20;13;20;255;255;255;0;0;0;0;0;0;0
178;0;1;1;3;2;5;5;8;10;9;12;3;52;10;63;10;41;12;89;12;15;21;35;21;69;31;51;37;85;37;18;43;52;0;1;1;3;2;5;5;8;10;9;12;3;52;10;63;10;41;15;89;15;16;21;39;21;67;30;53;42;88;42;16;43;52;0;1;1;3;2;4;4;8;10;9;12;3;52;10;63;10;41;12;89;12;15;19;37;19;67;32;50;36;87;36;17;43;52;1;1;0;1;8;3;0;0;1;6;6;2;0;7;0;11;0;0;0;0;0;0;0;0;1;1;3;2;4;4;5;7;6;12;3;52;10;63;10;41;12;89;12;15;20;66;20;39;28;53;34;88;34;17;43;52;0;1;1;3;2;4;4;8;7;6;12;3;52;10;63;10;41;12;89;12;15;20;66;20;39;32;52;34;88;34;16;43;52;0;1;1;3;2;4;4;5;7;6;12;3;52;10;63;10;41;12;89;12;15;20;66;20;39;28;53;34;88;34;17;43;52;1;1;0;1;3;2;0;0;0;5;7;3;0;7;0;11;0;0;0;0;0;0;0;0;1;1;3;2;5;5;8;10;9;12;3;52;10;63;10;41;12;89;12;15;21;35;21;69;31;51;37;85;37;18;43;52;0;1;1;3;2;5;5;8;10;9;12;3;52;10;63;10;41;15;89;15;16;21;39;21;67;30;53;42;88;42;16;43;52;0;1;1;3;2;4;4;8;10;9;12;3;52;10;63;10;41;12;89;12;15;19;37;19;67;32;50;36;87;36;17;43;52;1;1;0;1;8;3;0;0;1;6;6;2;0;7;0;11;0;0;0;0;0;0;0;0;2;3;8;6;13;10;17;20;14;22;1;4;5;9;12;11;7;16;18;19;21;23;25;28;24;26;15;27;29;30;31;32;33;34;35;36;37;38;39;13;13;3;13;13;22;10;255;255;255;0;0;0;0;0;0;0
179;0;1;1;3;2;4;5;5;10;9;12;3;52;11;64;11;40;13;88;13;16;19;52;24;71;24;33;39;84;39;20;43;52;0;1;1;3;2;5;5;5;10;9;12;3;52;11;64;11;40;13;88;13;16;27;52;27;79;27;26;43;90;43;15;43;52;0;1;1;3;2;4;5;5;8;8;12;3;52;11;64;11;40;13;88;13;16;19;52;24;71;24;33;34;79;34;24;43;52;1;1;0;1;8;2;0;0;0;3;6;2;0;4;0;12;0;0;0;0;0;0;0;0;1;1;3;2;4;5;5;7;6;12;3;52;11;64;11;40;13;88;13;16;20;52;25;72;25;33;32;91;32;14;43;52;0;1;1;3;2;4;5;5;7;6;12;3;52;11;64;11;40;13;88;13;16;20;52;25;72;25;33;34;90;34;14;43;52;0;1;1;3;2;4;4;4;7;6;12;3;52;11;64;11;40;13;88;13;16;20;52;22;73;22;31;32;91;32;14;43;52;1;1;1;1;5;2;1;0;0;3;6;3;0;4;0;12;0;0;0;0;0;0;0;0;1;1;3;2;4;5;5;10;9;12;3;52;11;64;11;40;13;88;13;16;19;52;24;71;24;33;39;84;39;20;43;52;0;1;1;3;2;5;5;5;10;9;12;3;52;11;64;11;40;13;88;13;16;27;52;27;79;27;26;43;90;43;15;43;52;0;1;1;3;2;4;5;5;8;8;12;3;52;11;64;11;40;13;88;13;16;19;52;24;71;24;33;34;79;34;24;43;52;1;1;0;1;8;2;0;0;0;3;6;2;0;4;0;12;0;0;0;0;0;0;0;0;3;4;11;9;13;18;17;23;25;27;1;5;6;7;8;12;14;15;19;22;24;26;2;28;29;31;34;36;10;16;30;32;20;21;33;35;37;38;39;4;11;13;11;11;11;23;255;255;255;0;0;0;0;0;0;0
180;0;1;1;1;3;2;4;5;10;9;12;3;52;10;52;10;73;10;31;15;89;15;15;22;58;27;40;35;86;35;18;43;52;0;1;1;1;7;6;5;5;10;9;12;3;52;10;52;10;73;10;31;19;89;19;14;27;63;27;40;35;86;35;18;43;52;0;1;1;1;3;2;4;4;10;9;12;3;52;10;52;10;73;10;31;15;89;15;15;22;64;22;39;35;86;35;18;43;52;1;1;0;1;7;2;0;1;0;2;2;2;0;1;0;12;0;0;0;0;0;0;0;0;1;1;1;3;2;4;5;10;9;12;3;52;10;52;10;73;10;31;15;89;15;15;22;58;27;40;35;86;35;18;43;52;0;1;1;1;3;2;5;5;10;9;12;3;52;10;52;10;73;10;31;15;89;15;15;27;64;27;40;35;86;35;18;43;52;0;1;1;1;3;2;4;4;7;6;12;3;52;10;52;10;73;10;31;15;89;15;15;22;66;22;39;34;88;34;17;43;52;1;1;0;1;8;3;0;1;0;1;3;2;0;1;0;12;0;0;0;0;0;0;0;0;1;1;1;3;2;4;5;10;9;12;3;52;10;52;10;73;10;31;15;89;15;15;22;58;27;40;35;86;35;18;43;52;0;1;1;1;7;6;5;5;10;9;12;3;52;10;52;10;73;10;31;19;89;19;14;27;63;27;40;35;86;35;18;43;52;0;1;1;1;3;2;4;4;10;9;12;3;52;10;52;10;73;10;31;15;89;15;15;22;64;22;39;35;86;35;18;43;52;1;1;0;1;7;2;0;1;0;2;2;2;0;1;0;12;0;0;0;0;0;0;0;0;7;6;5;13;4;15;19;26;24;23;1;8;9;10;11;12;16;17;22;25;27;29;2;3;30;18;20;21;14;28;31;32;33;34;35;36;37;38;39;15;24;19;19;19;26;4;255;255;255;0;0;0;0;0;0;0
181;0;1;1;3;2;4;4;5;10;9;12;3;52;10;63;10;41;12;89;12;15;21;66;21;37;30;51;35;90;35;14;43;52;0;1;1;3;2;5;5;8;10;9;12;3;52;10;63;10;41;12;89;12;15;26;70;26;33;34;51;35;90;35;15;43;52;0;1;1;3;2;4;4;5;10;9;12;3;52;10;63;10;41;12;89;12;15;21;66;21;37;30;51;35;90;35;14;43;52;1;1;0;1;5;3;1;1;0;6;5;3;0;7;0;12;0;0;0;0;0;0;0;0;1;1;3;2;4;4;5;7;6;12;3;52;11;64;11;40;13;88;13;16;21;64;21;40;28;52;33;89;33;16;42;52;0;1;1;3;2;4;4;8;10;9;12;3;52;11;64;11;40;13;88;13;16;21;64;21;40;28;52;38;89;38;15;42;52;0;1;1;3;2;4;4;5;7;6;12;3;52;10;63;10;41;12;89;12;15;21;66;21;37;30;51;32;89;32;15;43;52;1;0;0;1;6;2;1;1;1;5;6;3;0;7;0;12;0;0;0;0;0;0;0;0;1;1;3;2;4;4;5;10;9;12;3;52;10;63;10;41;12;89;12;15;21;66;21;37;30;51;35;90;35;14;43;52;0;1;1;3;2;5;5;8;10;9;12;3;52;10;63;10;41;12;89;12;15;26;70;26;33;34;51;35;90;35;15;43;52;0;1;1;3;2;4;4;5;10;9;12;3;52;10;63;10;41;12;89;12;15;21;66;21;37;30;51;35;90;35;14;43;52;1;1;0;1;5;3;1;1;0;6;5;3;0;7;0;12;0;0;0;0;0;0;0;0;5;3;11;8;16;12;14;24;21;26;1;6;7;4;10;13;20;19;23;22;25;27;2;29;9;15;28;31;32;17;18;30;33;34;35;36;37;38;39;16;12;16;16;16;26;16;255;255;255;0;0;0;0;0;0;0
182;0;1;1;1;5;5;7;6;8;8;12;3;52;11;52;11;72;11;32;21;64;21;39;23;89;23;15;32;39;32;65;43;52;0;1;1;1;5;5;7;6;11;11;12;3;52;11;52;11;72;11;32;21;64;21;39;25;84;25;20;36;34;36;70;43;52;0;1;1;1;4;4;7;6;8;8;12;3;52;11;52;11;72;11;32;19;64;19;40;25;84;25;20;32;39;32;65;43;52;1;1;1;0;7;3;1;0;1;6;9;2;0;5;0;11;0;0;0;0;0;0;0;0;1;1;1;4;4;3;2;8;8;12;3;52;11;52;11;72;11;32;19;64;19;40;14;94;14;11;32;28;32;77;42;52;0;1;1;1;5;5;7;6;8;8;12;3;52;11;52;11;72;11;32;19;64;19;40;20;90;20;15;32;28;32;77;42;52;0;1;1;1;4;4;3;2;8;8;12;3;52;11;52;11;72;11;32;19;64;19;40;14;94;14;11;32;28;32;77;42;52;0;1;1;0;8;3;1;0;1;4;9;3;0;5;0;11;0;0;0;0;0;0;0;0;1;1;1;5;5;7;6;8;8;12;3;52;11;52;11;72;11;32;21;64;21;39;23;89;23;15;32;39;32;65;43;52;0;1;1;1;5;5;7;6;11;11;12;3;52;11;52;11;72;11;32;21;64;21;39;25;84;25;20;36;34;36;70;43;52;0;1;1;1;4;4;7;6;8;8;12;3;52;11;52;11;72;11;32;19;64;19;40;25;84;25;20;32;39;32;65;43;52;1;1;1;0;7;3;1;0;1;6;9;2;0;5;0;11;0;0;0;0;0;0;0;0;4;5;6;18;17;22;21;24;16;25;2;7;8;10;11;12;13;15;19;28;26;27;1;3;29;9;14;20;23;30;31;32;33;34;35;36;37;38;39;6;24;18;24;24;25;25;255;255;255;0;0;0;0;0;0;0
185;0;1;1;1;4;5;5;7;6;8;12;3;52;10;52;10;73;10;31;18;53;25;67;25;37;28;93;28;12;34;52;43;52;0;1;1;1;4;8;8;7;6;8;12;3;52;10;52;10;73;10;31;18;53;30;69;30;34;28;93;28;12;34;52;43;52;0;1;1;1;4;5;5;3;2;8;12;3;52;10;52;10;73;10;31;18;53;25;67;25;37;15;92;15;12;34;52;43;52;0;0;1;0;4;2;1;0;0;5;7;2;0;0;0;0;0;0;0;0;0;0;0;0;1;1;1;3;2;4;4;5;12;12;3;52;10;52;10;73;10;31;15;89;15;15;20;64;20;40;26;52;43;66;43;38;0;1;1;1;3;2;4;4;8;12;12;3;52;10;52;10;73;10;31;15;89;15;15;20;64;20;40;34;52;43;66;43;38;0;1;1;1;3;2;4;4;5;12;12;3;52;10;52;10;73;10;31;15;89;15;15;20;64;20;40;26;52;43;66;43;38;0;1;1;0;3;3;1;1;0;3;6;3;0;0;0;0;0;0;0;0;0;0;0;0;1;1;1;4;5;5;7;6;8;12;3;52;10;52;10;73;10;31;18;53;25;67;25;37;28;93;28;12;34;52;43;52;0;1;1;1;4;8;8;7;6;8;12;3;52;10;52;10;73;10;31;18;53;30;69;30;34;28;93;28;12;34;52;43;52;0;1;1;1;4;5;5;3;2;8;12;3;52;10;52;10;73;10;31;18;53;25;67;25;37;15;92;15;12;34;52;43;52;0;0;1;0;4;2;1;0;0;5;7;2;0;0;0;0;0;0;0;0;0;0;0;0;7;4;6;20;15;17;12;11;19;25;1;3;5;8;9;10;14;16;18;21;24;26;2;13;22;23;27;28;29;30;31;32;33;34;35;36;37;38;39;4;20;17;15;15;25;7;255;255;255;0;0;0;0;0;0;0
186;0;1;1;3;2;4;5;5;10;9;12;3;52;11;64;11;40;13;88;13;16;19;52;25;68;25;36;39;84;39;20;43;52;0;1;1;3;2;5;5;5;10;9;12;3;52;11;64;11;40;13;88;13;16;26;51;28;78;28;25;39;84;39;20;43;52;0;1;1;3;2;4;5;5;7;6;12;3;52;11;64;11;40;13;88;13;16;19;52;25;68;25;36;34;88;34;16;43;52;1;1;0;0;4;2;1;0;0;8;7;2;0;2;0;11;0;0;0;0;0;0;0;0;1;1;3;2;4;5;5;7;6;12;3;52;11;64;11;40;13;88;13;16;19;52;25;68;25;36;27;97;27;10;43;52;0;1;1;3;2;4;5;5;10;9;12;3;52;11;64;11;40;13;88;13;16;19;52;25;68;25;36;35;91;35;14;43;52;0;1;1;3;2;4;5;5;7;6;12;3;52;11;64;11;40;13;88;13;16;19;52;25;68;25;36;27;97;27;10;43;52;1;0;0;0;5;2;1;0;1;7;8;2;0;2;0;11;0;0;0;0;0;0;0;0;1;1;3;2;4;5;5;10;9;12;3;52;11;64;11;40;13;88;13;16;19;52;25;68;25;36;39;84;39;20;43;52;0;1;1;3;2;5;5;5;10;9;12;3;52;11;64;11;40;13;88;13;16;26;51;28;78;28;25;39;84;39;20;43;52;0;1;1;3;2;4;5;5;7;6;12;3;52;11;64;11;40;13;88;13;16;19;52;25;68;25;36;34;88;34;16;43;52;1;1;0;0;4;2;1;0;0;8;7;2;0;2;0;11;0;0;0;0;0;0;0;0;7;3;12;9;13;14;17;23;22;26;1;4;8;10;18;11;15;16;20;24;19;25;2;28;6;29;34;33;5;32;21;30;27;31;35;36;37;38;39;12;23;17;17;9;26;9;255;255;255;0;0;0;0;0;0;0
190;0;1;1;1;3;2;4;4;5;12;12;3;52;10;52;10;73;10;31;15;89;15;15;20;64;20;40;29;52;43;66;43;38;0;1;1;1;3;2;4;4;8;12;12;3;52;10;52;10;73;10;31;15;89;15;15;20;64;20;40;33;51;43;66;43;38;0;1;1;1;3;2;4;4;5;11;12;3;52;10;52;10;73;10;31;15;89;15;15;20;64;20;40;29;52;39;67;43;38;0;1;1;0;5;2;1;0;1;3;6;3;0;7;0;11;0;0;0;0;0;0;0;0;1;1;1;3;2;4;4;5;12;12;3;52;10;52;10;73;10;31;15;89;15;15;20;64;20;40;29;52;43;66;43;38;0;1;1;1;3;2;4;4;5;12;12;3;52;10;52;10;73;10;31;15;88;15;16;20;64;20;40;29;52;43;66;43;38;0;1;1;1;3;2;4;4;5;11;12;3;52;10;52;10;73;10;31;15;89;15;15;20;64;20;40;29;52;39;64;43;38;0;0;0;0;5;1;1;0;1;3;8;3;0;7;0;11;0;0;0;0;0;0;0;0;1;1;1;3;2;4;4;5;12;12;3;52;10;52;10;73;10;31;15;89;15;15;20;64;20;40;29;52;43;66;43;38;0;1;1;1;3;2;4;4;8;12;12;3;52;10;52;10;73;10;31;15;89;15;15;20;64;20;40;33;51;43;66;43;38;0;1;1;1;3;2;4;4;5;11;12;3;52;10;52;10;73;10;31;15;89;15;15;20;64;20;40;29;52;39;67;43;38;0;1;1;0;5;2;1;0;1;3;6;3;0;7;0;11;0;0;0;0;0;0;0;0;5;8;4;11;9;18;13;19;23;24;3;6;7;10;12;14;15;16;17;21;22;25;1;2;26;20;27;28;29;30;31;32;33;34;35;36;37;38;39;13;19;19;19;19;18;18;255;255;255;0;0;0;0;0;0;0
191;0;1;1;3;2;5;5;8;10;9;12;3;52;10;63;10;41;12;89;12;15;22;75;22;28;27;52;42;84;42;20;40;51;0;1;1;3;2;5;5;8;10;9;12;3;52;10;63;10;41;12;89;12;15;22;75;22;28;32;51;42;84;42;20;46;51;0;1;1;3;2;4;4;5;10;9;12;3;52;10;63;10;41;12;89;12;15;22;75;22;28;27;52;42;84;42;20;40;51;1;1;1;1;3;3;0;1;0;8;3;2;0;5;0;16;0;0;0;0;0;0;0;0;1;1;3;2;4;4;5;7;6;12;3;52;10;63;10;41;12;89;12;15;22;68;22;36;30;51;34;91;34;13;43;52;0;1;1;3;2;4;4;5;10;9;12;3;52;10;63;10;41;12;89;12;15;22;68;22;36;30;51;36;93;36;10;43;52;0;1;1;3;2;4;4;5;7;6;12;3;52;10;63;10;41;12;89;12;15;22;68;22;36;30;51;33;89;33;15;43;52;1;1;0;1;4;1;0;1;0;7;4;3;0;5;0;16;0;0;0;0;0;0;0;0;1;1;3;2;5;5;8;10;9;12;3;52;10;63;10;41;12;89;12;15;22;75;22;28;27;52;42;84;42;20;40;51;0;1;1;3;2;5;5;8;10;9;12;3;52;10;63;10;41;12;89;12;15;22;75;22;28;32;51;42;84;42;20;46;51;0;1;1;3;2;4;4;5;10;9;12;3;52;10;63;10;41;12;89;12;15;22;75;22;28;27;52;42;84;42;20;40;51;1;1;1;1;3;3;0;1;0;8;3;2;0;5;0;16;0;0;0;0;0;0;0;0;4;3;9;6;12;15;18;22;24;25;1;2;29;8;10;16;36;20;21;34;23;26;33;5;7;31;37;11;13;14;30;17;32;19;35;27;28;38;39;4;18;15;18;18;22;6;255;255;255;0;0;0;0;0;0;0
192;0;1;1;3;2;4;5;5;10;9;12;3;52;10;63;10;41;12;89;12;15;18;52;26;66;26;37;39;89;39;15;43;52;0;1;1;3;2;4;5;5;10;9;12;3;52;10;63;10;41;12;89;12;15;18;52;29;68;29;35;39;89;39;15;43;52;0;1;1;3;2;4;5;5;7;6;12;3;52;10;63;10;41;12;89;12;15;18;52;26;66;26;37;34;89;34;15;43;52;1;1;0;1;8;3;0;1;0;5;5;2;0;4;0;12;0;0;0;0;0;0;0;0;1;1;3;2;4;5;5;7;6;12;3;52;10;63;10;41;12;89;12;15;18;52;26;66;26;37;34;89;34;15;43;52;0;1;1;3;2;4;5;5;10;9;12;3;52;10;63;10;41;12;89;12;15;18;52;26;66;26;37;39;89;39;15;43;52;0;1;1;3;2;4;5;5;7;6;12;3;52;10;63;10;41;12;89;12;15;18;52;26;66;26;37;34;88;34;16;43;52;1;1;0;1;6;2;0;1;1;8;6;2;0;4;0;12;0;0;0;0;0;0;0;0;1;1;3;2;4;5;5;10;9;12;3;52;10;63;10;41;12;89;12;15;18;52;26;66;26;37;39;89;39;15;43;52;0;1;1;3;2;4;5;5;10;9;12;3;52;10;63;10;41;12;89;12;15;18;52;29;68;29;35;39;89;39;15;43;52;0;1;1;3;2;4;5;5;7;6;12;3;52;10;63;10;41;12;89;12;15;18;52;26;66;26;37;34;89;34;15;43;52;1;1;0;1;8;3;0;1;0;5;5;2;0;4;0;12;0;0;0;0;0;0;0;0;7;3;11;8;12;17;15;22;18;23;1;4;5;9;10;13;14;16;20;21;33;26;2;27;34;6;28;29;30;31;32;19;35;24;25;36;37;38;39;0;8;12;12;12;23;17;255;255;255;0;0;0;0;0;0;0
193;0;1;1;3;2;4;4;5;10;9;12;3;52;10;63;10;41;12;89;12;15;20;67;20;36;32;52;39;94;39;10;43;52;0;1;1;3;2;5;5;8;10;9;12;3;52;10;63;10;41;12;89;12;15;24;70;24;34;32;52;42;85;42;19;43;52;0;1;1;3;2;4;4;5;10;9;12;3;52;10;63;10;41;12;89;12;15;20;67;20;36;29;51;35;86;35;17;43;52;1;1;1;1;3;3;0;0;0;7;6;2;0;7;0;0;0;0;0;0;0;0;0;0;1;1;3;2;4;4;5;7;6;12;3;52;10;63;10;41;12;89;12;15;18;64;18;40;27;51;34;87;34;16;43;52;0;1;1;3;2;4;4;8;10;9;12;3;52;10;63;10;41;12;89;12;15;18;64;18;40;31;51;36;88;36;16;43;52;0;1;1;3;2;4;4;5;7;6;12;3;52;10;63;10;41;12;89;12;15;18;64;18;40;27;51;34;87;34;17;43;52;1;1;0;1;4;3;0;0;0;6;7;2;0;7;0;0;0;0;0;0;0;0;0;0;1;1;3;2;4;4;5;10;9;12;3;52;10;63;10;41;12;89;12;15;20;67;20;36;32;52;39;94;39;10;43;52;0;1;1;3;2;5;5;8;10;9;12;3;52;10;63;10;41;12;89;12;15;24;70;24;34;32;52;42;85;42;19;43;52;0;1;1;3;2;4;4;5;10;9;12;3;52;10;63;10;41;12;89;12;15;20;67;20;36;29;51;35;86;35;17;43;52;1;1;1;1;3;3;0;0;0;7;6;2;0;7;0;0;0;0;0;0;0;0;0;0;4;3;10;8;14;12;13;17;19;23;1;5;6;9;11;36;15;18;20;21;24;25;2;30;28;29;31;32;34;39;33;35;7;16;27;22;38;26;37;12;19;3;19;12;23;8;255;255;255;0;0;0;0;0;0;0
194;0;1;1;3;2;4;5;5;10;9;12;3;52;10;63;10;41;12;89;12;15;18;52;30;71;30;33;39;84;39;20;43;52;0;1;1;3;2;4;8;8;10;9;12;3;52;10;63;10;41;12;89;12;15;18;52;30;71;30;33;39;84;39;20;43;52;0;1;1;3;2;4;5;5;7;6;12;3;52;10;63;10;41;12;89;12;15;18;52;27;65;27;37;34;89;34;15;43;52;1;1;1;1;3;2;1;1;0;5;2;2;0;7;0;0;0;0;0;0;0;0;0;0;1;1;3;2;4;4;7;6;5;12;3;52;11;64;11;40;13;88;13;16;21;68;21;36;31;88;31;16;27;52;43;52;0;1;1;3;2;4;4;10;9;5;12;3;52;11;64;11;40;13;88;13;16;21;68;21;36;36;85;36;19;27;52;43;52;0;1;1;3;2;4;4;7;6;5;12;3;52;11;64;11;40;13;88;13;16;21;68;21;36;31;88;31;16;27;52;43;52;1;1;1;1;5;2;1;1;1;7;4;3;0;7;0;0;0;0;0;0;0;0;0;0;1;1;3;2;4;5;5;10;9;12;3;52;10;63;10;41;12;89;12;15;18;52;30;71;30;33;39;84;39;20;43;52;0;1;1;3;2;4;8;8;10;9;12;3;52;10;63;10;41;12;89;12;15;18;52;30;71;30;33;39;84;39;20;43;52;0;1;1;3;2;4;5;5;7;6;12;3;52;10;63;10;41;12;89;12;15;18;52;27;65;27;37;34;89;34;15;43;52;1;1;1;1;3;2;1;1;0;5;2;2;0;7;0;0;0;0;0;0;0;0;0;0;5;4;23;7;11;18;15;21;19;24;1;3;6;8;10;12;13;14;20;17;25;26;2;30;32;35;9;29;34;28;33;37;16;27;31;22;36;38;39;18;18;18;18;18;24;21;255;255;255;0;0;0;0;0;0;0
195;0;1;1;1;3;2;5;5;7;6;12;3;52;10;52;10;73;10;31;15;89;15;15;24;67;24;37;34;84;34;20;43;52;0;1;1;1;3;2;5;5;10;9;12;3;52;10;52;10;73;10;31;15;89;15;15;24;67;24;37;36;88;36;16;43;52;0;1;1;1;3;2;5;5;7;6;12;3;52;10;52;10;73;10;31;15;89;15;15;24;67;24;37;34;84;34;20;43;52;0;1;1;1;5;2;1;0;1;5;4;2;0;1;0;139637976727552;0;0;0;0;0;0;0;0;1;1;1;4;5;5;3;2;12;12;3;52;10;52;10;73;10;31;18;52;24;71;24;33;15;90;15;14;43;66;43;38;0;1;1;1;4;8;8;3;2;12;12;3;52;10;52;10;73;10;31;18;52;27;71;27;33;15;90;15;14;43;66;43;38;0;1;1;1;4;5;5;3;2;11;12;3;52;10;52;10;73;10;31;18;52;24;71;24;33;15;90;15;14;37;64;43;38;0;1;1;1;4;2;1;0;1;3;5;3;0;1;0;139637976727552;0;0;0;0;0;0;0;0;1;1;1;3;2;5;5;7;6;12;3;52;10;52;10;73;10;31;15;89;15;15;24;67;24;37;34;84;34;20;43;52;0;1;1;1;3;2;5;5;10;9;12;3;52;10;52;10;73;10;31;15;89;15;15;24;67;24;37;36;88;36;16;43;52;0;1;1;1;3;2;5;5;7;6;12;3;52;10;52;10;73;10;31;15;89;15;15;24;67;24;37;34;84;34;20;43;52;0;1;1;1;5;2;1;0;1;5;4;2;0;1;0;139637976727552;0;0;0;0;0;0;0;0;3;8;4;11;10;15;18;22;21;27;1;5;6;9;38;12;13;16;20;23;24;26;2;30;37;7;36;28;31;14;17;34;35;33;32;19;25;29;39;27;8;10;8;8;27;27;255;255;255;0;0;0;0;0;0;0
196;0;1;1;3;2;5;5;8;7;6;12;3;52;10;63;10;41;12;89;12;15;23;68;23;36;30;51;34;88;34;16;43;52;0;1;1;3;2;5;5;8;10;9;12;3;52;10;63;10;41;12;89;12;15;23;68;23;36;33;51;39;88;39;17;43;52;0;1;1;3;2;5;5;8;7;6;12;3;52;10;63;10;41;12;89;12;15;23;68;23;36;30;51;30;89;30;15;43;52;1;1;1;1;4;2;1;0;0;8;5;2;0;4;0;0;0;0;0;0;0;0;0;0;1;1;3;2;5;5;8;7;6;12;3;52;10;63;10;41;12;89;12;15;23;68;23;36;33;51;34;88;34;16;43;52;0;1;1;3;2;5;5;11;7;6;12;3;52;10;63;10;41;12;89;12;15;23;68;23;36;35;52;34;88;34;16;43;52;0;1;1;3;2;4;4;8;7;6;12;3;52;10;63;10;41;12;89;12;15;23;68;23;36;30;51;34;88;34;16;43;52;1;1;1;0;5;2;1;0;0;7;6;3;0;4;0;0;0;0;0;0;0;0;0;0;1;1;3;2;5;5;8;7;6;12;3;52;10;63;10;41;12;89;12;15;23;68;23;36;30;51;34;88;34;16;43;52;0;1;1;3;2;5;5;8;10;9;12;3;52;10;63;10;41;12;89;12;15;23;68;23;36;33;51;39;88;39;17;43;52;0;1;1;3;2;5;5;8;7;6;12;3;52;10;63;10;41;12;89;12;15;23;68;23;36;30;51;30;89;30;15;43;52;1;1;1;1;4;2;1;0;0;8;5;2;0;4;0;0;0;0;0;0;0;0;0;0;5;3;8;7;11;15;17;21;6;22;1;2;4;9;12;13;14;18;16;19;20;23;10;24;25;26;27;28;29;30;31;32;33;34;35;36;37;38;39;22;15;11;15;15;22;6;255;255;255;0;0;0;0;0;0;0
197;0;1;1;3;2;4;4;8;10;9;12;3;52;10;63;10;41;12;89;12;15;22;75;22;28;27;52;36;88;36;17;40;51;0;1;1;3;2;5;5;8;10;9;12;3;52;10;63;10;41;12;89;12;15;25;78;25;26;27;52;36;88;36;17;40;51;0;1;1;3;2;4;4;8;7;6;12;3;52;10;63;10;41;12;89;12;15;22;75;22;28;27;52;34;86;34;18;40;51;1;1;1;1;4;2;1;1;0;8;5;2;0;5;0;16;0;0;0;0;0;0;0;0;1;1;1;3;2;4;4;5;12;12;3;52;10;52;10;73;10;31;15;89;15;15;20;64;20;40;32;52;43;65;43;38;0;1;1;1;7;6;4;4;8;12;12;3;52;10;52;10;73;10;31;24;91;24;14;20;64;20;40;32;52;43;65;43;38;0;1;1;1;3;2;4;4;5;12;12;3;52;10;52;10;73;10;31;15;89;15;15;20;64;20;40;32;52;43;65;43;38;1;1;0;1;5;3;0;1;0;7;6;3;0;5;0;139637976727552;0;0;0;0;0;0;0;0;1;1;3;2;4;4;8;10;9;12;3;52;10;63;10;41;12;89;12;15;22;75;22;28;27;52;36;88;36;17;40;51;0;1;1;3;2;5;5;8;10;9;12;3;52;10;63;10;41;12;89;12;15;25;78;25;26;27;52;36;88;36;17;40;51;0;1;1;3;2;4;4;8;7;6;12;3;52;10;63;10;41;12;89;12;15;22;75;22;28;27;52;34;86;34;18;40;51;1;1;1;1;4;2;1;1;0;8;5;2;0;5;0;16;0;0;0;0;0;0;0;0;6;5;10;4;12;14;18;23;21;19;2;7;32;8;11;13;15;20;22;24;25;26;1;3;9;27;31;16;17;29;33;28;30;34;35;36;37;38;39;5;18;18;18;18;19;19;255;255;255;0;0;0;0;0;0;0
198;0;1;1;3;2;4;8;5;10;9;12;3;52;10;63;10;41;12;89;12;15;18;52;26;77;24;27;37;86;37;18;43;52;0;1;1;3;2;4;8;5;10;9;12;3;52;10;63;10;41;12;89;12;15;18;52;26;77;24;27;37;86;37;18;43;52;0;1;1;3;2;4;8;5;10;9;12;3;52;10;63;10;41;12;89;12;15;18;52;26;77;24;27;37;86;37;18;43;52;1;0;0;1;4;2;1;0;1;5;6;2;0;5;0;16;0;0;0;0;0;0;0;0;1;1;3;2;4;4;5;7;6;12;3;52;11;64;11;40;13;88;13;16;20;63;20;41;28;52;34;87;34;16;43;52;0;1;1;3;2;5;5;8;10;9;12;3;52;11;64;11;40;13;88;13;16;20;63;20;41;34;52;39;84;39;20;43;52;0;1;1;3;2;4;4;5;7;6;12;3;52;11;64;11;40;13;88;13;16;20;63;20;41;28;52;34;91;34;13;43;52;1;0;0;1;6;1;1;0;1;4;8;2;0;5;0;16;0;0;0;0;0;0;0;0;1;1;3;2;4;5;5;10;9;12;3;52;10;63;10;41;12;89;12;15;18;52;24;77;24;27;37;86;37;18;43;52;0;1;1;3;2;4;5;5;10;9;12;3;52;11;64;11;40;13;88;13;16;20;52;28;69;28;33;39;84;39;20;43;52;0;1;1;3;2;4;5;5;7;6;12;3;52;11;64;11;40;13;88;13;16;20;52;25;72;25;32;34;89;34;15;43;52;1;0;0;1;4;2;1;0;1;5;6;2;0;5;0;16;0;0;0;0;0;0;0;0;3;5;9;8;12;22;15;26;25;30;1;4;6;7;13;14;17;20;18;23;24;31;2;10;11;16;19;21;28;29;27;32;33;34;35;36;37;38;39;22;22;12;22;22;22;15;255;255;255;0;0;0;0;0;0;0
199;0;1;1;3;2;4;4;7;6;12;12;3;52;10;63;10;41;12;89;12;15;20;64;20;40;30;87;30;18;43;66;43;38;0;1;1;3;2;4;4;7;6;12;12;3;52;10;63;10;41;12;89;12;15;20;64;20;40;30;87;30;18;43;66;43;38;0;1;1;3;2;4;4;7;6;12;12;3;52;10;63;10;41;12;89;12;15;20;64;20;40;30;87;30;18;43;66;43;38;0;0;1;0;10;1;1;1;1;1;5;2;0;0;0;0;0;0;0;0;0;0;0;0;1;1;3;2;4;4;8;8;12;12;3;52;7;60;7;40;9;84;9;20;19;60;21;40;29;76;29;24;41;60;41;40;0;1;1;3;2;4;4;8;8;12;12;3;52;7;60;7;40;9;84;9;20;19;60;21;40;29;76;29;24;41;60;41;40;0;1;1;3;2;4;4;8;8;12;12;3;52;7;60;7;40;9;84;9;20;19;60;21;40;29;76;29;24;41;60;41;40;0;0;1;0;9;1;1;1;1;1;7;2;0;0;0;0;0;0;0;0;0;0;0;0;1;1;3;2;4;4;7;6;12;12;3;52;10;63;10;41;12;89;12;15;20;64;20;40;30;87;30;18;43;66;43;38;0;1;1;3;2;4;4;7;6;12;12;3;52;10;63;10;41;12;89;12;15;20;64;20;40;30;87;30;18;43;66;43;38;0;1;1;3;2;4;4;7;6;12;12;3;52;10;63;10;41;12;89;12;15;20;64;20;40;30;87;30;18;43;66;43;38;0;0;1;0;10;1;1;1;1;1;5;2;0;0;0;0;0;0;0;0;0;0;0;0;1;2;3;4;5;6;7;8;9;10;11;12;13;14;15;16;17;18;19;20;21;22;23;24;25;26;27;28;29;30;31;32;33;34;35;36;37;38;39;3;4;5;3;3;3;3;255;255;255;0;0;0;0;0;0;0
200;0;1;1;3;2;4;4;7;6;12;12;3;52;10;63;10;41;12;89;12;15;20;64;20;40;30;87;30;18;43;66;43;38;0;1;1;3;2;4;4;7;6;12;12;3;52;10;63;10;41;12;89;12;15;20;64;20;40;30;87;30;18;43;66;43;38;0;1;1;3;2;4;4;7;6;12;12;3;52;10;63;10;41;12;89;12;15;20;64;20;40;30;87;30;18;43;66;43;38;0;1;0;0;5;2;1;0;1;7;8;3;0;0;0;0;0;0;0;0;0;0;0;0;1;1;3;2;4;4;8;8;12;12;3;52;9;60;9;40;9;84;9;20;21;60;19;40;31;80;31;24;41;60;41;40;0;1;1;3;2;4;4;8;8;12;12;3;52;9;60;9;40;9;84;9;20;21;60;19;40;31;80;31;24;41;60;41;40;0;1;1;3;2;4;4;8;8;12;12;3;52;9;60;9;40;9;84;9;20;21;60;19;40;31;80;31;24;41;60;41;40;0;1;0;0;4;1;1;0;1;8;8;3;0;0;0;0;0;0;0;0;0;0;0;0;1;1;3;2;4;4;7;6;12;12;3;52;10;63;10;41;12;89;12;15;20;64;20;40;30;87;30;18;43;66;43;38;0;1;1;3;2;4;4;7;6;12;12;3;52;10;63;10;41;12;89;12;15;20;64;20;40;30;87;30;18;43;66;43;38;0;1;1;3;2;4;4;7;6;12;12;3;52;10;63;10;41;12;89;12;15;20;64;20;40;30;87;30;18;43;66;43;38;0;1;0;0;5;2;1;0;1;7;8;3;0;0;0;0;0;0;0;0;0;0;0;0;1;2;3;4;5;6;7;8;9;10;11;12;13;14;15;16;17;18;19;20;21;22;23;24;25;26;27;28;29;30;31;32;33;34;35;36;37;38;39;8;8;9;10;7;9;7;255;255;255;0;0;0;0;0;0;0
201;0;1;1;3;2;4;5;5;7;6;12;3;52;11;64;11;40;13;88;13;16;18;53;25;68;25;36;32;89;32;15;43;52;0;1;1;3;2;4;5;5;10;9;12;3;52;11;64;11;40;13;88;13;16;19;52;27;68;27;36;39;87;39;17;43;52;0;1;1;3;2;4;5;5;7;6;12;3;52;11;64;11;40;13;88;13;16;18;53;24;69;24;35;31;90;31;14;43;52;1;1;0;0;6;2;1;0;0;6;6;3;0;7;0;12;0;0;0;0;0;0;0;0;1;1;3;2;4;4;7;6;5;12;3;52;11;64;11;40;13;88;13;16;19;64;19;40;31;88;31;16;26;52;43;52;0;1;1;3;2;4;4;7;6;8;12;3;52;11;64;11;40;13;88;13;16;19;64;19;40;31;88;31;16;32;52;43;52;0;1;1;3;2;4;4;7;6;5;12;3;52;11;64;11;40;13;88;13;16;19;64;19;40;31;88;31;16;26;52;43;52;1;1;0;0;6;2;0;0;0;7;7;3;0;7;0;12;0;0;0;0;0;0;0;0;1;1;3;2;4;5;5;7;6;12;3;52;11;64;11;40;13;88;13;16;18;53;25;68;25;36;32;89;32;15;43;52;0;1;1;3;2;4;5;5;10;9;12;3;52;11;64;11;40;13;88;13;16;19;52;27;68;27;36;39;87;39;17;43;52;0;1;1;3;2;4;5;5;7;6;12;3;52;11;64;11;40;13;88;13;16;18;53;24;69;24;35;31;90;31;14;43;52;1;1;0;0;6;2;1;0;0;6;6;3;0;7;0;12;0;0;0;0;0;0;0;0;6;3;10;7;12;15;13;19;18;22;1;4;5;8;11;27;14;16;20;21;23;24;2;28;9;25;17;26;29;30;31;32;33;34;35;36;37;38;39;3;13;13;13;13;19;7;255;255;255;0;0;0;0;0;0;0
203;0;1;1;1;3;2;5;5;8;8;12;3;52;10;52;10;73;10;31;15;89;15;15;24;67;24;37;34;78;34;26;43;52;0;1;1;1;7;6;5;5;11;11;12;3;52;10;52;10;73;10;31;18;90;18;14;24;67;24;37;36;78;36;26;43;52;0;1;1;1;3;2;5;5;8;8;12;3;52;10;52;10;73;10;31;15;89;15;15;24;67;24;37;34;78;34;26;43;52;0;0;1;0;5;2;1;0;1;2;7;2;0;0;0;0;0;0;0;0;0;0;0;0;1;1;1;3;2;4;4;8;8;12;3;52;10;52;10;73;10;31;15;89;15;15;24;67;24;37;34;78;34;26;43;52;0;1;1;1;3;2;5;5;8;8;12;3;52;10;52;10;73;10;31;15;89;15;15;24;67;24;37;34;78;34;26;43;52;0;1;1;1;3;2;4;4;8;8;12;3;52;10;52;10;73;10;31;15;89;15;15;24;67;24;37;34;78;34;26;43;52;0;0;1;0;6;1;1;0;1;1;8;2;0;0;0;0;0;0;0;0;0;0;0;0;1;1;1;3;2;5;5;8;8;12;3;52;10;52;10;73;10;31;15;89;15;15;24;67;24;37;34;78;34;26;43;52;0;1;1;1;7;6;5;5;11;11;12;3;52;10;52;10;73;10;31;18;90;18;14;24;67;24;37;36;78;36;26;43;52;0;1;1;1;3;2;5;5;8;8;12;3;52;10;52;10;73;10;31;15;89;15;15;24;67;24;37;34;78;34;26;43;52;0;0;1;0;5;2;1;0;1;2;7;2;0;0;0;0;0;0;0;0;0;0;0;0;2;3;4;11;6;15;14;18;17;22;1;5;7;8;12;13;16;19;20;23;24;25;9;30;10;28;27;29;26;21;31;32;33;34;35;36;37;38;39;15;17;2;17;17;22;6;255;255;255;0;0;0;0;0;0;0
204;0;1;1;3;2;4;4;5;10;9;12;3;52;10;63;10;41;12;89;12;15;20;64;20;40;29;52;38;87;38;17;43;52;0;1;1;3;2;4;4;8;10;9;12;3;52;10;63;10;41;14;89;14;15;20;64;20;40;33;52;38;87;38;17;43;52;0;1;1;3;2;4;4;5;7;6;12;3;52;10;63;10;41;12;89;12;15;20;64;20;40;29;52;32;88;32;15;43;52;1;1;1;0;6;3;0;0;0;6;3;2;0;5;0;11;0;0;0;0;0;0;0;0;1;1;3;2;4;4;5;7;6;12;3;52;10;63;10;41;12;89;12;15;20;64;20;40;29;52;34;89;34;15;43;52;0;1;1;3;2;4;4;5;10;9;12;3;52;10;63;10;41;12;89;12;15;20;64;20;40;29;52;38;87;38;17;43;52;0;1;1;3;2;4;4;5;7;6;12;3;52;10;63;10;41;12;89;12;15;20;64;20;40;29;52;28;90;28;14;43;52;1;1;1;1;4;2;1;1;0;5;4;2;0;5;0;11;0;0;0;0;0;0;0;0;1;1;3;2;4;4;5;10;9;12;3;52;10;63;10;41;12;89;12;15;20;64;20;40;29;52;38;87;38;17;43;52;0;1;1;3;2;4;4;8;10;9;12;3;52;10;63;10;41;14;89;14;15;20;64;20;40;33;52;38;87;38;17;43;52;0;1;1;3;2;4;4;5;7;6;12;3;52;10;63;10;41;12;89;12;15;20;64;20;40;29;52;32;88;32;15;43;52;1;1;1;0;6;3;0;0;0;6;3;2;0;5;0;11;0;0;0;0;0;0;0;1;4;3;10;8;13;12;16;27;23;26;2;5;6;9;11;15;14;17;19;21;24;28;0;30;7;18;29;31;20;22;25;32;33;34;35;36;37;38;39;10;27;12;10;10;27;10;255;255;255;0;0;0;0;0;0;0
205;0;1;1;3;2;4;5;5;7;6;12;3;52;10;63;10;41;12;89;12;15;18;52;25;73;25;31;34;88;34;17;43;52;0;1;1;3;2;4;5;5;10;9;12;3;52;10;63;10;41;12;89;12;15;18;52;25;73;25;31;39;84;39;20;43;52;0;1;1;3;2;4;5;5;7;6;12;3;52;10;63;10;41;12;89;12;15;18;52;25;73;25;31;34;91;34;14;43;52;0;0;0;1;6;2;1;0;0;3;4;2;0;1;0;11;0;0;0;0;0;0;0;0;1;1;3;2;4;4;5;7;6;12;3;52;10;63;10;41;12;89;12;15;20;64;20;40;30;52;33;89;33;15;42;52;0;1;1;3;2;4;4;5;10;9;12;3;52;10;63;10;41;12;89;12;15;20;64;20;40;31;52;36;88;36;16;42;52;0;1;1;3;2;4;4;5;7;6;12;3;52;10;63;10;41;12;89;12;15;18;64;18;40;32;52;31;89;31;15;43;52;0;0;0;1;7;1;1;0;0;2;5;3;0;1;0;11;0;0;0;0;0;0;0;0;1;1;3;2;4;5;5;7;6;12;3;52;10;63;10;41;12;89;12;15;18;52;25;73;25;31;34;88;34;17;43;52;0;1;1;3;2;4;5;5;10;9;12;3;52;10;63;10;41;12;89;12;15;18;52;25;73;25;31;39;84;39;20;43;52;0;1;1;3;2;4;5;5;7;6;12;3;52;10;63;10;41;12;89;12;15;18;52;25;73;25;31;34;91;34;14;43;52;0;0;0;1;6;2;1;0;0;3;4;2;0;1;0;11;0;0;0;0;0;0;0;0;5;3;11;8;13;16;14;23;15;25;1;4;6;9;10;12;29;21;18;24;26;27;2;7;30;31;17;28;19;22;20;32;33;34;35;36;37;38;39;5;15;14;15;15;25;8;255;255;255;0;0;0;0;0;0;0
207;0;1;1;3;2;4;4;7;6;8;12;3;52;10;63;10;41;12;89;12;15;21;65;21;38;34;94;34;10;32;52;43;52;0;1;1;3;2;5;5;10;9;8;12;3;52;10;63;10;41;12;89;12;15;21;65;21;38;41;94;41;10;32;52;43;52;0;1;1;3;2;4;4;7;6;8;12;3;52;10;63;10;41;12;89;12;15;21;65;21;38;34;94;34;10;32;52;43;52;0;0;0;0;6;2;0;0;0;5;6;2;0;5;0;11;0;0;0;0;0;0;0;0;1;1;3;2;4;4;7;6;8;12;3;52;10;63;10;41;12;89;12;15;21;65;21;38;34;94;34;10;32;52;43;52;0;1;1;3;2;5;5;7;6;8;12;3;52;10;63;10;41;12;89;12;15;26;67;26;36;34;94;34;10;34;53;43;52;0;1;1;3;2;4;4;7;6;8;12;3;52;10;63;10;41;12;89;12;15;21;65;21;38;34;94;34;10;32;52;43;52;0;0;0;0;7;1;1;0;0;4;8;1;0;5;0;11;0;0;0;0;0;0;0;0;1;1;3;2;4;4;7;6;8;12;3;52;10;63;10;41;12;89;12;15;21;65;21;38;34;94;34;10;32;52;43;52;0;1;1;3;2;5;5;10;9;8;12;3;52;10;63;10;41;12;89;12;15;21;65;21;38;41;94;41;10;32;52;43;52;0;1;1;3;2;4;4;7;6;8;12;3;52;10;63;10;41;12;89;12;15;21;65;21;38;34;94;34;10;32;52;43;52;0;0;0;0;6;2;0;0;0;5;6;2;0;5;0;11;0;0;0;0;0;0;0;0;7;4;12;9;14;16;18;20;19;25;1;6;5;10;11;15;17;21;22;23;24;26;2;3;32;8;28;31;13;27;29;34;30;33;35;36;37;38;39;7;20;9;19;20;25;19;255;255;255;0;0;0;0;0;0;0
208;0;1;1;3;2;5;5;7;6;12;12;3;52;10;63;10;41;12;89;12;15;24;67;24;37;28;89;28;15;43;67;43;38;0;1;1;3;2;5;5;10;9;12;12;3;52;10;63;10;41;12;89;12;15;24;67;24;37;35;88;35;16;43;67;43;38;0;1;1;3;2;4;5;7;6;12;12;3;52;10;63;10;41;12;89;12;15;24;67;24;37;28;89;28;15;43;67;43;38;0;0;0;1;8;3;1;0;1;2;4;3;0;1;0;12;0;0;0;0;0;0;0;0;1;1;3;2;4;4;5;7;6;12;3;52;10;63;10;41;12;89;12;15;21;77;21;27;26;51;34;93;34;12;43;52;0;1;1;3;2;4;4;8;10;9;12;3;52;10;63;10;41;12;89;12;15;21;77;21;27;30;52;36;90;36;14;43;52;0;1;1;3;2;4;4;5;7;6;12;3;52;10;63;10;41;12;89;12;15;21;77;21;27;26;51;34;88;34;16;43;52;0;0;0;1;9;2;1;0;0;1;5;3;0;1;0;12;0;0;0;0;0;0;0;0;1;1;3;2;5;5;7;6;12;12;3;52;10;63;10;41;12;89;12;15;24;67;24;37;28;89;28;15;43;67;43;38;0;1;1;3;2;5;5;10;9;12;12;3;52;10;63;10;41;12;89;12;15;24;67;24;37;35;88;35;16;43;67;43;38;0;1;1;3;2;4;5;7;6;12;12;3;52;10;63;10;41;12;89;12;15;24;67;24;37;28;89;28;15;43;67;43;38;0;0;0;1;8;3;1;0;1;2;4;3;0;1;0;12;0;0;0;0;0;0;0;0;4;3;11;7;16;13;9;15;19;20;1;5;6;8;10;12;14;18;24;21;22;23;2;30;25;27;29;28;26;17;31;32;33;34;35;36;37;38;39;3;16;13;16;16;19;7;255;255;255;0;0;0;0;0;0;0
210;0;1;1;1;3;2;4;5;10;9;12;3;52;10;52;10;73;10;31;15;89;15;15;24;67;26;38;36;87;36;17;43;52;0;1;1;1;3;2;5;5;10;9;12;3;52;10;52;10;73;10;31;15;89;15;15;26;65;26;38;36;87;36;17;43;52;0;1;1;1;3;2;4;4;10;9;12;3;52;10;52;10;73;10;31;15;89;15;15;24;67;24;37;36;87;36;17;43;52;0;0;1;0;9;2;1;0;1;2;5;2;0;0;0;0;0;0;0;0;0;0;0;0;1;1;1;3;2;4;4;10;9;12;3;52;10;52;10;73;10;31;15;89;15;15;24;67;24;37;36;87;36;17;43;52;0;1;1;1;3;2;4;4;10;9;12;3;52;10;52;10;73;10;31;15;89;15;15;24;67;24;37;36;87;36;17;43;52;0;1;1;1;3;2;4;4;10;9;12;3;52;10;52;10;73;10;31;15;89;15;15;24;67;24;37;36;87;36;17;43;52;0;0;1;0;8;1;1;0;0;1;6;3;0;0;0;0;0;0;0;0;0;0;0;0;1;1;1;3;2;4;5;10;9;12;3;52;10;52;10;73;10;31;15;89;15;15;24;67;26;38;36;87;36;17;43;52;0;1;1;1;3;2;5;5;10;9;12;3;52;10;52;10;73;10;31;15;89;15;15;26;65;26;38;36;87;36;17;43;52;0;1;1;1;3;2;4;4;10;9;12;3;52;10;52;10;73;10;31;15;89;15;15;24;67;24;37;36;87;36;17;43;52;0;0;1;0;9;2;1;0;1;2;5;2;0;0;0;0;0;0;0;0;0;0;0;1;5;7;6;12;11;14;16;21;20;26;2;4;8;9;27;13;15;17;24;30;25;29;0;3;10;18;19;28;22;23;31;32;33;34;35;36;37;38;39;1;20;11;16;16;26;14;255;255;255;0;0;0;0;0;0;0
211;0;1;1;3;2;4;4;5;10;9;12;3;52;10;63;10;41;12;89;12;15;22;75;22;28;31;51;36;88;36;17;40;51;0;1;1;3;2;5;5;8;10;9;12;3;52;10;63;10;41;12;89;12;15;25;67;25;36;31;51;36;88;36;17;40;51;0;1;1;3;2;4;4;5;10;9;12;3;52;10;63;10;41;12;89;12;15;22;75;22;28;31;51;36;88;36;17;40;51;1;0;0;1;7;3;0;0;1;5;7;2;0;1;0;12;0;0;0;0;0;0;0;0;1;1;3;2;4;4;7;6;5;12;3;52;10;63;10;41;12;89;12;15;18;64;18;40;30;86;30;18;32;52;43;52;0;1;1;3;2;4;4;10;9;8;12;3;52;10;63;10;41;12;89;12;15;18;64;18;40;35;90;35;15;32;52;43;52;0;1;1;3;2;4;4;7;6;5;12;3;52;10;63;10;41;12;89;12;15;18;64;18;40;30;86;30;18;32;52;43;52;0;0;0;1;8;1;0;0;1;4;8;3;0;1;0;12;0;0;0;0;0;0;0;0;1;1;3;2;4;4;5;10;9;12;3;52;10;63;10;41;12;89;12;15;22;75;22;28;31;51;36;88;36;17;40;51;0;1;1;3;2;5;5;8;10;9;12;3;52;10;63;10;41;12;89;12;15;25;67;25;36;31;51;36;88;36;17;40;51;0;1;1;3;2;4;4;5;10;9;12;3;52;10;63;10;41;12;89;12;15;22;75;22;28;31;51;36;88;36;17;40;51;1;0;0;1;7;3;0;0;1;5;7;2;0;1;0;12;0;0;0;0;0;0;0;1;3;4;8;7;11;12;14;22;19;23;0;5;6;9;10;13;15;16;17;20;18;24;2;26;27;21;25;28;29;30;31;32;33;34;35;36;37;38;39;12;23;14;12;12;23;8;255;255;255;0;0;0;0;0;0;0
212;0;1;1;1;4;5;5;6;7;12;12;3;52;10;52;10;73;10;31;18;52;23;35;23;69;26;10;26;94;43;65;43;38;0;1;1;1;4;8;8;6;7;12;12;3;52;10;52;10;73;10;31;18;52;27;36;27;68;26;10;26;94;43;65;43;38;0;1;1;1;4;5;5;2;3;12;12;3;52;10;52;10;73;10;31;18;52;23;35;23;69;15;13;15;91;43;65;43;38;0;0;1;0;6;3;1;1;1;7;2;2;0;0;0;0;0;0;0;0;0;0;0;0;1;1;1;4;5;5;2;3;12;12;3;52;10;52;10;73;10;31;18;52;23;35;23;69;15;13;15;92;43;65;43;38;0;1;1;1;4;5;5;6;7;12;12;3;52;10;52;10;73;10;31;18;52;23;35;23;69;33;16;33;88;43;65;43;38;0;1;1;1;4;5;5;2;3;12;12;3;52;10;52;10;73;10;31;18;52;23;35;23;69;15;14;15;90;43;65;43;38;0;0;1;1;4;2;0;1;1;7;2;2;0;0;0;0;0;0;0;0;0;0;0;0;1;1;1;4;5;5;6;7;12;12;3;52;10;52;10;73;10;31;18;52;23;35;23;69;26;10;26;94;43;65;43;38;0;1;1;1;4;8;8;6;7;12;12;3;52;10;52;10;73;10;31;18;52;27;36;27;68;26;10;26;94;43;65;43;38;0;1;1;1;4;5;5;2;3;12;12;3;52;10;52;10;73;10;31;18;52;23;35;23;69;15;13;15;91;43;65;43;38;0;0;1;0;6;3;1;1;1;7;2;2;0;0;0;0;0;0;0;0;0;0;0;0;3;4;6;11;14;13;21;18;25;23;1;5;7;8;12;15;16;17;10;26;22;24;2;19;9;20;27;28;29;30;31;32;33;34;35;36;37;38;39;6;14;4;14;14;23;18;255;255;255;0;0;0;0;0;0;0
213;0;1;1;3;2;5;5;8;10;9;12;3;52;10;63;10;41;12;89;12;15;24;66;24;37;33;51;36;88;36;17;44;51;0;1;1;3;2;5;5;8;10;9;12;3;52;10;63;10;41;12;89;12;15;24;66;24;37;33;51;36;88;36;17;44;51;0;1;1;3;2;5;5;8;10;9;12;3;52;10;63;10;41;12;89;12;15;24;66;24;37;33;51;36;88;36;17;44;51;1;1;1;0;5;3;0;1;0;8;5;2;0;1;0;11;0;0;0;0;0;0;0;0;1;1;3;2;4;4;7;6;5;12;3;52;11;64;11;40;13;88;13;16;20;63;20;40;25;88;25;16;33;51;42;51;0;1;1;3;2;5;5;7;6;11;12;3;52;11;64;11;40;13;88;13;16;20;63;20;40;25;88;25;16;35;51;42;51;0;1;1;3;2;4;4;7;6;5;12;3;52;11;64;11;40;13;88;13;16;20;63;20;40;25;88;25;16;26;51;42;51;1;1;1;0;6;3;1;1;0;6;6;2;0;1;0;11;0;0;0;0;0;0;0;0;1;1;3;2;5;5;8;10;9;12;3;52;10;63;10;41;12;89;12;15;24;66;24;37;33;51;36;88;36;17;40;51;0;1;1;3;2;5;5;8;10;9;12;3;52;10;63;10;41;12;89;12;15;24;66;24;37;33;51;41;94;41;10;40;51;0;1;1;3;2;4;4;8;10;9;12;3;52;10;63;10;41;12;89;12;15;20;67;20;39;30;52;36;88;36;17;40;51;1;1;1;0;5;3;0;1;0;8;5;2;0;1;0;11;0;0;0;0;0;0;0;0;5;3;12;9;14;15;17;22;20;26;1;4;6;10;11;13;16;21;18;19;23;25;2;33;34;7;8;31;36;30;27;28;35;29;32;24;37;38;39;15;22;15;14;14;26;14;255;255;255;0;0;0;0;0;0;0
215;0;1;1;3;2;5;5;8;7;6;12;3;52;10;63;10;41;12;89;12;15;21;66;21;38;31;52;31;88;31;17;43;52;0;1;1;3;2;5;5;8;10;9;12;3;52;10;63;10;41;12;89;12;15;22;69;22;35;33;52;36;88;36;16;42;52;0;1;1;3;2;4;4;8;7;6;12;3;52;10;63;10;41;12;89;12;15;18;64;18;40;28;51;33;94;33;10;43;52;0;0;0;0;8;2;0;0;0;5;7;2;0;7;0;12;0;0;0;0;0;0;0;0;1;1;3;2;4;5;5;5;12;12;3;52;10;63;10;41;12;89;12;15;18;52;26;79;26;26;26;51;43;64;43;38;0;1;1;3;2;4;5;5;8;12;12;3;52;10;63;10;41;12;89;12;15;18;52;26;79;26;26;34;52;43;64;43;38;0;1;1;3;2;4;4;4;8;12;12;3;52;10;63;10;41;12;89;12;15;18;52;23;72;23;32;30;52;43;64;43;38;0;0;0;0;5;1;1;0;0;3;5;3;0;7;0;12;0;0;0;0;0;0;0;0;1;1;3;2;5;5;8;7;6;12;3;52;10;63;10;41;12;89;12;15;21;66;21;38;31;52;31;88;31;17;43;52;0;1;1;3;2;5;5;8;10;9;12;3;52;10;63;10;41;12;89;12;15;22;69;22;35;33;52;36;88;36;16;42;52;0;1;1;3;2;4;4;8;7;6;12;3;52;10;63;10;41;12;89;12;15;18;64;18;40;28;51;33;94;33;10;43;52;0;0;0;0;8;2;0;0;0;5;7;2;0;7;0;12;0;0;0;0;0;0;0;0;5;3;10;9;12;13;15;18;8;20;1;4;6;7;11;14;28;16;17;19;21;27;2;31;23;30;24;29;25;26;22;32;33;34;35;36;37;38;39;5;9;9;9;9;9;8;255;255;255;0;0;0;0;0;0;0
216;0;1;1;1;3;2;4;4;8;12;12;3;52;10;52;10;73;10;31;15;89;15;15;23;67;23;37;32;52;43;66;43;38;0;1;1;1;7;6;5;5;8;12;12;3;52;10;52;10;73;10;31;17;85;17;18;23;67;23;37;32;52;43;66;43;38;0;1;1;1;3;2;4;4;8;12;12;3;52;10;52;10;73;10;31;15;89;15;15;23;67;23;37;32;52;43;66;43;38;0;1;1;0;4;2;1;0;0;5;6;2;0;1;0;11;0;0;0;0;0;0;0;0;1;1;1;3;2;4;4;8;12;12;3;52;10;52;10;73;10;31;15;89;15;15;23;67;23;37;32;52;43;66;43;38;0;1;1;1;3;2;4;4;11;12;12;3;52;10;52;10;73;10;31;15;89;15;15;23;67;23;37;35;51;43;66;43;38;0;1;1;1;3;2;4;4;8;12;12;3;52;10;52;10;73;10;31;15;89;15;15;23;67;23;37;32;52;43;66;43;38;0;1;0;0;5;2;1;0;0;4;7;3;0;1;0;11;0;0;0;0;0;0;0;0;1;1;1;3;2;4;4;8;12;12;3;52;10;52;10;73;10;31;15;89;15;15;23;67;23;37;32;52;43;66;43;38;0;1;1;1;7;6;5;5;8;12;12;3;52;10;52;10;73;10;31;17;85;17;18;23;67;23;37;32;52;43;66;43;38;0;1;1;1;3;2;4;4;8;12;12;3;52;10;52;10;73;10;31;15;89;15;15;23;67;23;37;32;52;43;66;43;38;0;1;1;0;4;2;1;0;0;5;6;2;0;1;0;11;0;0;0;0;0;0;0;0;3;5;4;11;10;15;14;21;24;23;1;6;7;9;12;13;28;16;19;20;25;27;2;8;29;30;17;18;22;26;31;32;33;34;35;36;37;38;39;0;21;14;21;21;24;10;255;255;255;0;0;0;0;0;0;0
217;0;1;1;3;2;4;7;6;5;5;12;3;52;10;63;10;41;12;89;12;15;18;52;33;86;33;18;27;67;27;37;43;52;0;1;1;3;2;4;7;6;8;8;12;3;52;10;63;10;41;12;89;12;15;18;52;33;86;33;18;33;64;33;40;43;52;0;1;1;3;2;4;7;6;5;5;12;3;52;10;63;10;41;12;89;12;15;18;52;33;86;33;18;27;67;27;37;43;52;1;1;1;1;4;2;0;1;0;7;5;2;0;7;0;12;0;0;0;0;0;0;0;0;1;1;3;2;4;7;6;5;5;12;3;52;10;63;10;41;12;89;12;15;18;52;33;86;33;18;27;67;27;37;43;52;0;1;1;3;2;4;10;9;5;5;12;3;52;10;63;10;41;12;89;12;15;18;52;35;87;35;17;27;67;27;37;43;52;0;1;1;3;2;4;7;6;5;5;12;3;52;10;63;10;41;12;89;12;15;18;52;33;86;33;18;27;67;27;37;43;52;1;1;1;1;7;2;0;0;0;4;7;3;0;7;0;12;0;0;0;0;0;0;0;0;1;1;3;2;4;7;6;5;5;12;3;52;10;63;10;41;12;89;12;15;18;52;33;86;33;18;27;67;27;37;43;52;0;1;1;3;2;4;7;6;8;8;12;3;52;10;63;10;41;12;89;12;15;18;52;33;86;33;18;33;64;33;40;43;52;0;1;1;3;2;4;7;6;5;5;12;3;52;10;63;10;41;12;89;12;15;18;52;33;86;33;18;27;67;27;37;43;52;1;1;1;1;4;2;0;1;0;7;5;2;0;7;0;12;0;0;0;0;0;0;0;0;4;9;12;10;3;19;21;15;16;25;1;5;8;11;6;13;14;17;22;24;23;26;2;31;7;29;35;36;30;18;28;33;34;20;32;27;37;38;39;9;21;16;16;16;21;10;255;255;255;0;0;0;0;0;0;0
218;0;1;1;1;4;5;5;7;6;12;12;3;52;10;52;10;73;10;31;18;53;25;68;25;36;27;94;27;10;43;66;43;38;0;1;1;1;4;8;8;7;6;12;12;3;52;10;52;10;73;10;31;18;53;30;69;30;37;27;94;27;10;43;66;43;38;0;1;1;1;4;5;5;3;2;12;12;3;52;10;52;10;73;10;31;18;53;25;68;25;36;15;89;15;15;43;66;43;38;0;1;1;0;6;2;1;0;0;3;6;2;0;2;0;12;0;0;0;0;0;0;0;0;1;1;1;3;2;4;5;5;12;12;3;52;10;52;10;73;10;31;15;89;15;15;19;53;29;76;29;28;43;66;43;38;0;1;1;1;3;2;4;8;8;12;12;3;52;10;52;10;73;10;31;15;89;15;15;19;53;29;76;29;28;43;66;43;38;0;1;1;1;3;2;4;5;5;12;12;3;52;10;52;10;73;10;31;15;89;15;15;19;53;29;76;29;28;43;66;43;38;0;0;1;0;7;2;1;0;0;2;7;3;0;2;0;12;0;0;0;0;0;0;0;0;1;1;1;4;5;5;7;6;12;12;3;52;10;52;10;73;10;31;18;53;25;68;25;36;27;94;27;10;43;66;43;38;0;1;1;1;4;8;8;7;6;12;12;3;52;10;52;10;73;10;31;18;53;30;69;30;37;27;94;27;10;43;66;43;38;0;1;1;1;4;5;5;3;2;12;12;3;52;10;52;10;73;10;31;18;53;25;68;25;36;15;89;15;15;43;66;43;38;0;1;1;0;6;2;1;0;0;3;6;2;0;2;0;12;0;0;0;0;0;0;0;0;5;6;3;11;9;10;13;17;20;21;1;2;4;7;14;8;26;15;12;16;18;22;24;25;27;19;23;28;29;30;31;32;33;34;35;36;37;38;39;10;10;10;10;10;20;17;255;255;255;0;0;0;0;0;0;0
219;0;1;1;3;2;4;4;7;6;8;12;3;52;10;63;10;41;12;89;12;15;18;64;18;40;30;86;30;18;32;52;43;52;0;1;1;3;2;5;5;7;6;8;12;3;52;10;63;10;41;12;89;12;15;18;64;18;40;30;86;30;18;32;52;43;52;0;1;1;3;2;4;4;7;6;8;12;3;52;10;63;10;41;12;89;12;15;18;64;18;40;30;86;30;18;32;52;43;52;1;1;1;0;4;2;1;0;0;7;7;3;0;4;0;11;0;0;0;0;0;0;0;0;1;1;3;2;4;4;7;6;8;12;3;52;10;63;10;41;12;89;12;15;18;64;18;40;30;86;30;18;32;52;43;52;0;1;1;3;2;4;4;7;6;8;12;3;52;10;63;10;41;12;89;12;15;18;64;18;40;30;86;30;18;32;52;43;52;0;1;1;3;2;4;4;7;6;8;12;3;52;10;63;10;41;12;89;12;15;18;64;18;40;30;86;30;18;32;52;43;52;1;1;1;0;5;2;1;0;0;6;8;3;0;4;0;11;0;0;0;0;0;0;0;0;1;1;3;2;4;4;7;6;8;12;3;52;10;63;10;41;12;89;12;15;18;64;18;40;30;86;30;18;32;52;43;52;0;1;1;3;2;5;5;7;6;8;12;3;52;10;63;10;41;12;89;12;15;18;64;18;40;30;86;30;18;32;52;43;52;0;1;1;3;2;4;4;7;6;8;12;3;52;10;63;10;41;12;89;12;15;18;64;18;40;30;86;30;18;32;52;43;52;1;1;1;0;4;2;1;0;0;7;7;3;0;4;0;11;0;0;0;0;0;0;0;0;3;2;5;4;9;15;14;10;11;17;1;6;7;8;19;12;16;18;13;20;21;22;23;24;25;26;27;28;29;30;31;32;33;34;35;36;37;38;39;0;9;9;9;9;9;10;255;255;255;0;0;0;0;0;0;0
221;0;1;1;1;3;2;5;5;10;9;12;3;52;10;52;10;73;10;31;15;89;15;15;24;63;24;40;35;88;35;16;43;52;0;1;1;1;7;6;5;5;10;9;12;3;52;10;52;10;73;10;31;16;88;16;16;24;63;24;40;35;88;35;16;43;52;0;1;1;1;3;2;4;4;8;8;12;3;52;10;52;10;73;10;31;15;89;15;15;21;65;21;38;34;80;34;24;43;52;0;0;1;0;4;2;1;1;1;3;5;2;0;1;0;12;0;0;0;0;0;0;0;0;1;1;1;3;2;5;5;7;6;12;3;52;10;52;10;73;10;31;15;89;15;15;24;63;24;40;34;88;34;16;43;52;0;1;1;1;3;2;5;5;7;6;12;3;52;10;52;10;73;10;31;15;89;15;15;24;63;24;40;34;90;34;14;43;52;0;1;1;1;3;2;4;4;7;6;12;3;52;10;52;10;73;10;31;15;89;15;15;24;63;24;40;34;89;34;15;43;52;0;0;1;0;5;2;1;1;1;2;6;2;0;1;0;12;0;0;0;0;0;0;0;0;1;1;1;3;2;5;5;10;9;12;3;52;10;52;10;73;10;31;15;89;15;15;24;63;24;40;35;88;35;16;43;52;0;1;1;1;7;6;5;5;10;9;12;3;52;10;52;10;73;10;31;16;88;16;16;24;63;24;40;35;88;35;16;43;52;0;1;1;1;3;2;4;4;8;8;12;3;52;10;52;10;73;10;31;15;89;15;15;21;65;21;38;34;80;34;24;43;52;0;0;1;0;4;2;1;1;1;3;5;2;0;1;0;12;0;0;0;0;0;0;0;0;6;7;5;11;22;16;14;18;23;25;1;8;10;12;21;4;15;17;24;26;27;28;2;3;9;13;19;20;29;30;31;32;33;34;35;36;37;38;39;7;18;14;14;14;25;11;255;255;255;0;0;0;0;0;0;0
225;0;1;1;1;4;4;8;7;6;12;12;3;52;10;52;10;73;10;31;20;70;20;34;33;52;26;94;26;10;43;67;43;38;0;1;1;1;5;5;8;7;6;12;12;3;52;10;52;10;73;10;31;24;68;24;36;33;52;26;94;26;10;43;67;43;38;0;1;1;1;4;4;8;7;6;12;12;3;52;10;52;10;73;10;31;20;70;20;34;33;52;20;94;20;10;43;67;43;38;1;1;0;1;3;2;0;0;1;4;7;2;0;0;0;0;0;0;0;0;0;0;0;0;1;1;1;4;4;8;3;2;12;12;3;52;10;52;10;73;10;31;20;70;20;34;33;52;15;90;15;14;43;67;43;38;0;1;1;1;4;4;8;7;6;12;12;3;52;10;52;10;73;10;31;20;70;20;34;33;52;26;94;26;10;43;67;43;38;0;1;1;1;4;4;8;3;2;12;12;3;52;10;52;10;73;10;31;20;70;20;34;33;52;15;90;15;14;43;67;43;38;0;0;0;0;8;2;0;0;1;4;7;3;0;0;0;0;0;0;0;0;0;0;0;0;1;1;1;4;4;8;7;6;12;12;3;52;10;52;10;73;10;31;20;70;20;34;33;52;26;94;26;10;43;67;43;38;0;1;1;1;5;5;8;7;6;12;12;3;52;10;52;10;73;10;31;24;68;24;36;33;52;26;94;26;10;43;67;43;38;0;1;1;1;4;4;8;7;6;12;12;3;52;10;52;10;73;10;31;20;70;20;34;33;52;20;94;20;10;43;67;43;38;1;1;0;1;3;2;0;0;1;4;7;2;0;0;0;0;0;0;0;0;0;0;0;0;6;5;4;15;11;18;10;22;25;24;3;7;8;12;14;16;17;19;20;21;26;27;1;2;28;9;29;13;23;30;31;32;33;34;35;36;37;38;39;24;18;11;11;11;25;4;255;255;255;0;0;0;0;0;0;0
226;0;1;1;3;2;5;8;8;10;9;12;3;52;10;63;10;41;14;91;14;14;21;52;28;75;28;29;37;87;37;17;43;52;0;1;1;3;2;5;8;8;10;9;12;3;52;10;63;10;41;14;91;14;14;21;52;28;75;28;29;37;87;37;17;43;52;0;1;1;3;2;4;8;8;7;6;12;3;52;10;63;10;41;14;91;14;14;20;51;28;75;28;29;34;89;34;16;43;52;0;0;0;0;6;2;0;0;1;7;4;2;0;0;0;0;0;0;0;0;0;0;0;0;1;1;3;2;5;5;8;7;6;12;3;52;10;63;10;41;12;89;12;15;23;74;23;29;30;51;33;89;33;15;43;52;0;1;1;3;2;5;5;8;10;9;12;3;52;10;63;10;41;12;89;12;15;23;74;23;29;30;51;37;87;37;17;43;52;0;1;1;3;2;4;4;8;7;6;12;3;52;10;63;10;41;12;89;12;15;23;74;23;29;30;51;34;89;34;15;43;52;0;0;0;0;5;2;0;1;1;7;7;2;0;0;0;0;0;0;0;0;0;0;0;0;1;1;3;2;5;8;8;10;9;12;3;52;10;63;10;41;14;91;14;14;21;52;28;75;28;29;37;87;37;17;43;52;0;1;1;3;2;5;8;8;10;9;12;3;52;10;63;10;41;14;91;14;14;21;52;28;75;28;29;37;87;37;17;43;52;0;1;1;3;2;4;8;8;7;6;12;3;52;10;63;10;41;14;91;14;14;20;51;28;75;28;29;34;89;34;16;43;52;0;0;0;0;6;2;0;0;1;7;4;2;0;0;0;0;0;0;0;0;0;0;0;0;5;4;10;8;14;18;20;22;21;25;1;6;7;9;11;16;17;15;29;23;24;26;2;3;30;33;12;13;31;19;32;27;28;34;35;36;37;38;39;5;22;20;20;20;20;8;255;255;255;0;0;0;0;0;0;0
227;0;1;1;3;2;5;5;8;10;9;12;3;52;10;63;10;41;12;89;12;15;23;68;23;37;32;52;37;89;37;16;43;52;0;1;1;3;2;5;5;11;10;9;12;3;52;10;63;10;41;12;89;12;15;23;68;23;37;35;52;37;89;37;16;43;52;0;1;1;3;2;5;5;8;11;11;12;3;52;10;63;10;41;12;89;12;15;23;68;23;37;32;52;36;81;36;23;43;52;1;1;0;1;8;3;1;0;1;7;7;2;0;0;0;0;0;0;0;0;0;0;0;0;1;1;3;2;4;5;5;7;6;12;3;52;10;63;10;41;12;89;12;15;18;52;27;70;27;33;32;91;32;13;43;52;0;1;1;3;2;4;5;5;10;9;12;3;52;10;63;10;41;12;89;12;15;18;52;27;70;27;33;35;92;35;13;43;52;0;1;1;3;2;4;5;5;7;6;12;3;52;10;63;10;41;12;89;12;15;18;52;27;70;27;33;32;91;32;13;43;52;1;1;1;1;4;2;1;1;1;3;5;3;0;0;0;0;0;0;0;0;0;0;0;0;1;1;3;2;5;5;8;10;9;12;3;52;10;63;10;41;12;89;12;15;23;68;23;37;32;52;37;89;37;16;43;52;0;1;1;3;2;5;5;11;10;9;12;3;52;10;63;10;41;12;89;12;15;23;68;23;37;35;52;37;89;37;16;43;52;0;1;1;3;2;5;5;8;11;11;12;3;52;10;63;10;41;12;89;12;15;23;68;23;37;32;52;36;81;36;23;43;52;1;1;0;1;8;3;1;0;1;7;7;2;0;0;0;0;0;0;0;0;0;0;0;0;3;5;11;9;12;15;16;19;18;23;1;4;25;8;10;20;13;14;17;21;22;24;2;6;7;26;27;28;29;30;31;32;33;34;35;36;37;38;39;9;18;18;15;15;23;5;255;255;255;0;0;0;0;0;0;0
231;0;1;1;3;2;4;4;7;6;12;12;3;52;10;63;10;41;12;89;12;15;20;64;20;40;30;87;30;18;43;66;43;38;0;1;1;3;2;5;5;10;9;12;12;3;52;10;63;10;41;12;89;12;15;24;64;24;41;35;90;35;14;43;66;43;38;0;1;1;3;2;4;4;7;6;11;12;3;52;10;63;10;41;12;89;12;15;20;64;20;40;30;87;30;18;38;64;43;38;1;0;0;1;7;2;0;0;0;2;3;2;0;0;0;0;0;0;0;0;0;0;0;0;1;1;3;2;4;4;5;7;6;12;3;52;10;63;10;41;12;89;12;15;21;68;21;36;29;50;34;89;34;16;43;52;0;1;1;3;2;4;4;5;10;9;12;3;52;10;63;10;41;12;89;12;15;21;68;21;36;29;50;42;85;42;19;43;52;0;1;1;3;2;4;4;5;7;6;12;3;52;10;63;10;41;12;89;12;15;21;68;21;36;29;50;33;89;33;16;43;52;1;0;1;1;4;2;0;0;0;5;2;3;0;0;0;0;0;0;0;0;0;0;0;0;1;1;3;2;4;4;7;6;12;12;3;52;10;63;10;41;12;89;12;15;20;64;20;40;30;87;30;18;43;66;43;38;0;1;1;3;2;5;5;10;9;12;12;3;52;10;63;10;41;12;89;12;15;24;64;24;41;35;90;35;14;43;66;43;38;0;1;1;3;2;4;4;7;6;11;12;3;52;10;63;10;41;12;89;12;15;20;64;20;40;30;87;30;18;38;64;43;38;1;0;0;1;7;2;0;0;0;2;3;2;0;0;0;0;0;0;0;0;0;0;0;0;8;7;10;9;13;15;11;19;25;26;1;4;5;6;12;30;14;18;21;27;29;31;2;3;16;17;24;20;22;23;28;32;33;34;35;36;37;38;39;15;13;9;13;13;26;9;255;255;255;0;0;0;0;0;0;0
232;0;1;1;3;2;4;4;7;6;12;12;3;52;10;63;10;41;12;89;12;15;20;64;20;40;30;87;30;18;43;66;43;38;0;1;1;3;2;5;5;7;6;12;12;3;52;10;63;10;41;12;89;12;15;24;66;24;38;30;87;30;18;43;66;43;38;0;1;1;3;2;4;4;7;6;11;12;3;52;10;63;10;41;12;89;12;15;20;64;20;40;30;87;30;18;39;64;43;38;1;0;1;1;6;3;0;0;0;3;7;2;0;0;0;0;0;0;0;0;0;0;0;0;1;1;3;2;4;5;5;7;6;12;3;52;10;63;10;41;12;89;12;15;18;52;27;70;27;35;34;91;34;14;43;52;0;1;1;3;2;4;5;5;10;9;12;3;52;10;63;10;41;12;89;12;15;18;52;27;70;27;35;36;87;36;17;43;52;0;1;1;3;2;4;5;5;7;6;12;3;52;10;63;10;41;12;89;12;15;18;52;27;70;27;35;34;88;34;16;43;52;0;0;0;1;7;2;0;0;1;4;8;3;0;0;0;0;0;0;0;0;0;0;0;0;1;1;3;2;4;4;7;6;12;12;3;52;10;63;10;41;12;89;12;15;20;64;20;40;30;87;30;18;43;66;43;38;0;1;1;3;2;5;5;7;6;12;12;3;52;10;63;10;41;12;89;12;15;24;66;24;38;30;87;30;18;43;66;43;38;0;1;1;3;2;4;4;7;6;11;12;3;52;10;63;10;41;12;89;12;15;20;64;20;40;30;87;30;18;39;64;43;38;1;0;1;1;6;3;0;0;0;3;7;2;0;0;0;0;0;0;0;0;0;0;0;0;5;4;13;10;15;17;23;12;26;27;1;3;6;14;16;18;20;22;24;25;28;29;2;7;8;9;11;19;21;30;31;32;33;34;35;36;37;38;39;17;17;17;17;17;27;5;255;255;255;0;0;0;0;0;0;0
234;0;1;1;1;4;4;7;6;8;8;12;3;52;10;52;10;73;10;31;19;65;19;39;24;88;24;16;34;66;34;39;43;52;0;1;1;1;5;5;7;6;11;11;12;3;52;10;52;10;73;10;31;19;65;19;39;24;88;24;16;36;72;36;34;43;52;0;1;1;1;4;4;7;6;8;8;12;3;52;10;52;10;73;10;31;19;65;19;39;19;90;19;14;34;66;34;39;43;52;1;1;0;1;3;3;0;0;0;7;7;2;0;5;0;16;0;0;0;0;0;0;0;0;1;1;1;4;4;7;6;5;5;12;3;52;10;52;10;73;10;31;18;64;18;40;23;91;23;13;27;65;27;39;42;52;0;1;1;1;4;4;7;6;8;8;12;3;52;10;52;10;73;10;31;18;64;18;40;24;88;24;15;34;70;34;35;42;54;0;1;1;1;4;4;3;2;5;5;12;3;52;10;52;10;73;10;31;19;65;19;39;15;89;15;15;28;66;28;40;43;52;1;1;0;1;4;2;0;0;0;4;8;3;0;5;0;139637976727552;0;0;0;0;0;0;0;0;1;1;1;4;4;7;6;8;8;12;3;52;10;52;10;73;10;31;19;65;19;39;24;88;24;16;34;66;34;39;43;52;0;1;1;1;5;5;7;6;11;11;12;3;52;10;52;10;73;10;31;19;65;19;39;24;88;24;16;36;72;36;34;43;52;0;1;1;1;4;4;7;6;8;8;12;3;52;10;52;10;73;10;31;19;65;19;39;19;90;19;14;34;66;34;39;43;52;1;1;0;1;3;3;0;0;0;7;7;2;0;5;0;16;0;0;0;0;0;0;0;0;8;6;4;10;9;11;15;12;19;22;1;3;5;7;16;13;14;25;20;18;21;23;2;28;33;17;26;24;27;29;31;30;32;34;35;36;37;38;39;9;19;10;19;19;22;4;255;255;255;0;0;0;0;0;0;0
235;0;1;1;1;5;5;7;6;8;8;12;3;52;10;52;10;73;10;31;20;65;20;40;26;90;26;13;34;64;34;39;42;51;0;1;1;1;5;5;7;6;11;11;12;3;52;10;52;10;73;10;31;20;65;20;40;26;90;26;13;36;68;36;37;42;51;0;1;1;1;4;4;7;6;8;8;12;3;52;10;52;10;73;10;31;20;65;20;40;20;89;20;15;34;68;34;35;42;51;0;0;1;1;4;2;1;0;0;7;3;2;0;7;0;12;0;0;0;0;0;0;0;0;1;1;1;4;4;3;2;8;8;12;3;52;10;52;10;73;10;31;20;65;20;40;15;92;15;12;34;64;34;39;42;51;0;1;1;1;4;4;7;6;8;8;12;3;52;10;52;10;73;10;31;20;65;20;40;26;90;26;13;34;64;34;39;42;51;0;1;1;1;4;4;3;2;5;5;12;3;52;10;52;10;73;10;31;20;65;20;40;15;92;15;12;31;78;31;25;42;51;0;0;1;0;5;2;1;0;0;4;3;2;0;7;0;12;0;0;0;0;0;0;0;0;1;1;1;5;5;7;6;8;8;12;3;52;10;52;10;73;10;31;20;65;20;40;26;90;26;13;34;64;34;39;42;51;0;1;1;1;5;5;7;6;11;11;12;3;52;10;52;10;73;10;31;20;65;20;40;26;90;26;13;36;68;36;37;42;51;0;1;1;1;4;4;7;6;8;8;12;3;52;10;52;10;73;10;31;20;65;20;40;20;89;20;15;34;68;34;35;42;51;0;0;1;1;4;2;1;0;0;7;3;2;0;7;0;12;0;0;0;0;0;0;0;0;8;4;7;18;16;12;20;23;22;29;1;5;6;10;13;21;17;19;25;27;30;32;2;3;9;11;14;15;34;24;26;28;31;33;35;36;37;38;39;8;22;18;16;16;29;4;255;255;255;0;0;0;0;0;0;0
237;0;1;1;1;3;2;5;5;10;9;12;3;52;10;52;10;73;10;31;15;89;15;15;22;64;22;40;35;86;35;17;43;52;0;1;1;1;3;2;5;5;10;9;12;3;52;10;52;10;73;10;31;15;91;15;14;26;65;26;38;38;88;38;17;41;53;0;1;1;1;3;2;4;4;7;6;12;3;52;10;52;10;73;10;31;15;89;15;15;20;64;20;40;34;86;34;18;43;52;0;0;0;1;3;2;1;1;1;6;4;2;0;0;0;0;0;0;0;0;0;0;0;0;1;1;1;3;2;4;4;7;6;12;3;52;10;52;10;73;10;31;15;89;15;15;20;64;20;40;34;86;34;18;43;52;0;1;1;1;3;2;4;4;10;9;12;3;52;10;52;10;73;10;31;15;89;15;15;20;64;20;40;35;88;35;17;43;52;0;1;1;1;3;2;4;4;7;6;12;3;52;10;52;10;73;10;31;15;89;15;15;20;64;20;40;34;86;34;18;43;52;0;0;0;1;4;1;1;1;1;5;6;3;0;0;0;0;0;0;0;0;0;0;0;0;1;1;1;3;2;5;5;10;9;12;3;52;10;52;10;73;10;31;15;89;15;15;22;64;22;40;35;86;35;17;43;52;0;1;1;1;3;2;5;5;10;9;12;3;52;10;52;10;73;10;31;15;91;15;14;26;65;26;38;38;88;38;17;41;53;0;1;1;1;3;2;4;4;7;6;12;3;52;10;52;10;73;10;31;15;89;15;15;20;64;20;40;34;86;34;18;43;52;0;0;0;1;3;2;1;1;1;6;4;2;0;0;0;0;0;0;0;0;0;0;0;0;8;5;7;17;10;13;15;20;25;22;2;4;9;6;11;12;19;14;16;18;27;21;1;3;23;24;26;28;29;30;31;32;33;34;35;36;37;38;39;10;25;13;20;20;22;5;255;255;255;0;0;0;0;0;0;0
238;0;1;1;1;3;2;4;5;5;12;12;3;52;10;52;10;73;10;31;15;89;15;15;21;51;27;71;27;33;43;66;43;39;0;1;1;1;7;6;4;5;5;12;12;3;52;10;52;10;73;10;31;26;92;26;12;17;52;25;69;25;35;43;66;43;39;0;1;1;1;3;2;4;4;5;12;12;3;52;10;52;10;73;10;31;15;89;15;15;22;68;22;34;29;51;43;66;43;39;0;1;1;1;3;2;1;0;1;2;8;2;0;7;0;11;0;0;0;0;0;0;0;0;1;1;1;3;2;4;4;5;12;12;3;52;10;52;10;73;10;31;15;89;15;15;20;64;20;40;27;52;43;66;43;38;0;1;1;1;7;6;4;4;8;12;12;3;52;10;52;10;73;10;31;24;88;24;16;20;64;20;40;31;51;43;66;43;38;0;1;1;1;3;2;4;4;5;11;12;3;52;10;52;10;73;10;31;15;89;15;15;20;64;20;40;27;52;39;63;43;38;0;1;1;1;8;2;1;0;1;5;7;3;0;7;0;11;0;0;0;0;0;0;0;0;1;1;1;3;2;4;5;5;12;12;3;52;10;52;10;73;10;31;15;89;15;15;21;51;27;71;27;33;43;66;43;39;0;1;1;1;7;6;4;5;5;12;12;3;52;10;52;10;73;10;31;26;92;26;12;17;52;25;69;25;35;43;66;43;39;0;1;1;1;3;2;4;4;5;12;12;3;52;10;52;10;73;10;31;15;89;15;15;22;68;22;34;29;51;43;66;43;39;0;1;1;1;3;2;1;0;1;2;8;2;0;7;0;11;0;0;0;0;0;0;0;0;5;4;3;11;8;13;15;14;22;21;1;6;7;26;9;12;16;17;18;10;19;20;2;27;24;25;23;28;29;30;31;32;33;34;35;36;37;38;39;4;15;15;15;15;21;14;255;255;255;0;0;0;0;0;0;0
240;0;1;1;1;3;2;4;4;10;9;12;3;52;10;52;10;73;10;31;15;89;15;15;22;64;22;38;36;84;36;20;43;52;0;1;1;1;3;2;5;5;10;9;12;3;52;10;52;10;73;10;31;15;89;15;15;25;64;25;39;36;86;36;18;43;52;0;1;1;1;3;2;4;4;8;8;12;3;52;10;52;10;73;10;31;15;89;15;15;20;64;20;40;34;79;34;25;43;52;0;0;0;0;6;2;0;0;1;7;5;2;0;4;0;12;0;0;0;0;0;0;0;0;1;1;1;3;2;4;4;7;6;12;3;52;10;52;10;73;10;31;15;89;15;15;20;64;20;40;34;86;34;18;43;52;0;1;1;1;3;2;5;5;11;11;12;3;52;10;52;10;73;10;31;15;89;15;15;20;64;20;40;35;81;35;24;43;52;0;1;1;1;3;2;4;4;7;6;12;3;52;10;52;10;73;10;31;15;89;15;15;20;64;20;40;34;86;34;18;43;52;0;0;0;0;7;2;0;0;1;5;7;3;0;4;0;12;0;0;0;0;0;0;0;0;1;1;1;3;2;4;4;10;9;12;3;52;10;52;10;73;10;31;15;89;15;15;22;64;22;38;36;84;36;20;43;52;0;1;1;1;3;2;5;5;10;9;12;3;52;10;52;10;73;10;31;15;89;15;15;25;64;25;39;36;86;36;18;43;52;0;1;1;1;3;2;4;4;8;8;12;3;52;10;52;10;73;10;31;15;89;15;15;20;64;20;40;34;79;34;25;43;52;0;0;0;0;6;2;0;0;1;7;5;2;0;4;0;12;0;0;0;0;0;0;0;1;7;6;5;12;11;15;20;27;25;28;2;8;9;33;13;14;32;16;17;23;26;29;0;3;4;10;31;18;19;21;22;24;30;34;35;36;37;38;39;20;15;20;15;15;28;27;255;255;255;0;0;0;0;0;0;0
242;0;1;1;3;2;4;4;8;10;9;12;3;52;10;63;10;41;12;89;12;15;23;68;23;37;32;52;37;89;37;16;43;52;0;1;1;3;2;5;5;8;10;9;12;3;52;10;63;10;41;12;89;12;15;23;68;23;37;32;52;37;89;37;16;43;52;0;1;1;3;2;4;4;8;10;9;12;3;52;10;63;10;41;12;89;12;15;23;68;23;37;32;52;37;89;37;16;43;52;1;1;1;1;4;3;0;0;0;8;2;2;0;5;0;12;0;0;0;0;0;0;0;0;1;1;3;2;4;4;5;7;6;12;3;52;11;64;11;40;13;88;13;16;20;67;20;39;28;52;33;90;33;14;43;52;0;1;1;3;2;4;4;5;10;9;12;3;52;11;64;11;40;13;88;13;16;20;67;20;39;28;52;35;91;35;13;43;52;0;1;1;3;2;4;4;5;7;6;12;3;52;11;64;11;40;13;88;13;16;20;67;20;39;28;52;33;90;33;14;43;52;1;1;1;1;5;3;1;0;0;7;3;2;0;5;0;12;0;0;0;0;0;0;0;0;1;1;3;2;4;4;8;10;9;12;3;52;10;63;10;41;12;89;12;15;23;68;23;37;32;52;37;89;37;16;43;52;0;1;1;3;2;5;5;8;10;9;12;3;52;10;63;10;41;12;89;12;15;23;68;23;37;32;52;37;89;37;16;43;52;0;1;1;3;2;4;4;8;10;9;12;3;52;10;63;10;41;12;89;12;15;23;68;23;37;32;52;37;89;37;16;43;52;1;1;1;1;4;3;0;0;0;8;2;2;0;5;0;12;0;0;0;0;0;0;0;0;5;4;12;10;15;14;18;24;20;26;1;6;7;9;11;16;17;19;23;25;27;28;2;3;8;31;33;13;35;30;34;36;21;22;29;32;37;38;39;15;18;14;18;18;26;10;255;255;255;0;0;0;0;0;0;0
244;0;1;1;3;2;5;5;7;6;12;12;3;52;10;63;10;41;12;89;12;15;20;64;20;40;30;87;30;18;43;65;43;38;0;1;1;3;2;5;8;7;6;12;12;3;52;10;63;10;41;12;89;12;15;18;52;26;51;30;87;30;18;43;65;43;38;0;1;1;3;2;4;4;7;6;11;12;3;52;10;63;10;41;12;89;12;15;20;64;20;40;24;87;24;17;39;66;43;38;0;0;1;1;3;2;1;1;0;7;3;3;0;5;0;12;0;0;0;0;0;0;0;0;1;1;3;2;4;4;7;6;12;12;3;52;10;63;10;41;12;89;12;15;20;64;20;40;30;87;30;18;43;65;43;38;0;1;1;3;2;5;5;7;6;12;12;3;52;10;63;10;41;12;89;12;15;20;64;20;40;30;87;30;18;43;65;43;38;0;1;1;3;2;4;4;7;6;12;12;3;52;10;63;10;41;12;89;12;15;20;64;20;40;30;87;30;18;43;65;43;38;0;0;1;1;2;2;1;1;0;6;3;3;0;5;0;12;0;0;0;0;0;0;0;0;1;1;3;2;5;5;7;6;12;12;3;52;10;63;10;41;12;89;12;15;20;64;20;40;30;87;30;18;43;65;43;38;0;1;1;3;2;5;8;7;6;12;12;3;52;10;63;10;41;12;89;12;15;18;52;26;51;30;87;30;18;43;65;43;38;0;1;1;3;2;4;4;7;6;11;12;3;52;10;63;10;41;12;89;12;15;20;64;20;40;24;87;24;17;39;66;43;38;0;0;1;1;3;2;1;1;0;7;3;3;0;5;0;12;0;0;0;0;0;0;0;0;5;11;4;10;13;20;14;26;24;19;2;6;7;9;12;15;17;16;21;22;23;25;1;3;8;18;27;29;28;30;31;32;33;34;35;36;37;38;39;19;20;13;20;20;20;19;255;255;255;0;0;0;0;0;0;0
245;0;1;1;3;2;5;5;5;10;9;12;3;52;10;63;10;41;12;89;12;15;21;51;25;79;25;25;37;91;37;11;43;52;0;1;1;3;2;5;8;8;10;9;12;3;52;10;63;10;41;12;89;12;15;22;51;27;76;27;27;36;87;36;18;43;52;0;1;1;3;2;5;5;5;8;8;12;3;52;10;63;10;41;12;89;12;15;18;52;24;76;24;28;34;77;34;27;43;52;1;0;0;1;6;2;1;1;1;5;8;2;0;5;0;0;0;0;0;0;0;0;0;0;1;1;3;2;4;5;5;7;6;12;3;52;10;63;10;41;12;89;12;15;18;52;27;76;27;27;34;94;34;10;43;52;0;1;1;3;2;4;5;5;10;9;12;3;52;10;63;10;41;12;89;12;15;18;52;27;76;27;27;36;87;36;18;43;52;0;1;1;3;2;4;5;5;7;6;12;3;52;10;63;10;41;12;89;12;15;18;52;24;73;24;32;34;92;34;12;43;52;1;0;1;1;7;1;1;1;1;4;9;3;0;5;0;0;0;0;0;0;0;0;0;0;1;1;3;2;5;5;5;10;9;12;3;52;10;63;10;41;12;89;12;15;21;51;25;79;25;25;37;91;37;11;43;52;0;1;1;3;2;5;8;8;10;9;12;3;52;10;63;10;41;12;89;12;15;22;51;27;76;27;27;36;87;36;18;43;52;0;1;1;3;2;5;5;5;8;8;12;3;52;10;63;10;41;12;89;12;15;18;52;24;76;24;28;34;77;34;27;43;52;1;0;0;1;6;2;1;1;1;5;8;2;0;5;0;0;0;0;0;0;0;0;0;1;6;5;8;7;13;11;10;20;18;23;2;3;4;27;9;14;12;15;17;19;24;25;0;28;16;22;21;29;26;30;31;32;33;34;35;36;37;38;39;5;18;10;10;10;23;7;255;255;255;0;0;0;0;0;0;0
246;0;1;1;3;2;4;5;5;8;12;12;3;52;10;63;10;41;12;89;12;15;18;52;28;78;28;27;32;52;43;66;43;38;0;1;1;3;2;4;5;5;11;12;12;3;52;10;63;10;41;15;88;15;16;18;52;27;79;27;25;35;51;43;66;43;38;0;1;1;3;2;4;4;4;8;12;12;3;52;10;63;10;41;12;89;12;15;18;52;23;75;23;29;28;52;43;66;43;38;0;0;1;1;3;3;1;0;0;6;4;2;0;1;0;139637976727552;0;0;0;0;0;0;0;0;1;1;3;2;4;5;5;7;6;12;3;52;10;63;10;41;12;89;12;15;18;52;26;68;26;36;33;92;33;13;43;52;0;1;1;3;2;4;5;5;10;9;12;3;52;10;63;10;41;12;89;12;15;18;52;26;68;26;36;42;85;42;19;43;52;0;1;1;3;2;4;4;4;7;6;12;3;52;10;63;10;41;12;89;12;15;18;52;23;69;23;33;29;94;29;10;43;52;0;0;1;1;7;1;1;1;0;4;2;2;0;1;0;16;0;0;0;0;0;0;0;0;1;1;3;2;4;5;5;8;12;12;3;52;10;63;10;41;12;89;12;15;18;52;28;78;28;27;32;52;43;66;43;38;0;1;1;3;2;4;5;5;11;12;12;3;52;10;63;10;41;15;88;15;16;18;52;27;79;27;25;35;51;43;66;43;38;0;1;1;3;2;4;4;4;8;12;12;3;52;10;63;10;41;12;89;12;15;18;52;23;75;23;29;28;52;43;66;43;38;0;0;1;1;3;3;1;0;0;6;4;2;0;1;0;139637976727552;0;0;0;0;0;0;0;0;6;4;7;9;17;14;18;20;16;26;1;5;8;12;13;15;19;21;23;24;25;27;2;3;10;11;22;28;29;30;31;32;33;34;35;36;37;38;39;7;9;9;9;9;9;4;255;255;255;0;0;0;0;0;0;0
247;0;1;1;1;5;5;7;6;11;11;12;3;52;10;52;10;73;10;31;21;66;21;39;25;91;25;13;36;36;36;69;43;52;0;1;1;1;5;5;7;6;11;11;12;3;52;10;52;10;73;10;31;21;66;21;39;25;91;25;13;36;36;36;69;43;52;0;1;1;1;4;4;7;6;8;8;12;3;52;10;52;10;73;10;31;19;66;19;37;25;91;25;13;33;35;33;70;43;52;0;0;1;0;9;2;1;1;1;2;6;3;0;0;0;0;0;0;0;0;0;0;0;0;1;1;1;5;5;3;2;11;11;12;3;52;10;52;10;73;10;31;21;66;21;39;14;92;14;12;36;36;36;69;43;52;0;1;1;1;5;5;7;6;11;11;12;3;52;10;52;10;73;10;31;21;66;21;39;25;91;25;13;36;36;36;69;43;52;0;1;1;1;5;5;3;2;8;8;12;3;52;10;52;10;73;10;31;21;66;21;39;14;91;14;13;33;26;33;78;43;52;0;0;1;1;5;2;1;1;1;1;7;3;0;0;0;0;0;0;0;0;0;0;0;0;1;1;1;5;5;7;6;11;11;12;3;52;10;52;10;73;10;31;21;66;21;39;25;91;25;13;36;36;36;69;43;52;0;1;1;1;5;5;7;6;11;11;12;3;52;10;52;10;73;10;31;21;66;21;39;25;91;25;13;36;36;36;69;43;52;0;1;1;1;4;4;7;6;8;8;12;3;52;10;52;10;73;10;31;19;66;19;37;25;91;25;13;33;35;33;70;43;52;0;0;1;0;9;2;1;1;1;2;6;3;0;0;0;0;0;0;0;0;0;0;0;1;4;3;7;18;11;21;13;19;20;23;0;27;6;8;9;5;10;17;22;24;25;26;2;12;14;16;15;28;29;30;31;32;33;34;35;36;37;38;39;7;20;20;20;20;20;21;255;255;255;0;0;0;0;0;0;0
250;0;1;1;3;2;5;5;5;10;9;12;3;52;11;64;11;40;13;88;13;16;21;52;27;75;27;29;39;84;39;20;43;52;0;1;1;3;2;5;8;8;10;9;12;3;52;11;64;11;40;13;88;13;16;25;52;30;68;30;35;39;84;39;20;43;52;0;1;1;3;2;4;5;5;7;6;12;3;52;11;64;11;40;13;88;13;16;20;53;23;77;23;27;33;88;33;16;43;52;0;0;0;0;3;2;0;0;1;7;3;2;0;1;0;12;0;0;0;0;0;0;0;0;1;1;3;2;4;4;5;7;6;12;3;52;11;64;11;40;13;88;13;16;20;65;20;40;28;52;33;89;33;15;43;52;0;1;1;3;2;4;4;5;10;9;12;3;52;11;64;11;40;13;88;13;16;20;65;20;40;28;52;39;84;39;20;43;52;0;1;1;3;2;4;4;5;7;6;12;3;52;11;64;11;40;13;88;13;16;20;65;20;40;28;52;30;89;30;15;43;52;0;0;0;0;4;3;1;0;1;1;5;2;0;1;0;12;0;0;0;0;0;0;0;0;1;1;3;2;5;5;5;10;9;12;3;52;11;64;11;40;13;88;13;16;21;52;27;75;27;29;39;84;39;20;43;52;0;1;1;3;2;5;8;8;10;9;12;3;52;11;64;11;40;13;88;13;16;25;52;30;68;30;35;39;84;39;20;43;52;0;1;1;3;2;4;5;5;7;6;12;3;52;11;64;11;40;13;88;13;16;20;53;23;77;23;27;33;88;33;16;43;52;0;0;0;0;3;2;0;0;1;7;3;2;0;1;0;12;0;0;0;0;0;0;0;0;5;7;11;10;14;13;17;21;20;23;3;6;8;12;26;15;16;22;19;18;24;25;1;2;4;9;27;28;29;30;31;32;33;34;35;36;37;38;39;13;17;14;13;13;17;14;255;255;255;0;0;0;0;0;0;0
251;0;1;1;3;2;5;5;8;10;9;12;3;52;11;64;11;40;13;88;13;16;21;65;21;38;29;51;36;90;36;14;43;52;0;1;1;3;2;5;5;8;10;9;12;3;52;11;64;11;40;13;88;13;16;21;65;21;38;33;51;36;90;36;14;43;52;0;1;1;3;2;4;4;8;10;9;12;3;52;11;64;11;40;13;88;13;16;21;65;21;38;29;51;35;91;35;14;43;52;1;1;0;1;5;2;0;0;1;7;2;2;0;4;0;12;0;0;0;0;0;0;0;0;1;1;3;2;4;5;5;8;8;12;3;52;11;64;11;40;13;88;13;16;20;52;25;72;25;32;33;77;33;27;43;52;0;1;1;3;2;4;5;5;10;9;12;3;52;11;64;11;40;13;88;13;16;20;52;25;72;25;32;36;86;36;18;43;52;0;1;1;3;2;4;5;5;8;8;12;3;52;11;64;11;40;13;88;13;16;20;52;25;72;25;32;33;77;33;27;43;52;1;1;0;1;6;2;0;0;1;6;3;2;0;4;0;12;0;0;0;0;0;0;0;0;1;1;3;2;5;5;8;10;9;12;3;52;11;64;11;40;13;88;13;16;21;65;21;38;29;51;36;90;36;14;43;52;0;1;1;3;2;5;5;8;10;9;12;3;52;11;64;11;40;13;88;13;16;21;65;21;38;33;51;36;90;36;14;43;52;0;1;1;3;2;4;4;8;10;9;12;3;52;11;64;11;40;13;88;13;16;21;65;21;38;29;51;35;91;35;14;43;52;1;1;0;1;5;2;0;0;1;7;2;2;0;4;0;12;0;0;0;0;0;0;0;0;6;5;8;7;13;14;16;23;19;25;1;3;4;9;10;18;15;17;21;22;24;27;2;29;30;11;12;20;28;31;26;32;33;34;35;36;37;38;39;5;14;16;19;19;25;7;255;255;255;0;0;0;0;0;0;0
253;0;1;1;3;2;4;4;5;10;9;12;3;52;10;63;10;41;12;89;12;15;21;66;21;38;33;52;36;87;36;16;43;52;0;1;1;3;2;5;5;8;10;9;12;3;52;10;63;10;41;12;89;12;15;20;70;20;34;33;52;42;85;42;19;43;52;0;1;1;3;2;4;4;5;7;6;12;3;52;10;63;10;41;12;89;12;15;20;70;20;34;30;52;34;85;34;18;43;52;0;0;1;1;7;2;0;1;0;5;8;2;0;0;0;0;0;0;0;0;0;0;0;0;1;1;3;2;4;4;5;7;6;12;3;52;10;63;10;41;12;89;12;15;20;70;20;34;27;51;34;89;34;15;43;52;0;1;1;3;2;4;4;5;10;9;12;3;52;10;63;10;41;12;89;12;15;20;70;20;34;27;51;42;85;42;19;43;52;0;1;1;3;2;4;4;5;7;6;12;3;52;10;63;10;41;12;89;12;15;20;70;20;34;27;51;33;86;33;17;43;52;0;0;0;1;8;2;0;0;0;4;9;2;0;0;0;0;0;0;0;0;0;0;0;0;1;1;3;2;4;4;5;10;9;12;3;52;10;63;10;41;12;89;12;15;21;66;21;38;33;52;36;87;36;16;43;52;0;1;1;3;2;5;5;8;10;9;12;3;52;10;63;10;41;12;89;12;15;20;70;20;34;33;52;42;85;42;19;43;52;0;1;1;3;2;4;4;5;7;6;12;3;52;10;63;10;41;12;89;12;15;20;70;20;34;30;52;34;85;34;18;43;52;0;0;1;1;7;2;0;1;0;5;8;2;0;0;0;0;0;0;0;0;0;0;0;0;5;4;9;8;15;12;14;23;19;27;1;3;6;10;7;16;11;17;25;26;28;29;2;13;30;31;18;20;21;22;24;32;33;34;35;36;37;38;39;8;9;9;9;9;9;8;255;255;255;0;0;0;0;0;0;0
256;0;1;1;3;2;5;5;8;10;9;12;3;52;10;63;10;41;12;89;12;15;23;65;23;38;32;52;38;94;38;10;43;52;0;1;1;3;2;5;5;8;10;9;12;3;52;10;63;10;41;12;89;12;15;23;65;23;38;34;52;38;94;38;10;43;52;0;1;1;3;2;4;4;8;7;6;12;3;52;10;63;10;41;12;89;12;15;23;65;23;38;32;52;34;90;34;14;43;52;0;0;1;0;9;2;0;0;1;6;4;2;0;4;0;0;0;0;0;0;0;0;0;0;1;1;3;2;5;5;8;7;6;12;3;52;10;63;10;41;12;89;12;15;23;65;23;38;32;52;34;92;34;12;43;52;0;1;1;3;2;5;5;8;10;9;12;3;52;10;63;10;41;12;89;12;15;23;65;23;38;32;52;38;94;38;10;43;52;0;1;1;3;2;4;4;8;7;6;12;3;52;10;63;10;41;12;89;12;15;23;65;23;38;32;52;33;93;33;12;43;52;0;0;1;0;9;1;0;0;1;4;6;2;0;4;0;0;0;0;0;0;0;0;0;0;1;1;3;2;5;5;8;10;9;12;3;52;10;63;10;41;12;89;12;15;23;65;23;38;32;52;38;94;38;10;43;52;0;1;1;3;2;5;5;8;10;9;12;3;52;10;63;10;41;12;89;12;15;23;65;23;38;34;52;38;94;38;10;43;52;0;1;1;3;2;4;4;8;7;6;12;3;52;10;63;10;41;12;89;12;15;23;65;23;38;32;52;34;90;34;14;43;52;0;0;1;0;9;2;0;0;1;6;4;2;0;4;0;0;0;0;0;0;0;0;0;0;9;4;7;3;14;12;18;24;23;26;1;5;6;8;10;13;15;20;17;21;22;25;2;29;27;28;11;16;19;30;31;32;33;34;35;36;37;38;39;7;9;9;9;9;9;12;255;255;255;0;0;0;0;0;0;0
258;0;1;1;3;2;4;4;7;6;12;12;3;52;10;63;10;41;12;89;12;15;20;64;20;40;30;87;30;18;43;65;43;38;0;1;1;3;2;5;5;10;9;12;12;3;52;10;63;10;41;12;89;12;15;26;68;26;36;35;88;35;16;43;65;43;38;0;1;1;3;2;4;4;7;6;12;12;3;52;10;63;10;41;12;89;12;15;20;64;20;40;30;87;30;18;43;65;43;38;0;0;1;1;7;3;1;1;0;3;5;2;0;4;0;16;0;0;0;0;0;0;0;0;1;1;3;2;4;4;7;6;8;12;3;52;11;64;11;40;13;88;13;16;19;64;19;40;31;88;31;16;31;52;43;52;0;1;1;3;2;4;4;10;9;8;12;3;52;11;64;11;40;13;88;13;16;19;64;19;40;35;86;35;17;31;52;43;52;0;1;1;3;2;4;4;7;6;8;12;3;52;10;63;10;41;12;89;12;15;22;67;22;37;34;88;34;15;32;50;43;52;0;0;1;1;8;2;1;1;0;2;9;3;0;4;0;16;0;0;0;0;0;0;0;0;1;1;3;2;4;4;7;6;12;12;3;52;10;63;10;41;12;89;12;15;20;64;20;40;30;87;30;18;43;65;43;38;0;1;1;3;2;5;5;10;9;12;12;3;52;10;63;10;41;12;89;12;15;26;68;26;36;35;88;35;16;43;65;43;38;0;1;1;3;2;4;4;7;6;12;12;3;52;10;63;10;41;12;89;12;15;20;64;20;40;30;87;30;18;43;65;43;38;0;0;1;1;7;3;1;1;0;3;5;2;0;4;0;16;0;0;0;0;0;0;0;0;4;2;9;8;14;13;20;21;23;25;1;3;5;7;10;11;12;17;18;24;26;27;31;6;29;30;32;36;15;16;33;19;34;35;22;28;37;38;39;23;21;4;13;13;25;8;255;255;255;0;0;0;0;0;0;0
259;0;1;1;3;2;4;4;5;10;9;12;3;52;10;63;10;41;12;89;12;15;23;65;23;38;32;52;38;94;38;10;43;52;0;1;1;3;2;5;5;5;10;9;12;3;52;10;63;10;41;12;89;12;15;27;74;27;31;32;52;38;94;38;10;43;52;0;1;1;3;2;4;4;8;7;6;12;3;52;10;63;10;41;12;89;12;15;23;65;23;38;32;52;34;91;34;13;43;52;0;0;1;0;8;2;0;0;0;3;6;2;0;1;0;11;0;0;0;0;0;0;0;0;1;1;3;2;4;4;5;7;6;12;3;52;10;63;10;41;12;89;12;15;23;65;23;38;32;52;33;94;33;10;43;52;0;1;1;3;2;4;4;8;7;6;12;3;52;10;63;10;41;12;89;12;15;23;65;23;38;34;52;34;94;34;10;43;52;0;1;1;3;2;4;4;5;7;6;12;3;52;10;63;10;41;12;89;12;15;23;65;23;38;32;52;33;94;33;10;43;52;0;1;0;1;5;1;0;0;0;3;7;2;0;1;0;11;0;0;0;0;0;0;0;0;1;1;3;2;4;4;5;10;9;12;3;52;10;63;10;41;12;89;12;15;23;65;23;38;32;52;38;94;38;10;43;52;0;1;1;3;2;5;5;5;10;9;12;3;52;10;63;10;41;12;89;12;15;27;74;27;31;32;52;38;94;38;10;43;52;0;1;1;3;2;4;4;8;7;6;12;3;52;10;63;10;41;12;89;12;15;23;65;23;38;32;52;34;91;34;13;43;52;0;0;1;0;8;2;0;0;0;3;6;2;0;1;0;11;0;0;0;0;0;0;0;0;3;5;8;6;14;11;13;18;15;22;24;2;4;7;9;10;12;30;16;17;27;21;1;23;26;25;19;28;29;20;31;32;33;34;35;36;37;38;39;15;13;13;13;13;15;6;255;255;255;0;0;0;0;0;0;0
260;0;1;1;3;2;4;5;5;10;9;12;3;52;10;63;10;41;12;89;12;15;18;52;29;65;29;38;36;85;36;19;43;52;0;1;1;3;2;4;8;8;10;9;12;3;52;10;63;10;41;12;89;12;15;18;52;29;65;29;38;36;85;36;19;43;52;0;1;1;3;2;4;5;5;10;9;12;3;52;10;63;10;41;12;89;12;15;18;52;25;68;25;36;36;85;36;19;43;52;0;1;1;0;6;2;1;0;1;8;2;2;0;1;0;11;0;0;0;0;0;0;0;0;1;1;3;2;4;4;5;7;6;12;3;52;10;63;10;41;12;89;12;15;23;72;23;34;32;52;32;94;32;10;43;52;0;1;1;3;2;4;4;8;7;6;12;3;52;10;63;10;41;12;89;12;15;23;72;23;34;34;52;32;94;32;10;43;52;0;1;1;3;2;4;4;5;7;6;12;3;52;10;63;10;41;12;89;12;15;23;72;23;34;32;52;32;94;32;10;43;52;0;1;1;0;7;1;1;0;0;7;3;3;0;1;0;11;0;0;0;0;0;0;0;0;1;1;3;2;4;5;5;10;9;12;3;52;10;63;10;41;12;89;12;15;18;52;29;65;29;38;36;85;36;19;43;52;0;1;1;3;2;4;8;8;10;9;12;3;52;10;63;10;41;12;89;12;15;18;52;29;65;29;38;36;85;36;19;43;52;0;1;1;3;2;4;5;5;10;9;12;3;52;10;63;10;41;12;89;12;15;18;52;25;68;25;36;36;85;36;19;43;52;0;1;1;0;6;2;1;0;1;8;2;2;0;1;0;11;0;0;0;0;0;0;0;0;6;3;11;10;14;15;17;24;25;23;1;5;8;9;12;16;18;19;26;21;27;29;2;4;7;32;13;20;31;22;28;30;33;34;35;36;37;38;39;17;10;15;15;15;10;15;255;255;255;0;0;0;0;0;0;0
261;0;1;1;3;2;4;4;7;6;8;12;3;52;10;63;10;41;12;89;12;15;18;64;18;40;30;86;30;18;32;52;43;52;0;1;1;3;2;5;5;7;6;8;12;3;52;10;63;10;41;12;89;12;15;21;64;21;39;34;87;34;17;32;52;43;52;0;1;1;3;2;4;4;7;6;8;12;3;52;10;63;10;41;12;89;12;15;18;64;18;40;30;86;30;18;32;52;43;52;0;1;1;0;4;2;1;1;1;7;3;2;0;0;0;0;0;0;0;0;0;0;0;0;1;1;3;2;4;4;7;6;8;12;3;52;10;63;10;41;12;89;12;15;18;64;18;40;30;86;30;18;32;52;43;52;0;1;1;3;2;5;5;7;6;11;12;3;52;10;63;10;41;12;89;12;15;18;64;18;40;30;86;30;18;35;52;43;52;0;1;1;3;2;4;4;7;6;8;12;3;52;10;63;10;41;12;89;12;15;18;64;18;40;30;86;30;18;32;52;43;52;0;1;1;0;5;2;1;1;1;3;5;2;0;0;0;0;0;0;0;0;0;0;0;0;1;1;3;2;4;4;7;6;8;12;3;52;10;63;10;41;12;89;12;15;18;64;18;40;30;86;30;18;32;52;43;52;0;1;1;3;2;5;5;7;6;8;12;3;52;10;63;10;41;12;89;12;15;21;64;21;39;34;87;34;17;32;52;43;52;0;1;1;3;2;4;4;7;6;8;12;3;52;10;63;10;41;12;89;12;15;18;64;18;40;30;86;30;18;32;52;43;52;0;1;1;0;4;2;1;1;1;7;3;2;0;0;0;0;0;0;0;0;0;0;0;0;3;5;9;8;13;11;14;7;17;22;2;4;6;10;26;12;15;16;20;23;24;25;1;29;27;28;18;19;21;30;31;32;33;34;35;36;37;38;39;5;17;13;13;13;22;7;255;255;255;0;0;0;0;0;0;0
263;0;1;1;3;2;4;5;5;10;9;12;3;52;11;64;11;40;13;88;13;16;19;51;25;71;25;33;35;88;35;17;42;52;0;1;1;3;2;4;5;5;10;9;12;3;52;11;64;11;40;13;88;13;16;19;51;25;71;25;33;40;89;40;15;42;52;0;1;1;3;2;4;5;5;7;6;12;3;52;11;64;11;40;13;88;13;16;19;51;25;71;25;33;28;95;28;9;42;52;0;1;0;0;3;2;1;0;0;4;7;2;0;2;0;11;0;0;0;0;0;0;0;0;1;1;3;2;4;5;5;7;6;12;3;52;11;64;11;40;13;88;13;16;19;52;24;67;24;38;30;89;30;15;41;52;0;1;1;3;2;4;5;5;10;9;12;3;52;11;64;11;40;13;88;13;16;19;52;24;67;24;38;35;87;35;18;41;52;0;1;1;3;2;4;5;5;7;6;12;3;52;11;64;11;40;13;88;13;16;19;52;24;67;24;38;25;88;25;16;41;52;0;0;0;0;3;2;1;0;0;3;6;3;0;2;0;11;0;0;0;0;0;0;0;0;1;1;3;2;4;5;5;10;9;12;3;52;11;64;11;40;13;88;13;16;19;51;25;71;25;33;35;88;35;17;42;52;0;1;1;3;2;4;5;5;10;9;12;3;52;11;64;11;40;13;88;13;16;19;51;25;71;25;33;40;89;40;15;42;52;0;1;1;3;2;4;5;5;7;6;12;3;52;11;64;11;40;13;88;13;16;19;51;25;71;25;33;28;95;28;9;42;52;0;1;0;0;3;2;1;0;0;4;7;2;0;2;0;11;0;0;0;0;0;0;0;0;5;3;9;7;11;13;16;19;21;23;1;4;26;6;8;12;14;20;15;18;33;22;2;31;32;27;10;29;17;30;24;25;28;34;35;36;37;38;39;21;19;16;19;19;23;7;255;255;255;0;0;0;0;0;0;0
264;0;1;1;3;2;5;5;7;6;8;12;3;52;10;63;10;41;12;89;12;15;23;66;23;38;32;90;32;14;32;52;43;52;0;1;1;3;2;5;5;7;6;11;12;3;52;10;63;10;41;12;89;12;15;23;66;23;38;32;90;32;14;35;52;43;52;0;1;1;3;2;4;4;7;6;8;12;3;52;10;63;10;41;12;89;12;15;23;66;23;38;32;90;32;14;32;52;43;52;0;1;1;1;3;2;0;0;1;5;2;2;0;0;0;0;0;0;0;0;0;0;0;0;1;1;3;2;4;5;5;7;6;12;3;52;10;63;10;41;12;89;12;15;18;52;25;68;25;36;32;94;32;10;43;52;0;1;1;3;2;4;8;8;7;6;12;3;52;10;63;10;41;12;89;12;15;18;52;32;70;32;34;32;94;32;10;43;52;0;1;1;3;2;4;5;5;7;6;12;3;52;10;63;10;41;12;89;12;15;18;52;25;69;25;35;32;94;32;10;43;52;0;1;1;1;7;1;0;0;1;4;3;2;0;0;0;0;0;0;0;0;0;0;0;0;1;1;3;2;5;5;7;6;8;12;3;52;10;63;10;41;12;89;12;15;23;66;23;38;32;90;32;14;32;52;43;52;0;1;1;3;2;5;5;7;6;11;12;3;52;10;63;10;41;12;89;12;15;23;66;23;38;32;90;32;14;35;52;43;52;0;1;1;3;2;4;4;7;6;8;12;3;52;10;63;10;41;12;89;12;15;23;66;23;38;32;90;32;14;32;52;43;52;0;1;1;1;3;2;0;0;1;5;2;2;0;0;0;0;0;0;0;0;0;0;0;0;3;2;8;7;13;10;9;18;16;21;1;4;5;32;11;12;14;25;17;19;20;23;28;6;27;33;34;30;31;15;29;26;22;24;35;36;37;38;39;8;9;9;9;9;9;7;255;255;255;0;0;0;0;0;0;0
265;0;1;1;3;2;4;5;5;8;12;12;3;52;10;63;10;41;12;89;12;15;18;52;27;79;27;26;32;52;43;66;43;38;0;1;1;3;2;4;8;8;8;12;12;3;52;10;63;10;41;12;89;12;15;18;52;30;81;30;24;32;52;43;66;43;38;0;1;1;3;2;4;5;5;5;12;12;3;52;10;63;10;41;12;89;12;15;18;52;27;78;27;25;27;51;43;66;43;38;1;1;0;0;5;3;0;0;0;4;6;2;0;7;0;0;0;0;0;0;0;0;0;0;1;1;3;2;4;5;5;7;6;12;3;52;11;64;11;40;13;88;13;16;20;52;25;76;25;28;29;97;29;9;43;52;0;1;1;3;2;4;5;5;10;9;12;3;52;11;64;11;40;13;88;13;16;20;52;25;76;25;28;35;86;35;17;43;52;0;1;1;3;2;4;5;5;7;6;12;3;52;11;64;11;40;13;88;13;16;20;52;25;76;25;28;29;97;29;9;43;52;1;1;0;1;6;3;0;0;0;4;7;3;0;7;0;0;0;0;0;0;0;0;0;0;1;1;3;2;4;5;5;8;12;12;3;52;10;63;10;41;12;89;12;15;18;52;27;79;27;26;32;52;43;66;43;38;0;1;1;3;2;4;8;8;8;12;12;3;52;10;63;10;41;12;89;12;15;18;52;30;81;30;24;32;52;43;66;43;38;0;1;1;3;2;4;5;5;5;12;12;3;52;10;63;10;41;12;89;12;15;18;52;27;78;27;25;27;51;43;66;43;38;1;1;0;0;5;3;0;0;0;4;6;2;0;7;0;0;0;0;0;0;0;0;0;0;3;2;7;9;15;17;16;22;24;26;1;4;6;11;12;13;14;18;20;21;23;25;31;5;8;35;30;32;10;19;29;27;33;28;34;36;37;38;39;15;17;17;17;17;26;7;255;255;255;0;0;0;0;0;0;0
266;0;1;1;3;2;5;5;8;10;9;12;3;52;10;63;10;41;12;89;12;15;23;68;23;37;32;52;37;89;37;16;43;52;0;1;1;3;2;5;5;8;10;9;12;3;52;10;63;10;41;12;89;12;15;23;68;23;37;32;52;37;89;37;16;43;52;0;1;1;3;2;4;4;8;10;9;12;3;52;10;63;10;41;12;89;12;15;20;68;20;36;32;52;37;89;37;16;43;52;0;0;0;0;5;2;1;0;1;9;3;2;0;2;0;11;0;0;0;0;0;0;0;0;1;1;3;2;4;5;5;7;6;12;3;52;10;63;10;41;12;89;12;15;18;52;24;69;24;36;32;90;32;14;43;52;0;1;1;3;2;4;5;5;10;9;12;3;52;10;63;10;41;12;89;12;15;18;52;24;69;24;36;35;88;35;16;43;52;0;1;1;3;2;4;5;5;7;6;12;3;52;10;63;10;41;12;89;12;15;18;52;24;69;24;36;32;90;32;14;43;52;0;0;0;0;6;1;1;0;1;2;4;3;0;2;0;11;0;0;0;0;0;0;0;0;1;1;3;2;5;5;8;10;9;12;3;52;10;63;10;41;12;89;12;15;23;68;23;37;32;52;37;89;37;16;43;52;0;1;1;3;2;5;5;8;10;9;12;3;52;10;63;10;41;12;89;12;15;23;68;23;37;32;52;37;89;37;16;43;52;0;1;1;3;2;4;4;8;10;9;12;3;52;10;63;10;41;12;89;12;15;20;68;20;36;32;52;37;89;37;16;43;52;0;0;0;0;5;2;1;0;1;9;3;2;0;2;0;11;0;0;0;0;0;0;0;1;4;2;10;7;16;14;18;20;19;24;0;5;31;6;13;23;11;17;21;22;26;27;28;29;32;8;9;30;3;12;15;25;33;34;35;36;37;38;39;7;14;10;10;10;14;16;255;255;255;0;0;0;0;0;0;0
267;0;1;1;3;2;4;5;7;6;12;12;3;52;10;63;10;41;12;89;12;15;20;64;23;39;30;87;30;18;43;66;43;38;0;1;1;3;2;5;5;7;6;12;12;3;52;10;63;10;41;12;89;12;15;24;67;24;37;34;88;34;16;43;66;43;38;0;1;1;3;2;4;4;7;6;12;12;3;52;10;63;10;41;12;89;12;15;19;41;19;64;30;87;30;18;43;66;43;38;1;1;1;1;5;3;0;0;1;5;4;2;0;9;0;0;0;0;0;0;0;0;0;0;1;1;3;2;4;4;7;6;12;12;3;52;10;63;10;41;12;89;12;15;20;64;20;40;30;87;30;18;43;66;43;38;0;1;1;3;2;4;4;7;6;12;12;3;52;10;63;10;41;12;89;12;15;20;64;20;40;30;87;30;18;43;66;43;38;0;1;1;3;2;4;4;7;6;8;12;3;52;10;63;10;41;12;89;12;15;20;64;20;40;30;87;30;18;34;52;43;52;1;1;1;1;9;2;1;0;1;4;5;3;0;9;0;0;0;0;0;0;0;0;0;0;1;1;3;2;4;5;7;6;12;12;3;52;10;63;10;41;12;89;12;15;20;64;23;39;30;87;30;18;43;66;43;38;0;1;1;3;2;5;5;7;6;12;12;3;52;10;63;10;41;12;89;12;15;24;67;24;37;34;88;34;16;43;66;43;38;0;1;1;3;2;4;4;7;6;12;12;3;52;10;63;10;41;12;89;12;15;19;41;19;64;30;87;30;18;43;66;43;38;1;1;1;1;5;3;0;0;1;5;4;2;0;9;0;0;0;0;0;0;0;0;0;0;4;3;5;8;13;16;20;18;25;24;1;6;10;9;11;14;15;34;19;21;22;23;2;28;7;32;33;30;12;27;17;29;36;35;26;31;37;38;39;25;16;16;16;16;16;3;255;255;255;0;0;0;0;0;0;0
268;0;1;1;3;2;5;5;7;6;12;12;3;52;10;63;10;41;12;89;12;15;24;67;24;37;30;87;30;18;43;66;43;38;0;1;1;3;2;5;5;7;6;12;12;3;52;10;63;10;41;12;89;12;15;24;67;24;37;33;94;33;10;43;66;43;38;0;1;1;3;2;4;4;7;6;12;12;3;52;10;63;10;41;12;89;12;15;21;65;21;38;30;87;30;18;43;66;43;38;1;1;1;1;4;3;1;1;1;8;2;2;0;1;0;12;0;0;0;0;0;0;0;0;1;1;3;2;4;5;5;8;12;12;3;52;11;64;11;40;13;88;13;16;19;52;25;79;25;26;30;52;42;66;42;38;0;1;1;3;2;4;5;5;8;12;12;3;52;11;64;11;40;13;88;13;16;19;52;25;79;25;26;30;52;42;66;42;38;0;1;1;3;2;4;4;4;8;12;12;3;52;11;64;11;40;13;88;13;16;19;52;25;79;25;26;30;52;42;66;42;38;1;1;1;1;5;1;1;1;1;7;3;2;0;1;0;12;0;0;0;0;0;0;0;0;1;1;3;2;5;5;7;6;12;12;3;52;10;63;10;41;12;89;12;15;24;67;24;37;30;87;30;18;43;66;43;38;0;1;1;3;2;5;5;7;6;12;12;3;52;10;63;10;41;12;89;12;15;24;67;24;37;33;94;33;10;43;66;43;38;0;1;1;3;2;4;4;7;6;12;12;3;52;10;63;10;41;12;89;12;15;21;65;21;38;30;87;30;18;43;66;43;38;1;1;1;1;4;3;1;1;1;8;2;2;0;1;0;12;0;0;0;0;0;0;0;0;4;3;12;9;17;18;22;23;27;26;1;5;7;10;11;16;15;20;24;25;28;29;2;36;8;31;33;13;35;14;6;19;32;34;21;30;37;38;39;3;9;9;9;9;9;4;255;255;255;0;0;0;0;0;0;0
269;0;1;1;3;2;4;4;8;10;9;12;3;52;9;64;9;39;11;90;11;14;19;64;19;40;30;52;38;90;38;14;42;51;0;1;1;3;2;5;5;8;10;9;12;3;52;9;64;9;39;11;90;11;14;24;66;24;38;32;51;38;90;38;14;42;51;0;1;1;3;2;4;4;8;7;6;12;3;52;9;64;9;39;11;90;11;14;19;64;19;40;31;51;33;89;33;15;42;51;1;1;0;1;5;3;0;0;0;8;8;2;0;5;0;12;0;0;0;0;0;0;0;0;1;1;3;2;4;4;5;7;6;12;3;52;9;63;9;41;11;90;11;13;17;64;17;40;24;52;27;92;27;13;42;52;0;1;1;3;2;4;4;5;10;9;12;3;52;9;63;9;41;11;90;11;13;17;64;17;40;24;52;35;89;35;16;42;52;0;1;1;3;2;4;4;5;7;6;12;3;52;9;63;9;41;11;90;11;13;17;64;17;40;24;52;27;92;27;13;42;52;1;0;0;1;6;2;0;0;0;8;9;3;0;5;0;12;0;0;0;0;0;0;0;0;1;1;3;2;4;4;8;10;9;12;3;52;9;64;9;39;11;90;11;14;19;64;19;40;30;52;38;90;38;14;42;51;0;1;1;3;2;5;5;8;10;9;12;3;52;9;64;9;39;11;90;11;14;24;66;24;38;32;51;38;90;38;14;42;51;0;1;1;3;2;4;4;8;7;6;12;3;52;9;64;9;39;11;90;11;14;19;64;19;40;31;51;33;89;33;15;42;51;1;1;0;1;5;3;0;0;0;8;8;2;0;5;0;12;0;0;0;0;0;0;0;1;4;5;11;9;15;12;19;21;22;27;3;6;7;8;10;13;16;20;23;24;25;26;0;2;28;14;17;18;30;29;31;32;33;34;35;36;37;38;39;1;9;9;9;9;9;19;255;255;255;0;0;0;0;0;0;0
270;0;1;1;3;2;5;5;7;6;12;12;3;52;10;63;10;41;12;89;12;15;24;67;24;37;33;94;33;10;43;66;43;38;0;1;1;3;2;8;8;7;6;12;12;3;52;10;63;10;41;12;89;12;15;27;68;27;36;33;94;33;10;43;66;43;38;0;1;1;3;2;4;4;7;6;12;12;3;52;10;63;10;41;12;89;12;15;20;65;20;38;27;92;27;12;43;66;43;38;0;0;0;0;7;2;1;0;1;3;7;2;0;4;0;0;0;0;0;0;0;0;0;0;1;1;3;2;4;4;7;6;12;12;3;52;10;63;10;41;12;89;12;15;24;67;24;37;33;94;33;10;43;66;43;38;0;1;1;3;2;5;5;7;6;12;12;3;52;10;63;10;41;12;89;12;15;24;67;24;37;33;94;33;10;43;66;43;38;0;1;1;3;2;4;4;7;6;12;12;3;52;10;63;10;41;12;89;12;15;24;67;24;37;33;94;33;10;43;66;43;38;0;0;0;0;8;2;1;0;1;2;5;3;0;4;0;0;0;0;0;0;0;0;0;0;1;1;3;2;5;5;7;6;12;12;3;52;10;63;10;41;12;89;12;15;24;67;24;37;33;94;33;10;43;66;43;38;0;1;1;3;2;8;8;7;6;12;12;3;52;10;63;10;41;12;89;12;15;27;68;27;36;33;94;33;10;43;66;43;38;0;1;1;3;2;4;4;7;6;12;12;3;52;10;63;10;41;12;89;12;15;20;65;20;38;27;92;27;12;43;66;43;38;0;0;0;0;7;2;1;0;1;3;7;2;0;4;0;0;0;0;0;0;0;0;0;0;4;3;8;6;20;15;16;22;24;23;1;2;5;7;9;14;13;17;21;12;18;25;26;11;10;19;27;28;29;30;31;32;33;34;35;36;37;38;39;20;20;20;20;20;24;3;255;255;255;0;0;0;0;0;0;0
271;0;1;1;3;2;4;4;8;10;9;12;3;52;10;63;10;41;12;89;12;15;18;64;18;40;32;52;37;87;37;17;43;52;0;1;1;3;2;5;5;8;10;9;12;3;52;10;63;10;41;12;89;12;15;23;67;23;37;32;52;37;87;37;17;43;52;0;1;1;3;2;4;4;8;7;6;12;3;52;10;63;10;41;12;89;12;15;18;64;18;40;32;52;34;89;34;15;43;52;0;1;1;0;4;2;1;0;1;3;6;2;0;5;0;12;0;0;0;0;0;0;0;0;1;1;3;2;4;4;7;6;8;12;3;52;11;64;11;40;13;88;13;16;20;63;20;41;25;88;25;16;29;52;42;53;0;1;1;3;2;4;4;10;9;8;12;3;52;11;64;11;40;13;88;13;16;20;63;20;41;35;87;35;18;29;52;42;53;0;1;1;3;2;4;4;7;6;8;12;3;52;11;64;11;40;13;88;13;16;20;63;20;41;25;88;25;16;29;52;42;53;0;1;1;0;5;2;1;0;1;2;7;3;0;5;0;12;0;0;0;0;0;0;0;0;1;1;3;2;4;4;8;10;9;12;3;52;10;63;10;41;12;89;12;15;18;64;18;40;32;52;37;87;37;17;43;52;0;1;1;3;2;5;5;8;10;9;12;3;52;10;63;10;41;12;89;12;15;23;67;23;37;32;52;37;87;37;17;43;52;0;1;1;3;2;4;4;8;7;6;12;3;52;10;63;10;41;12;89;12;15;18;64;18;40;32;52;34;89;34;15;43;52;0;1;1;0;4;2;1;0;1;3;6;2;0;5;0;12;0;0;0;0;0;0;0;1;5;3;9;8;12;11;15;21;19;23;0;4;6;10;13;14;16;17;18;20;22;24;2;7;25;26;27;28;29;30;31;32;33;34;35;36;37;38;39;8;9;9;9;9;9;8;255;255;255;0;0;0;0;0;0;0
272;0;1;1;3;2;4;5;5;10;9;12;3;52;10;63;10;41;12;89;12;15;18;52;27;67;27;36;37;88;37;16;43;52;0;1;1;3;2;4;8;8;10;9;12;3;52;10;63;10;41;12;89;12;15;22;52;31;73;31;31;42;85;42;19;43;52;0;1;1;3;2;4;5;5;7;6;12;3;52;10;63;10;41;12;89;12;15;18;52;27;67;27;36;31;93;31;12;43;52;1;0;0;1;3;2;1;0;0;6;3;2;0;0;0;0;0;0;0;0;0;0;0;0;1;1;3;2;4;4;5;7;6;12;3;52;10;63;10;41;12;89;12;15;18;39;18;64;26;52;34;90;34;14;43;52;0;1;1;3;2;4;4;5;10;9;12;3;52;10;63;10;41;12;89;12;15;18;39;18;64;26;52;42;85;42;19;43;52;0;1;1;3;2;4;4;5;7;6;12;3;52;10;63;10;41;12;89;12;15;18;39;18;64;26;52;34;88;34;16;43;52;1;0;0;1;5;1;1;0;0;7;6;3;0;0;0;0;0;0;0;0;0;0;0;0;1;1;3;2;4;5;5;10;9;12;3;52;10;63;10;41;12;89;12;15;18;52;27;67;27;36;37;88;37;16;43;52;0;1;1;3;2;4;8;8;10;9;12;3;52;10;63;10;41;12;89;12;15;22;52;31;73;31;31;42;85;42;19;43;52;0;1;1;3;2;4;5;5;7;6;12;3;52;10;63;10;41;12;89;12;15;18;52;27;67;27;36;31;93;31;12;43;52;1;0;0;1;3;2;1;0;0;6;3;2;0;0;0;0;0;0;0;0;0;0;0;0;2;6;11;7;14;12;17;19;15;21;1;4;5;8;3;9;10;13;16;18;20;22;23;24;25;26;27;28;29;30;31;32;33;34;35;36;37;38;39;6;17;17;17;17;17;7;255;255;255;0;0;0;0;0;0;0
273;0;1;1;3;2;4;5;5;10;9;12;3;52;10;63;10;41;12;89;12;15;20;52;27;71;27;32;36;85;36;19;43;52;0;1;1;3;2;4;5;8;10;9;12;3;52;10;63;10;41;12;89;12;15;20;52;27;71;29;33;42;90;42;14;43;52;0;1;1;3;2;4;5;5;10;9;12;3;52;10;63;10;41;12;89;12;15;20;52;27;71;27;32;36;85;36;19;43;52;1;1;1;1;4;2;0;1;0;7;8;2;0;5;0;12;0;0;0;0;0;0;0;0;1;1;3;2;4;5;5;7;6;12;3;52;10;63;10;41;12;89;12;15;20;52;27;71;27;32;34;86;34;18;43;52;0;1;1;3;2;4;5;5;10;9;12;3;52;10;63;10;41;12;89;12;15;20;52;27;71;27;32;35;86;35;19;43;52;0;1;1;3;2;4;5;5;7;6;12;3;52;10;63;10;41;12;89;12;15;20;52;27;71;27;32;34;85;34;19;43;52;1;1;1;1;5;2;0;1;0;6;6;2;0;5;0;12;0;0;0;0;0;0;0;0;1;1;3;2;4;5;5;10;9;12;3;52;10;63;10;41;12;89;12;15;20;52;27;71;27;32;36;85;36;19;43;52;0;1;1;3;2;4;5;8;10;9;12;3;52;10;63;10;41;12;89;12;15;20;52;27;71;29;33;42;90;42;14;43;52;0;1;1;3;2;4;5;5;10;9;12;3;52;10;63;10;41;12;89;12;15;20;52;27;71;27;32;36;85;36;19;43;52;1;1;1;1;4;2;0;1;0;7;8;2;0;5;0;12;0;0;0;0;0;0;0;1;5;4;10;9;14;18;17;23;21;20;0;6;7;11;12;13;15;19;24;25;26;27;2;3;8;16;22;30;28;29;31;32;33;34;35;36;37;38;39;17;17;17;17;17;17;10;255;255;255;0;0;0;0;0;0;0
274;0;1;1;3;2;4;5;5;7;6;12;3;52;10;63;10;41;12;89;12;15;18;52;25;67;25;37;32;91;32;13;43;52;0;1;1;3;2;4;8;8;7;6;12;3;52;10;63;10;41;12;89;12;15;18;52;32;65;32;40;32;91;32;13;43;52;0;1;1;3;2;4;5;5;7;6;12;3;52;10;63;10;41;12;89;12;15;18;52;25;67;25;37;32;88;32;16;43;52;1;1;1;0;5;2;0;0;0;6;7;2;0;0;0;16;0;0;0;0;0;0;0;0;1;1;3;2;4;4;5;7;6;12;3;52;11;64;11;40;13;88;13;16;19;64;19;40;27;52;31;89;31;15;43;52;0;1;1;3;2;4;4;8;10;9;12;3;52;11;64;11;40;13;88;13;16;19;64;19;40;32;52;35;93;35;12;43;52;0;1;1;3;2;4;4;5;7;6;12;3;52;11;64;11;40;13;88;13;16;19;64;19;40;27;52;31;89;31;15;43;52;1;1;1;0;6;2;0;0;0;5;8;2;0;0;0;16;0;0;0;0;0;0;0;0;1;1;3;2;4;5;5;7;6;12;3;52;10;63;10;41;12;89;12;15;18;52;25;67;25;37;32;91;32;13;43;52;0;1;1;3;2;4;8;8;7;6;12;3;52;10;63;10;41;12;89;12;15;18;52;32;65;32;40;32;91;32;13;43;52;0;1;1;3;2;4;5;5;7;6;12;3;52;10;63;10;41;12;89;12;15;18;52;25;67;25;37;32;88;32;16;43;52;1;1;1;0;5;2;0;0;0;6;7;2;0;0;0;16;0;0;0;0;0;0;0;2;6;3;8;7;11;15;14;20;21;26;0;4;5;9;29;10;12;16;22;25;27;28;1;13;17;18;23;24;30;31;19;32;33;34;35;36;37;38;39;2;6;6;6;6;26;15;255;255;255;0;0;0;0;0;0;0
295;0;1;1;3;2;4;5;5;8;12;12;3;52;11;64;11;40;13;88;13;16;23;52;23;76;23;28;33;52;43;68;43;36;0;1;1;3;2;4;8;8;8;12;12;3;52;11;64;11;40;13;88;13;16;23;52;27;78;27;26;33;52;43;68;43;36;0;1;1;3;2;4;5;5;8;11;12;3;52;11;64;11;40;13;88;13;16;23;52;23;76;23;28;33;52;39;71;43;36;1;1;1;1;4;3;0;0;0;5;7;2;0;7;0;11;0;0;0;0;0;0;0;0;1;1;3;2;4;5;5;8;8;12;3;52;11;64;11;40;13;88;13;16;23;52;23;76;23;28;33;33;33;69;43;51;0;1;1;3;2;4;5;5;11;11;12;3;52;11;64;11;40;13;88;13;16;23;52;23;76;23;28;35;34;35;70;43;51;0;1;1;3;2;4;5;5;8;8;12;3;52;11;64;11;40;13;88;13;16;23;52;23;76;23;28;33;33;33;69;43;51;1;1;1;1;2;1;1;0;0;4;8;3;0;7;0;11;0;0;0;0;0;0;0;0;1;1;3;2;4;5;5;8;12;12;3;52;11;64;11;40;13;88;13;16;23;52;23;76;23;28;33;52;43;68;43;36;0;1;1;3;2;4;8;8;8;12;12;3;52;11;64;11;40;13;88;13;16;23;52;27;78;27;26;33;52;43;68;43;36;0;1;1;3;2;4;5;5;8;11;12;3;52;11;64;11;40;13;88;13;16;23;52;23;76;23;28;33;52;39;71;43;36;1;1;1;1;4;3;0;0;0;5;7;2;0;7;0;11;0;0;0;0;0;0;0;2;4;5;15;9;16;19;21;22;28;27;0;6;8;10;11;12;18;23;24;20;25;26;1;3;7;13;14;17;29;30;31;32;33;34;35;36;37;38;39;5;9;9;9;9;9;22;255;255;255;0;0;0;0;0;0;0
297;0;1;1;1;3;2;4;4;7;6;12;3;52;10;52;10;73;10;31;15;89;15;15;21;66;21;38;34;89;34;16;43;52;0;1;1;1;3;2;5;5;10;9;12;3;52;10;52;10;73;10;31;15;89;15;15;23;66;23;38;36;84;36;20;43;52;0;1;1;1;3;2;4;4;7;6;12;3;52;10;52;10;73;10;31;15;89;15;15;20;64;20;40;34;86;34;18;43;52;1;1;0;1;6;2;0;0;1;7;3;2;0;0;0;0;0;0;0;0;0;0;0;0;1;1;1;3;2;4;4;7;6;12;3;52;10;52;10;73;10;31;15;89;15;15;20;64;20;40;34;86;34;18;43;52;0;1;1;1;3;2;4;4;10;9;12;3;52;10;52;10;73;10;31;15;89;15;15;20;64;20;40;35;86;35;18;43;52;0;1;1;1;3;2;4;4;7;6;12;3;52;10;52;10;73;10;31;15;89;15;15;20;64;20;40;34;86;34;18;43;52;1;1;0;1;7;2;0;0;1;6;4;2;0;0;0;0;0;0;0;0;0;0;0;0;1;1;1;3;2;4;4;7;6;12;3;52;10;52;10;73;10;31;15;89;15;15;21;66;21;38;34;89;34;16;43;52;0;1;1;1;3;2;5;5;10;9;12;3;52;10;52;10;73;10;31;15;89;15;15;23;66;23;38;36;84;36;20;43;52;0;1;1;1;3;2;4;4;7;6;12;3;52;10;52;10;73;10;31;15;89;15;15;20;64;20;40;34;86;34;18;43;52;1;1;0;1;6;2;0;0;1;7;3;2;0;0;0;0;0;0;0;0;0;0;0;0;2;6;4;12;10;13;3;18;21;23;1;7;8;9;11;14;17;15;19;20;24;22;5;16;25;26;27;28;29;30;31;32;33;34;35;36;37;38;39;3;13;4;13;13;23;18;255;255;255;0;0;0;0;0;0;0
302;0;1;1;1;3;2;4;5;7;6;12;3;52;10;52;10;73;10;31;15;89;15;15;19;52;26;52;34;86;34;18;43;52;0;1;1;1;5;5;4;8;7;6;12;3;52;10;52;10;73;10;31;17;90;17;15;19;52;32;52;34;86;34;18;43;52;0;1;1;1;3;2;4;5;7;6;12;3;52;10;52;10;73;10;31;15;89;15;15;19;52;26;52;30;86;30;18;43;52;0;1;0;1;3;2;0;1;0;9;6;3;0;0;0;0;0;0;0;0;0;0;0;0;1;1;1;3;2;4;4;7;6;12;3;52;10;52;10;73;10;31;15;89;15;15;20;64;20;40;34;86;34;18;43;52;0;1;1;1;3;2;4;4;10;9;12;3;52;10;52;10;73;10;31;15;89;15;15;20;64;20;40;35;86;35;17;43;52;0;1;1;1;3;2;4;4;7;6;12;3;52;10;52;10;73;10;31;15;89;15;15;20;64;20;40;34;86;34;18;43;52;0;1;0;1;5;1;0;1;0;7;4;3;0;0;0;0;0;0;0;0;0;0;0;0;1;1;1;3;2;4;5;7;6;12;3;52;10;52;10;73;10;31;15;89;15;15;19;52;26;52;34;86;34;18;43;52;0;1;1;1;5;5;4;8;7;6;12;3;52;10;52;10;73;10;31;17;90;17;15;19;52;32;52;34;86;34;18;43;52;0;1;1;1;3;2;4;5;7;6;12;3;52;10;52;10;73;10;31;15;89;15;15;19;52;26;52;30;86;30;18;43;52;0;1;0;1;3;2;0;1;0;9;6;3;0;0;0;0;0;0;0;0;0;0;0;0;5;3;2;15;7;8;9;10;17;16;1;4;6;11;12;18;13;14;19;20;21;22;23;24;25;26;27;28;29;30;31;32;33;34;35;36;37;38;39;2;9;9;9;9;9;10;255;255;255;0;0;0;0;0;0;0
304;0;1;1;1;4;4;7;6;5;5;12;3;52;10;52;10;73;10;31;18;64;18;40;26;94;26;10;27;70;27;34;43;52;0;1;1;1;4;4;7;6;8;8;12;3;52;10;52;10;73;10;31;18;64;18;40;26;94;26;10;32;70;32;34;43;52;0;1;1;1;4;4;3;2;8;8;12;3;52;10;52;10;73;10;31;18;64;18;40;14;94;14;10;32;70;32;34;43;52;0;1;1;0;3;2;1;1;1;4;5;2;0;0;0;0;0;0;0;0;0;0;0;0;1;1;1;4;4;7;6;5;5;12;3;52;10;52;10;73;10;31;18;64;18;40;26;94;26;10;26;66;26;39;43;52;0;1;1;1;4;4;7;6;5;5;12;3;52;10;52;10;73;10;31;18;64;18;40;26;94;26;10;26;66;26;39;43;52;0;1;1;1;4;4;7;6;5;5;12;3;52;10;52;10;73;10;31;18;64;18;40;26;94;26;10;26;66;26;39;43;52;0;1;1;0;5;2;1;0;1;7;7;2;0;0;0;0;0;0;0;0;0;0;0;0;1;1;1;4;4;7;6;5;5;12;3;52;10;52;10;73;10;31;18;64;18;40;26;94;26;10;27;70;27;34;43;52;0;1;1;1;4;4;7;6;8;8;12;3;52;10;52;10;73;10;31;18;64;18;40;26;94;26;10;32;70;32;34;43;52;0;1;1;1;4;4;3;2;8;8;12;3;52;10;52;10;73;10;31;18;64;18;40;14;94;14;10;32;70;32;34;43;52;0;1;1;0;3;2;1;1;1;4;5;2;0;0;0;0;0;0;0;0;0;0;0;0;2;4;3;10;9;19;13;12;15;20;1;7;5;6;8;11;14;17;16;18;21;22;23;24;25;26;27;28;29;30;31;32;33;34;35;36;37;38;39;12;9;9;9;9;9;19;255;255;255;0;0;0;0;0;0;0
314;0;1;1;3;2;4;5;5;8;8;12;3;52;10;63;10;41;12;89;12;15;18;52;24;78;24;26;32;70;32;34;43;52;0;1;1;3;2;4;5;5;11;11;12;3;52;10;63;10;41;12;89;12;15;18;52;24;78;24;26;35;73;35;31;43;52;0;1;1;3;2;4;4;4;8;8;12;3;52;10;63;10;41;12;89;12;15;18;52;24;78;24;26;32;70;32;34;43;52;1;0;1;1;6;2;1;0;1;2;2;3;0;0;0;0;0;0;0;0;0;0;0;0;1;1;3;2;4;5;5;8;8;12;3;52;10;63;10;41;12;89;12;15;18;52;24;78;24;26;32;70;32;34;43;52;0;1;1;3;2;4;8;8;7;6;12;3;52;10;63;10;41;12;89;12;15;18;52;28;80;28;24;34;89;34;16;43;52;0;1;1;3;2;4;5;5;8;8;12;3;52;10;63;10;41;12;89;12;15;18;52;24;78;24;26;32;70;32;34;43;52;1;0;1;1;4;2;1;0;1;3;2;2;0;0;0;0;0;0;0;0;0;0;0;0;1;1;3;2;4;5;5;8;8;12;3;52;10;63;10;41;12;89;12;15;18;52;24;78;24;26;32;70;32;34;43;52;0;1;1;3;2;4;5;5;11;11;12;3;52;10;63;10;41;12;89;12;15;18;52;24;78;24;26;35;73;35;31;43;52;0;1;1;3;2;4;4;4;8;8;12;3;52;10;63;10;41;12;89;12;15;18;52;24;78;24;26;32;70;32;34;43;52;1;0;1;1;6;2;1;0;1;2;2;3;0;0;0;0;0;0;0;0;0;0;0;0;3;6;9;8;13;12;11;18;20;26;1;4;5;7;10;14;15;17;25;21;27;28;2;22;19;16;24;23;29;30;31;32;33;34;35;36;37;38;39;0;9;9;9;9;9;6;255;255;255;0;0;0;0;0;0;0
319;0;1;1;3;2;5;5;7;6;8;12;3;52;10;63;10;41;12;89;12;15;22;67;22;36;26;90;26;15;34;52;43;52;0;1;1;3;2;5;5;8;8;8;12;3;52;10;63;10;41;12;89;12;15;22;67;22;36;30;80;30;23;34;52;43;52;0;1;1;3;2;5;5;7;6;8;12;3;52;10;63;10;41;12;89;12;15;22;67;22;36;26;90;26;15;31;52;43;52;0;0;1;1;6;2;1;0;1;3;2;2;0;1;0;12;0;0;0;0;0;0;0;0;1;1;3;2;5;5;7;6;8;12;3;52;10;63;10;41;12;89;12;15;22;67;22;36;26;90;26;15;34;52;43;52;0;1;1;3;2;5;5;7;6;11;12;3;52;10;63;10;41;12;89;12;15;22;67;22;36;26;90;26;15;35;52;43;52;0;1;1;3;2;4;4;7;6;8;12;3;52;10;63;10;41;12;89;12;15;19;67;19;38;26;90;26;15;34;52;43;52;0;0;1;1;4;2;1;0;1;4;3;3;0;1;0;12;0;0;0;0;0;0;0;0;1;1;3;2;5;5;7;6;8;12;3;52;10;63;10;41;12;89;12;15;22;67;22;36;26;90;26;15;34;52;43;52;0;1;1;3;2;5;5;8;8;8;12;3;52;10;63;10;41;12;89;12;15;22;67;22;36;30;80;30;23;34;52;43;52;0;1;1;3;2;5;5;7;6;8;12;3;52;10;63;10;41;12;89;12;15;22;67;22;36;26;90;26;15;31;52;43;52;0;0;1;1;6;2;1;0;1;3;2;2;0;1;0;12;0;0;0;0;0;0;0;0;3;6;11;20;17;18;27;9;23;30;1;4;5;7;8;14;16;19;24;25;21;28;2;12;31;10;15;13;26;22;29;32;33;34;35;36;37;38;39;18;9;9;9;9;9;27;255;255;255;0;0;0;0;0;0;0
320;0;1;1;1;4;5;5;7;6;12;12;3;52;10;52;10;73;10;31;18;53;25;68;25;36;21;89;21;15;43;66;43;38;0;1;1;1;4;8;8;7;6;12;12;3;52;10;52;10;73;10;31;18;53;29;69;29;35;23;91;23;13;43;66;43;38;0;1;1;1;4;5;5;3;2;12;12;3;52;10;52;10;73;10;31;18;53;25;68;25;36;15;89;15;15;43;66;43;38;0;0;0;0;7;2;1;0;0;4;6;3;0;7;0;12;0;0;0;0;0;0;0;0;1;1;1;4;5;5;3;2;12;12;3;52;10;52;10;73;10;31;18;53;25;68;25;36;15;89;15;15;43;66;43;38;0;1;1;1;4;5;5;7;6;12;12;3;52;10;52;10;73;10;31;18;53;25;68;25;36;24;94;24;10;43;66;43;38;0;1;1;1;4;5;5;3;2;12;12;3;52;10;52;10;73;10;31;18;53;25;68;25;36;15;89;15;15;43;66;43;38;0;0;0;1;8;1;1;1;1;3;7;3;0;7;0;12;0;0;0;0;0;0;0;0;1;1;1;4;5;5;7;6;12;12;3;52;10;52;10;73;10;31;18;53;25;68;25;36;21;89;21;15;43;66;43;38;0;1;1;1;4;8;8;7;6;12;12;3;52;10;52;10;73;10;31;18;53;29;69;29;35;23;91;23;13;43;66;43;38;0;1;1;1;4;5;5;3;2;12;12;3;52;10;52;10;73;10;31;18;53;25;68;25;36;15;89;15;15;43;66;43;38;0;0;0;0;7;2;1;0;0;4;6;3;0;7;0;12;0;0;0;0;0;0;0;0;7;3;6;17;13;14;10;18;25;23;1;4;5;26;8;28;12;15;16;19;21;20;2;27;29;9;11;24;22;30;31;32;33;34;35;36;37;38;39;25;17;17;17;17;23;7;255;255;255;0;0;0;0;0;0;0
323;0;1;1;1;5;5;8;7;6;12;12;3;52;10;52;10;73;10;31;21;39;21;66;32;51;26;90;26;14;43;66;43;38;0;1;1;1;5;5;11;7;6;12;12;3;52;10;52;10;73;10;31;21;39;21;66;35;52;26;90;26;14;43;66;43;38;0;1;1;1;5;5;8;7;6;12;12;3;52;10;52;10;73;10;31;21;39;21;66;32;51;21;90;21;14;43;66;43;38;1;0;0;0;4;2;0;1;0;3;5;3;0;2;0;16;0;0;0;0;0;0;0;0;1;1;1;5;5;8;3;2;12;12;3;52;10;52;10;73;10;31;21;39;21;66;32;51;15;89;15;15;43;66;43;38;0;1;1;1;5;5;8;7;6;12;12;3;52;10;52;10;73;10;31;21;39;21;66;32;51;18;90;18;14;43;66;43;38;0;1;1;1;5;5;8;3;2;12;12;3;52;10;52;10;73;10;31;21;39;21;66;32;51;15;89;15;15;43;66;43;38;1;0;1;0;5;1;0;1;0;3;6;3;0;2;0;139637976727552;0;0;0;0;0;0;0;0;1;1;1;5;5;8;7;6;12;12;3;52;10;52;10;73;10;31;21;39;21;66;32;51;26;90;26;14;43;66;43;38;0;1;1;1;5;5;11;7;6;12;12;3;52;10;52;10;73;10;31;21;39;21;66;35;52;26;90;26;14;43;66;43;38;0;1;1;1;5;5;8;7;6;12;12;3;52;10;52;10;73;10;31;21;39;21;66;32;51;21;90;21;14;43;66;43;38;1;0;0;0;4;2;0;1;0;3;5;3;0;2;0;16;0;0;0;0;0;0;0;0;8;5;6;14;13;19;21;20;24;22;1;7;9;27;10;11;12;15;16;18;23;25;2;3;4;28;17;26;29;30;31;32;33;34;35;36;37;38;39;5;19;19;19;19;19;21;255;255;255;0;0;0;0;0;0;0
327;0;1;1;1;4;4;7;6;8;8;12;3;52;10;52;10;73;10;31;18;64;18;40;25;89;25;15;32;70;32;34;43;53;0;1;1;1;4;4;7;6;11;11;12;3;52;10;52;10;73;10;31;18;64;18;40;25;89;25;15;35;71;35;33;43;53;0;1;1;1;4;4;3;2;8;8;12;3;52;10;52;10;73;10;31;18;64;18;40;15;89;15;15;32;70;32;34;43;53;1;1;0;1;2;3;0;0;0;8;2;2;0;2;0;12;0;0;0;0;0;0;0;0;1;1;1;4;4;3;2;8;8;12;3;52;10;52;10;73;10;31;18;64;18;40;15;90;15;14;32;70;32;34;43;53;0;1;1;1;4;4;3;2;11;11;12;3;52;10;52;10;73;10;31;18;64;18;40;15;89;15;15;36;78;36;25;43;53;0;1;1;1;4;4;3;2;8;8;12;3;52;10;52;10;73;10;31;18;64;18;40;15;94;15;10;32;70;32;34;43;53;1;1;0;1;4;3;0;0;1;7;4;2;0;2;0;12;0;0;0;0;0;0;0;0;1;1;1;4;4;7;6;8;8;12;3;52;10;52;10;73;10;31;18;64;18;40;25;89;25;15;32;70;32;34;43;53;0;1;1;1;4;4;7;6;11;11;12;3;52;10;52;10;73;10;31;18;64;18;40;25;89;25;15;35;71;35;33;43;53;0;1;1;1;4;4;3;2;8;8;12;3;52;10;52;10;73;10;31;18;64;18;40;15;89;15;15;32;70;32;34;43;53;1;1;0;1;2;3;0;0;0;8;2;2;0;2;0;12;0;0;0;0;0;0;0;0;5;6;4;14;15;11;10;18;17;24;1;7;8;9;12;13;16;19;21;22;25;23;2;3;29;30;26;28;27;20;31;32;33;34;35;36;37;38;39;0;17;15;17;17;24;5;255;255;255;0;0;0;0;0;0;0
328;0;1;1;3;2;5;5;7;6;8;12;3;52;10;63;10;41;12;89;12;15;21;65;21;37;30;86;30;18;32;52;43;52;0;1;1;3;2;5;5;7;6;11;12;3;52;10;63;10;41;12;89;12;15;21;65;21;37;30;86;30;18;35;52;43;52;0;1;1;3;2;4;4;7;6;8;12;3;52;10;63;10;41;12;89;12;15;21;65;21;37;30;86;30;18;32;52;43;52;1;1;1;1;7;2;1;0;1;3;4;2;0;1;0;12;0;0;0;0;0;0;0;0;1;1;3;2;4;4;7;6;8;12;3;52;10;63;10;41;12;89;12;15;21;65;21;37;30;86;30;18;32;52;43;52;0;1;1;3;2;5;5;10;9;8;12;3;52;10;63;10;41;12;89;12;15;21;65;21;37;35;92;35;12;32;52;43;52;0;1;1;3;2;4;4;7;6;8;12;3;52;10;63;10;41;12;89;12;15;21;65;21;37;30;86;30;18;32;52;43;52;1;1;1;1;8;1;1;0;1;1;4;2;0;1;0;12;0;0;0;0;0;0;0;0;1;1;3;2;5;5;7;6;8;12;3;52;10;63;10;41;12;89;12;15;21;65;21;37;30;86;30;18;32;52;43;52;0;1;1;3;2;5;5;7;6;11;12;3;52;10;63;10;41;12;89;12;15;21;65;21;37;30;86;30;18;35;52;43;52;0;1;1;3;2;4;4;7;6;8;12;3;52;10;63;10;41;12;89;12;15;21;65;21;37;30;86;30;18;32;52;43;52;1;1;1;1;7;2;1;0;1;3;4;2;0;1;0;12;0;0;0;0;0;0;0;0;5;4;11;10;17;16;19;12;24;29;1;6;7;9;13;15;18;21;22;25;26;28;2;3;8;30;14;20;23;27;31;32;33;34;35;36;37;38;39;4;24;24;24;24;24;19;255;255;255;0;0;0;0;0;0;0
333;0;1;1;1;4;5;5;7;6;12;12;3;52;10;52;10;73;10;31;19;52;26;37;26;66;24;89;24;15;43;66;43;38;0;1;1;1;4;8;8;7;6;12;12;3;52;10;52;10;73;10;31;19;52;31;37;31;67;24;89;24;15;43;66;43;38;0;1;1;1;4;5;5;3;2;12;12;3;52;10;52;10;73;10;31;19;52;26;37;26;66;15;89;15;15;43;66;43;38;0;0;0;0;7;2;1;1;0;5;8;3;0;7;0;139637976727552;0;0;0;0;0;0;0;0;1;1;1;4;5;5;3;2;12;12;3;52;10;52;10;73;10;31;19;52;26;37;26;66;15;89;15;15;43;66;43;38;0;1;1;1;4;8;8;3;2;12;12;3;52;10;52;10;73;10;31;19;52;30;36;30;68;15;89;15;15;43;66;43;38;0;1;1;1;4;5;5;3;2;12;12;3;52;10;52;10;73;10;31;19;52;26;37;26;66;15;89;15;15;43;66;43;38;0;0;0;0;8;1;1;1;0;3;9;3;0;7;0;139637976727552;0;0;0;0;0;0;0;0;1;1;1;4;5;5;7;6;12;12;3;52;10;52;10;73;10;31;19;52;26;37;26;66;24;89;24;15;43;66;43;38;0;1;1;1;4;8;8;7;6;12;12;3;52;10;52;10;73;10;31;19;52;31;37;31;67;24;89;24;15;43;66;43;38;0;1;1;1;4;5;5;3;2;12;12;3;52;10;52;10;73;10;31;19;52;26;37;26;66;15;89;15;15;43;66;43;38;0;0;0;0;7;2;1;1;0;5;8;3;0;7;0;139637976727552;0;0;0;0;0;0;0;0;7;6;3;14;15;16;19;24;27;29;1;4;5;8;11;13;17;18;20;21;26;28;2;34;9;10;33;12;31;32;22;23;25;30;35;36;37;38;39;29;3;16;16;16;29;16;255;255;255;0;0;0;0;0;0;0
336;0;1;1;1;4;5;5;7;6;12;12;3;52;10;52;10;73;10;31;19;52;26;37;26;66;23;90;23;14;43;66;43;38;0;1;1;1;4;5;5;7;6;12;12;3;52;10;52;10;73;10;31;19;52;26;37;26;66;23;90;23;14;43;66;43;38;0;1;1;1;4;5;5;3;2;12;12;3;52;10;52;10;73;10;31;19;52;26;37;26;66;15;90;15;14;43;66;43;38;0;0;0;0;6;2;1;1;0;6;9;3;0;0;0;0;0;0;0;0;0;0;0;0;1;1;1;4;4;3;2;8;8;12;3;52;11;52;11;72;11;32;19;40;19;64;14;94;13;10;33;72;33;32;43;52;0;1;1;1;5;5;7;6;8;8;12;3;52;11;52;11;72;11;32;19;40;19;64;21;91;21;13;33;72;33;32;43;52;0;1;1;1;4;4;3;2;8;8;12;3;52;11;52;11;72;11;32;19;40;19;64;14;94;13;10;33;72;33;32;43;52;0;1;0;0;7;2;1;1;0;5;9;3;0;0;0;0;0;0;0;0;0;0;0;0;1;1;1;4;5;5;7;6;12;12;3;52;10;52;10;73;10;31;19;52;26;37;26;66;23;90;23;14;43;66;43;38;0;1;1;1;4;5;5;7;6;12;12;3;52;10;52;10;73;10;31;19;52;26;37;26;66;23;90;23;14;43;66;43;38;0;1;1;1;4;5;5;3;2;12;12;3;52;10;52;10;73;10;31;19;52;26;37;26;66;15;90;15;14;43;66;43;38;0;0;0;0;6;2;1;1;0;6;9;3;0;0;0;0;0;0;0;0;0;0;0;0;5;4;3;13;16;19;21;8;23;22;1;6;7;10;30;14;15;18;17;20;24;25;2;31;29;9;11;12;26;27;28;32;33;34;35;36;37;38;39;16;21;13;21;21;22;8;255;255;255;0;0;0;0;0;0;0
344;0;1;1;3;2;4;4;8;10;9;12;3;52;10;63;10;41;12;89;12;15;21;67;21;36;29;52;36;91;36;13;43;52;0;1;1;3;2;5;5;8;10;9;12;3;52;10;63;10;41;12;89;12;15;23;77;23;27;33;52;36;91;36;13;43;52;0;1;1;3;2;4;4;8;7;6;12;3;52;10;63;10;41;12;89;12;15;21;70;21;34;29;52;32;88;32;16;43;52;0;0;1;0;9;2;1;1;1;8;5;2;0;1;0;11;0;0;0;0;0;0;0;0;1;1;3;2;4;5;5;7;6;12;3;52;11;64;11;40;13;88;13;16;20;52;25;72;25;32;33;90;33;15;43;52;0;1;1;3;2;4;5;5;10;9;12;3;52;11;64;11;40;13;88;13;16;20;52;25;72;25;32;35;92;35;13;43;52;0;1;1;3;2;4;5;5;7;6;12;3;52;11;64;11;40;13;88;13;16;20;52;25;72;25;32;33;90;33;15;43;52;0;0;1;0;7;1;1;0;0;4;7;3;0;1;0;11;0;0;0;0;0;0;0;0;1;1;3;2;4;4;8;10;9;12;3;52;10;63;10;41;12;89;12;15;21;67;21;36;29;52;36;91;36;13;43;52;0;1;1;3;2;5;5;8;10;9;12;3;52;10;63;10;41;12;89;12;15;23;77;23;27;33;52;36;91;36;13;43;52;0;1;1;3;2;4;4;8;7;6;12;3;52;10;63;10;41;12;89;12;15;21;70;21;34;29;52;32;88;32;16;43;52;0;0;1;0;9;2;1;1;1;8;5;2;0;1;0;11;0;0;0;0;0;0;0;0;4;3;9;7;14;13;15;19;17;22;1;5;24;8;6;10;12;16;18;11;20;23;2;26;25;21;27;28;29;30;31;32;33;34;35;36;37;38;39;9;9;9;9;9;9;13;255;255;255;0;0;0;0;0;0;0
345;0;1;1;3;2;5;5;8;10;9;12;3;52;10;63;10;41;12;89;12;15;24;70;24;35;32;52;35;89;35;16;43;52;0;1;1;3;2;5;5;8;10;9;12;3;52;10;63;10;41;12;89;12;15;24;70;24;35;32;52;42;85;42;19;43;52;0;1;1;3;2;4;4;8;7;6;12;3;52;10;63;10;41;12;89;12;15;20;70;20;32;32;52;34;88;34;18;43;52;0;0;1;0;4;2;0;0;1;4;5;2;0;0;0;0;0;0;0;0;0;0;0;0;1;1;3;2;5;5;7;6;8;12;3;52;10;63;10;41;12;89;12;15;20;64;20;40;30;87;30;18;30;51;42;51;0;1;1;3;2;5;5;7;6;11;12;3;52;10;63;10;41;12;89;12;15;20;64;20;40;30;87;30;18;35;51;42;51;0;1;1;3;2;4;4;7;6;8;12;3;52;10;63;10;41;12;89;12;15;20;64;20;40;30;87;30;18;30;51;42;51;1;0;1;0;5;2;0;0;1;3;6;3;0;0;0;0;0;0;0;0;0;0;0;0;1;1;3;2;5;5;8;10;9;12;3;52;10;63;10;41;12;89;12;15;24;70;24;35;32;52;35;89;35;16;43;52;0;1;1;3;2;5;5;8;10;9;12;3;52;10;63;10;41;12;89;12;15;24;70;24;35;32;52;42;85;42;19;43;52;0;1;1;3;2;4;4;8;7;6;12;3;52;10;63;10;41;12;89;12;15;20;70;20;32;32;52;34;88;34;18;43;52;0;0;1;0;4;2;0;0;1;4;5;2;0;0;0;0;0;0;0;0;0;0;0;0;8;5;12;11;21;17;20;25;24;26;2;6;7;9;10;14;16;18;23;22;27;28;1;3;4;29;13;15;19;30;31;32;33;34;35;36;37;38;39;12;21;21;21;21;20;5;255;255;255;0;0;0;0;0;0;0
346;0;1;1;3;2;4;5;5;10;9;12;3;52;10;63;10;41;12;89;12;15;18;52;24;69;24;37;36;91;36;13;43;52;0;1;1;3;2;4;8;8;10;9;12;3;52;10;63;10;41;12;89;12;15;18;52;26;69;26;35;42;85;42;19;43;52;0;1;1;3;2;4;5;5;10;9;12;3;52;10;63;10;41;12;89;12;15;18;52;24;69;24;37;35;90;35;15;43;52;1;0;1;0;4;2;1;1;0;7;3;2;0;0;0;0;0;0;0;0;0;0;0;0;1;1;3;2;4;4;5;7;6;12;3;52;10;63;10;41;12;89;12;15;18;64;18;40;26;51;34;87;34;17;43;52;0;1;1;3;2;4;4;8;10;9;12;3;52;10;63;10;41;12;89;12;15;18;64;18;40;31;52;42;85;42;19;43;52;0;1;1;3;2;4;4;5;7;6;12;3;52;10;63;10;41;12;89;12;15;18;64;18;40;26;51;33;93;33;11;43;52;1;0;1;0;5;1;1;0;0;2;9;3;0;0;0;0;0;0;0;0;0;0;0;0;1;1;3;2;4;5;5;10;9;12;3;52;10;63;10;41;12;89;12;15;18;52;24;69;24;37;36;91;36;13;43;52;0;1;1;3;2;4;8;8;10;9;12;3;52;10;63;10;41;12;89;12;15;18;52;26;69;26;35;42;85;42;19;43;52;0;1;1;3;2;4;5;5;10;9;12;3;52;10;63;10;41;12;89;12;15;18;52;24;69;24;37;35;90;35;15;43;52;1;0;1;0;4;2;1;1;0;7;3;2;0;0;0;0;0;0;0;0;0;0;0;0;5;4;11;9;13;14;15;22;18;25;1;6;7;10;12;8;29;20;23;21;24;26;2;3;30;16;17;31;19;27;28;32;33;34;35;36;37;38;39;4;9;9;9;9;9;5;255;255;255;0;0;0;0;0;0;0
349;0;1;1;1;4;4;7;6;8;8;12;3;52;10;52;10;73;10;31;18;64;18;40;25;89;25;15;32;70;32;34;43;53;0;1;1;1;5;5;7;6;8;8;12;3;52;10;52;10;73;10;31;18;64;18;40;25;89;25;15;34;75;34;29;43;53;0;1;1;1;4;4;3;2;5;5;12;3;52;10;52;10;73;10;31;18;64;18;40;15;90;15;14;32;70;32;34;43;53;0;1;1;1;5;2;0;1;1;5;4;2;0;9;0;12;0;0;0;0;0;0;0;0;1;1;1;4;4;3;2;8;8;12;3;52;10;52;10;73;10;31;18;64;18;40;15;89;15;15;32;70;32;34;43;53;0;1;1;1;4;4;7;6;8;8;12;3;52;10;52;10;73;10;31;18;64;18;40;25;89;25;15;32;70;32;34;43;53;0;1;1;1;4;4;3;2;8;8;12;3;52;10;52;10;73;10;31;18;64;18;40;15;89;15;15;32;70;32;34;43;53;0;1;1;1;7;2;0;0;0;5;7;3;0;9;0;12;0;0;0;0;0;0;0;0;1;1;1;4;4;7;6;8;8;12;3;52;10;52;10;73;10;31;18;64;18;40;25;89;25;15;32;70;32;34;43;53;0;1;1;1;5;5;7;6;8;8;12;3;52;10;52;10;73;10;31;18;64;18;40;25;89;25;15;34;75;34;29;43;53;0;1;1;1;4;4;3;2;5;5;12;3;52;10;52;10;73;10;31;18;64;18;40;15;90;15;14;32;70;32;34;43;53;0;1;1;1;5;2;0;1;1;5;4;2;0;9;0;12;0;0;0;0;0;0;0;2;9;7;8;20;19;17;23;18;15;29;0;5;6;10;11;12;14;16;26;21;24;28;1;3;4;13;27;25;22;30;31;32;33;34;35;36;37;38;39;2;9;9;9;9;9;8;255;255;255;0;0;0;0;0;0;0
351;0;1;1;3;2;5;5;7;6;8;12;3;52;10;63;10;41;12;89;12;15;22;67;22;38;34;88;34;16;34;52;43;52;0;1;1;3;2;5;5;10;9;8;12;3;52;10;63;10;41;12;89;12;15;23;66;23;38;35;90;35;15;32;52;43;52;0;1;1;3;2;4;4;7;6;8;12;3;52;10;63;10;41;12;89;12;15;18;64;18;40;27;89;27;15;32;52;43;52;1;0;1;0;7;2;1;0;1;6;7;2;0;5;0;12;0;0;0;0;0;0;0;0;1;1;3;2;5;5;8;8;8;12;3;52;10;63;10;41;12;89;12;15;18;64;18;40;30;78;30;25;32;52;43;52;0;1;1;3;2;5;5;10;9;8;12;3;52;10;63;10;41;12;89;12;15;18;64;18;40;35;85;35;18;32;52;43;52;0;1;1;3;2;4;4;8;8;8;12;3;52;10;63;10;41;12;89;12;15;18;64;18;40;30;78;30;25;32;52;43;52;0;0;0;0;7;1;1;0;1;1;7;3;0;5;0;12;0;0;0;0;0;0;0;0;1;1;3;2;5;5;7;6;8;12;3;52;10;63;10;41;12;89;12;15;22;67;22;38;34;88;34;16;34;52;43;52;0;1;1;3;2;5;5;10;9;8;12;3;52;10;63;10;41;12;89;12;15;23;66;23;38;35;90;35;15;32;52;43;52;0;1;1;3;2;4;4;7;6;8;12;3;52;10;63;10;41;12;89;12;15;18;64;18;40;27;89;27;15;32;52;43;52;1;0;1;0;7;2;1;0;1;6;7;2;0;5;0;12;0;0;0;0;0;0;0;0;4;5;10;7;16;13;21;15;17;23;1;3;12;25;11;14;19;27;28;18;22;24;2;6;9;8;20;29;26;30;31;32;33;34;35;36;37;38;39;5;15;13;15;15;17;7;255;255;255;0;0;0;0;0;0;0
352;0;1;1;1;3;2;5;5;8;12;12;3;52;10;52;10;73;10;31;15;89;15;15;24;68;24;36;32;52;43;67;43;38;0;1;1;1;7;6;5;5;8;12;12;3;52;10;52;10;73;10;31;19;89;19;14;24;68;24;36;32;52;43;67;43;38;0;1;1;1;3;2;5;5;8;12;12;3;52;10;52;10;73;10;31;15;89;15;15;21;67;21;37;32;52;43;67;43;38;1;0;0;1;7;2;1;0;1;5;4;2;0;0;0;0;0;0;0;0;0;0;0;0;1;1;1;3;2;4;4;8;12;12;3;52;10;52;10;73;10;31;15;89;15;15;24;68;24;36;32;52;43;67;43;38;0;1;1;1;3;2;5;5;11;12;12;3;52;10;52;10;73;10;31;15;89;15;15;24;68;24;36;35;52;43;67;43;38;0;1;1;1;3;2;4;4;8;12;12;3;52;10;52;10;73;10;31;15;89;15;15;24;68;24;36;32;52;43;67;43;38;0;0;0;1;8;2;1;0;1;4;5;3;0;0;0;0;0;0;0;0;0;0;0;0;1;1;1;3;2;5;5;8;12;12;3;52;10;52;10;73;10;31;15;89;15;15;24;68;24;36;32;52;43;67;43;38;0;1;1;1;7;6;5;5;8;12;12;3;52;10;52;10;73;10;31;19;89;19;14;24;68;24;36;32;52;43;67;43;38;0;1;1;1;3;2;5;5;8;12;12;3;52;10;52;10;73;10;31;15;89;15;15;21;67;21;37;32;52;43;67;43;38;1;0;0;1;7;2;1;0;1;5;4;2;0;0;0;0;0;0;0;0;0;0;0;0;3;4;5;7;17;20;11;22;24;23;1;6;9;18;13;16;19;14;15;12;25;26;2;8;10;21;27;28;29;30;31;32;33;34;35;36;37;38;39;7;20;11;20;20;22;5;255;255;255;0;0;0;0;0;0;0
357;0;1;1;3;2;4;5;5;10;9;12;3;52;10;63;10;41;12;89;12;15;18;52;27;67;27;37;36;88;36;16;46;51;0;1;1;3;2;4;5;5;10;9;12;3;52;10;63;10;41;12;89;12;15;18;52;28;68;28;36;36;91;36;13;43;52;0;1;1;3;2;4;5;5;8;8;12;3;52;10;63;10;41;12;89;12;15;18;52;26;71;26;32;34;82;34;23;43;52;0;1;0;0;6;3;1;1;1;7;5;2;0;4;0;12;0;0;0;0;0;0;0;0;1;1;3;2;4;5;5;7;6;12;3;52;10;63;10;41;12;89;12;15;18;52;26;71;26;32;34;91;34;14;43;52;0;1;1;3;2;4;5;5;10;9;12;3;52;10;63;10;41;12;89;12;15;18;52;26;71;26;32;36;91;36;13;43;52;0;1;1;3;2;4;5;5;7;6;12;3;52;10;63;10;41;12;89;12;15;18;52;26;71;26;32;33;91;33;14;43;52;0;1;0;0;7;2;1;1;1;6;6;2;0;4;0;12;0;0;0;0;0;0;0;0;1;1;3;2;4;5;5;10;9;12;3;52;10;63;10;41;12;89;12;15;18;52;27;67;27;37;36;88;36;16;46;51;0;1;1;3;2;4;5;5;10;9;12;3;52;10;63;10;41;12;89;12;15;18;52;28;68;28;36;36;91;36;13;43;52;0;1;1;3;2;4;5;5;8;8;12;3;52;10;63;10;41;12;89;12;15;18;52;26;71;26;32;34;82;34;23;43;52;0;1;0;0;6;3;1;1;1;7;5;2;0;4;0;12;0;0;0;0;0;0;0;2;3;4;10;8;12;14;13;25;20;26;0;5;6;7;9;15;17;19;18;21;24;27;1;28;11;16;29;22;30;23;31;32;33;34;35;36;37;38;39;2;13;13;13;13;26;8;255;255;255;0;0;0;0;0;0;0
359;0;1;1;3;2;4;5;5;10;9;12;3;52;10;63;10;41;12;89;12;15;18;52;25;72;25;31;36;86;36;18;43;52;0;1;1;3;2;4;8;8;10;9;12;3;52;10;63;10;41;12;89;12;15;18;52;30;62;30;42;36;86;36;18;43;52;0;1;1;3;2;4;5;5;10;9;12;3;52;10;63;10;41;12;89;12;15;18;52;25;72;25;31;35;88;35;16;43;52;0;1;1;1;3;3;0;0;1;4;2;2;0;9;0;16;0;0;0;0;0;0;0;0;1;1;3;2;4;4;7;6;8;12;3;52;10;63;10;41;12;89;12;15;20;64;20;40;30;87;30;18;32;53;42;53;0;1;1;3;2;5;5;10;9;8;12;3;52;10;63;10;41;12;89;12;15;20;64;20;40;35;86;35;17;32;53;42;53;0;1;1;3;2;4;4;7;6;8;12;3;52;10;63;10;41;12;89;12;15;20;64;20;40;30;87;30;18;32;53;42;53;0;1;1;1;5;2;0;0;1;6;2;2;0;9;0;16;0;0;0;0;0;0;0;0;1;1;3;2;4;5;5;10;9;12;3;52;10;63;10;41;12;89;12;15;18;52;25;72;25;31;36;86;36;18;43;52;0;1;1;3;2;4;8;8;10;9;12;3;52;10;63;10;41;12;89;12;15;18;52;30;62;30;42;36;86;36;18;43;52;0;1;1;3;2;4;5;5;10;9;12;3;52;10;63;10;41;12;89;12;15;18;52;25;72;25;31;35;88;35;16;43;52;0;1;1;1;3;3;0;0;1;4;2;2;0;9;0;16;0;0;0;0;0;0;0;0;4;6;10;7;12;14;13;19;20;26;1;3;5;8;11;15;16;23;17;21;22;27;2;28;18;29;9;24;25;30;31;32;33;34;35;36;37;38;39;10;19;14;19;19;19;7;255;255;255;0;0;0;0;0;0;0
361;0;1;1;1;4;5;5;7;6;12;12;3;52;10;52;10;73;10;31;19;52;22;26;22;78;33;88;33;16;43;66;43;38;0;1;1;1;4;5;5;10;9;12;12;3;52;10;52;10;73;10;31;19;52;22;26;22;78;35;86;35;17;43;66;43;38;0;1;1;1;4;4;4;7;6;12;12;3;52;10;52;10;73;10;31;19;52;22;26;22;78;27;94;27;10;43;66;43;38;1;1;1;0;6;2;1;0;1;7;3;2;0;0;0;0;0;0;0;0;0;0;0;0;1;1;1;3;2;5;5;8;12;12;3;52;10;52;10;73;10;31;15;89;15;15;24;68;24;36;32;52;43;67;43;38;0;1;1;1;3;2;5;5;11;12;12;3;52;10;52;10;73;10;31;15;89;15;15;24;68;24;36;35;52;43;67;43;38;0;1;1;1;3;2;4;4;8;12;12;3;52;10;52;10;73;10;31;15;89;15;15;22;67;22;35;32;52;43;67;43;38;1;1;1;0;7;2;1;0;1;6;4;3;0;0;0;0;0;0;0;0;0;0;0;0;1;1;1;4;5;5;7;6;12;12;3;52;10;52;10;73;10;31;19;52;22;26;22;78;33;88;33;16;43;66;43;38;0;1;1;1;4;5;5;10;9;12;12;3;52;10;52;10;73;10;31;19;52;22;26;22;78;35;86;35;17;43;66;43;38;0;1;1;1;4;4;4;7;6;12;12;3;52;10;52;10;73;10;31;19;52;22;26;22;78;27;94;27;10;43;66;43;38;1;1;1;0;6;2;1;0;1;7;3;2;0;0;0;0;0;0;0;0;0;0;0;0;6;3;4;11;14;15;16;18;25;23;2;5;8;32;7;9;21;12;13;20;22;24;1;28;33;29;10;31;17;26;19;27;30;34;35;36;37;38;39;6;18;4;15;15;23;15;255;255;255;0;0;0;0;0;0;0
362;0;1;1;1;3;2;4;4;5;12;12;3;52;10;52;10;73;10;31;15;89;15;15;24;65;24;40;32;52;43;66;43;38;0;1;1;1;7;6;4;4;8;12;12;3;52;10;52;10;73;10;31;26;91;26;13;24;65;24;40;34;52;43;66;43;38;0;1;1;1;3;2;4;4;5;12;12;3;52;10;52;10;73;10;31;15;89;15;15;24;65;24;40;32;52;43;66;43;38;0;0;1;0;7;2;0;1;0;7;3;2;0;139637976727552;0;139637976727552;0;0;0;0;0;0;0;0;1;1;1;3;2;4;4;5;12;12;3;52;10;52;10;73;10;31;15;89;15;15;24;65;24;40;32;52;43;66;43;38;0;1;1;1;3;2;4;4;8;12;12;3;52;10;52;10;73;10;31;15;89;15;15;24;65;24;40;34;52;43;66;43;38;0;1;1;1;3;2;4;4;5;12;12;3;52;10;52;10;73;10;31;15;89;15;15;24;65;24;40;32;52;43;66;43;38;0;0;0;0;3;2;0;1;0;7;6;3;0;4;0;139637976727552;0;0;0;0;0;0;0;0;1;1;1;3;2;4;4;5;12;12;3;52;10;52;10;73;10;31;15;89;15;15;24;65;24;40;32;52;43;66;43;38;0;1;1;1;7;6;4;4;8;12;12;3;52;10;52;10;73;10;31;26;91;26;13;24;65;24;40;34;52;43;66;43;38;0;1;1;1;3;2;4;4;5;12;12;3;52;10;52;10;73;10;31;15;89;15;15;24;65;24;40;32;52;43;66;43;38;0;0;1;0;7;2;0;1;0;7;3;2;0;139637976727552;0;139637976727552;0;0;0;0;0;0;0;0;3;5;4;9;7;13;14;15;19;22;1;2;6;34;25;10;12;16;28;33;23;24;26;27;29;8;11;32;35;17;18;20;21;30;31;36;37;38;39;5;9;9;9;9;9;7;255;255;255;0;0;0;0;0;0;0
363;0;1;1;3;2;5;5;7;6;8;12;3;52;10;63;10;41;12;89;12;15;22;70;22;33;30;89;30;15;28;52;42;52;0;1;1;3;2;5;5;7;6;11;12;3;52;10;63;10;41;12;89;12;15;22;70;22;33;34;89;34;15;35;52;42;52;0;1;1;3;2;4;4;7;6;8;12;3;52;10;63;10;41;12;89;12;15;21;69;21;34;30;88;30;15;27;52;43;53;0;1;0;0;5;2;1;1;0;4;7;2;0;3;0;12;0;0;0;0;0;0;0;0;1;1;3;2;4;4;7;6;8;12;3;52;10;63;10;41;12;89;12;15;20;62;20;42;30;89;30;15;30;52;42;52;0;1;1;3;2;5;5;7;6;11;12;3;52;10;63;10;41;12;89;12;15;20;62;20;42;30;89;30;15;35;52;42;52;0;1;1;3;2;4;4;7;6;8;12;3;52;10;63;10;41;12;89;12;15;20;62;20;42;30;89;30;15;30;52;42;52;0;1;0;0;6;2;1;1;1;3;8;3;0;3;0;12;0;0;0;0;0;0;0;0;1;1;3;2;5;5;7;6;8;12;3;52;10;63;10;41;12;89;12;15;22;70;22;33;30;89;30;15;28;52;42;52;0;1;1;3;2;5;5;7;6;11;12;3;52;10;63;10;41;12;89;12;15;22;70;22;33;34;89;34;15;35;52;42;52;0;1;1;3;2;4;4;7;6;8;12;3;52;10;63;10;41;12;89;12;15;21;69;21;34;30;88;30;15;27;52;43;53;0;1;0;0;5;2;1;1;0;4;7;2;0;3;0;12;0;0;0;0;0;0;0;0;5;2;10;7;12;13;15;19;17;21;1;3;6;8;9;14;16;22;18;20;23;28;26;4;25;32;33;27;11;31;29;24;30;34;35;36;37;38;39;5;13;13;13;13;21;7;255;255;255;0;0;0;0;0;0;0
364;0;1;1;3;2;5;5;7;6;12;12;3;52;10;63;10;41;12;89;12;15;20;64;20;40;30;87;30;18;43;66;43;38;0;1;1;3;2;5;5;7;6;12;12;3;52;10;63;10;41;12;89;12;15;26;67;26;37;33;88;33;16;43;66;43;38;0;1;1;3;2;4;4;7;6;12;12;3;52;10;63;10;41;12;89;12;15;20;64;20;40;26;93;26;10;43;66;43;38;0;1;1;0;6;2;0;0;0;7;5;2;0;2;0;16;0;0;0;0;0;0;0;0;1;1;3;2;4;5;5;7;6;12;3;52;11;64;11;40;13;88;13;16;19;52;25;68;25;36;25;94;25;9;43;52;0;1;1;3;2;4;5;5;10;9;12;3;52;11;64;11;40;13;88;13;16;19;52;25;68;25;36;35;89;35;15;43;52;0;1;1;3;2;4;5;5;7;6;12;3;52;11;64;11;40;13;88;13;16;19;52;25;68;25;36;25;94;25;9;43;52;0;1;1;0;4;2;0;1;0;6;6;3;0;2;0;16;0;0;0;0;0;0;0;0;1;1;3;2;5;5;7;6;12;12;3;52;10;63;10;41;12;89;12;15;20;64;20;40;30;87;30;18;43;66;43;38;0;1;1;3;2;5;5;7;6;12;12;3;52;10;63;10;41;12;89;12;15;26;67;26;37;33;88;33;16;43;66;43;38;0;1;1;3;2;4;4;7;6;12;12;3;52;10;63;10;41;12;89;12;15;20;64;20;40;26;93;26;10;43;66;43;38;0;1;1;0;6;2;0;0;0;7;5;2;0;2;0;16;0;0;0;0;0;0;0;1;5;3;9;8;12;15;10;21;20;25;0;4;6;7;34;14;16;17;23;26;24;33;2;27;29;30;28;11;13;36;31;35;18;19;22;32;37;38;39;15;9;9;9;9;9;8;255;255;255;0;0;0;0;0;0;0
366;0;1;1;3;2;5;5;7;6;12;12;3;52;10;63;10;41;12;89;12;15;20;64;20;40;30;87;30;18;43;66;43;38;0;1;1;3;2;5;5;10;9;12;12;3;52;10;63;10;41;15;89;15;15;20;64;20;40;35;90;35;15;43;66;43;38;0;1;1;3;2;4;4;7;6;12;12;3;52;10;63;10;41;12;89;12;15;20;64;20;40;30;87;30;18;43;66;43;38;0;0;1;0;5;3;1;0;1;3;4;2;0;7;0;11;0;0;0;0;0;0;0;0;1;1;3;2;4;4;7;6;12;12;3;52;10;63;10;41;12;89;12;15;20;64;20;40;30;87;30;18;43;65;43;38;0;1;1;3;2;5;5;7;6;12;12;3;52;10;63;10;41;12;89;12;15;20;64;20;40;30;87;30;18;43;65;43;38;0;1;1;3;2;4;4;7;6;12;12;3;52;10;63;10;41;12;89;12;15;20;64;20;40;30;87;30;18;43;65;43;38;0;0;1;0;6;2;1;1;1;2;5;3;0;7;0;11;0;0;0;0;0;0;0;0;1;1;3;2;5;5;7;6;12;12;3;52;10;63;10;41;12;89;12;15;20;64;20;40;30;87;30;18;43;66;43;38;0;1;1;3;2;5;5;10;9;12;12;3;52;10;63;10;41;15;89;15;15;20;64;20;40;35;90;35;15;43;66;43;38;0;1;1;3;2;4;4;7;6;12;12;3;52;10;63;10;41;12;89;12;15;20;64;20;40;30;87;30;18;43;66;43;38;0;0;1;0;5;3;1;0;1;3;4;2;0;7;0;11;0;0;0;0;0;0;0;0;5;3;9;8;14;15;10;7;24;26;1;4;6;29;12;16;20;22;17;19;23;25;2;32;27;35;30;11;13;31;33;34;18;21;28;36;37;38;39;14;15;15;15;15;26;5;255;255;255;0;0;0;0;0;0;0
370;0;1;1;3;2;4;5;5;10;9;12;3;52;10;63;10;41;12;89;12;15;18;52;25;76;25;28;38;92;38;12;43;52;0;1;1;3;2;4;8;8;10;9;12;3;52;10;63;10;41;12;89;12;15;18;52;28;77;28;26;38;92;38;12;43;52;0;1;1;3;2;4;5;5;7;6;12;3;52;10;63;10;41;12;89;12;15;18;52;25;76;25;28;34;94;34;10;43;52;1;1;0;1;5;3;0;0;1;7;4;2;0;4;0;16;0;0;0;0;0;0;0;0;1;1;3;2;4;5;5;7;6;12;3;52;10;63;10;41;12;89;12;15;18;52;25;76;25;28;32;90;32;14;43;52;0;1;1;3;2;4;5;5;10;9;12;3;52;10;63;10;41;12;89;12;15;18;52;25;76;25;28;38;92;38;12;43;52;0;1;1;3;2;4;5;5;7;6;12;3;52;10;63;10;41;12;89;12;15;18;52;25;76;25;28;34;92;34;12;43;52;1;1;0;1;6;2;0;0;0;6;8;3;0;4;0;16;0;0;0;0;0;0;0;0;1;1;3;2;4;5;5;10;9;12;3;52;10;63;10;41;12;89;12;15;18;52;25;76;25;28;38;92;38;12;43;52;0;1;1;3;2;4;8;8;10;9;12;3;52;10;63;10;41;12;89;12;15;18;52;28;77;28;26;38;92;38;12;43;52;0;1;1;3;2;4;5;5;7;6;12;3;52;10;63;10;41;12;89;12;15;18;52;25;76;25;28;34;94;34;10;43;52;1;1;0;1;5;3;0;0;1;7;4;2;0;4;0;16;0;0;0;0;0;0;0;0;3;6;9;8;14;11;13;20;30;24;1;2;4;7;10;15;12;18;22;23;17;25;27;28;26;5;29;21;16;19;31;32;33;34;35;36;37;38;39;14;6;11;11;11;6;11;255;255;255;0;0;0;0;0;0;0
377;0;1;1;3;2;5;5;7;6;12;12;3;52;10;63;10;41;12;89;12;15;23;66;23;38;30;87;30;18;43;67;43;38;0;1;1;3;2;5;5;7;6;12;12;3;52;10;63;10;41;12;89;12;15;23;68;23;36;34;94;34;10;43;67;43;38;0;1;1;3;2;4;4;7;6;11;12;3;52;10;63;10;41;12;89;12;15;20;64;20;40;30;87;30;18;39;66;43;38;1;1;1;0;5;2;1;0;1;5;5;3;0;5;0;12;0;0;0;0;0;0;0;0;1;1;3;2;4;4;7;6;11;12;3;52;10;63;10;41;12;89;12;15;20;64;20;40;30;87;30;18;40;66;43;38;0;1;1;3;2;5;5;7;6;12;12;3;52;10;63;10;41;12;89;12;15;20;64;20;40;30;87;30;18;43;66;43;38;0;1;1;3;2;4;4;7;6;11;12;3;52;10;63;10;41;12;89;12;15;20;64;20;40;30;87;30;18;40;66;43;38;1;1;1;0;6;2;1;1;0;4;6;2;0;5;0;12;0;0;0;0;0;0;0;0;1;1;3;2;5;5;7;6;12;12;3;52;10;63;10;41;12;89;12;15;23;66;23;38;30;87;30;18;43;67;43;38;0;1;1;3;2;5;5;7;6;12;12;3;52;10;63;10;41;12;89;12;15;23;68;23;36;34;94;34;10;43;67;43;38;0;1;1;3;2;4;4;7;6;11;12;3;52;10;63;10;41;12;89;12;15;20;64;20;40;30;87;30;18;39;66;43;38;1;1;1;0;5;2;1;0;1;5;5;3;0;5;0;12;0;0;0;0;0;0;0;0;3;7;10;8;16;17;20;19;22;25;1;4;5;9;13;14;15;18;21;26;23;24;2;6;28;27;11;12;29;30;31;32;33;34;35;36;37;38;39;7;17;17;17;17;17;16;255;255;255;0;0;0;0;0;0;0
378;0;1;1;3;2;4;4;7;6;12;12;3;52;10;63;10;41;12;89;12;15;20;64;20;40;30;87;30;18;43;66;43;38;0;1;1;3;2;4;4;10;9;12;12;3;52;10;63;10;41;12;89;12;15;20;64;20;40;35;92;35;13;43;66;43;38;0;1;1;3;2;4;4;7;6;12;12;3;52;10;63;10;41;12;89;12;15;20;64;20;40;30;87;30;18;43;66;43;38;1;1;1;0;7;2;0;0;1;7;6;3;0;7;0;11;0;0;0;0;0;0;0;0;1;1;3;2;4;4;7;6;12;12;3;52;10;63;10;41;12;89;12;15;20;64;20;40;30;87;30;18;43;66;43;38;0;1;1;3;2;5;5;7;6;12;12;3;52;10;63;10;41;12;89;12;15;25;66;25;38;30;87;30;18;43;66;43;38;0;1;1;3;2;4;4;7;6;11;12;3;52;10;63;10;41;12;89;12;15;20;64;20;40;30;87;30;18;38;68;43;38;0;0;1;0;7;2;1;0;0;6;7;3;0;7;0;11;0;0;0;0;0;0;0;0;1;1;3;2;4;4;7;6;12;12;3;52;10;63;10;41;12;89;12;15;20;64;20;40;30;87;30;18;43;66;43;38;0;1;1;3;2;4;4;10;9;12;12;3;52;10;63;10;41;12;89;12;15;20;64;20;40;35;92;35;13;43;66;43;38;0;1;1;3;2;4;4;7;6;12;12;3;52;10;63;10;41;12;89;12;15;20;64;20;40;30;87;30;18;43;66;43;38;1;1;1;0;7;2;0;0;1;7;6;3;0;7;0;11;0;0;0;0;0;0;0;1;8;3;12;9;15;14;23;20;26;27;0;5;7;6;11;13;16;19;21;25;24;28;2;4;10;31;17;32;30;18;22;33;29;34;35;36;37;38;39;15;23;15;23;23;27;12;255;255;255;0;0;0;0;0;0;0
382;0;1;1;1;3;2;4;5;5;8;12;3;52;10;52;10;73;10;31;15;89;15;15;19;52;30;79;30;25;32;52;43;52;0;1;1;1;7;6;4;8;8;8;12;3;52;10;52;10;73;10;31;19;89;19;15;19;52;30;79;30;25;32;52;43;52;0;1;1;1;3;2;4;5;5;5;12;3;52;10;52;10;73;10;31;15;89;15;15;19;52;30;79;30;25;30;52;43;52;0;0;1;0;4;2;1;0;1;5;6;2;0;1;0;12;0;0;0;0;0;0;0;0;1;1;1;3;2;4;5;5;8;12;3;52;10;52;10;73;10;31;15;89;15;15;19;52;30;79;30;25;32;52;43;52;0;1;1;1;3;2;4;5;5;11;12;3;52;10;52;10;73;10;31;15;89;15;15;19;52;30;79;30;25;35;53;43;52;0;1;1;1;3;2;4;4;4;8;12;3;52;10;52;10;73;10;31;15;89;15;15;19;52;23;78;23;26;32;52;43;52;0;0;1;0;6;2;1;1;1;7;8;3;0;1;0;12;0;0;0;0;0;0;0;0;1;1;1;3;2;4;5;5;8;12;3;52;10;52;10;73;10;31;15;89;15;15;19;52;30;79;30;25;32;52;43;52;0;1;1;1;7;6;4;8;8;8;12;3;52;10;52;10;73;10;31;19;89;19;15;19;52;30;79;30;25;32;52;43;52;0;1;1;1;3;2;4;5;5;5;12;3;52;10;52;10;73;10;31;15;89;15;15;19;52;30;79;30;25;30;52;43;52;0;0;1;0;4;2;1;0;1;5;6;2;0;1;0;12;0;0;0;0;0;0;0;0;6;4;3;10;7;13;18;17;20;24;1;5;30;8;11;12;14;15;19;27;23;25;2;32;9;16;28;21;33;22;29;26;31;34;35;36;37;38;39;0;18;17;18;18;24;17;255;255;255;0;0;0;0;0;0;0
383;0;1;1;1;3;2;5;5;8;12;12;3;52;10;52;10;73;10;31;15;89;15;15;24;68;24;36;32;52;43;67;43;38;0;1;1;1;7;6;5;5;8;12;12;3;52;10;52;10;73;10;31;24;91;24;11;24;68;24;36;34;53;43;67;43;38;0;1;1;1;3;2;4;4;8;12;12;3;52;10;52;10;73;10;31;15;89;15;15;21;67;21;38;32;52;43;67;43;38;0;0;1;0;5;2;1;1;1;4;8;2;0;1;0;139637976727552;0;0;0;0;0;0;0;0;1;1;1;3;2;4;4;5;12;12;3;52;10;52;10;73;10;31;15;89;15;15;24;68;24;36;32;52;43;67;43;38;0;1;1;1;3;2;5;5;11;12;12;3;52;10;52;10;73;10;31;15;89;15;15;24;68;24;36;35;52;43;67;43;38;0;1;1;1;3;2;4;4;8;12;12;3;52;10;52;10;73;10;31;15;89;15;15;24;68;24;36;32;52;43;67;43;38;0;0;1;0;6;2;1;1;1;3;4;3;0;1;0;139637976727552;0;0;0;0;0;0;0;0;1;1;1;3;2;5;5;8;12;12;3;52;10;52;10;73;10;31;15;89;15;15;24;68;24;36;32;52;43;67;43;38;0;1;1;1;7;6;5;5;8;12;12;3;52;10;52;10;73;10;31;24;91;24;11;24;68;24;36;34;53;43;67;43;38;0;1;1;1;3;2;4;4;8;12;12;3;52;10;52;10;73;10;31;15;89;15;15;21;67;21;38;32;52;43;67;43;38;0;0;1;0;5;2;1;1;1;4;8;2;0;1;0;139637976727552;0;0;0;0;0;0;0;0;5;4;3;10;7;14;11;18;20;21;1;6;28;8;9;26;13;15;17;22;23;24;2;12;29;16;19;25;27;30;31;32;33;34;35;36;37;38;39;11;7;14;18;18;21;18;255;255;255;0;0;0;0;0;0;0
386;0;1;1;3;2;4;4;8;10;9;12;3;52;10;63;10;41;12;89;12;15;21;66;21;38;30;51;36;90;36;14;43;52;0;1;1;3;2;5;5;11;10;9;12;3;52;10;63;10;41;12;89;12;15;22;75;22;29;35;52;36;90;36;14;43;52;0;1;1;3;2;4;4;8;7;6;12;3;52;10;63;10;41;12;89;12;15;18;64;18;40;29;51;34;92;34;12;43;52;0;0;1;1;6;2;1;1;0;4;6;2;0;7;0;12;0;0;0;0;0;0;0;0;1;1;3;2;4;4;5;7;6;12;3;52;10;63;10;41;12;89;12;15;18;64;18;40;24;52;34;89;34;15;43;52;0;1;1;3;2;4;4;8;10;9;12;3;52;10;63;10;41;12;89;12;15;18;64;18;40;27;52;42;85;42;19;43;52;0;1;1;3;2;4;4;5;7;6;12;3;52;10;63;10;41;12;89;12;15;18;64;18;40;24;52;34;88;34;16;43;52;0;0;1;0;8;2;1;1;0;3;6;3;0;7;0;12;0;0;0;0;0;0;0;0;1;1;3;2;4;4;8;10;9;12;3;52;10;63;10;41;12;89;12;15;21;66;21;38;30;51;36;90;36;14;43;52;0;1;1;3;2;5;5;11;10;9;12;3;52;10;63;10;41;12;89;12;15;22;75;22;29;35;52;36;90;36;14;43;52;0;1;1;3;2;4;4;8;7;6;12;3;52;10;63;10;41;12;89;12;15;18;64;18;40;29;51;34;92;34;12;43;52;0;0;1;1;6;2;1;1;0;4;6;2;0;7;0;12;0;0;0;0;0;0;0;0;4;3;10;7;13;12;17;20;21;23;1;5;6;9;11;15;14;16;19;22;27;24;2;8;29;18;28;25;26;30;31;32;33;34;35;36;37;38;39;4;7;7;7;7;23;21;255;255;255;0;0;0;0;0;0;0
387;0;1;1;3;2;5;5;7;6;8;12;3;52;10;63;10;41;12;89;12;15;23;66;23;38;32;90;32;14;32;52;43;52;0;1;1;3;2;5;5;10;9;8;12;3;52;10;63;10;41;12;89;12;15;23;66;23;38;35;94;35;10;32;52;43;52;0;1;1;3;2;4;4;7;6;8;12;3;52;10;63;10;41;12;89;12;15;23;66;23;38;32;90;32;14;32;52;43;52;0;0;0;0;4;2;0;0;1;4;6;3;0;7;0;12;0;0;0;0;0;0;0;0;1;1;3;2;4;5;5;8;12;12;3;52;10;63;10;41;12;89;12;15;18;52;24;78;24;25;32;52;43;66;43;38;0;1;1;3;2;4;5;5;11;12;12;3;52;10;63;10;41;12;89;12;15;18;52;24;78;24;25;35;51;43;66;43;38;0;1;1;3;2;4;4;4;8;12;12;3;52;10;63;10;41;12;89;12;15;18;52;24;78;24;25;32;52;43;66;43;38;0;0;0;0;8;2;0;0;1;6;8;3;0;7;0;12;0;0;0;0;0;0;0;0;1;1;3;2;5;5;7;6;8;12;3;52;10;63;10;41;12;89;12;15;23;66;23;38;32;90;32;14;32;52;43;52;0;1;1;3;2;5;5;10;9;8;12;3;52;10;63;10;41;12;89;12;15;23;66;23;38;35;94;35;10;32;52;43;52;0;1;1;3;2;4;4;7;6;8;12;3;52;10;63;10;41;12;89;12;15;23;66;23;38;32;90;32;14;32;52;43;52;0;0;0;0;4;2;0;0;1;4;6;3;0;7;0;12;0;0;0;0;0;0;0;0;7;6;10;9;13;14;25;21;15;28;3;5;8;11;18;12;19;20;22;23;29;30;1;2;4;16;17;32;26;31;27;24;33;34;35;36;37;38;39;6;9;9;9;9;25;10;255;255;255;0;0;0;0;0;0;0
388;0;1;1;3;2;4;4;5;11;11;12;3;52;10;63;10;41;12;89;12;15;23;68;23;37;30;52;39;78;39;26;43;52;0;1;1;3;2;4;4;5;11;11;12;3;52;10;63;10;41;12;89;12;15;23;68;23;37;30;52;39;78;39;26;43;52;0;1;1;3;2;4;4;5;8;8;12;3;52;10;63;10;41;12;89;12;15;23;68;23;37;30;52;34;79;34;25;43;52;1;1;1;1;2;2;1;0;0;3;4;2;0;1;0;12;0;0;0;0;0;0;0;0;1;1;3;2;4;4;7;6;8;12;3;52;11;64;11;40;13;88;13;16;19;64;19;40;31;88;31;16;31;52;43;52;0;1;1;3;2;4;4;7;6;11;12;3;52;11;64;11;40;13;88;13;16;19;64;19;40;31;88;31;16;35;53;43;52;0;1;1;3;2;4;4;7;6;8;12;3;52;11;64;11;40;13;88;13;16;19;64;19;40;31;88;31;16;31;52;43;52;1;1;1;0;3;2;1;0;0;2;5;3;0;1;0;12;0;0;0;0;0;0;0;0;1;1;3;2;4;4;5;11;11;12;3;52;10;63;10;41;12;89;12;15;23;68;23;37;30;52;39;78;39;26;43;52;0;1;1;3;2;4;4;5;11;11;12;3;52;10;63;10;41;12;89;12;15;23;68;23;37;30;52;39;78;39;26;43;52;0;1;1;3;2;4;4;5;8;8;12;3;52;10;63;10;41;12;89;12;15;23;68;23;37;30;52;34;79;34;25;43;52;1;1;1;1;2;2;1;0;0;3;4;2;0;1;0;12;0;0;0;0;0;0;0;0;7;6;13;26;15;23;19;27;28;32;1;5;9;10;14;16;20;22;29;30;34;35;2;3;4;36;8;11;12;21;17;37;25;38;24;18;31;33;39;19;28;23;15;15;28;23;255;255;255;0;0;0;0;0;0;0
389;0;1;1;3;2;4;5;5;10;9;12;3;52;10;63;10;41;12;89;12;15;20;52;27;70;27;34;36;86;36;17;43;52;0;1;1;3;2;4;8;8;10;9;12;3;52;10;63;10;41;12;89;12;15;19;52;28;67;28;36;36;86;36;17;43;52;0;1;1;3;2;4;5;5;10;9;12;3;52;10;63;10;41;12;89;12;15;19;52;24;67;24;37;36;87;36;17;43;52;0;1;0;1;6;2;1;1;1;5;8;2;0;4;0;12;0;0;0;0;0;0;0;0;1;1;3;2;4;4;5;10;9;12;3;52;10;63;10;41;12;89;12;15;20;64;20;40;29;52;36;86;36;17;43;52;0;1;1;3;2;4;4;8;10;9;12;3;52;10;63;10;41;12;89;12;15;20;64;20;40;33;52;36;86;36;17;43;52;0;1;1;3;2;4;4;5;7;6;12;3;52;10;63;10;41;12;89;12;15;20;64;20;40;29;52;33;91;33;13;43;52;0;0;0;1;7;2;1;1;1;1;4;3;0;4;0;12;0;0;0;0;0;0;0;0;1;1;3;2;4;5;5;10;9;12;3;52;10;63;10;41;12;89;12;15;20;52;27;70;27;34;36;86;36;17;43;52;0;1;1;3;2;4;8;8;10;9;12;3;52;10;63;10;41;12;89;12;15;19;52;28;67;28;36;36;86;36;17;43;52;0;1;1;3;2;4;5;5;10;9;12;3;52;10;63;10;41;12;89;12;15;19;52;24;67;24;37;36;87;36;17;43;52;0;1;0;1;6;2;1;1;1;5;8;2;0;4;0;12;0;0;0;0;0;0;0;1;5;4;12;11;18;19;17;23;22;28;0;6;7;10;13;15;16;20;21;14;24;26;2;3;32;33;8;9;31;30;29;25;27;34;35;36;37;38;39;18;19;19;19;19;28;22;255;255;255;0;0;0;0;0;0;0
394;0;1;1;3;2;5;5;7;6;12;12;3;52;10;63;10;41;12;89;12;15;20;64;20;40;30;87;30;18;43;66;43;38;0;1;1;3;2;5;5;7;6;12;12;3;52;10;63;10;41;12;89;12;15;24;65;24;39;34;89;34;15;43;66;43;38;0;1;1;3;2;4;4;7;6;11;12;3;52;10;63;10;41;12;89;12;15;20;64;20;38;30;87;30;18;40;66;43;38;0;0;0;0;4;2;1;1;1;3;5;2;0;7;0;11;0;0;0;0;0;0;0;0;1;1;3;2;4;4;7;6;8;12;3;52;10;63;10;41;12;89;12;15;18;64;18;40;30;86;30;18;32;52;43;52;0;1;1;3;2;5;5;7;6;11;12;3;52;10;63;10;41;12;89;12;15;18;64;18;40;30;86;30;18;35;53;43;52;0;1;1;3;2;4;4;7;6;8;12;3;52;10;63;10;41;12;89;12;15;18;64;18;40;30;86;30;18;32;52;43;52;0;0;0;0;5;2;1;1;1;2;6;3;0;7;0;11;0;0;0;0;0;0;0;0;1;1;3;2;5;5;7;6;12;12;3;52;10;63;10;41;12;89;12;15;20;64;20;40;30;87;30;18;43;66;43;38;0;1;1;3;2;5;5;7;6;12;12;3;52;10;63;10;41;12;89;12;15;24;65;24;39;34;89;34;15;43;66;43;38;0;1;1;3;2;4;4;7;6;11;12;3;52;10;63;10;41;12;89;12;15;20;64;20;38;30;87;30;18;40;66;43;38;0;0;0;0;4;2;1;1;1;3;5;2;0;7;0;11;0;0;0;0;0;0;0;35;6;3;11;7;18;14;16;19;21;22;0;4;5;8;10;13;17;36;20;23;24;27;1;2;32;30;31;9;12;15;34;26;29;25;28;33;37;38;39;11;19;14;14;14;22;14;255;255;255;0;0;0;0;0;0;0
395;0;1;1;3;2;4;5;5;10;9;12;3;52;10;63;10;41;12;89;12;15;18;52;25;72;25;31;36;86;36;18;43;52;0;1;1;3;2;4;5;5;10;9;12;3;52;10;63;10;41;12;89;12;15;18;52;29;65;29;39;36;86;36;18;43;52;0;1;1;3;2;4;5;5;7;6;12;3;52;10;63;10;41;12;89;12;15;18;52;25;72;25;31;32;90;32;14;43;52;0;0;1;0;7;3;1;1;0;5;8;2;0;7;0;11;0;0;0;0;0;0;0;0;1;1;3;2;4;4;7;6;8;12;3;52;10;63;10;41;12;89;12;15;18;64;18;40;30;86;30;18;34;52;43;52;0;1;1;3;2;4;4;10;9;8;12;3;52;10;63;10;41;12;89;12;15;18;64;18;40;35;88;35;16;34;52;43;52;0;1;1;3;2;4;4;7;6;8;12;3;52;10;63;10;41;12;89;12;15;18;64;18;40;30;86;30;18;34;52;43;52;0;0;1;0;5;2;1;1;0;6;6;2;0;7;0;11;0;0;0;0;0;0;0;0;1;1;3;2;4;5;5;10;9;12;3;52;10;63;10;41;12;89;12;15;18;52;25;72;25;31;36;86;36;18;43;52;0;1;1;3;2;4;5;5;10;9;12;3;52;10;63;10;41;12;89;12;15;18;52;29;65;29;39;36;86;36;18;43;52;0;1;1;3;2;4;5;5;7;6;12;3;52;10;63;10;41;12;89;12;15;18;52;25;72;25;31;32;90;32;14;43;52;0;0;1;0;7;3;1;1;0;5;8;2;0;7;0;11;0;0;0;0;0;0;0;0;5;8;11;10;12;16;14;20;17;24;1;6;7;4;9;15;13;18;21;19;23;26;2;3;31;29;34;30;32;33;28;22;27;25;35;36;37;38;39;8;14;10;10;14;14;10;255;255;255;0;0;0;0;0;0;0
396;0;1;1;3;2;5;5;7;6;12;12;3;52;10;63;10;41;12;89;12;15;20;64;20;40;30;87;30;18;43;66;43;38;0;1;1;3;2;5;5;10;9;12;12;3;52;10;63;10;41;12;89;12;15;20;64;20;40;35;88;35;16;43;66;43;38;0;1;1;3;2;5;5;7;6;12;12;3;52;10;63;10;41;12;89;12;15;20;64;20;40;26;89;26;15;43;66;43;38;1;1;0;1;7;2;0;1;1;5;4;3;0;7;0;11;0;0;0;0;0;0;0;0;1;1;3;2;4;4;7;6;12;12;3;52;10;63;10;41;12;89;12;15;20;64;20;40;30;87;30;18;43;66;43;38;0;1;1;3;2;5;5;7;6;12;12;3;52;10;63;10;41;12;89;12;15;26;65;26;39;30;87;30;18;43;66;43;38;0;1;1;3;2;4;4;7;6;11;12;3;52;10;63;10;41;12;89;12;15;20;64;20;40;30;87;30;18;39;65;43;38;1;1;0;1;4;2;0;1;1;4;2;3;0;7;0;11;0;0;0;0;0;0;0;0;1;1;3;2;5;5;7;6;12;12;3;52;10;63;10;41;12;89;12;15;20;64;20;40;30;87;30;18;43;66;43;38;0;1;1;3;2;5;5;10;9;12;12;3;52;10;63;10;41;12;89;12;15;20;64;20;40;35;88;35;16;43;66;43;38;0;1;1;3;2;5;5;7;6;12;12;3;52;10;63;10;41;12;89;12;15;20;64;20;40;26;89;26;15;43;66;43;38;1;1;0;1;7;2;0;1;1;5;4;3;0;7;0;11;0;0;0;0;0;0;0;0;3;4;8;7;12;11;21;20;26;24;1;5;9;10;13;14;17;19;15;22;25;27;2;6;28;29;16;18;23;30;31;32;33;34;35;36;37;38;39;11;11;11;11;11;26;4;255;255;255;0;0;0;0;0;0;0
398;0;1;1;3;2;4;5;5;8;12;12;3;52;10;63;10;41;12;89;12;15;18;52;27;79;27;24;32;52;43;67;43;38;0;1;1;3;2;4;7;6;8;12;12;3;52;10;63;10;41;12;89;12;15;18;52;32;86;32;19;32;52;43;67;43;38;0;1;1;3;2;4;5;5;8;12;12;3;52;10;63;10;41;12;89;12;15;18;52;27;79;27;24;27;52;43;67;43;38;0;1;1;0;7;2;0;1;1;6;3;2;0;7;0;12;0;0;0;0;0;0;0;0;1;1;3;2;4;4;7;6;12;12;3;52;10;63;10;41;12;89;12;15;20;64;20;40;30;87;30;18;43;66;43;38;0;1;1;3;2;5;5;10;9;12;12;3;52;10;63;10;41;12;89;12;15;20;64;20;40;35;93;35;12;43;66;43;38;0;1;1;3;2;4;4;7;6;12;12;3;52;10;63;10;41;12;89;12;15;20;64;20;40;30;87;30;18;43;66;43;38;0;0;1;1;8;2;0;1;1;6;8;2;0;7;0;12;0;0;0;0;0;0;0;0;1;1;3;2;4;5;5;8;12;12;3;52;10;63;10;41;12;89;12;15;18;52;27;79;27;24;32;52;43;67;43;38;0;1;1;3;2;4;7;6;8;12;12;3;52;10;63;10;41;12;89;12;15;18;52;32;86;32;19;32;52;43;67;43;38;0;1;1;3;2;4;5;5;8;12;12;3;52;10;63;10;41;12;89;12;15;18;52;27;79;27;24;27;52;43;67;43;38;0;1;1;0;7;2;0;1;1;6;3;2;0;7;0;12;0;0;0;0;0;0;0;0;6;4;10;9;13;16;15;19;26;25;1;3;5;7;11;12;14;17;21;20;22;27;2;8;31;29;30;18;28;23;24;32;33;34;35;36;37;38;39;15;15;15;19;19;15;19;255;255;255;0;0;0;0;0;0;0
399;0;1;1;3;2;5;5;7;6;12;12;3;52;10;63;10;41;12;89;12;15;20;64;20;40;30;87;30;18;43;65;43;38;0;1;1;3;2;8;8;7;6;12;12;3;52;10;63;10;41;12;89;12;15;27;65;27;39;30;87;30;18;43;65;43;38;0;1;1;3;2;5;5;7;6;12;12;3;52;10;63;10;41;12;89;12;15;20;64;20;40;30;87;30;18;43;65;43;38;1;1;1;1;4;3;0;0;0;8;3;2;0;7;0;11;0;0;0;0;0;0;0;0;1;1;3;2;4;4;5;7;6;12;3;52;10;63;10;41;12;89;12;15;18;64;18;40;27;52;27;91;27;13;43;52;0;1;1;3;2;4;4;8;10;9;12;3;52;10;63;10;41;12;89;12;15;18;64;18;40;32;51;35;92;35;13;43;52;0;1;1;3;2;4;4;5;7;6;12;3;52;10;63;10;41;12;89;12;15;18;64;18;40;27;52;27;91;27;13;43;52;1;1;1;0;5;2;0;0;0;7;4;2;0;7;0;11;0;0;0;0;0;0;0;0;1;1;3;2;5;5;7;6;12;12;3;52;10;63;10;41;12;89;12;15;20;64;20;40;30;87;30;18;43;65;43;38;0;1;1;3;2;8;8;7;6;12;12;3;52;10;63;10;41;12;89;12;15;27;65;27;39;30;87;30;18;43;65;43;38;0;1;1;3;2;5;5;7;6;12;12;3;52;10;63;10;41;12;89;12;15;20;64;20;40;30;87;30;18;43;65;43;38;1;1;1;1;4;3;0;0;0;8;3;2;0;7;0;11;0;0;0;0;0;0;0;0;3;2;8;7;13;12;17;16;21;18;1;5;6;9;4;14;11;15;20;22;19;31;28;26;27;29;10;24;25;30;23;32;33;34;35;36;37;38;39;17;17;17;17;17;18;13;255;255;255;0;0;0;0;0;0;0
403;0;1;1;3;2;4;5;5;7;6;12;3;52;10;63;10;41;12;89;12;15;18;52;27;63;27;40;30;89;30;15;42;52;0;1;1;3;2;4;5;5;10;9;12;3;52;10;63;10;41;12;89;12;15;18;52;27;63;27;40;35;89;35;16;42;52;0;1;1;3;2;4;5;5;7;6;12;3;52;10;63;10;41;12;89;12;15;18;52;27;63;27;40;30;89;30;15;42;52;0;0;0;0;5;2;1;0;0;4;6;2;0;1;0;12;0;0;0;0;0;0;0;0;1;1;3;2;4;5;5;7;6;12;3;52;10;63;10;41;12;89;12;15;18;52;27;63;27;40;30;89;30;15;42;52;0;1;1;3;2;4;5;5;7;6;12;3;52;10;63;10;41;12;89;12;15;18;52;27;63;27;40;30;89;30;15;42;52;0;1;1;3;2;4;4;4;7;6;12;3;52;10;63;10;41;12;89;12;15;18;52;23;69;23;33;30;89;30;15;42;52;0;1;0;0;6;2;1;0;1;4;6;2;0;1;0;12;0;0;0;0;0;0;0;0;1;1;3;2;4;5;5;7;6;12;3;52;10;63;10;41;12;89;12;15;18;52;27;63;27;40;30;89;30;15;42;52;0;1;1;3;2;4;5;5;10;9;12;3;52;10;63;10;41;12;89;12;15;18;52;27;63;27;40;35;89;35;16;42;52;0;1;1;3;2;4;5;5;7;6;12;3;52;10;63;10;41;12;89;12;15;18;52;27;63;27;40;30;89;30;15;42;52;0;0;0;0;5;2;1;0;0;4;6;2;0;1;0;12;0;0;0;0;0;0;0;0;6;5;10;8;18;16;15;20;19;22;1;3;4;7;9;11;13;25;14;17;21;23;2;24;12;26;27;28;29;30;31;32;33;34;35;36;37;38;39;6;15;15;15;15;15;6;255;255;255;0;0;0;0;0;0;0
405;0;1;1;3;2;4;4;7;6;12;12;3;52;10;63;10;41;12;89;12;15;18;64;18;40;33;88;33;15;43;66;43;39;0;1;1;3;2;5;5;7;6;12;12;3;52;10;63;10;41;12;89;12;15;26;65;26;38;33;89;33;15;42;65;42;38;0;1;1;3;2;4;4;7;6;8;12;3;52;10;63;10;41;12;89;12;15;18;64;18;40;30;86;30;18;32;52;43;52;0;0;1;0;8;2;1;1;0;6;7;2;0;7;0;12;0;0;0;0;0;0;0;0;1;1;3;2;4;4;7;6;8;12;3;52;10;63;10;41;12;89;12;15;18;64;18;40;30;86;30;18;32;52;43;52;0;1;1;3;2;4;4;7;6;8;12;3;52;10;63;10;41;12;89;12;15;18;64;18;40;30;86;30;18;32;52;43;52;0;1;1;3;2;4;4;7;6;8;12;3;52;10;63;10;41;12;89;12;15;18;64;18;40;30;86;30;18;32;52;43;52;0;0;0;0;7;2;1;1;0;5;6;3;0;7;0;12;0;0;0;0;0;0;0;0;1;1;3;2;4;4;7;6;12;12;3;52;10;63;10;41;12;89;12;15;18;64;18;40;33;88;33;15;43;66;43;39;0;1;1;3;2;5;5;7;6;12;12;3;52;10;63;10;41;12;89;12;15;26;65;26;38;33;89;33;15;42;65;42;38;0;1;1;3;2;4;4;7;6;8;12;3;52;10;63;10;41;12;89;12;15;18;64;18;40;30;86;30;18;32;52;43;52;0;0;1;0;8;2;1;1;0;6;7;2;0;7;0;12;0;0;0;0;0;0;0;0;17;3;5;4;7;8;18;9;21;19;1;2;16;20;6;10;12;14;15;11;13;22;23;24;25;26;27;28;29;30;31;32;33;34;35;36;37;38;39;8;9;9;9;9;9;5;255;255;255;0;0;0;0;0;0;0
407;0;1;1;3;2;4;5;5;8;12;12;3;52;10;63;10;41;12;89;12;15;18;52;24;77;24;27;29;52;43;66;43;38;0;1;1;3;2;4;7;6;8;12;12;3;52;10;63;10;41;12;89;12;15;18;52;29;88;29;16;29;52;43;66;43;38;0;1;1;3;2;4;5;5;5;12;12;3;52;10;63;10;41;12;89;12;15;18;52;24;77;24;27;29;52;43;66;43;38;0;0;1;1;5;2;1;0;0;6;3;2;0;1;0;11;0;0;0;0;0;0;0;0;1;1;3;2;4;5;5;8;12;12;3;52;10;63;10;41;12;89;12;15;18;52;24;77;24;27;29;52;43;66;43;38;0;1;1;3;2;4;5;5;11;12;12;3;52;10;63;10;41;12;89;12;15;18;52;24;77;24;27;35;52;43;66;43;38;0;1;1;3;2;4;5;5;8;11;12;3;52;10;63;10;41;12;89;12;15;18;52;24;77;24;27;29;52;39;66;43;38;1;1;0;1;6;1;1;0;0;3;5;3;0;1;0;11;0;0;0;0;0;0;0;0;1;1;3;2;4;5;5;8;12;12;3;52;10;63;10;41;12;89;12;15;18;52;24;77;24;27;29;52;43;66;43;38;0;1;1;3;2;4;7;6;8;12;12;3;52;10;63;10;41;12;89;12;15;18;52;29;88;29;16;29;52;43;66;43;38;0;1;1;3;2;4;5;5;5;12;12;3;52;10;63;10;41;12;89;12;15;18;52;24;77;24;27;29;52;43;66;43;38;0;0;1;1;5;2;1;0;0;6;3;2;0;1;0;11;0;0;0;0;0;0;0;0;2;3;9;7;11;13;15;20;22;24;1;4;6;8;5;12;17;16;18;21;23;25;27;10;14;19;26;28;29;30;31;32;33;34;35;36;37;38;39;15;9;9;9;9;9;7;255;255;255;0;0;0;0;0;0;0
412;0;1;1;1;3;2;4;5;5;12;12;3;52;10;52;10;73;10;31;15;89;15;15;20;52;26;69;26;36;43;65;43;38;0;1;1;1;7;6;4;8;8;12;12;3;52;10;52;10;73;10;31;20;87;20;16;20;52;28;69;28;35;43;65;43;38;0;1;1;1;3;2;4;5;5;11;12;3;52;10;52;10;73;10;31;15;89;15;15;20;52;26;69;26;36;38;65;43;38;0;1;1;1;4;2;1;0;1;2;7;3;0;0;0;0;0;0;0;0;0;0;0;0;1;1;1;3;2;4;4;5;12;12;3;52;10;52;10;73;10;31;15;89;15;15;20;37;20;64;26;51;43;65;43;38;0;1;1;1;3;2;4;4;8;12;12;3;52;10;52;10;73;10;31;15;89;15;15;20;37;20;64;34;51;43;65;43;38;0;1;1;1;3;2;4;4;5;12;12;3;52;10;52;10;73;10;31;15;89;15;15;20;37;20;64;26;51;43;65;43;38;0;0;1;1;6;1;1;0;0;2;2;2;0;0;0;0;0;0;0;0;0;0;0;0;1;1;1;3;2;4;5;5;12;12;3;52;10;52;10;73;10;31;15;89;15;15;20;52;26;69;26;36;43;65;43;38;0;1;1;1;7;6;4;8;8;12;12;3;52;10;52;10;73;10;31;20;87;20;16;20;52;28;69;28;35;43;65;43;38;0;1;1;1;3;2;4;5;5;11;12;3;52;10;52;10;73;10;31;15;89;15;15;20;52;26;69;26;36;38;65;43;38;0;1;1;1;4;2;1;0;1;2;7;3;0;0;0;0;0;0;0;0;0;0;0;0;2;9;6;10;8;12;15;11;22;23;1;3;4;5;26;7;13;14;16;18;20;25;24;17;19;21;27;28;29;30;31;32;33;34;35;36;37;38;39;6;9;9;9;9;9;10;255;255;255;0;0;0;0;0;0;0
413;0;1;1;3;2;4;5;5;10;9;12;3;52;10;63;10;41;12;89;12;15;18;52;24;78;24;26;36;88;36;16;43;52;0;1;1;3;2;4;8;8;10;9;12;3;52;10;63;10;41;12;89;12;15;18;52;27;78;27;26;36;88;36;16;43;52;0;1;1;3;2;4;5;5;10;9;12;3;52;10;63;10;41;12;89;12;15;18;52;24;78;24;26;36;86;36;18;43;52;0;1;0;0;6;2;0;1;1;3;8;2;0;1;0;12;0;0;0;0;0;0;0;0;1;1;3;2;4;4;5;7;6;12;3;52;10;63;10;41;12;89;12;15;18;64;18;40;26;52;33;90;33;14;43;52;0;1;1;3;2;4;4;8;10;9;12;3;52;10;63;10;41;12;89;12;15;18;64;18;40;32;52;42;85;42;19;43;52;0;1;1;3;2;4;4;5;7;6;12;3;52;10;63;10;41;12;89;12;15;18;64;18;40;25;52;31;89;31;16;43;52;1;1;1;0;7;2;0;1;1;2;9;3;0;1;0;12;0;0;0;0;0;0;0;0;1;1;3;2;4;5;5;10;9;12;3;52;10;63;10;41;12;89;12;15;18;52;24;78;24;26;36;88;36;16;43;52;0;1;1;3;2;4;8;8;10;9;12;3;52;10;63;10;41;12;89;12;15;18;52;27;78;27;26;36;88;36;16;43;52;0;1;1;3;2;4;5;5;10;9;12;3;52;10;63;10;41;12;89;12;15;18;52;24;78;24;26;36;86;36;18;43;52;0;1;0;0;6;2;0;1;1;3;8;2;0;1;0;12;0;0;0;0;0;0;0;0;4;3;10;7;13;16;15;21;19;24;1;5;12;8;9;11;14;17;23;20;28;22;2;6;26;29;31;32;18;30;25;27;33;34;35;36;37;38;39;0;19;15;19;19;19;7;255;255;255;0;0;0;0;0;0;0
414;0;1;1;1;3;2;4;5;5;12;12;3;52;10;52;10;73;10;31;15;89;15;15;20;52;27;71;27;32;43;66;43;38;0;1;1;1;7;6;4;8;8;12;12;3;52;10;52;10;73;10;31;19;93;19;11;20;52;30;66;30;37;43;66;43;38;0;1;1;1;3;2;4;5;5;11;12;3;52;10;52;10;73;10;31;15;89;15;15;20;52;27;71;27;32;39;66;43;38;1;1;0;1;6;2;0;0;1;5;5;2;0;1;0;12;0;0;0;0;0;0;0;0;1;1;1;3;2;4;5;5;12;12;3;52;10;52;10;73;10;31;15;89;15;15;20;52;27;71;27;32;43;66;43;38;0;1;1;1;3;2;4;8;8;12;12;3;52;10;52;10;73;10;31;15;89;15;15;20;52;30;73;30;30;43;66;43;38;0;1;1;1;3;2;4;4;4;12;12;3;52;10;52;10;73;10;31;15;89;15;15;20;52;24;78;24;26;43;66;43;38;1;1;1;1;7;2;1;0;1;4;6;2;0;1;0;12;0;0;0;0;0;0;0;0;1;1;1;3;2;4;5;5;12;12;3;52;10;52;10;73;10;31;15;89;15;15;20;52;27;71;27;32;43;66;43;38;0;1;1;1;7;6;4;8;8;12;12;3;52;10;52;10;73;10;31;19;93;19;11;20;52;30;66;30;37;43;66;43;38;0;1;1;1;3;2;4;5;5;11;12;3;52;10;52;10;73;10;31;15;89;15;15;20;52;27;71;27;32;39;66;43;38;1;1;0;1;6;2;0;0;1;5;5;2;0;1;0;12;0;0;0;0;0;0;0;0;4;6;3;10;9;11;17;12;24;23;1;5;7;8;26;13;16;18;14;15;19;22;2;25;27;28;20;21;29;30;31;32;33;34;35;36;37;38;39;11;9;9;9;9;9;12;255;255;255;0;0;0;0;0;0;0
415;0;1;1;1;3;2;4;4;10;9;12;3;52;10;52;10;73;10;31;15;89;15;15;20;64;20;40;35;84;35;19;43;52;0;1;1;1;3;2;5;5;10;9;12;3;52;10;52;10;73;10;31;15;89;15;15;24;65;24;39;35;84;35;19;43;52;0;1;1;1;3;2;4;4;8;8;12;3;52;10;52;10;73;10;31;15;89;15;15;20;64;20;40;34;80;34;24;43;52;1;0;1;1;7;2;1;0;1;2;8;3;0;4;0;11;0;0;0;0;0;0;0;0;1;1;1;3;2;4;4;7;6;12;3;52;10;52;10;73;10;31;15;89;15;15;20;64;20;40;34;88;34;16;43;52;0;1;1;1;3;2;5;5;7;6;12;3;52;10;52;10;73;10;31;15;89;15;15;24;65;24;39;34;84;34;19;43;52;0;1;1;1;3;2;4;4;7;6;12;3;52;10;52;10;73;10;31;15;89;15;15;20;64;20;40;34;84;34;19;43;52;1;0;1;1;8;2;0;0;1;4;9;3;0;4;0;11;0;0;0;0;0;0;0;0;1;1;1;3;2;4;4;10;9;12;3;52;10;52;10;73;10;31;15;89;15;15;20;64;20;40;35;84;35;19;43;52;0;1;1;1;3;2;5;5;10;9;12;3;52;10;52;10;73;10;31;15;89;15;15;24;65;24;39;35;84;35;19;43;52;0;1;1;1;3;2;4;4;8;8;12;3;52;10;52;10;73;10;31;15;89;15;15;20;64;20;40;34;80;34;24;43;52;1;0;1;1;7;2;1;0;1;2;8;3;0;4;0;11;0;0;0;0;0;0;0;0;6;4;7;5;9;14;16;24;22;28;1;8;10;11;12;13;17;19;20;25;26;27;2;3;18;15;23;31;21;29;30;32;33;34;35;36;37;38;39;0;9;9;9;9;9;5;255;255;255;0;0;0;0;0;0;0
418;0;1;1;3;2;4;5;5;10;9;12;3;52;10;63;10;41;12;89;12;15;20;52;25;68;25;35;36;88;36;17;43;52;0;1;1;3;2;4;8;8;10;9;12;3;52;10;63;10;41;12;89;12;15;20;52;27;69;27;36;41;87;41;16;43;52;0;1;1;3;2;4;5;5;11;11;12;3;52;10;63;10;41;12;89;12;15;20;52;25;68;25;35;36;80;36;25;43;52;0;0;1;0;6;2;1;0;1;5;8;2;0;4;0;12;0;0;0;0;0;0;0;0;1;1;3;2;4;5;5;7;6;12;3;52;10;63;10;41;12;89;12;15;20;52;25;68;25;35;34;91;34;13;43;52;0;1;1;3;2;4;5;5;10;9;12;3;52;10;63;10;41;12;89;12;15;20;52;25;68;25;35;36;88;36;16;43;52;0;1;1;3;2;4;5;5;7;6;12;3;52;10;63;10;41;12;89;12;15;20;52;25;68;25;35;30;92;30;12;43;52;0;0;1;0;7;2;1;0;1;4;9;2;0;4;0;12;0;0;0;0;0;0;0;0;1;1;3;2;4;5;5;10;9;12;3;52;10;63;10;41;12;89;12;15;20;52;25;68;25;35;36;88;36;17;43;52;0;1;1;3;2;4;8;8;10;9;12;3;52;10;63;10;41;12;89;12;15;20;52;27;69;27;36;41;87;41;16;43;52;0;1;1;3;2;4;5;5;11;11;12;3;52;10;63;10;41;12;89;12;15;20;52;25;68;25;35;36;80;36;25;43;52;0;0;1;0;6;2;1;0;1;5;8;2;0;4;0;12;0;0;0;0;0;0;0;0;3;2;10;12;14;16;15;23;22;24;1;4;5;8;6;13;28;20;25;19;30;26;29;7;9;11;17;18;21;27;31;32;33;34;35;36;37;38;39;16;14;16;16;16;16;10;255;255;255;0;0;0;0;0;0;0
420;0;1;1;3;2;4;5;5;10;9;12;3;52;10;63;10;41;12;89;12;15;18;52;27;68;27;36;37;90;37;14;43;52;0;1;1;3;2;4;5;5;12;12;12;3;52;10;63;10;41;12;89;12;15;18;52;27;68;27;36;41;76;41;27;43;52;0;1;1;3;2;4;4;4;10;9;12;3;52;10;63;10;41;12;89;12;15;18;52;24;67;24;36;36;88;36;16;43;52;1;1;1;0;6;2;0;0;1;5;5;2;0;1;0;12;0;0;0;0;0;0;0;0;1;1;3;2;4;5;5;7;6;12;3;52;10;63;10;41;12;89;12;15;18;52;27;68;27;36;32;87;32;17;43;52;0;1;1;3;2;4;8;8;10;9;12;3;52;10;63;10;41;12;89;12;15;18;52;27;68;27;36;37;90;37;14;43;52;0;1;1;3;2;4;5;5;7;6;12;3;52;10;63;10;41;12;89;12;15;18;52;27;68;27;36;32;91;32;13;43;52;0;1;0;0;7;1;0;0;1;4;6;3;0;1;0;12;0;0;0;0;0;0;0;0;1;1;3;2;4;5;5;10;9;12;3;52;10;63;10;41;12;89;12;15;18;52;27;68;27;36;37;90;37;14;43;52;0;1;1;3;2;4;5;5;12;12;12;3;52;10;63;10;41;12;89;12;15;18;52;27;68;27;36;41;76;41;27;43;52;0;1;1;3;2;4;4;4;10;9;12;3;52;10;63;10;41;12;89;12;15;18;52;24;67;24;36;36;88;36;16;43;52;1;1;1;0;6;2;0;0;1;5;5;2;0;1;0;12;0;0;0;0;0;0;0;0;3;5;11;8;13;15;17;23;21;26;1;4;6;10;12;14;16;18;22;20;24;25;2;7;9;29;19;27;28;30;31;32;33;34;35;36;37;38;39;5;15;17;15;15;26;3;255;255;255;0;0;0;0;0;0;0
436;0;1;1;1;4;4;7;6;8;8;12;3;52;10;52;10;73;10;31;18;64;18;40;24;89;24;16;32;70;32;34;43;52;0;1;1;1;4;4;7;6;11;11;12;3;52;10;52;10;73;10;31;18;64;18;40;24;89;24;16;36;70;36;36;43;52;0;1;1;1;4;4;3;2;8;8;12;3;52;10;52;10;73;10;31;18;64;18;40;15;90;15;14;30;72;30;31;43;52;1;1;1;1;8;2;0;1;0;7;6;2;0;0;0;0;0;0;0;0;0;0;0;0;1;1;1;4;4;3;2;8;8;12;3;52;10;52;10;73;10;31;18;64;18;40;15;88;15;16;32;70;32;34;43;52;0;1;1;1;4;4;7;6;11;11;12;3;52;10;52;10;73;10;31;18;64;18;40;18;90;18;15;35;70;35;34;43;52;0;1;1;1;4;4;3;2;8;8;12;3;52;10;52;10;73;10;31;18;64;18;40;15;90;15;14;32;70;32;34;43;52;0;0;0;1;6;2;1;0;0;7;6;3;0;0;0;0;0;0;0;0;0;0;0;0;1;1;1;4;4;7;6;8;8;12;3;52;10;52;10;73;10;31;18;64;18;40;24;89;24;16;32;70;32;34;43;52;0;1;1;1;4;4;7;6;11;11;12;3;52;10;52;10;73;10;31;18;64;18;40;24;89;24;16;36;70;36;36;43;52;0;1;1;1;4;4;3;2;8;8;12;3;52;10;52;10;73;10;31;18;64;18;40;15;90;15;14;30;72;30;31;43;52;1;1;1;1;8;2;0;1;0;7;6;2;0;0;0;0;0;0;0;0;0;0;0;0;6;3;4;17;5;14;10;19;22;23;2;8;9;11;7;24;15;16;18;21;26;29;1;12;13;20;28;25;27;30;31;32;33;34;35;36;37;38;39;14;19;19;19;19;23;10;255;255;255;0;0;0;0;0;0;0
899;0;1;1;3;2;4;5;5;10;9;12;3;52;10;63;10;41;12;89;12;15;18;52;24;71;24;34;42;85;42;19;43;52;0;1;1;3;2;4;8;8;10;9;12;3;52;10;63;10;41;12;89;12;15;18;52;32;70;32;34;42;85;42;19;43;52;0;1;1;3;2;4;5;5;7;6;12;3;52;10;63;10;41;12;89;12;15;18;52;24;71;24;33;34;94;34;10;43;52;0;1;1;1;4;2;1;1;1;3;1;2;0;0;0;0;0;0;0;0;0;0;0;0;1;1;3;2;4;4;4;10;9;12;3;52;10;63;10;41;12;89;12;15;18;52;23;74;23;29;42;85;42;19;43;52;0;1;1;3;2;4;5;5;10;9;12;3;52;10;63;10;41;12;89;12;15;18;52;27;74;27;30;42;85;42;19;43;52;0;1;1;3;2;4;4;4;7;6;12;3;52;10;63;10;41;12;89;12;15;18;52;24;71;24;32;31;94;31;10;43;52;0;1;1;1;5;1;1;1;1;5;2;3;0;0;0;0;0;0;0;0;0;0;0;0;1;1;3;2;4;5;5;10;9;12;3;52;10;63;10;41;12;89;12;15;18;52;24;71;24;34;42;85;42;19;43;52;0;1;1;3;2;4;8;8;10;9;12;3;52;10;63;10;41;12;89;12;15;18;52;32;70;32;34;42;85;42;19;43;52;0;1;1;3;2;4;5;5;7;6;12;3;52;10;63;10;41;12;89;12;15;18;52;24;71;24;33;34;94;34;10;43;52;0;1;1;1;4;2;1;1;1;3;1;2;0;0;0;0;0;0;0;0;0;0;0;19;2;3;21;5;10;17;9;13;23;14;0;1;22;4;6;7;8;20;11;12;18;16;15;24;25;26;27;28;29;30;31;32;33;34;35;36;37;38;39;5;10;17;5;17;9;14;255;255;255;0;0;0;0;0;0;0
900;0;1;1;3;2;4;5;8;10;9;12;3;52;10;63;10;41;12;89;12;15;18;52;32;70;32;34;42;85;42;19;43;52;0;1;1;3;2;4;8;8;10;9;12;3;52;10;63;10;41;12;89;12;15;18;52;32;70;32;34;42;85;42;19;43;52;0;1;1;3;2;4;8;8;10;9;12;3;52;10;63;10;41;12;89;12;15;18;52;32;70;32;34;42;85;42;19;43;52;1;1;1;1;4;2;1;1;1;4;4;2;0;0;0;0;0;0;0;0;0;0;0;0;1;1;3;2;4;8;8;10;9;12;3;52;10;63;10;41;12;89;12;15;18;52;32;70;32;34;42;85;42;19;43;52;0;1;1;3;2;4;8;8;10;9;12;3;52;10;63;10;41;12;89;12;15;18;52;32;70;32;34;42;85;42;19;43;52;0;1;1;3;2;4;8;8;10;9;12;3;52;10;63;10;41;12;89;12;15;18;52;32;70;32;34;42;85;42;19;43;52;1;1;1;1;1;2;1;1;1;1;1;2;0;0;0;0;0;0;0;0;0;0;0;0;1;1;3;2;4;5;8;10;9;12;3;52;10;63;10;41;12;89;12;15;18;52;32;70;32;34;42;85;42;19;43;52;0;1;1;3;2;4;8;8;10;9;12;3;52;10;63;10;41;12;89;12;15;18;52;32;70;32;34;42;85;42;19;43;52;0;1;1;3;2;4;8;8;10;9;12;3;52;10;63;10;41;12;89;12;15;18;52;32;70;32;34;42;85;42;19;43;52;1;1;1;1;4;2;1;1;1;4;4;2;0;0;0;0;0;0;0;0;0;0;0;0;6;7;8;10;12;16;19;27;29;34;1;3;4;5;11;13;17;23;21;28;33;37;2;39;14;15;18;9;24;25;26;20;22;30;31;32;35;36;38;6;6;6;6;6;12;12;255;255;255;0;0;0;0;0;0;0
901;0;1;1;3;2;4;5;8;10;9;12;3;52;10;63;10;41;12;89;12;15;18;52;32;70;32;34;42;85;42;19;43;52;0;1;1;3;2;4;8;8;10;9;12;3;52;10;63;10;41;12;89;12;15;18;52;32;70;32;34;42;85;42;19;43;52;0;1;1;3;2;4;8;8;10;9;12;3;52;10;63;10;41;12;89;12;15;18;52;32;70;32;34;42;85;42;19;43;52;1;0;1;1;1;2;0;1;0;1;1;2;0;0;0;0;0;0;0;0;0;0;0;0;1;1;3;2;4;8;8;10;9;12;3;52;10;63;10;41;12;89;12;15;18;52;32;70;32;34;42;85;42;19;43;52;0;1;1;3;2;4;8;8;10;9;12;3;52;10;63;10;41;12;89;12;15;18;52;32;70;32;34;42;85;42;19;43;52;0;1;1;3;2;4;8;8;10;9;12;3;52;10;63;10;41;12;89;12;15;18;52;32;70;32;34;42;85;42;19;43;52;1;1;1;1;1;2;1;1;1;1;1;2;0;0;0;0;0;0;0;0;0;0;0;0;1;1;3;2;4;5;8;10;9;12;3;52;10;63;10;41;12;89;12;15;18;52;32;70;32;34;42;85;42;19;43;52;0;1;1;3;2;4;8;8;10;9;12;3;52;10;63;10;41;12;89;12;15;18;52;32;70;32;34;42;85;42;19;43;52;0;1;1;3;2;4;8;8;10;9;12;3;52;10;63;10;41;12;89;12;15;18;52;32;70;32;34;42;85;42;19;43;52;1;0;1;1;1;2;0;1;0;1;1;2;0;0;0;0;0;0;0;0;0;0;0;1;6;3;8;10;15;16;18;25;22;26;0;4;7;37;9;11;13;20;27;28;31;38;2;5;39;12;14;23;17;19;21;24;29;30;32;33;34;35;36;8;18;18;18;18;18;26;255;255;255;0;0;0;0;0;0;0
902;0;1;1;3;2;4;5;8;10;9;12;3;52;10;63;10;41;12;89;12;15;18;52;32;70;32;34;42;85;42;19;43;52;0;1;1;3;2;4;8;8;10;9;12;3;52;10;63;10;41;12;89;12;15;18;52;32;70;32;34;42;85;42;19;43;52;0;1;1;3;2;4;8;8;10;9;12;3;52;10;63;10;41;12;89;12;15;18;52;32;70;32;34;42;85;42;19;43;52;1;1;0;0;1;2;0;1;1;1;1;2;0;0;0;0;0;0;0;0;0;0;0;0;1;1;3;2;4;8;8;10;9;12;3;52;10;63;10;41;12;89;12;15;18;52;32;70;32;34;42;85;42;19;43;52;0;1;1;3;2;4;8;8;10;9;12;3;52;10;63;10;41;12;89;12;15;18;52;32;70;32;34;42;85;42;19;43;52;0;1;1;3;2;4;8;8;10;9;12;3;52;10;63;10;41;12;89;12;15;18;52;32;70;32;34;42;85;42;19;43;52;1;1;1;1;1;2;1;1;1;1;1;2;0;0;0;0;0;0;0;0;0;0;0;0;1;1;3;2;4;5;8;10;9;12;3;52;10;63;10;41;12;89;12;15;18;52;32;70;32;34;42;85;42;19;43;52;0;1;1;3;2;4;8;8;10;9;12;3;52;10;63;10;41;12;89;12;15;18;52;32;70;32;34;42;85;42;19;43;52;0;1;1;3;2;4;8;8;10;9;12;3;52;10;63;10;41;12;89;12;15;18;52;32;70;32;34;42;85;42;19;43;52;1;1;0;0;1;2;0;1;1;1;1;2;0;0;0;0;0;0;0;0;0;0;0;2;8;3;10;11;13;16;29;27;21;39;0;4;38;12;9;14;15;22;25;28;30;32;1;5;6;7;20;18;19;26;17;23;24;31;33;34;35;36;37;10;29;11;11;11;11;11;255;255;255;0;0;0;0;0;0;0
903;0;1;1;3;2;4;5;8;10;9;12;3;52;10;63;10;41;12;89;12;15;18;52;32;70;32;34;42;85;42;19;43;52;0;1;1;3;2;4;8;8;10;9;12;3;52;10;63;10;41;12;89;12;15;18;52;32;70;32;34;42;85;42;19;43;52;0;1;1;3;2;4;8;8;10;9;12;3;52;10;63;10;41;12;89;12;15;18;52;32;70;32;34;42;85;42;19;43;52;1;1;1;0;1;2;1;1;0;1;1;2;0;0;0;0;0;0;0;0;0;0;0;0;1;1;3;2;4;8;8;10;9;12;3;52;10;63;10;41;12;89;12;15;18;52;32;70;32;34;42;85;42;19;43;52;0;1;1;3;2;4;8;8;10;9;12;3;52;10;63;10;41;12;89;12;15;18;52;32;70;32;34;42;85;42;19;43;52;0;1;1;3;2;4;8;8;10;9;12;3;52;10;63;10;41;12;89;12;15;18;52;32;70;32;34;42;85;42;19;43;52;1;1;1;1;1;2;1;1;1;1;1;2;0;0;0;0;0;0;0;0;0;0;0;0;1;1;3;2;4;5;8;10;9;12;3;52;10;63;10;41;12;89;12;15;18;52;32;70;32;34;42;85;42;19;43;52;0;1;1;3;2;4;8;8;10;9;12;3;52;10;63;10;41;12;89;12;15;18;52;32;70;32;34;42;85;42;19;43;52;0;1;1;3;2;4;8;8;10;9;12;3;52;10;63;10;41;12;89;12;15;18;52;32;70;32;34;42;85;42;19;43;52;1;1;1;0;1;2;1;1;0;1;1;2;0;0;0;0;0;0;0;0;0;0;0;2;5;7;8;9;13;16;22;27;26;37;0;3;6;11;10;14;17;21;28;29;30;33;1;4;12;15;18;19;39;25;20;23;24;31;32;34;35;36;38;7;9;9;9;9;9;7;255;255;255;0;0;0;0;0;0;0
904;0;1;1;3;2;4;5;8;10;9;12;3;52;10;63;10;41;12;89;12;15;18;52;32;70;32;34;42;85;42;19;43;52;0;1;1;3;2;4;8;8;10;9;12;3;52;10;63;10;41;12;89;12;15;18;52;32;70;32;34;42;85;42;19;43;52;0;1;1;3;2;4;8;8;10;9;12;3;52;10;63;10;41;12;89;12;15;18;52;32;70;32;34;42;85;42;19;43;52;1;0;1;1;4;2;1;0;1;4;4;2;0;0;0;0;0;0;0;0;0;0;0;0;1;1;3;2;4;8;8;10;9;12;3;52;10;63;10;41;12;89;12;15;18;52;32;70;32;34;42;85;42;19;43;52;0;1;1;3;2;4;8;8;10;9;12;3;52;10;63;10;41;12;89;12;15;18;52;32;70;32;34;42;85;42;19;43;52;0;1;1;3;2;4;8;8;10;9;12;3;52;10;63;10;41;12;89;12;15;18;52;32;70;32;34;42;85;42;19;43;52;1;1;1;1;1;2;1;1;1;1;1;2;0;0;0;0;0;0;0;0;0;0;0;0;1;1;3;2;4;5;8;10;9;12;3;52;10;63;10;41;12;89;12;15;18;52;32;70;32;34;42;85;42;19;43;52;0;1;1;3;2;4;8;8;10;9;12;3;52;10;63;10;41;12;89;12;15;18;52;32;70;32;34;42;85;42;19;43;52;0;1;1;3;2;4;8;8;10;9;12;3;52;10;63;10;41;12;89;12;15;18;52;32;70;32;34;42;85;42;19;43;52;1;0;1;1;4;2;1;0;1;4;4;2;0;0;0;0;0;0;0;0;0;0;0;0;3;7;39;11;13;16;19;25;21;31;1;5;6;8;12;17;24;18;27;30;32;35;2;4;9;10;14;15;23;20;22;26;28;29;33;34;36;37;38;13;19;13;19;19;19;21;255;255;255;0;0;0;0;0;0;0
905;0;1;1;3;2;4;5;8;10;9;12;3;52;10;63;10;41;12;89;12;15;18;52;32;70;32;34;42;85;42;19;43;52;0;1;1;3;2;4;8;8;10;9;12;3;52;10;63;10;41;12;89;12;15;18;52;32;70;32;34;42;85;42;19;43;52;0;1;1;3;2;4;8;8;10;9;12;3;52;10;63;10;41;12;89;12;15;18;52;32;70;32;34;42;85;42;19;43;52;0;1;1;1;1;2;0;1;1;1;1;2;0;0;0;0;0;0;0;0;0;0;0;0;1;1;3;2;4;8;8;10;9;12;3;52;10;63;10;41;12;89;12;15;18;52;32;70;32;34;42;85;42;19;43;52;0;1;1;3;2;4;8;8;10;9;12;3;52;10;63;10;41;12;89;12;15;18;52;32;70;32;34;42;85;42;19;43;52;0;1;1;3;2;4;8;8;10;9;12;3;52;10;63;10;41;12;89;12;15;18;52;32;70;32;34;42;85;42;19;43;52;1;1;1;1;1;2;1;1;1;1;1;2;0;0;0;0;0;0;0;0;0;0;0;0;1;1;3;2;4;5;8;10;9;12;3;52;10;63;10;41;12;89;12;15;18;52;32;70;32;34;42;85;42;19;43;52;0;1;1;3;2;4;8;8;10;9;12;3;52;10;63;10;41;12;89;12;15;18;52;32;70;32;34;42;85;42;19;43;52;0;1;1;3;2;4;8;8;10;9;12;3;52;10;63;10;41;12;89;12;15;18;52;32;70;32;34;42;85;42;19;43;52;0;1;1;1;1;2;0;1;1;1;1;2;0;0;0;0;0;0;0;0;0;0;0;0;6;7;10;11;13;19;23;26;24;34;1;3;4;5;14;16;20;21;25;27;29;31;2;8;9;39;12;15;17;18;22;28;30;32;33;35;36;37;38;11;6;7;6;6;34;34;255;255;255;0;0;0;0;0;0;0
906;0;1;1;3;2;4;5;8;10;9;12;3;52;10;63;10;41;12;89;12;15;18;52;32;70;32;34;42;85;42;19;43;52;0;1;1;3;2;4;8;8;10;9;12;3;52;10;63;10;41;12;89;12;15;18;52;32;70;32;34;42;85;42;19;43;52;0;1;1;3;2;4;8;8;10;9;12;3;52;10;63;10;41;12;89;12;15;18;52;32;70;32;34;42;85;42;19;43;52;1;1;1;1;1;2;1;1;1;1;1;2;0;0;0;0;0;0;0;0;0;0;0;0;1;1;3;2;4;8;8;10;9;12;3;52;10;63;10;41;12;89;12;15;18;52;32;70;32;34;42;85;42;19;43;52;0;1;1;3;2;4;8;8;10;9;12;3;52;10;63;10;41;12;89;12;15;18;52;32;70;32;34;42;85;42;19;43;52;0;1;1;3;2;4;8;8;10;9;12;3;52;10;63;10;41;12;89;12;15;18;52;32;70;32;34;42;85;42;19;43;52;1;1;1;1;1;2;1;1;1;1;1;2;0;0;0;0;0;0;0;0;0;0;0;0;1;1;3;2;4;5;8;10;9;12;3;52;10;63;10;41;12;89;12;15;18;52;32;70;32;34;42;85;42;19;43;52;0;1;1;3;2;4;8;8;10;9;12;3;52;10;63;10;41;12;89;12;15;18;52;32;70;32;34;42;85;42;19;43;52;0;1;1;3;2;4;8;8;10;9;12;3;52;10;63;10;41;12;89;12;15;18;52;32;70;32;34;42;85;42;19;43;52;1;1;1;1;1;2;1;1;1;1;1;2;0;0;0;0;0;0;0;0;0;0;0;0;6;4;5;39;15;17;20;27;37;29;1;3;8;9;11;7;24;25;22;26;28;30;2;10;12;13;14;16;18;19;21;23;31;32;33;34;35;36;38;0;27;17;15;15;37;37;255;255;255;0;0;0;0;0;0;0
907;0;1;1;3;2;4;5;8;10;9;12;3;52;10;63;10;41;12;89;12;15;18;52;32;70;32;34;42;85;42;19;43;52;0;1;1;3;2;4;8;8;10;9;12;3;52;10;63;10;41;12;89;12;15;18;52;32;70;32;34;42;85;42;19;43;52;0;1;1;3;2;4;8;8;10;9;12;3;52;10;63;10;41;12;89;12;15;18;52;32;70;32;34;42;85;42;19;43;52;0;0;0;0;1;2;0;0;0;1;1;2;0;0;0;0;0;0;0;0;0;0;0;0;1;1;3;2;4;8;8;10;9;12;3;52;10;63;10;41;12;89;12;15;18;52;32;70;32;34;42;85;42;19;43;52;0;1;1;3;2;4;8;8;10;9;12;3;52;10;63;10;41;12;89;12;15;18;52;32;70;32;34;42;85;42;19;43;52;0;1;1;3;2;4;8;8;10;9;12;3;52;10;63;10;41;12;89;12;15;18;52;32;70;32;34;42;85;42;19;43;52;1;1;1;1;1;2;1;1;1;1;1;2;0;0;0;0;0;0;0;0;0;0;0;0;1;1;3;2;4;5;8;10;9;12;3;52;10;63;10;41;12;89;12;15;18;52;32;70;32;34;42;85;42;19;43;52;0;1;1;3;2;4;8;8;10;9;12;3;52;10;63;10;41;12;89;12;15;18;52;32;70;32;34;42;85;42;19;43;52;0;1;1;3;2;4;8;8;10;9;12;3;52;10;63;10;41;12;89;12;15;18;52;32;70;32;34;42;85;42;19;43;52;0;0;0;0;1;2;0;0;0;1;1;2;0;0;0;0;0;0;0;0;0;0;0;1;5;4;9;11;14;16;21;8;24;28;0;3;7;38;10;12;17;20;23;26;29;35;2;6;13;15;18;19;22;25;37;27;39;30;31;32;33;34;36;5;9;9;9;9;9;11;255;255;255;0;0;0;0;0;0;0
908;0;1;1;3;2;4;5;8;10;9;12;3;52;10;63;10;41;12;89;12;15;18;52;32;70;32;34;42;85;42;19;43;52;0;1;1;3;2;4;8;8;10;9;12;3;52;10;63;10;41;12;89;12;15;18;52;32;70;32;34;42;85;42;19;43;52;0;1;1;3;2;4;8;8;10;9;12;3;52;10;63;10;41;12;89;12;15;18;52;32;70;32;34;42;85;42;19;43;52;1;1;1;1;2;2;0;0;0;8;2;2;0;0;0;0;0;0;0;0;0;0;0;0;1;1;3;2;4;8;8;10;9;12;3;52;10;63;10;41;12;89;12;15;18;52;32;70;32;34;42;85;42;19;43;52;0;1;1;3;2;4;8;8;10;9;12;3;52;10;63;10;41;12;89;12;15;18;52;32;70;32;34;42;85;42;19;43;52;0;1;1;3;2;4;8;8;10;9;12;3;52;10;63;10;41;12;89;12;15;18;52;32;70;32;34;42;85;42;19;43;52;1;1;1;1;3;2;1;1;0;7;3;3;0;0;0;0;0;0;0;0;0;0;0;0;1;1;3;2;4;5;8;10;9;12;3;52;10;63;10;41;12;89;12;15;18;52;32;70;32;34;42;85;42;19;43;52;0;1;1;3;2;4;8;8;10;9;12;3;52;10;63;10;41;12;89;12;15;18;52;32;70;32;34;42;85;42;19;43;52;0;1;1;3;2;4;8;8;10;9;12;3;52;10;63;10;41;12;89;12;15;18;52;32;70;32;34;42;85;42;19;43;52;1;1;1;1;2;2;0;0;0;8;2;2;0;0;0;0;0;0;0;0;0;0;0;0;4;3;9;11;12;15;16;34;20;30;2;5;6;10;8;13;39;21;18;23;24;26;1;7;14;19;22;17;25;27;28;29;31;32;33;35;36;37;38;0;9;9;9;9;9;34;255;255;255;0;0;0;0;0;0;0
909;0;1;1;3;2;4;5;8;10;9;12;3;52;10;63;10;41;12;89;12;15;18;52;32;70;32;34;42;85;42;19;43;52;0;1;1;3;2;4;8;8;10;9;12;3;52;10;63;10;41;12;89;12;15;18;52;32;70;32;34;42;85;42;19;43;52;0;1;1;3;2;4;8;8;10;9;12;3;52;10;63;10;41;12;89;12;15;18;52;32;70;32;34;42;85;42;19;43;52;0;0;0;0;1;2;1;1;1;1;1;2;0;0;0;0;0;0;0;0;0;0;0;0;1;1;3;2;4;5;5;10;9;12;3;52;10;63;10;41;12;89;12;15;18;52;32;70;32;34;42;85;42;19;43;52;0;1;1;3;2;4;8;8;10;9;12;3;52;10;63;10;41;12;89;12;15;18;52;32;70;32;34;42;85;42;19;43;52;0;1;1;3;2;4;8;8;10;9;12;3;52;10;63;10;41;12;89;12;15;18;52;32;70;32;34;42;85;42;19;43;52;1;1;1;1;1;2;1;1;1;1;1;2;0;0;0;0;0;0;0;0;0;0;0;0;1;1;3;2;4;5;8;10;9;12;3;52;10;63;10;41;12;89;12;15;18;52;32;70;32;34;42;85;42;19;43;52;0;1;1;3;2;4;8;8;10;9;12;3;52;10;63;10;41;12;89;12;15;18;52;32;70;32;34;42;85;42;19;43;52;0;1;1;3;2;4;8;8;10;9;12;3;52;10;63;10;41;12;89;12;15;18;52;32;70;32;34;42;85;42;19;43;52;0;0;0;0;1;2;1;1;1;1;1;2;0;0;0;0;0;0;0;0;0;0;0;19;11;20;4;25;7;18;15;9;0;5;16;27;28;12;39;8;2;29;13;24;17;23;10;3;37;6;22;1;30;31;21;32;33;38;35;14;26;36;34;20;9;9;9;9;9;15;255;255;255;0;0;0;0;0;0;0
1001;0;1;1;3;2;4;4;7;6;8;12;3;52;11;64;11;40;13;88;13;16;19;64;19;40;31;88;31;16;31;52;43;52;0;1;1;3;2;5;5;10;9;8;12;3;52;11;64;11;40;13;88;13;16;22;67;22;37;36;89;36;16;31;52;43;52;0;1;1;3;2;4;4;7;6;8;12;3;52;11;64;11;40;13;88;13;16;19;64;19;40;31;88;31;16;31;52;43;52;1;0;1;0;8;2;0;1;0;6;5;3;0;0;0;0;0;0;0;0;0;0;0;0;1;1;3;2;4;4;7;6;5;12;3;52;11;64;11;40;13;88;13;16;19;64;19;40;31;88;31;16;31;52;43;52;0;1;1;3;2;4;4;7;6;5;12;3;52;11;64;11;40;13;88;13;16;19;64;19;40;31;88;31;16;31;52;43;52;0;1;1;3;2;4;4;7;6;4;12;3;52;11;64;11;40;13;88;13;16;19;64;19;40;31;88;31;16;24;52;43;52;1;0;1;0;9;2;0;1;0;5;6;3;0;0;0;0;0;0;0;0;0;0;0;0;1;1;3;2;4;4;7;6;8;12;3;52;11;64;11;40;13;88;13;16;19;64;19;40;31;88;31;16;31;52;43;52;0;1;1;3;2;5;5;10;9;8;12;3;52;11;64;11;40;13;88;13;16;22;67;22;37;36;89;36;16;31;52;43;52;0;1;1;3;2;4;4;7;6;8;12;3;52;11;64;11;40;13;88;13;16;19;64;19;40;31;88;31;16;31;52;43;52;1;0;1;0;8;2;0;1;0;6;5;3;0;0;0;0;0;0;0;0;0;0;0;0;19;17;3;16;5;6;23;4;9;24;11;1;20;2;13;14;15;8;18;22;10;25;12;7;21;26;27;28;29;30;31;32;33;34;35;36;37;38;39;24;9;9;9;9;9;6;255;255;255;0;0;0;0;0;0;0
1002;0;1;1;3;2;4;5;5;7;6;12;3;52;10;63;10;41;12;89;12;15;18;52;23;34;23;70;32;88;32;16;42;53;0;1;1;3;2;4;8;8;7;6;12;3;52;10;63;10;41;12;89;12;15;18;52;32;70;32;34;34;91;34;13;43;52;0;1;1;3;2;4;5;5;7;6;12;3;52;10;63;10;41;12;89;12;15;18;52;23;71;23;32;30;93;30;11;43;52;1;1;0;0;2;1;1;1;1;7;5;3;0;0;0;0;0;0;0;0;0;0;0;0;1;1;3;2;4;5;5;7;6;12;3;52;10;63;10;41;12;89;12;15;18;52;26;69;26;34;33;90;33;15;43;52;0;1;1;3;2;4;5;5;10;9;12;3;52;10;63;10;41;12;89;12;15;18;52;26;69;26;34;42;85;42;19;43;52;0;1;1;3;2;4;5;5;7;6;12;3;52;10;63;10;41;12;89;12;15;18;52;26;69;26;34;27;94;27;10;43;52;1;1;0;0;4;1;1;1;1;2;2;2;0;0;0;0;0;0;0;0;0;0;0;0;1;1;3;2;4;5;5;7;6;12;3;52;10;63;10;41;12;89;12;15;18;52;23;34;23;70;32;88;32;16;42;53;0;1;1;3;2;4;8;8;7;6;12;3;52;10;63;10;41;12;89;12;15;18;52;32;70;32;34;34;91;34;13;43;52;0;1;1;3;2;4;5;5;7;6;12;3;52;10;63;10;41;12;89;12;15;18;52;23;71;23;32;30;93;30;11;43;52;1;1;0;0;2;1;1;1;1;7;5;3;0;0;0;0;0;0;0;0;0;0;0;0;6;3;9;8;11;17;12;20;22;19;2;4;5;7;10;14;18;13;15;21;23;25;1;24;16;26;27;28;29;30;31;32;33;34;35;36;37;38;39;11;9;9;9;9;9;8;255;255;255;0;0;0;0;0;0;0
1003;0;1;1;3;2;4;5;5;8;8;12;3;52;10;63;10;41;12;89;12;15;18;52;24;78;24;26;32;70;32;34;43;52;0;1;1;3;2;4;5;5;11;11;12;3;52;10;63;10;41;12;89;12;15;18;52;24;78;24;26;36;71;36;34;43;52;0;1;1;3;2;4;5;5;5;5;12;3;52;10;63;10;41;12;89;12;15;18;52;24;78;24;26;32;70;32;34;43;52;1;1;0;0;5;2;1;0;1;4;4;2;0;0;0;0;0;0;0;0;0;0;0;0;1;1;1;3;2;4;4;5;5;12;3;52;10;52;10;73;10;31;15;89;15;15;20;64;20;40;30;27;30;76;42;53;0;1;1;1;3;2;4;4;5;5;12;3;52;10;52;10;73;10;31;15;89;15;15;20;64;20;40;30;27;30;76;42;53;0;1;1;1;3;2;4;4;5;5;12;3;52;10;52;10;73;10;31;15;89;15;15;20;64;20;40;30;27;30;76;42;53;0;1;0;0;3;1;1;0;0;5;2;2;0;0;0;0;0;0;0;0;0;0;0;0;1;1;3;2;4;5;5;8;8;12;3;52;10;63;10;41;12;89;12;15;18;52;24;78;24;26;32;70;32;34;43;52;0;1;1;3;2;4;5;5;11;11;12;3;52;10;63;10;41;12;89;12;15;18;52;24;78;24;26;36;71;36;34;43;52;0;1;1;3;2;4;5;5;5;5;12;3;52;10;63;10;41;12;89;12;15;18;52;24;78;24;26;32;70;32;34;43;52;1;1;0;0;5;2;1;0;1;4;4;2;0;0;0;0;0;0;0;0;0;0;0;0;5;3;4;6;16;11;12;14;20;8;1;10;18;7;9;13;21;22;19;24;17;25;2;23;15;26;27;28;29;30;31;32;33;34;35;36;37;38;39;16;11;16;11;11;11;3;255;255;255;0;0;0;0;0;0;0
1006;0;1;1;3;2;5;5;7;6;8;12;3;52;10;63;10;41;12;89;12;15;22;68;22;36;30;89;30;15;30;52;42;52;0;1;1;3;2;5;5;7;6;11;12;3;52;10;63;10;41;12;89;12;15;22;68;22;36;30;89;30;15;35;52;42;52;0;1;1;3;2;4;4;7;6;8;12;3;52;10;63;10;41;12;89;12;15;22;68;22;36;30;89;30;15;30;52;42;52;0;1;0;0;6;2;1;0;1;7;6;2;0;0;0;0;0;0;0;0;0;0;0;0;1;1;3;2;4;4;7;6;5;12;3;52;10;63;10;41;12;89;12;15;22;68;22;36;30;89;30;15;31;52;42;52;0;1;1;3;2;4;4;7;6;5;12;3;52;10;63;10;41;12;89;12;15;22;68;22;36;30;89;30;15;31;52;42;52;0;1;1;3;2;4;4;7;6;5;12;3;52;10;63;10;41;12;89;12;15;22;68;22;36;30;89;30;15;31;52;42;52;0;0;0;1;8;1;1;1;0;2;8;2;0;0;0;0;0;0;0;0;0;0;0;0;1;1;3;2;5;5;7;6;8;12;3;52;10;63;10;41;12;89;12;15;22;68;22;36;30;89;30;15;30;52;42;52;0;1;1;3;2;5;5;7;6;11;12;3;52;10;63;10;41;12;89;12;15;22;68;22;36;30;89;30;15;35;52;42;52;0;1;1;3;2;4;4;7;6;8;12;3;52;10;63;10;41;12;89;12;15;22;68;22;36;30;89;30;15;30;52;42;52;0;1;0;0;6;2;1;0;1;7;6;2;0;0;0;0;0;0;0;0;0;0;0;0;14;5;7;8;10;18;20;22;13;12;1;3;4;15;6;24;16;19;9;21;17;23;2;25;11;26;27;28;29;30;31;32;33;34;35;36;37;38;39;5;18;18;18;18;18;20;255;255;255;0;0;0;0;0;0;0
1007;0;1;1;3;2;4;5;5;10;9;12;3;52;10;63;10;41;12;89;12;15;18;52;25;71;25;31;42;85;42;19;43;52;0;1;1;3;2;4;5;5;10;9;12;3;52;10;63;10;41;12;89;12;15;18;52;25;71;25;31;42;85;42;19;43;52;0;1;1;3;2;4;5;5;7;6;12;3;52;10;63;10;41;12;89;12;15;18;52;25;71;25;31;34;87;34;17;43;52;1;0;1;1;8;2;0;0;1;2;6;2;0;0;0;0;0;0;0;0;0;0;0;0;1;1;3;2;4;5;5;7;6;12;3;52;10;63;10;41;12;89;12;15;18;52;25;69;25;34;33;92;33;11;43;52;0;1;1;3;2;4;5;5;7;6;12;3;52;10;63;10;41;12;89;12;15;18;52;25;69;25;34;33;92;33;11;43;52;0;1;1;3;2;4;5;5;7;6;12;3;52;10;63;10;41;12;89;12;15;18;52;25;69;25;34;33;92;33;11;43;52;1;0;1;1;3;2;0;0;1;3;4;1;0;0;0;0;0;0;0;0;0;0;0;0;1;1;3;2;4;5;5;10;9;12;3;52;10;63;10;41;12;89;12;15;18;52;25;71;25;31;42;85;42;19;43;52;0;1;1;3;2;4;5;5;10;9;12;3;52;10;63;10;41;12;89;12;15;18;52;25;71;25;31;42;85;42;19;43;52;0;1;1;3;2;4;5;5;7;6;12;3;52;10;63;10;41;12;89;12;15;18;52;25;71;25;31;34;87;34;17;43;52;1;0;1;1;8;2;0;0;1;2;6;2;0;0;0;0;0;0;0;0;0;0;0;0;5;4;6;7;14;13;12;22;21;20;1;3;10;8;9;16;11;15;19;18;24;25;2;17;23;26;27;28;29;30;31;32;33;34;35;36;37;38;39;5;7;12;12;12;22;12;255;255;255;0;0;0;0;0;0;0
1008;0;1;1;3;2;4;5;5;10;9;12;3;52;10;63;10;41;12;89;12;15;19;52;24;69;24;34;36;87;36;17;43;52;0;1;1;3;2;4;8;8;10;9;12;3;52;10;63;10;41;12;89;12;15;19;52;26;69;26;35;36;87;36;17;43;52;0;1;1;3;2;4;5;5;8;8;12;3;52;10;63;10;41;12;89;12;15;19;52;24;69;24;34;34;80;34;24;43;52;1;1;0;0;6;3;0;1;0;8;5;2;0;0;0;0;0;0;0;0;0;0;0;0;1;1;3;2;4;4;7;6;12;12;3;52;10;63;10;41;12;89;12;15;20;64;20;40;30;87;30;18;43;66;43;38;0;1;1;3;2;4;4;7;6;12;12;3;52;10;63;10;41;12;89;12;15;20;64;20;40;30;87;30;18;43;66;43;38;0;1;1;3;2;4;4;7;6;12;12;3;52;10;63;10;41;12;89;12;15;20;64;20;40;30;87;30;18;43;66;43;38;1;1;0;0;4;1;0;1;1;5;2;3;0;0;0;0;0;0;0;0;0;0;0;0;1;1;3;2;4;5;5;10;9;12;3;52;10;63;10;41;12;89;12;15;19;52;24;69;24;34;36;87;36;17;43;52;0;1;1;3;2;4;8;8;10;9;12;3;52;10;63;10;41;12;89;12;15;19;52;26;69;26;35;36;87;36;17;43;52;0;1;1;3;2;4;5;5;8;8;12;3;52;10;63;10;41;12;89;12;15;19;52;24;69;24;34;34;80;34;24;43;52;1;1;0;0;6;3;0;1;0;8;5;2;0;0;0;0;0;0;0;0;0;0;0;2;3;4;10;7;12;15;14;20;19;18;1;5;6;8;9;16;13;17;22;24;23;25;0;11;21;26;27;28;29;30;31;32;33;34;35;36;37;38;39;10;7;19;7;7;18;20;255;255;255;0;0;0;0;0;0;0
1010;0;1;1;3;2;4;5;5;10;9;12;3;52;10;63;10;41;12;89;12;15;19;52;24;69;24;34;36;87;36;17;43;52;0;1;1;3;2;4;5;5;10;9;12;3;52;10;63;10;41;12;89;12;15;19;52;24;69;24;34;36;87;36;17;43;52;0;1;1;3;2;4;5;5;7;6;12;3;52;10;63;10;41;12;89;12;15;19;52;24;69;24;34;34;89;34;15;43;52;0;0;0;0;4;1;1;0;0;6;2;1;0;7;0;12;0;0;0;0;0;0;0;0;1;1;3;2;4;5;5;7;6;12;3;52;10;63;10;41;12;89;12;15;19;52;24;69;24;34;34;86;34;18;43;52;0;1;1;3;2;4;5;5;10;9;12;3;52;10;63;10;41;12;89;12;15;19;52;24;69;24;34;36;87;36;17;43;52;0;1;1;3;2;4;5;5;7;6;12;3;52;10;63;10;41;12;89;12;15;19;52;24;69;24;34;33;91;33;14;43;52;0;0;1;0;7;1;1;0;0;4;2;3;0;7;0;12;0;0;0;0;0;0;0;0;1;1;3;2;4;5;5;10;9;12;3;52;10;63;10;41;12;89;12;15;19;52;24;69;24;34;36;87;36;17;43;52;0;1;1;3;2;4;5;5;10;9;12;3;52;10;63;10;41;12;89;12;15;19;52;24;69;24;34;36;87;36;17;43;52;0;1;1;3;2;4;5;5;7;6;12;3;52;10;63;10;41;12;89;12;15;19;52;24;69;24;34;34;89;34;15;43;52;0;0;0;0;4;1;1;0;0;6;2;1;0;7;0;12;0;0;0;0;0;0;0;0;6;5;3;4;13;12;11;18;16;20;1;8;7;9;15;10;14;19;21;23;22;25;2;17;24;26;27;28;29;30;31;32;33;34;35;36;37;38;39;0;13;16;11;11;20;18;255;255;255;0;0;0;0;0;0;0
1011;0;1;1;3;2;4;4;5;7;6;12;3;52;11;64;11;40;13;88;13;16;19;64;19;40;27;51;32;90;32;14;43;52;0;1;1;3;2;4;4;8;10;9;12;3;52;11;64;11;40;13;88;13;16;19;64;19;40;27;51;35;90;35;14;43;52;0;1;1;3;2;4;4;5;7;6;12;3;52;11;64;11;40;13;88;13;16;19;64;19;40;27;51;32;90;32;14;43;52;0;0;0;0;7;1;0;1;1;4;1;2;0;9;0;0;0;0;0;0;0;0;0;0;1;1;3;2;4;4;8;5;5;12;3;52;11;64;11;40;13;88;13;16;19;64;19;40;31;52;26;81;26;23;43;52;0;1;1;3;2;4;4;11;5;5;12;3;52;11;64;11;40;13;88;13;16;19;64;19;40;35;52;26;81;26;23;43;52;0;1;1;3;2;4;4;8;5;5;12;3;52;11;64;11;40;13;88;13;16;19;64;19;40;31;52;26;81;26;23;43;52;0;0;0;0;8;1;0;1;1;2;1;3;0;139637976727552;0;0;0;0;0;0;0;0;0;0;1;1;3;2;4;4;5;7;6;12;3;52;11;64;11;40;13;88;13;16;19;64;19;40;27;51;32;90;32;14;43;52;0;1;1;3;2;4;4;8;10;9;12;3;52;11;64;11;40;13;88;13;16;19;64;19;40;27;51;35;90;35;14;43;52;0;1;1;3;2;4;4;5;7;6;12;3;52;11;64;11;40;13;88;13;16;19;64;19;40;27;51;32;90;32;14;43;52;0;0;0;0;7;1;0;1;1;4;1;2;0;9;0;0;0;0;0;0;0;0;0;0;4;3;5;7;16;14;13;12;22;24;1;8;9;11;19;15;18;20;17;25;21;23;2;10;6;26;27;28;29;30;31;32;33;34;35;36;37;38;39;5;14;13;14;14;12;5;255;255;255;0;0;0;0;0;0;0
1012;0;1;1;3;2;5;5;7;6;12;12;3;52;11;64;11;40;13;88;13;16;21;64;21;40;31;84;31;20;43;64;43;40;0;1;1;3;2;5;5;7;6;12;12;3;52;11;64;11;40;13;88;13;16;21;64;21;40;31;84;31;20;43;64;43;40;0;1;1;3;2;4;4;7;6;11;12;3;52;11;64;11;40;13;88;13;16;19;64;19;38;31;84;31;20;39;63;43;40;0;0;0;0;8;1;0;1;0;2;4;2;0;2;0;12;0;0;0;0;0;0;0;0;1;1;3;2;4;4;7;6;8;12;3;52;11;64;11;40;13;88;13;16;21;64;21;40;31;84;31;20;34;51;43;51;0;1;1;3;2;5;5;7;6;12;12;3;52;11;64;11;40;13;88;13;16;21;64;21;40;31;84;31;20;43;64;43;40;0;1;1;3;2;4;4;7;6;12;12;3;52;11;64;11;40;13;88;13;16;21;64;21;40;31;84;31;20;43;64;43;40;0;0;0;0;8;1;0;1;0;1;4;3;0;2;0;12;0;0;0;0;0;0;0;0;1;1;3;2;5;5;7;6;12;12;3;52;11;64;11;40;13;88;13;16;21;64;21;40;31;84;31;20;43;64;43;40;0;1;1;3;2;5;5;7;6;12;12;3;52;11;64;11;40;13;88;13;16;21;64;21;40;31;84;31;20;43;64;43;40;0;1;1;3;2;4;4;7;6;11;12;3;52;11;64;11;40;13;88;13;16;19;64;19;38;31;84;31;20;39;63;43;40;0;0;0;0;8;1;0;1;0;2;4;2;0;2;0;12;0;0;0;0;0;0;0;0;5;4;7;10;24;23;12;18;14;13;1;3;15;6;8;16;25;17;20;19;21;22;2;9;11;26;27;28;29;30;31;32;33;34;35;36;37;38;39;7;14;24;24;24;14;7;255;255;255;0;0;0;0;0;0;0
1013;0;1;1;3;2;4;5;7;6;12;12;3;52;11;64;11;40;13;88;13;16;21;40;21;64;31;84;31;20;43;64;43;40;0;1;1;3;2;4;5;7;6;12;12;3;52;11;64;11;40;13;88;13;16;21;40;21;64;31;84;31;20;43;64;43;40;0;1;1;3;2;4;5;7;6;8;12;3;52;11;64;11;40;13;88;13;16;21;40;21;64;31;84;31;20;34;51;43;50;0;1;0;1;4;3;1;0;0;5;9;2;0;7;0;11;0;0;0;0;0;0;0;0;1;1;3;2;4;4;7;6;12;12;3;52;11;64;11;40;13;88;13;16;21;40;21;64;31;84;31;20;43;64;43;40;0;1;1;3;2;4;4;7;6;12;12;3;52;11;64;11;40;13;88;13;16;21;40;21;64;31;84;31;20;43;64;43;40;0;1;1;3;2;4;4;7;6;12;12;3;52;11;64;11;40;13;88;13;16;21;40;21;64;31;84;31;20;43;64;43;40;0;1;0;0;4;2;1;0;0;3;4;3;0;7;0;11;0;0;0;0;0;0;0;0;1;1;3;2;4;5;7;6;12;12;3;52;11;64;11;40;13;88;13;16;21;40;21;64;31;84;31;20;43;64;43;40;0;1;1;3;2;4;5;7;6;12;12;3;52;11;64;11;40;13;88;13;16;21;40;21;64;31;84;31;20;43;64;43;40;0;1;1;3;2;4;5;7;6;8;12;3;52;11;64;11;40;13;88;13;16;21;40;21;64;31;84;31;20;34;51;43;50;0;1;0;1;4;3;1;0;0;5;9;2;0;7;0;11;0;0;0;0;0;0;0;0;4;3;9;8;11;13;19;15;23;25;1;5;6;7;10;12;14;16;18;20;21;24;2;22;17;26;27;28;29;30;31;32;33;34;35;36;37;38;39;25;9;9;9;9;9;8;255;255;255;0;0;0;0;0;0;0
1015;0;1;1;3;2;4;5;5;7;6;12;3;52;10;63;10;41;12;89;12;15;19;52;24;69;24;34;30;90;30;14;43;52;0;1;1;3;2;4;5;5;10;9;12;3;52;10;63;10;41;12;89;12;15;19;52;24;69;24;34;35;89;35;15;43;52;0;1;1;3;2;4;5;5;7;6;12;3;52;10;63;10;41;12;89;12;15;19;52;24;69;24;34;30;90;30;14;43;52;0;1;0;1;5;3;1;1;0;5;8;1;0;4;0;0;0;0;0;0;0;0;0;0;1;1;3;2;4;5;5;7;6;12;3;52;10;63;10;41;12;89;12;15;19;52;24;69;24;34;30;90;30;14;43;52;0;1;1;3;2;4;8;8;7;6;12;3;52;10;63;10;41;12;89;12;15;19;52;29;67;29;36;30;90;30;14;43;52;0;1;1;3;2;4;5;5;7;6;12;3;52;10;63;10;41;12;89;12;15;19;52;24;69;24;34;30;90;30;14;43;52;0;0;0;1;5;2;0;1;0;3;8;3;0;4;0;0;0;0;0;0;0;0;0;0;1;1;3;2;4;5;5;7;6;12;3;52;10;63;10;41;12;89;12;15;19;52;24;69;24;34;30;90;30;14;43;52;0;1;1;3;2;4;5;5;10;9;12;3;52;10;63;10;41;12;89;12;15;19;52;24;69;24;34;35;89;35;15;43;52;0;1;1;3;2;4;5;5;7;6;12;3;52;10;63;10;41;12;89;12;15;19;52;24;69;24;34;30;90;30;14;43;52;0;1;0;1;5;3;1;1;0;5;8;1;0;4;0;0;0;0;0;0;0;0;0;2;15;4;6;7;9;23;19;12;18;10;0;3;5;16;13;14;8;17;21;24;11;20;1;22;25;26;27;28;29;30;31;32;33;34;35;36;37;38;39;12;9;9;9;9;9;12;255;255;255;0;0;0;0;0;0;0
1017;0;1;1;3;2;4;5;5;10;9;12;3;52;10;63;10;41;12;89;12;15;19;52;25;70;25;33;37;85;37;18;43;52;0;1;1;3;2;4;8;8;10;9;12;3;52;10;63;10;41;12;89;12;15;19;52;29;68;29;36;37;85;37;18;43;52;0;1;1;3;2;4;5;5;7;6;12;3;52;10;63;10;41;12;89;12;15;19;52;25;70;25;33;34;88;34;16;43;52;0;1;0;0;6;2;1;1;0;5;6;2;0;0;0;0;0;0;0;0;0;0;0;0;1;1;3;2;4;5;5;7;6;12;3;52;10;63;10;41;12;89;12;15;20;51;25;70;25;33;27;95;27;8;43;52;0;1;1;3;2;4;5;5;7;6;12;3;52;10;63;10;41;12;89;12;15;20;51;25;70;25;33;27;95;27;8;43;52;0;1;1;3;2;4;5;5;7;6;12;3;52;10;63;10;41;12;89;12;15;20;51;25;70;25;33;27;95;27;8;43;52;0;0;0;0;4;1;1;1;0;3;6;2;0;0;0;0;0;0;0;0;0;0;0;0;1;1;3;2;4;5;5;10;9;12;3;52;10;63;10;41;12;89;12;15;19;52;25;70;25;33;37;85;37;18;43;52;0;1;1;3;2;4;8;8;10;9;12;3;52;10;63;10;41;12;89;12;15;19;52;29;68;29;36;37;85;37;18;43;52;0;1;1;3;2;4;5;5;7;6;12;3;52;10;63;10;41;12;89;12;15;19;52;25;70;25;33;34;88;34;16;43;52;0;1;0;0;6;2;1;1;0;5;6;2;0;0;0;0;0;0;0;0;0;0;0;0;4;6;11;10;16;17;19;23;21;25;1;5;7;9;12;13;14;15;18;22;20;24;2;3;8;26;27;28;29;30;31;32;33;34;35;36;37;38;39;11;16;16;16;16;16;10;255;255;255;0;0;0;0;0;0;0
1020;0;1;1;3;2;5;5;7;6;8;12;3;52;10;63;10;41;12;89;12;15;22;68;22;36;30;89;30;15;28;52;42;52;0;1;1;3;2;5;5;10;9;8;12;3;52;10;63;10;41;12;89;12;15;22;68;22;36;35;88;35;16;28;52;42;52;0;1;1;3;2;4;4;7;6;8;12;3;52;10;63;10;41;12;89;12;15;22;68;22;36;30;89;30;15;28;52;42;52;1;1;0;1;8;3;0;1;1;6;8;2;0;0;0;0;0;0;0;0;0;0;0;0;1;1;3;2;4;4;7;6;8;12;3;52;10;63;10;41;12;89;12;15;22;68;22;36;30;89;30;15;28;52;42;52;0;1;1;3;2;4;4;7;6;8;12;3;52;10;63;10;41;12;89;12;15;22;68;22;36;30;89;30;15;28;52;42;52;0;1;1;3;2;4;4;7;6;8;12;3;52;10;63;10;41;12;89;12;15;22;68;22;36;30;89;30;15;28;52;42;52;1;1;0;1;8;1;0;1;1;6;8;3;0;0;0;0;0;0;0;0;0;0;0;0;1;1;3;2;5;5;7;6;8;12;3;52;10;63;10;41;12;89;12;15;22;68;22;36;30;89;30;15;28;52;42;52;0;1;1;3;2;5;5;10;9;8;12;3;52;10;63;10;41;12;89;12;15;22;68;22;36;35;88;35;16;28;52;42;52;0;1;1;3;2;4;4;7;6;8;12;3;52;10;63;10;41;12;89;12;15;22;68;22;36;30;89;30;15;28;52;42;52;1;1;0;1;8;3;0;1;1;6;8;2;0;0;0;0;0;0;0;0;0;0;0;0;6;3;24;5;18;10;12;15;14;13;1;4;7;8;20;25;17;16;19;9;21;22;2;11;23;26;27;28;29;30;31;32;33;34;35;36;37;38;39;6;14;24;24;24;10;10;255;255;255;0;0;0;0;0;0;0
1021;0;1;1;3;2;4;4;7;6;12;12;3;52;10;63;10;41;12;89;12;15;20;64;20;40;30;86;30;18;43;65;43;38;0;1;1;3;2;5;5;7;6;12;12;3;52;10;63;10;41;12;89;12;15;20;64;20;40;30;86;30;18;43;65;43;38;0;1;1;3;2;4;4;7;6;11;12;3;52;10;63;10;41;12;89;12;15;20;64;20;40;30;86;30;18;38;64;43;38;0;1;1;1;7;2;0;1;0;7;8;3;0;0;0;0;0;0;0;0;0;0;0;0;1;1;3;2;4;4;4;7;6;12;3;52;10;62;10;41;11;88;11;16;19;52;21;69;21;35;27;91;27;12;39;51;0;1;1;3;2;4;4;4;7;6;12;3;52;10;62;10;41;11;88;11;16;19;52;21;69;21;35;27;91;27;12;39;51;0;1;1;3;2;4;4;4;7;6;12;3;52;10;62;10;41;11;88;11;16;19;52;21;69;21;35;27;91;27;12;39;51;0;0;1;1;5;2;0;0;0;7;6;3;0;0;0;0;0;0;0;0;0;0;0;0;1;1;3;2;4;4;7;6;12;12;3;52;10;63;10;41;12;89;12;15;20;64;20;40;30;86;30;18;43;65;43;38;0;1;1;3;2;5;5;7;6;12;12;3;52;10;63;10;41;12;89;12;15;20;64;20;40;30;86;30;18;43;65;43;38;0;1;1;3;2;4;4;7;6;11;12;3;52;10;63;10;41;12;89;12;15;20;64;20;40;30;86;30;18;38;64;43;38;0;1;1;1;7;2;0;1;0;7;8;3;0;0;0;0;0;0;0;0;0;0;0;0;2;25;14;4;6;5;18;19;23;8;11;1;24;3;7;16;15;17;21;9;10;20;22;12;13;26;27;28;29;30;31;32;33;34;35;36;37;38;39;5;18;5;18;18;8;8;255;255;255;0;0;0;0;0;0;0
1022;0;1;1;3;2;4;4;7;6;12;12;3;52;11;64;11;40;13;88;13;16;19;65;19;40;31;84;31;20;43;64;43;40;0;1;1;3;2;5;5;7;6;12;12;3;52;11;64;11;40;13;88;13;16;23;64;23;40;31;84;31;20;43;64;43;40;0;1;1;3;2;4;4;7;6;11;12;3;52;11;64;11;40;13;88;13;16;20;66;20;39;31;84;31;20;39;66;43;40;0;0;0;0;7;2;1;0;1;8;5;2;0;4;0;11;0;0;0;0;0;0;0;0;1;1;3;2;4;4;7;6;12;12;3;52;11;64;11;40;13;88;13;16;23;64;23;40;31;84;31;20;43;64;43;40;0;1;1;3;2;5;5;7;6;12;12;3;52;11;64;11;40;13;88;13;16;23;64;23;40;31;84;31;20;43;64;43;40;0;1;1;3;2;4;4;7;6;12;12;3;52;11;64;11;40;13;88;13;16;23;64;23;40;31;84;31;20;43;64;43;40;0;0;0;0;7;1;1;0;1;5;5;3;0;4;0;11;0;0;0;0;0;0;0;0;1;1;3;2;4;4;7;6;12;12;3;52;11;64;11;40;13;88;13;16;19;65;19;40;31;84;31;20;43;64;43;40;0;1;1;3;2;5;5;7;6;12;12;3;52;11;64;11;40;13;88;13;16;23;64;23;40;31;84;31;20;43;64;43;40;0;1;1;3;2;4;4;7;6;11;12;3;52;11;64;11;40;13;88;13;16;20;66;20;39;31;84;31;20;39;66;43;40;0;0;0;0;7;2;1;0;1;8;5;2;0;4;0;11;0;0;0;0;0;0;0;0;14;3;5;6;8;7;21;12;22;11;2;4;13;16;25;15;9;10;19;20;24;23;1;17;18;26;27;28;29;30;31;32;33;34;35;36;37;38;39;7;21;8;6;6;22;6;255;255;255;0;0;0;0;0;0;0
1023;0;1;1;3;2;4;4;8;8;12;12;3;52;11;64;11;40;13;88;13;16;21;64;21;40;31;76;31;28;43;64;43;40;0;1;1;3;2;5;5;8;8;12;12;3;52;11;64;11;40;13;88;13;16;21;64;21;40;31;76;31;28;43;64;43;40;0;1;1;3;2;4;4;5;5;12;12;3;52;11;64;11;40;13;88;13;16;21;64;21;40;31;76;31;28;43;64;43;40;1;1;1;0;5;2;1;1;0;7;6;2;0;0;0;0;0;0;0;0;0;0;0;0;1;1;3;2;4;4;5;5;12;12;3;52;11;64;11;40;13;88;13;16;21;64;21;40;31;76;31;28;43;64;43;40;0;1;1;3;2;4;4;5;5;12;12;3;52;11;64;11;40;13;88;13;16;21;64;21;40;31;76;31;28;43;64;43;40;0;1;1;3;2;4;4;5;5;12;12;3;52;11;64;11;40;13;88;13;16;21;64;21;40;31;76;31;28;43;64;43;40;1;1;0;0;7;2;1;1;0;4;8;3;0;0;0;0;0;0;0;0;0;0;0;0;1;1;3;2;4;4;8;8;12;12;3;52;11;64;11;40;13;88;13;16;21;64;21;40;31;76;31;28;43;64;43;40;0;1;1;3;2;5;5;8;8;12;12;3;52;11;64;11;40;13;88;13;16;21;64;21;40;31;76;31;28;43;64;43;40;0;1;1;3;2;4;4;5;5;12;12;3;52;11;64;11;40;13;88;13;16;21;64;21;40;31;76;31;28;43;64;43;40;1;1;1;0;5;2;1;1;0;7;6;2;0;0;0;0;0;0;0;0;0;0;0;11;2;5;23;4;6;14;25;19;10;9;0;12;3;13;15;7;16;17;18;8;24;21;22;1;20;26;27;28;29;30;31;32;33;34;35;36;37;38;39;6;9;9;9;9;9;6;255;255;255;0;0;0;0;0;0;0
1025;0;1;1;3;2;4;4;5;10;9;12;3;52;10;63;10;41;12;89;12;15;18;64;18;40;27;52;36;87;36;17;43;52;0;1;1;3;2;4;4;8;10;9;12;3;52;10;63;10;41;12;89;12;15;18;64;18;40;33;51;36;87;36;17;43;52;0;1;1;3;2;4;4;5;7;6;12;3;52;10;63;10;41;12;89;12;15;18;64;18;40;27;52;34;94;34;11;43;52;0;0;0;1;6;2;1;0;0;6;7;2;0;0;0;0;0;0;0;0;0;0;0;0;1;1;1;3;2;4;4;10;9;12;3;52;10;52;10;71;10;33;13;90;13;14;22;65;22;38;36;89;36;17;40;52;0;1;1;1;3;2;4;4;10;9;12;3;52;10;52;10;71;10;33;13;90;13;14;22;65;22;38;36;89;36;17;40;52;0;1;1;1;3;2;4;4;10;9;12;3;52;10;52;10;71;10;33;13;90;13;14;22;65;22;38;36;89;36;17;40;52;0;0;0;0;3;1;1;1;0;3;5;3;0;0;0;0;0;0;0;0;0;0;0;0;1;1;3;2;4;4;5;10;9;12;3;52;10;63;10;41;12;89;12;15;18;64;18;40;27;52;36;87;36;17;43;52;0;1;1;3;2;4;4;8;10;9;12;3;52;10;63;10;41;12;89;12;15;18;64;18;40;33;51;36;87;36;17;43;52;0;1;1;3;2;4;4;5;7;6;12;3;52;10;63;10;41;12;89;12;15;18;64;18;40;27;52;34;94;34;11;43;52;0;0;0;1;6;2;1;0;0;6;7;2;0;0;0;0;0;0;0;0;0;0;0;0;4;3;11;8;13;12;14;23;22;25;2;5;6;7;10;19;24;15;17;16;21;18;1;9;20;26;27;28;29;30;31;32;33;34;35;36;37;38;39;0;14;13;13;13;22;13;255;255;255;0;0;0;0;0;0;0
1026;0;1;1;3;2;4;5;5;8;12;12;3;52;10;63;10;41;12;89;12;15;20;51;27;80;27;23;31;51;43;65;43;39;0;1;1;3;2;4;8;8;8;12;12;3;52;10;63;10;41;12;89;12;15;20;51;31;78;31;25;31;51;43;65;43;39;0;1;1;3;2;4;5;5;8;8;12;3;52;10;63;10;41;12;89;12;15;20;51;27;80;27;23;34;38;34;65;43;51;0;1;1;0;5;2;1;1;1;3;7;2;0;4;0;0;0;0;0;0;0;0;0;0;1;1;1;3;2;4;4;5;12;12;3;52;11;52;11;72;11;32;15;88;15;16;21;66;21;39;29;52;43;64;43;40;0;1;1;1;3;2;4;4;11;12;12;3;52;11;52;11;72;11;32;15;88;15;16;21;66;21;39;35;51;43;64;43;40;0;1;1;1;3;2;4;4;5;12;12;3;52;11;52;11;72;11;32;15;88;15;16;21;66;21;39;29;52;43;64;43;40;0;1;1;0;7;2;1;1;1;2;7;3;0;4;0;0;0;0;0;0;0;0;0;0;1;1;3;2;4;5;5;8;12;12;3;52;10;63;10;41;12;89;12;15;20;51;27;80;27;23;31;51;43;65;43;39;0;1;1;3;2;4;8;8;8;12;12;3;52;10;63;10;41;12;89;12;15;20;51;31;78;31;25;31;51;43;65;43;39;0;1;1;3;2;4;5;5;8;8;12;3;52;10;63;10;41;12;89;12;15;20;51;27;80;27;23;34;38;34;65;43;51;0;1;1;0;5;2;1;1;1;3;7;2;0;4;0;0;0;0;0;0;0;0;0;0;3;5;7;6;11;12;17;13;25;24;2;4;8;9;10;15;16;18;19;20;21;22;1;23;14;26;27;28;29;30;31;32;33;34;35;36;37;38;39;5;6;11;12;12;24;12;255;255;255;0;0;0;0;0;0;0
1027;0;1;1;3;2;4;4;5;7;6;12;3;52;11;64;11;40;13;91;13;12;21;66;21;38;30;52;34;88;34;17;41;52;0;1;1;3;2;4;4;8;10;9;12;3;52;11;64;11;40;13;91;13;12;21;66;21;38;30;52;38;87;38;17;41;52;0;1;1;3;2;4;4;5;7;6;12;3;52;11;64;11;40;13;91;13;12;21;66;21;38;30;52;33;88;33;17;41;52;1;1;1;0;7;2;1;0;1;8;8;2;0;0;0;0;0;0;0;0;0;0;0;0;1;1;3;2;4;4;5;10;9;12;3;52;11;63;11;40;13;88;13;12;21;66;21;38;27;52;38;87;38;17;41;52;0;1;1;3;2;4;4;5;10;9;12;3;52;11;63;11;40;13;88;13;12;21;66;21;38;27;52;38;87;38;17;41;52;0;1;1;3;2;4;4;5;10;9;12;3;52;11;63;11;40;13;88;13;12;21;66;21;38;27;52;38;87;38;17;41;52;1;1;1;1;4;1;1;0;0;4;7;3;0;0;0;0;0;0;0;0;0;0;0;0;1;1;3;2;4;4;5;7;6;12;3;52;11;64;11;40;13;91;13;12;21;66;21;38;30;52;34;88;34;17;41;52;0;1;1;3;2;4;4;8;10;9;12;3;52;11;64;11;40;13;91;13;12;21;66;21;38;30;52;38;87;38;17;41;52;0;1;1;3;2;4;4;5;7;6;12;3;52;11;64;11;40;13;91;13;12;21;66;21;38;30;52;33;88;33;17;41;52;1;1;1;0;7;2;1;0;1;8;8;2;0;0;0;0;0;0;0;0;0;0;0;1;6;3;8;7;12;16;14;18;24;22;0;4;5;10;9;11;13;15;17;20;23;25;2;19;21;26;27;28;29;30;31;32;33;34;35;36;37;38;39;6;16;14;14;14;22;7;255;255;255;0;0;0;0;0;0;0
1029;0;1;1;3;2;5;5;7;6;12;12;3;52;10;63;10;41;12;89;12;15;23;65;23;39;30;86;30;18;43;66;43;37;0;1;1;3;2;8;8;7;6;12;12;3;52;10;63;10;41;12;89;12;15;27;65;27;39;30;86;30;18;43;66;43;37;0;1;1;3;2;4;4;7;6;12;12;3;52;10;63;10;41;12;89;12;15;18;64;18;40;30;86;30;18;41;65;41;40;1;1;1;0;7;2;1;1;0;3;4;2;0;0;0;0;0;0;0;0;0;0;0;0;1;1;3;2;4;4;7;6;5;12;3;52;10;63;10;41;12;89;12;15;18;64;18;40;30;86;30;18;32;52;43;52;0;1;1;3;2;4;4;7;6;5;12;3;52;10;63;10;41;12;89;12;15;18;64;18;40;30;86;30;18;32;52;43;52;0;1;1;3;2;4;4;7;6;5;12;3;52;10;63;10;41;12;89;12;15;18;64;18;40;30;86;30;18;32;52;43;52;1;1;0;0;3;2;1;1;0;6;3;3;0;0;0;0;0;0;0;0;0;0;0;0;1;1;3;2;5;5;7;6;12;12;3;52;10;63;10;41;12;89;12;15;23;65;23;39;30;86;30;18;43;66;43;37;0;1;1;3;2;8;8;7;6;12;12;3;52;10;63;10;41;12;89;12;15;27;65;27;39;30;86;30;18;43;66;43;37;0;1;1;3;2;4;4;7;6;12;12;3;52;10;63;10;41;12;89;12;15;18;64;18;40;30;86;30;18;41;65;41;40;1;1;1;0;7;2;1;1;0;3;4;2;0;0;0;0;0;0;0;0;0;0;0;0;4;7;3;9;14;18;12;5;21;20;2;6;10;8;15;16;17;19;22;25;24;23;1;11;13;26;27;28;29;30;31;32;33;34;35;36;37;38;39;7;9;9;9;9;9;18;255;255;255;0;0;0;0;0;0;0
1031;0;1;1;3;2;5;5;7;6;8;12;3;52;11;64;11;40;13;88;13;16;21;64;21;40;31;88;31;16;31;52;43;52;0;1;1;3;2;5;5;11;11;8;12;3;52;11;64;11;40;13;88;13;16;21;64;21;40;35;81;35;23;31;52;43;52;0;1;1;3;2;4;4;7;6;8;12;3;52;11;64;11;40;13;88;13;16;21;64;21;40;31;88;31;16;31;52;43;52;0;1;0;0;6;1;1;0;1;3;4;2;0;1;0;0;0;0;0;0;0;0;0;0;1;1;3;2;4;4;7;6;5;12;3;52;10;63;10;41;12;89;12;15;18;64;18;40;30;86;30;18;32;52;43;52;0;1;1;3;2;4;4;7;6;5;12;3;52;10;63;10;41;12;89;12;15;18;64;18;40;30;86;30;18;32;52;43;52;0;1;1;3;2;4;4;7;6;4;12;3;52;10;63;10;41;12;89;12;15;18;64;18;40;30;86;30;18;24;52;43;52;0;0;0;0;6;1;1;0;1;2;9;3;0;1;0;0;0;0;0;0;0;0;0;0;1;1;3;2;5;5;7;6;8;12;3;52;11;64;11;40;13;88;13;16;21;64;21;40;31;88;31;16;31;52;43;52;0;1;1;3;2;5;5;11;11;8;12;3;52;11;64;11;40;13;88;13;16;21;64;21;40;35;81;35;23;31;52;43;52;0;1;1;3;2;4;4;7;6;8;12;3;52;11;64;11;40;13;88;13;16;21;64;21;40;31;88;31;16;31;52;43;52;0;1;0;0;6;1;1;0;1;3;4;2;0;1;0;0;0;0;0;0;0;0;0;0;4;3;10;13;19;16;8;21;17;23;1;5;7;9;11;12;14;20;15;18;24;25;2;6;22;26;27;28;29;30;31;32;33;34;35;36;37;38;39;13;13;13;13;13;16;8;255;255;255;0;0;0;0;0;0;0
1032;0;1;1;3;2;4;4;10;9;8;12;3;52;11;64;11;40;13;88;13;16;19;64;19;40;36;90;36;14;31;52;43;52;0;1;1;3;2;5;5;10;9;8;12;3;52;11;64;11;40;13;88;13;16;22;66;22;39;36;90;36;14;31;52;43;52;0;1;1;3;2;4;4;7;6;8;12;3;52;11;64;11;40;13;88;13;16;19;64;19;40;34;91;34;12;31;52;43;52;1;0;1;0;6;1;1;0;1;6;5;2;0;7;0;0;0;0;0;0;0;0;0;0;1;1;3;2;4;4;7;6;8;12;3;52;10;63;10;41;12;89;12;15;18;64;18;40;30;86;30;18;32;52;43;52;0;1;1;3;2;4;4;7;6;8;12;3;52;10;63;10;41;12;89;12;15;18;64;18;40;30;86;30;18;32;52;43;52;0;1;1;3;2;4;4;7;6;8;12;3;52;10;63;10;41;12;89;12;15;18;64;18;40;30;86;30;18;32;52;43;52;1;0;1;0;7;1;1;0;0;4;7;3;0;7;0;0;0;0;0;0;0;0;0;0;1;1;3;2;4;4;10;9;8;12;3;52;11;64;11;40;13;88;13;16;19;64;19;40;36;90;36;14;31;52;43;52;0;1;1;3;2;5;5;10;9;8;12;3;52;11;64;11;40;13;88;13;16;22;66;22;39;36;90;36;14;31;52;43;52;0;1;1;3;2;4;4;7;6;8;12;3;52;11;64;11;40;13;88;13;16;19;64;19;40;34;91;34;12;31;52;43;52;1;0;1;0;6;1;1;0;1;6;5;2;0;7;0;0;0;0;0;0;0;0;0;0;14;2;3;4;5;6;20;9;24;8;11;13;15;25;16;17;18;7;21;19;10;22;12;1;23;26;27;28;29;30;31;32;33;34;35;36;37;38;39;0;9;9;9;9;9;4;255;255;255;0;0;0;0;0;0;0
1033;0;1;1;1;3;2;5;5;7;6;12;3;52;10;52;10;73;10;31;15;89;15;15;20;64;20;40;34;88;34;16;43;52;0;1;1;1;3;2;8;8;7;6;12;3;52;10;52;10;73;10;31;15;89;15;15;27;66;27;38;34;88;34;16;43;52;0;1;1;1;3;2;4;4;7;6;12;3;52;10;52;10;73;10;31;15;89;15;15;20;64;20;40;28;88;28;17;43;51;0;0;1;0;5;3;1;1;0;3;6;2;0;0;0;0;0;0;0;0;0;0;0;0;1;1;1;3;2;4;4;8;12;12;3;52;10;52;10;73;10;31;15;89;15;15;20;64;20;40;32;52;43;66;43;38;0;1;1;1;3;2;5;5;8;12;12;3;52;10;52;10;73;10;31;15;89;15;15;20;64;20;40;32;52;43;66;43;38;0;1;1;1;3;2;4;4;8;8;12;3;52;10;52;10;73;10;31;15;89;15;15;20;64;20;40;29;30;29;74;43;52;0;0;1;1;6;2;1;1;0;5;8;3;0;0;0;0;0;0;0;0;0;0;0;0;1;1;1;3;2;5;5;7;6;12;3;52;10;52;10;73;10;31;15;89;15;15;20;64;20;40;34;88;34;16;43;52;0;1;1;1;3;2;8;8;7;6;12;3;52;10;52;10;73;10;31;15;89;15;15;27;66;27;38;34;88;34;16;43;52;0;1;1;1;3;2;4;4;7;6;12;3;52;10;52;10;73;10;31;15;89;15;15;20;64;20;40;28;88;28;17;43;51;0;0;1;0;5;3;1;1;0;3;6;2;0;0;0;0;0;0;0;0;0;0;0;0;3;2;1;4;16;19;7;8;21;10;11;15;17;23;18;5;6;24;25;20;9;22;12;13;14;26;27;28;29;30;31;32;33;34;35;36;37;38;39;0;8;2;7;7;8;7;255;255;255;0;0;0;0;0;0;0
1034;0;1;1;3;2;4;5;5;10;9;12;3;52;10;63;10;41;12;89;12;15;18;52;27;68;27;36;42;85;42;19;43;52;0;1;1;3;2;4;8;8;10;9;12;3;52;10;63;10;41;12;89;12;15;18;52;27;68;27;36;42;85;42;19;43;52;0;1;1;3;2;4;5;5;7;6;12;3;52;10;63;10;41;12;89;12;15;18;52;27;68;27;36;34;89;34;15;43;52;1;0;1;1;4;3;1;0;1;4;2;2;0;0;0;0;0;0;0;0;0;0;0;0;1;1;3;2;4;5;5;10;9;12;3;52;10;63;10;41;12;89;12;15;18;52;27;68;27;36;42;85;42;19;43;52;0;1;1;3;2;4;8;8;10;9;12;3;52;10;63;10;41;12;89;12;15;18;52;32;70;32;34;42;85;42;19;43;52;0;1;1;3;2;4;5;5;10;9;12;3;52;10;63;10;41;12;89;12;15;18;52;27;68;27;36;42;85;42;19;43;52;1;0;1;1;4;1;1;0;1;2;4;3;0;0;0;0;0;0;0;0;0;0;0;0;1;1;3;2;4;5;5;10;9;12;3;52;10;63;10;41;12;89;12;15;18;52;27;68;27;36;42;85;42;19;43;52;0;1;1;3;2;4;8;8;10;9;12;3;52;10;63;10;41;12;89;12;15;18;52;27;68;27;36;42;85;42;19;43;52;0;1;1;3;2;4;5;5;7;6;12;3;52;10;63;10;41;12;89;12;15;18;52;27;68;27;36;34;89;34;15;43;52;1;0;1;1;4;3;1;0;1;4;2;2;0;0;0;0;0;0;0;0;0;0;0;2;5;3;9;7;11;16;12;18;19;22;0;4;6;10;8;13;14;15;24;20;23;25;1;17;21;26;27;28;29;30;31;32;33;34;35;36;37;38;39;5;9;9;9;9;9;22;255;255;255;0;0;0;0;0;0;0
1036;0;1;1;3;2;4;5;5;7;6;12;3;52;10;63;10;41;12;89;12;15;18;52;27;70;27;34;34;89;34;15;43;52;0;1;1;3;2;4;5;5;10;9;12;3;52;10;63;10;41;12;89;12;15;18;52;27;70;27;34;36;87;36;17;43;52;0;1;1;3;2;4;4;4;7;6;12;3;52;10;63;10;41;12;89;12;15;18;52;23;75;23;29;31;90;31;13;43;52;0;1;1;1;2;2;0;1;1;7;5;2;0;0;0;0;0;0;0;0;0;0;0;0;1;1;3;2;4;5;5;7;6;12;3;52;10;63;10;41;12;89;12;15;18;52;27;70;27;34;32;94;32;10;43;53;0;1;1;3;2;4;5;5;8;12;12;3;52;10;63;10;41;12;89;12;15;18;52;27;70;27;34;33;52;43;66;43;38;0;1;1;3;2;4;5;5;7;6;12;3;52;10;63;10;41;12;89;12;15;18;52;27;70;27;34;32;93;32;12;43;51;0;1;1;1;4;1;1;1;1;3;2;3;0;0;0;0;0;0;0;0;0;0;0;0;1;1;3;2;4;5;5;7;6;12;3;52;10;63;10;41;12;89;12;15;18;52;27;70;27;34;34;89;34;15;43;52;0;1;1;3;2;4;5;5;10;9;12;3;52;10;63;10;41;12;89;12;15;18;52;27;70;27;34;36;87;36;17;43;52;0;1;1;3;2;4;4;4;7;6;12;3;52;10;63;10;41;12;89;12;15;18;52;23;75;23;29;31;90;31;13;43;52;0;1;1;1;2;2;0;1;1;7;5;2;0;0;0;0;0;0;0;0;0;0;0;0;6;5;4;3;11;14;13;15;24;21;1;7;8;9;10;17;12;16;18;19;22;23;2;20;25;26;27;28;29;30;31;32;33;34;35;36;37;38;39;3;11;11;11;11;21;3;255;255;255;0;0;0;0;0;0;0
1040;0;1;1;3;2;4;5;5;10;9;12;3;52;11;64;11;40;13;88;13;16;20;51;25;76;25;28;39;84;39;20;43;52;0;1;1;3;2;4;8;8;10;9;12;3;52;11;64;11;40;13;88;13;16;20;51;30;73;30;31;39;84;39;20;43;52;0;1;1;3;2;4;5;5;8;8;12;3;52;11;64;11;40;13;88;13;16;20;51;25;76;25;28;34;80;34;25;43;52;0;0;1;0;8;2;0;0;0;4;7;3;0;4;0;0;0;0;0;0;0;0;0;0;1;1;3;2;4;4;5;10;9;12;3;52;11;64;11;40;13;88;13;16;20;67;20;38;28;52;39;84;39;20;43;52;0;1;1;3;2;4;4;5;10;9;12;3;52;11;64;11;40;13;88;13;16;20;67;20;38;28;52;39;84;39;20;43;52;0;1;1;3;2;4;4;5;7;6;12;3;52;11;64;11;40;13;88;13;16;20;67;20;38;28;52;31;90;31;14;43;52;0;0;1;0;5;1;1;0;0;3;5;3;0;4;0;0;0;0;0;0;0;0;0;0;1;1;3;2;4;5;5;10;9;12;3;52;11;64;11;40;13;88;13;16;20;51;25;76;25;28;39;84;39;20;43;52;0;1;1;3;2;4;8;8;10;9;12;3;52;11;64;11;40;13;88;13;16;20;51;30;73;30;31;39;84;39;20;43;52;0;1;1;3;2;4;5;5;8;8;12;3;52;11;64;11;40;13;88;13;16;20;51;25;76;25;28;34;80;34;25;43;52;0;0;1;0;8;2;0;0;0;4;7;3;0;4;0;0;0;0;0;0;0;0;0;0;3;6;10;8;17;15;12;20;14;22;1;4;5;7;11;9;16;18;19;21;13;23;2;24;25;26;27;28;29;30;31;32;33;34;35;36;37;38;39;20;20;20;20;20;20;8;255;255;255;0;0;0;0;0;0;0
1041;0;1;1;3;2;4;4;8;10;9;12;3;52;10;63;10;41;12;89;12;15;18;64;18;40;32;52;36;88;36;18;43;52;0;1;1;3;2;5;5;8;10;9;12;3;52;10;63;10;41;12;89;12;15;22;64;22;40;32;52;42;85;42;19;43;52;0;1;1;3;2;4;4;8;7;6;12;3;52;10;63;10;41;12;89;12;15;18;64;18;40;32;52;32;90;32;15;43;52;1;1;0;0;5;2;1;1;1;5;4;2;0;0;0;0;0;0;0;0;0;0;0;0;1;1;3;2;4;4;8;7;6;12;3;52;10;63;10;41;12;89;12;15;18;64;18;40;32;52;26;90;26;14;43;52;0;1;1;3;2;4;4;8;7;6;12;3;52;10;63;10;41;12;89;12;15;18;64;18;40;32;52;26;90;26;14;43;52;0;1;1;3;2;4;4;5;7;6;12;3;52;10;63;10;41;12;89;12;15;18;64;18;40;32;52;26;90;26;14;43;52;1;1;0;0;8;2;1;0;1;7;8;3;0;0;0;0;0;0;0;0;0;0;0;0;1;1;3;2;4;4;8;10;9;12;3;52;10;63;10;41;12;89;12;15;18;64;18;40;32;52;36;88;36;18;43;52;0;1;1;3;2;5;5;8;10;9;12;3;52;10;63;10;41;12;89;12;15;22;64;22;40;32;52;42;85;42;19;43;52;0;1;1;3;2;4;4;8;7;6;12;3;52;10;63;10;41;12;89;12;15;18;64;18;40;32;52;32;90;32;15;43;52;1;1;0;0;5;2;1;1;1;5;4;2;0;0;0;0;0;0;0;0;0;0;0;0;4;3;5;8;13;12;16;20;18;23;1;6;7;9;10;11;14;15;21;17;24;25;2;22;19;26;27;28;29;30;31;32;33;34;35;36;37;38;39;5;16;3;3;3;23;5;255;255;255;0;0;0;0;0;0;0
1042;0;1;1;3;2;4;4;7;6;12;12;3;52;10;63;10;41;12;89;12;15;20;64;20;40;30;86;30;18;43;66;43;38;0;1;1;3;2;5;5;7;6;12;12;3;52;10;63;10;41;12;89;12;15;20;64;20;40;30;86;30;18;43;66;43;38;0;1;1;3;2;4;4;7;6;11;12;3;52;10;63;10;41;12;89;12;15;20;64;20;40;30;86;30;18;37;64;43;38;1;1;0;1;6;2;0;1;1;5;8;2;0;0;0;0;0;0;0;0;0;0;0;0;1;1;3;2;4;4;7;6;12;12;3;52;10;63;10;41;12;89;12;15;20;64;20;40;30;86;30;18;43;66;43;38;0;1;1;3;2;4;4;7;6;12;12;3;52;10;63;10;41;12;89;12;15;20;64;20;40;30;86;30;18;43;66;43;38;0;1;1;3;2;4;4;7;6;12;12;3;52;10;63;10;41;12;89;12;15;20;64;20;40;30;86;30;18;43;66;43;38;1;1;0;1;5;2;1;1;1;2;5;3;0;0;0;0;0;0;0;0;0;0;0;0;1;1;3;2;4;4;7;6;12;12;3;52;10;63;10;41;12;89;12;15;20;64;20;40;30;86;30;18;43;66;43;38;0;1;1;3;2;5;5;7;6;12;12;3;52;10;63;10;41;12;89;12;15;20;64;20;40;30;86;30;18;43;66;43;38;0;1;1;3;2;4;4;7;6;11;12;3;52;10;63;10;41;12;89;12;15;20;64;20;40;30;86;30;18;37;64;43;38;1;1;0;1;6;2;0;1;1;5;8;2;0;0;0;0;0;0;0;0;0;0;0;1;3;4;9;7;11;12;13;16;25;24;0;5;6;10;8;14;18;15;23;20;17;22;2;19;21;26;27;28;29;30;31;32;33;34;35;36;37;38;39;9;9;9;9;9;9;16;255;255;255;0;0;0;0;0;0;0
1044;0;1;1;3;2;4;4;7;6;8;12;3;52;11;64;11;40;13;88;13;16;19;64;19;40;27;84;27;20;33;52;43;52;0;1;1;3;2;4;4;10;9;8;12;3;52;11;64;11;40;13;88;13;16;19;64;19;40;36;90;36;15;33;52;43;52;0;1;1;3;2;4;4;7;6;5;12;3;52;11;64;11;40;13;88;13;16;19;64;19;40;27;84;27;20;29;51;43;52;0;0;0;0;6;1;1;1;0;4;8;2;0;0;0;0;0;0;0;0;0;0;0;0;1;1;3;2;4;4;7;6;5;12;3;52;11;64;11;40;13;88;13;16;19;64;19;40;27;84;27;20;27;51;43;52;0;1;1;3;2;4;4;7;6;5;12;3;52;11;64;11;40;13;88;13;16;19;64;19;40;27;84;27;20;27;51;43;52;0;1;1;3;2;4;4;7;6;5;12;3;52;11;64;11;40;13;88;13;16;19;64;19;40;27;84;27;20;27;51;43;52;0;0;0;0;7;1;1;1;0;2;6;3;0;0;0;0;0;0;0;0;0;0;0;0;1;1;3;2;4;4;7;6;8;12;3;52;11;64;11;40;13;88;13;16;19;64;19;40;27;84;27;20;33;52;43;52;0;1;1;3;2;4;4;10;9;8;12;3;52;11;64;11;40;13;88;13;16;19;64;19;40;36;90;36;15;33;52;43;52;0;1;1;3;2;4;4;7;6;5;12;3;52;11;64;11;40;13;88;13;16;19;64;19;40;27;84;27;20;29;51;43;52;0;0;0;0;6;1;1;1;0;4;8;2;0;0;0;0;0;0;0;0;0;0;0;0;4;3;10;9;13;15;21;18;16;23;2;5;6;7;8;11;14;12;20;19;17;24;1;22;25;26;27;28;29;30;31;32;33;34;35;36;37;38;39;21;9;9;9;9;9;10;255;255;255;0;0;0;0;0;0;0
1046;0;1;1;3;2;5;5;7;6;12;12;3;52;10;63;10;41;12;89;12;15;20;64;20;40;30;87;30;18;43;65;43;38;0;1;1;3;2;5;5;7;6;12;12;3;52;10;63;10;41;12;89;12;15;20;64;20;40;30;87;30;18;43;65;43;38;0;1;1;3;2;4;4;7;6;12;12;3;52;10;63;10;41;12;89;12;15;20;64;20;40;30;87;30;18;43;65;43;38;1;0;1;1;6;2;1;1;1;6;4;2;0;0;0;0;0;0;0;0;0;0;0;0;1;1;3;2;4;4;7;6;12;12;3;52;10;63;10;41;12;89;12;15;20;64;20;40;30;87;30;18;43;65;43;38;0;1;1;3;2;4;4;7;6;12;12;3;52;10;63;10;41;12;89;12;15;20;64;20;40;30;87;30;18;43;65;43;38;0;1;1;3;2;4;4;7;6;12;12;3;52;10;63;10;41;12;89;12;15;20;64;20;40;30;87;30;18;43;65;43;38;1;0;1;1;4;2;1;0;1;4;2;2;0;0;0;0;0;0;0;0;0;0;0;0;1;1;3;2;5;5;7;6;12;12;3;52;10;63;10;41;12;89;12;15;20;64;20;40;30;87;30;18;43;65;43;38;0;1;1;3;2;5;5;7;6;12;12;3;52;10;63;10;41;12;89;12;15;20;64;20;40;30;87;30;18;43;65;43;38;0;1;1;3;2;4;4;7;6;12;12;3;52;10;63;10;41;12;89;12;15;20;64;20;40;30;87;30;18;43;65;43;38;1;0;1;1;6;2;1;1;1;6;4;2;0;0;0;0;0;0;0;0;0;0;0;0;4;5;9;6;14;12;23;21;24;25;1;3;7;8;10;15;18;22;20;16;17;19;2;11;13;26;27;28;29;30;31;32;33;34;35;36;37;38;39;5;9;9;9;9;9;6;255;255;255;0;0;0;0;0;0;0
1050;0;1;1;1;3;2;4;4;8;12;12;3;52;10;52;10;73;10;31;15;89;15;15;20;64;20;40;32;52;43;66;43;38;0;1;1;1;7;6;4;4;8;12;12;3;52;10;52;10;73;10;31;20;90;20;15;20;64;20;40;32;52;43;66;43;38;0;1;1;1;3;2;4;4;5;11;12;3;52;10;52;10;73;10;31;15;89;15;15;20;64;20;40;28;52;37;68;43;38;0;0;1;1;6;2;1;0;0;8;2;2;0;0;0;0;0;0;0;0;0;0;0;0;1;1;1;3;2;4;4;5;12;12;3;52;10;52;10;73;10;31;15;89;15;15;20;64;20;40;32;52;43;66;43;38;0;1;1;1;3;2;4;4;5;12;12;3;52;10;52;10;73;10;31;15;89;15;15;20;64;20;40;32;52;43;66;43;38;0;1;1;1;3;2;4;4;5;12;12;3;52;10;52;10;73;10;31;15;89;15;15;20;64;20;40;32;52;43;66;43;38;0;1;1;1;3;2;1;0;0;8;4;3;0;0;0;0;0;0;0;0;0;0;0;0;1;1;1;3;2;4;4;8;12;12;3;52;10;52;10;73;10;31;15;89;15;15;20;64;20;40;32;52;43;66;43;38;0;1;1;1;7;6;4;4;8;12;12;3;52;10;52;10;73;10;31;20;90;20;15;20;64;20;40;32;52;43;66;43;38;0;1;1;1;3;2;4;4;5;11;12;3;52;10;52;10;73;10;31;15;89;15;15;20;64;20;40;28;52;37;68;43;38;0;0;1;1;6;2;1;0;0;8;2;2;0;0;0;0;0;0;0;0;0;0;0;0;6;5;4;10;9;12;13;21;23;22;1;7;8;3;11;14;15;16;18;17;24;25;2;19;20;26;27;28;29;30;31;32;33;34;35;36;37;38;39;4;9;9;9;9;9;22;255;255;255;0;0;0;0;0;0;0
1051;0;1;1;3;2;5;5;7;6;12;12;3;52;10;63;10;41;12;89;12;15;20;64;20;40;30;86;30;18;43;65;43;38;0;1;1;3;2;5;5;8;8;12;12;3;52;10;63;10;41;12;89;12;15;20;64;20;40;34;79;34;25;43;65;43;38;0;1;1;3;2;4;4;7;6;12;12;3;52;10;63;10;41;12;89;12;15;20;64;20;40;30;86;30;18;43;65;43;38;0;0;1;0;5;2;0;0;0;4;6;2;0;4;0;0;0;0;0;0;0;0;0;0;1;1;3;2;4;4;5;7;6;12;3;52;11;64;11;40;13;88;13;16;21;64;21;41;28;52;33;88;33;16;43;52;0;1;1;3;2;4;4;5;7;6;12;3;52;11;64;11;40;13;88;13;16;21;64;21;41;28;52;33;88;33;16;43;52;0;1;1;3;2;4;4;5;7;6;12;3;52;11;64;11;40;13;88;13;16;21;64;21;41;28;52;33;88;33;16;43;52;0;0;1;1;7;2;0;0;0;8;9;3;0;4;0;0;0;0;0;0;0;0;0;0;1;1;3;2;5;5;7;6;12;12;3;52;10;63;10;41;12;89;12;15;20;64;20;40;30;86;30;18;43;65;43;38;0;1;1;3;2;5;5;8;8;12;12;3;52;10;63;10;41;12;89;12;15;20;64;20;40;34;79;34;25;43;65;43;38;0;1;1;3;2;4;4;7;6;12;12;3;52;10;63;10;41;12;89;12;15;20;64;20;40;30;86;30;18;43;65;43;38;0;0;1;0;5;2;0;0;0;4;6;2;0;4;0;0;0;0;0;0;0;0;0;1;5;4;11;10;16;15;24;18;25;23;0;3;6;7;9;12;13;21;17;19;20;22;2;8;14;26;27;28;29;30;31;32;33;34;35;36;37;38;39;15;24;16;24;24;24;10;255;255;255;0;0;0;0;0;0;0
1056;0;1;1;3;2;4;5;5;10;9;12;3;52;10;63;10;41;12;89;12;15;20;52;25;70;25;33;37;85;37;18;43;52;0;1;1;3;2;4;5;5;10;9;12;3;52;10;63;10;41;12;89;12;15;20;52;25;70;25;33;37;85;37;18;43;52;0;1;1;3;2;4;5;5;7;6;12;3;52;10;63;10;41;12;89;12;15;20;52;25;70;25;33;34;88;34;15;43;52;0;1;0;1;6;3;0;0;1;6;4;2;0;0;0;0;0;0;0;0;0;0;0;0;1;1;3;2;4;5;5;7;6;12;3;52;10;63;10;41;12;89;12;15;20;52;25;70;25;33;27;94;27;10;43;52;0;1;1;3;2;4;5;5;7;6;12;3;52;10;63;10;41;12;89;12;15;20;52;25;70;25;33;27;94;27;10;43;52;0;1;1;3;2;4;5;5;7;6;12;3;52;10;63;10;41;12;89;12;15;20;52;25;70;25;33;27;94;27;10;43;52;0;1;0;0;4;2;1;0;1;5;6;2;0;0;0;0;0;0;0;0;0;0;0;0;1;1;3;2;4;5;5;10;9;12;3;52;10;63;10;41;12;89;12;15;20;52;25;70;25;33;37;85;37;18;43;52;0;1;1;3;2;4;5;5;10;9;12;3;52;10;63;10;41;12;89;12;15;20;52;25;70;25;33;37;85;37;18;43;52;0;1;1;3;2;4;5;5;7;6;12;3;52;10;63;10;41;12;89;12;15;20;52;25;70;25;33;34;88;34;15;43;52;0;1;0;1;6;3;0;0;1;6;4;2;0;0;0;0;0;0;0;0;0;0;0;0;6;4;3;8;12;15;13;20;19;18;1;7;9;10;11;16;17;5;14;21;22;24;2;23;25;26;27;28;29;30;31;32;33;34;35;36;37;38;39;4;13;12;13;13;18;18;255;255;255;0;0;0;0;0;0;0
1058;0;1;1;3;2;4;4;5;10;9;12;3;52;10;63;10;41;12;89;12;15;18;64;18;40;29;51;36;87;36;17;43;52;0;1;1;3;2;4;4;8;10;9;12;3;52;10;63;10;41;12;89;12;15;18;64;18;40;34;52;36;87;36;17;43;52;0;1;1;3;2;4;4;4;10;9;12;3;52;10;63;10;41;12;89;12;15;18;64;18;40;25;52;36;87;36;17;43;52;0;0;1;0;6;3;1;1;0;5;6;2;0;4;0;0;0;0;0;0;0;0;0;0;1;1;3;2;4;4;4;7;6;12;3;52;11;64;11;40;13;88;13;16;20;52;23;72;23;32;31;88;31;16;43;52;0;1;1;3;2;4;5;5;7;6;12;3;52;11;64;11;40;13;88;13;16;20;52;23;72;23;32;31;88;31;16;43;52;0;1;1;3;2;4;4;4;7;6;12;3;52;11;64;11;40;13;88;13;16;20;52;23;72;23;32;31;88;31;16;43;52;0;0;1;0;7;1;1;1;1;1;5;2;0;4;0;0;0;0;0;0;0;0;0;0;1;1;3;2;4;4;5;10;9;12;3;52;10;63;10;41;12;89;12;15;18;64;18;40;29;51;36;87;36;17;43;52;0;1;1;3;2;4;4;8;10;9;12;3;52;10;63;10;41;12;89;12;15;18;64;18;40;34;52;36;87;36;17;43;52;0;1;1;3;2;4;4;4;10;9;12;3;52;10;63;10;41;12;89;12;15;18;64;18;40;25;52;36;87;36;17;43;52;0;0;1;0;6;3;1;1;0;5;6;2;0;4;0;0;0;0;0;0;0;0;0;0;6;5;11;9;12;15;13;20;17;24;1;3;4;7;8;10;14;16;21;25;22;23;2;18;19;26;27;28;29;30;31;32;33;34;35;36;37;38;39;6;9;9;9;9;9;5;255;255;255;0;0;0;0;0;0;0
1059;0;1;1;3;2;4;5;5;10;9;12;3;52;10;63;10;41;12;89;12;15;19;52;24;69;24;34;36;88;36;17;43;52;0;1;1;3;2;4;8;8;10;9;12;3;52;10;63;10;41;12;89;12;15;19;52;28;68;28;34;36;88;36;17;43;52;0;1;1;3;2;4;5;5;7;6;12;3;52;10;63;10;41;12;89;12;15;19;52;24;69;24;34;34;86;34;18;43;52;1;1;1;0;3;1;0;1;0;3;7;2;0;0;0;16;0;0;0;0;0;0;0;0;1;1;3;2;4;4;7;6;5;12;3;52;11;64;11;40;13;88;13;16;19;64;19;40;31;88;31;16;25;52;43;52;0;1;1;3;2;4;4;10;9;5;12;3;52;11;64;11;40;13;88;13;16;19;64;19;40;35;87;35;17;25;52;43;52;0;1;1;3;2;4;4;7;6;5;12;3;52;11;64;11;40;13;88;13;16;19;64;19;40;31;88;31;16;25;52;43;52;1;1;1;0;5;1;0;1;0;2;7;3;0;0;0;16;0;0;0;0;0;0;0;0;1;1;3;2;4;5;5;10;9;12;3;52;10;63;10;41;12;89;12;15;19;52;24;69;24;34;36;88;36;17;43;52;0;1;1;3;2;4;8;8;10;9;12;3;52;10;63;10;41;12;89;12;15;19;52;28;68;28;34;36;88;36;17;43;52;0;1;1;3;2;4;5;5;7;6;12;3;52;10;63;10;41;12;89;12;15;19;52;24;69;24;34;34;86;34;18;43;52;1;1;1;0;3;1;0;1;0;3;7;2;0;0;0;16;0;0;0;0;0;0;0;0;5;4;7;6;11;12;14;18;16;23;2;3;8;9;10;13;17;15;19;21;20;24;1;22;25;26;27;28;29;30;31;32;33;34;35;36;37;38;39;11;18;12;18;18;23;6;255;255;255;0;0;0;0;0;0;0
1061;0;1;1;3;2;4;4;5;10;9;12;3;52;10;63;10;41;12;89;12;15;20;64;20;40;28;52;37;85;37;18;43;52;0;1;1;3;2;4;4;8;10;9;12;3;52;10;63;10;41;12;89;12;15;20;64;20;40;33;50;37;85;37;18;43;52;0;1;1;3;2;4;4;5;7;6;12;3;52;10;63;10;41;12;89;12;15;20;64;20;40;28;52;34;88;34;17;43;52;0;1;1;1;6;2;1;1;0;7;4;2;0;0;0;0;0;0;0;0;0;0;0;0;1;1;3;2;4;4;5;7;6;12;3;52;10;63;10;41;12;89;12;15;20;66;20;39;28;52;32;94;32;10;43;52;0;1;1;3;2;4;4;5;7;6;12;3;52;10;63;10;41;12;89;12;15;20;66;20;39;28;52;32;94;32;10;43;52;0;1;1;3;2;4;4;5;7;6;12;3;52;10;63;10;41;12;89;12;15;20;66;20;39;28;52;32;94;32;10;43;52;0;1;1;1;8;2;1;0;1;4;4;2;0;0;0;0;0;0;0;0;0;0;0;0;1;1;3;2;4;4;5;10;9;12;3;52;10;63;10;41;12;89;12;15;20;64;20;40;28;52;37;85;37;18;43;52;0;1;1;3;2;4;4;8;10;9;12;3;52;10;63;10;41;12;89;12;15;20;64;20;40;33;50;37;85;37;18;43;52;0;1;1;3;2;4;4;5;7;6;12;3;52;10;63;10;41;12;89;12;15;20;64;20;40;28;52;34;88;34;17;43;52;0;1;1;1;6;2;1;1;0;7;4;2;0;0;0;0;0;0;0;0;0;0;0;0;6;3;4;8;14;15;17;9;22;21;1;5;7;10;20;19;13;18;16;23;24;25;2;11;12;26;27;28;29;30;31;32;33;34;35;36;37;38;39;6;9;9;9;9;9;8;255;255;255;0;0;0;0;0;0;0
1065;0;1;1;3;2;4;5;5;10;9;12;3;52;10;63;10;41;12;89;12;15;19;52;24;69;24;34;35;86;35;17;43;52;0;1;1;3;2;4;8;8;10;9;12;3;52;10;63;10;41;12;89;12;15;19;52;26;68;26;36;35;86;35;17;43;52;0;1;1;3;2;4;5;5;7;6;12;3;52;10;63;10;41;12;89;12;15;19;52;24;69;24;34;32;88;32;16;43;52;0;0;1;1;6;3;1;0;1;5;5;2;0;0;0;0;0;0;0;0;0;0;0;0;1;1;3;2;4;4;5;10;9;12;3;52;11;64;11;40;13;88;13;16;21;64;21;40;27;52;39;84;39;20;43;52;0;1;1;3;2;4;4;5;10;9;12;3;52;11;64;11;40;13;88;13;16;21;64;21;40;27;52;39;84;39;20;43;52;0;1;1;3;2;4;4;5;10;9;12;3;52;11;64;11;40;13;88;13;16;21;64;21;40;27;52;39;84;39;20;43;52;0;0;0;0;6;1;1;0;1;6;7;3;0;0;0;0;0;0;0;0;0;0;0;0;1;1;3;2;4;5;5;10;9;12;3;52;10;63;10;41;12;89;12;15;19;52;24;69;24;34;35;86;35;17;43;52;0;1;1;3;2;4;8;8;10;9;12;3;52;10;63;10;41;12;89;12;15;19;52;26;68;26;36;35;86;35;17;43;52;0;1;1;3;2;4;5;5;7;6;12;3;52;10;63;10;41;12;89;12;15;19;52;24;69;24;34;32;88;32;16;43;52;0;0;1;1;6;3;1;0;1;5;5;2;0;0;0;0;0;0;0;0;0;0;0;0;2;1;3;4;21;16;7;8;19;20;22;13;23;14;5;6;15;17;9;18;10;25;11;12;24;26;27;28;29;30;31;32;33;34;35;36;37;38;39;4;21;21;21;21;21;1;255;255;255;0;0;0;0;0;0;0
1067;0;1;1;3;2;4;5;5;10;9;12;3;52;11;64;11;40;13;88;13;16;19;52;25;68;25;36;35;84;35;20;43;52;0;1;1;3;2;4;8;8;10;9;12;3;52;11;64;11;40;13;88;13;16;19;52;27;77;27;27;35;84;35;20;43;52;0;1;1;3;2;4;4;4;11;11;12;3;52;11;64;11;40;13;88;13;16;19;52;25;68;25;36;36;79;36;26;43;52;0;1;0;0;4;1;0;0;0;4;7;2;0;5;0;0;0;0;0;0;0;0;0;0;1;1;3;2;4;4;5;7;6;12;3;52;11;64;11;40;13;88;13;16;20;63;20;41;28;53;26;90;26;13;43;52;0;1;1;3;2;4;4;5;7;6;12;3;52;11;64;11;40;13;88;13;16;20;63;20;41;28;53;26;90;26;13;43;52;0;1;1;3;2;4;4;5;7;6;12;3;52;11;64;11;40;13;88;13;16;20;63;20;41;28;53;26;90;26;13;43;52;0;1;1;0;5;1;0;0;0;3;7;2;0;5;0;0;0;0;0;0;0;0;0;0;1;1;3;2;4;5;5;10;9;12;3;52;11;64;11;40;13;88;13;16;19;52;25;68;25;36;35;84;35;20;43;52;0;1;1;3;2;4;8;8;10;9;12;3;52;11;64;11;40;13;88;13;16;19;52;27;77;27;27;35;84;35;20;43;52;0;1;1;3;2;4;4;4;11;11;12;3;52;11;64;11;40;13;88;13;16;19;52;25;68;25;36;36;79;36;26;43;52;0;1;0;0;4;1;0;0;0;4;7;2;0;5;0;0;0;0;0;0;0;0;0;1;5;3;8;7;23;17;11;20;19;25;2;4;6;9;10;12;13;14;15;21;22;24;0;16;18;26;27;28;29;30;31;32;33;34;35;36;37;38;39;1;19;17;23;23;25;7;255;255;255;0;0;0;0;0;0;0
1080;0;1;1;3;2;4;7;6;8;12;12;3;52;11;64;11;40;13;88;13;16;19;52;26;90;26;14;29;52;43;64;43;40;0;1;1;3;2;4;7;6;11;12;12;3;52;11;64;11;40;13;88;13;16;19;52;26;90;26;14;35;52;43;64;43;40;0;1;1;3;2;4;7;6;8;8;12;3;52;11;64;11;40;13;88;13;16;19;52;26;90;26;14;33;41;33;65;43;51;1;0;1;0;5;3;1;0;0;5;2;2;0;0;0;0;0;0;0;0;0;0;0;0;1;1;3;2;4;7;6;5;12;12;3;52;11;64;11;40;13;88;13;16;19;52;26;90;26;14;25;52;43;64;43;40;0;1;1;3;2;4;7;6;5;12;12;3;52;11;64;11;40;13;88;13;16;19;52;26;90;26;14;25;52;43;64;43;40;0;1;1;3;2;4;7;6;5;12;12;3;52;11;64;11;40;13;88;13;16;19;52;26;90;26;14;25;52;43;64;43;40;1;0;0;1;5;2;1;0;1;3;6;2;0;0;0;0;0;0;0;0;0;0;0;0;1;1;3;2;4;7;6;8;12;12;3;52;11;64;11;40;13;88;13;16;19;52;26;90;26;14;29;52;43;64;43;40;0;1;1;3;2;4;7;6;11;12;12;3;52;11;64;11;40;13;88;13;16;19;52;26;90;26;14;35;52;43;64;43;40;0;1;1;3;2;4;7;6;8;8;12;3;52;11;64;11;40;13;88;13;16;19;52;26;90;26;14;33;41;33;65;43;51;1;0;1;0;5;3;1;0;0;5;2;2;0;0;0;0;0;0;0;0;0;0;0;0;14;1;3;25;5;24;4;16;6;10;11;2;12;13;8;23;7;15;19;9;20;21;22;18;17;26;27;28;29;30;31;32;33;34;35;36;37;38;39;10;1;25;3;3;6;3;255;255;255;0;0;0;0;0;0;0
1081;0;1;1;1;3;2;4;4;10;9;12;3;52;10;52;10;73;10;31;15;89;15;15;20;64;20;40;35;88;35;15;43;52;0;1;1;1;3;2;5;5;10;9;12;3;52;10;52;10;73;10;31;15;89;15;15;26;66;26;37;35;88;35;15;43;52;0;1;1;1;3;2;4;4;8;8;12;3;52;10;52;10;73;10;31;15;89;15;15;20;64;20;40;34;80;34;24;43;52;1;1;0;1;7;2;1;0;0;3;4;2;0;0;0;0;0;0;0;0;0;0;0;0;1;1;1;3;2;4;4;7;6;12;3;52;10;52;10;73;10;31;15;89;15;15;20;64;20;40;32;90;32;14;43;52;0;1;1;1;3;2;4;4;10;9;12;3;52;10;52;10;73;10;31;15;89;15;15;20;64;20;40;35;88;35;15;43;52;0;1;1;1;3;2;4;4;7;6;12;3;52;10;52;10;73;10;31;15;89;15;15;20;64;20;40;32;90;32;14;43;52;1;1;0;1;4;1;1;0;0;7;5;3;0;0;0;0;0;0;0;0;0;0;0;0;1;1;1;3;2;4;4;10;9;12;3;52;10;52;10;73;10;31;15;89;15;15;20;64;20;40;35;88;35;15;43;52;0;1;1;1;3;2;5;5;10;9;12;3;52;10;52;10;73;10;31;15;89;15;15;26;66;26;37;35;88;35;15;43;52;0;1;1;1;3;2;4;4;8;8;12;3;52;10;52;10;73;10;31;15;89;15;15;20;64;20;40;34;80;34;24;43;52;1;1;0;1;7;2;1;0;0;3;4;2;0;0;0;0;0;0;0;0;0;0;0;0;5;6;7;3;10;18;19;13;22;16;1;4;8;9;11;15;20;17;23;12;14;21;2;25;24;26;27;28;29;30;31;32;33;34;35;36;37;38;39;3;18;18;18;18;16;10;255;255;255;0;0;0;0;0;0;0
1082;0;1;1;3;2;4;4;7;6;8;12;3;52;11;64;11;40;13;88;13;16;19;64;19;40;31;88;31;16;31;52;43;52;0;1;1;3;2;5;5;7;6;11;12;3;52;11;64;11;40;13;88;13;16;19;64;19;40;31;88;31;16;35;52;43;52;0;1;1;3;2;4;4;7;6;8;12;3;52;11;64;11;40;13;88;13;16;19;64;19;40;31;88;31;16;31;52;43;52;1;1;0;0;4;2;0;1;0;6;6;2;0;0;0;0;0;0;0;0;0;0;0;0;1;1;3;2;4;4;7;6;5;12;3;52;11;64;11;40;13;88;13;16;19;64;19;40;31;88;31;16;27;52;43;52;0;1;1;3;2;4;4;7;6;5;12;3;52;11;64;11;40;13;88;13;16;19;64;19;40;31;88;31;16;27;52;43;52;0;1;1;3;2;4;4;7;6;5;12;3;52;11;64;11;40;13;88;13;16;19;64;19;40;31;88;31;16;27;52;43;52;1;1;1;0;4;1;0;0;1;5;5;2;0;0;0;0;0;0;0;0;0;0;0;0;1;1;3;2;4;4;7;6;8;12;3;52;11;64;11;40;13;88;13;16;19;64;19;40;31;88;31;16;31;52;43;52;0;1;1;3;2;5;5;7;6;11;12;3;52;11;64;11;40;13;88;13;16;19;64;19;40;31;88;31;16;35;52;43;52;0;1;1;3;2;4;4;7;6;8;12;3;52;11;64;11;40;13;88;13;16;19;64;19;40;31;88;31;16;31;52;43;52;1;1;0;0;4;2;0;1;0;6;6;2;0;0;0;0;0;0;0;0;0;0;0;0;7;5;3;9;12;11;20;19;16;22;2;4;6;8;10;13;15;14;17;18;21;25;1;24;23;26;27;28;29;30;31;32;33;34;35;36;37;38;39;9;9;9;9;9;9;16;255;255;255;0;0;0;0;0;0;0
1083;0;1;1;3;2;4;4;7;6;12;12;3;52;11;64;11;40;13;88;13;16;21;40;21;64;30;90;30;14;43;64;43;40;0;1;1;3;2;5;5;7;6;12;12;3;52;11;64;11;40;13;88;13;16;21;40;21;64;30;90;30;14;43;64;43;40;0;1;1;3;2;4;4;7;6;12;12;3;52;11;64;11;40;13;88;13;16;21;40;21;64;30;90;30;14;43;64;43;40;0;0;1;0;5;2;0;1;1;2;6;2;0;0;0;16;0;0;0;0;0;0;0;0;1;1;3;2;4;4;7;6;8;12;3;52;11;64;11;40;13;88;13;16;21;40;21;64;32;90;32;14;32;52;42;52;0;1;1;3;2;4;4;7;6;8;12;3;52;11;64;11;40;13;88;13;16;21;40;21;64;32;90;32;14;32;52;42;52;0;1;1;3;2;4;4;7;6;8;12;3;52;11;64;11;40;13;88;13;16;21;40;21;64;32;90;32;14;32;52;42;52;0;0;1;0;5;1;1;1;1;4;6;3;0;0;0;16;0;0;0;0;0;0;0;0;1;1;3;2;4;4;7;6;12;12;3;52;11;64;11;40;13;88;13;16;21;40;21;64;30;90;30;14;43;64;43;40;0;1;1;3;2;5;5;7;6;12;12;3;52;11;64;11;40;13;88;13;16;21;40;21;64;30;90;30;14;43;64;43;40;0;1;1;3;2;4;4;7;6;12;12;3;52;11;64;11;40;13;88;13;16;21;40;21;64;30;90;30;14;43;64;43;40;0;0;1;0;5;2;0;1;1;2;6;2;0;0;0;16;0;0;0;0;0;0;0;0;6;5;20;8;10;11;22;19;16;18;1;3;4;7;9;12;13;15;21;23;24;25;2;17;14;26;27;28;29;30;31;32;33;34;35;36;37;38;39;5;16;16;16;16;22;8;255;255;255;0;0;0;0;0;0;0
1084;0;1;1;3;2;5;5;8;10;9;12;3;52;11;64;11;40;13;92;13;12;20;66;20;37;34;52;37;92;37;13;44;52;0;1;1;3;2;5;5;8;10;9;12;3;52;11;64;11;40;13;92;13;12;20;66;20;37;34;52;37;92;37;13;44;52;0;1;1;3;2;5;5;8;10;9;12;3;52;11;64;11;40;13;92;13;12;20;66;20;37;34;52;37;92;37;13;44;52;0;1;1;0;3;3;1;1;0;5;8;2;0;0;0;0;0;0;0;0;0;0;0;0;1;1;3;2;4;4;5;10;9;12;3;52;11;64;11;40;13;92;13;12;20;66;20;37;27;52;37;92;37;13;41;52;0;1;1;3;2;4;4;5;10;9;12;3;52;11;64;11;40;13;92;13;12;20;66;20;37;27;52;37;92;37;13;41;52;0;1;1;3;2;4;4;5;7;6;12;3;52;11;64;11;40;13;92;13;12;20;66;20;37;27;52;32;90;32;14;41;52;0;1;1;0;4;1;1;1;0;4;6;2;0;0;0;0;0;0;0;0;0;0;0;0;1;1;3;2;5;5;8;10;9;12;3;52;11;64;11;40;13;92;13;12;20;66;20;37;34;52;37;92;37;13;41;52;0;1;1;3;2;5;5;8;10;9;12;3;52;11;64;11;40;13;92;13;12;20;66;20;37;29;52;37;92;37;13;41;52;0;1;1;3;2;4;4;8;7;6;12;3;52;11;64;11;40;13;92;13;12;20;66;20;37;29;52;34;92;34;12;41;52;0;1;1;0;3;3;1;1;0;5;8;2;0;0;0;0;0;0;0;0;0;0;0;0;3;6;8;25;5;9;12;20;18;22;2;4;17;15;16;10;19;13;23;11;21;24;1;7;14;26;27;28;29;30;31;32;33;34;35;36;37;38;39;9;9;9;9;9;9;5;255;255;255;0;0;0;0;0;0;0
1087;0;1;1;3;2;5;5;7;6;12;12;3;52;10;63;10;41;12;89;12;15;20;64;20;40;30;86;30;18;43;66;43;38;0;1;1;3;2;5;5;7;6;12;12;3;52;10;63;10;41;12;89;12;15;20;64;20;40;34;87;34;17;43;66;43;38;0;1;1;3;2;4;4;7;6;11;12;3;52;10;63;10;41;12;89;12;15;20;64;20;40;30;86;30;18;39;65;43;38;0;0;1;0;5;3;1;0;0;7;6;2;0;0;0;0;0;0;0;0;0;0;0;0;1;1;3;2;4;4;7;6;12;12;3;52;10;63;10;41;12;89;12;15;20;64;20;40;30;86;30;18;43;66;43;38;0;1;1;3;2;4;4;7;6;12;12;3;52;10;63;10;41;12;89;12;15;20;64;20;40;30;86;30;18;43;66;43;38;0;1;1;3;2;4;4;7;6;12;12;3;52;10;63;10;41;12;89;12;15;20;64;20;40;30;86;30;18;43;66;43;38;0;1;1;0;4;1;1;0;0;3;6;3;0;0;0;0;0;0;0;0;0;0;0;0;1;1;3;2;5;5;7;6;12;12;3;52;10;63;10;41;12;89;12;15;20;64;20;40;30;86;30;18;43;66;43;38;0;1;1;3;2;5;5;7;6;12;12;3;52;10;63;10;41;12;89;12;15;20;64;20;40;34;87;34;17;43;66;43;38;0;1;1;3;2;4;4;7;6;11;12;3;52;10;63;10;41;12;89;12;15;20;64;20;40;30;86;30;18;39;65;43;38;0;0;1;0;5;3;1;0;0;7;6;2;0;0;0;0;0;0;0;0;0;0;0;0;16;1;3;14;7;5;17;20;25;9;22;2;12;13;23;15;8;18;19;10;21;24;11;4;6;26;27;28;29;30;31;32;33;34;35;36;37;38;39;20;9;9;9;9;9;5;255;255;255;0;0;0;0;0;0;0
1099;0;1;1;3;2;4;4;7;6;12;12;3;52;10;63;10;41;12;89;12;15;18;64;18;40;30;86;30;18;42;65;42;38;0;1;1;3;2;5;5;7;6;12;12;3;52;10;63;10;41;12;89;12;15;23;65;23;38;30;86;30;18;43;66;43;38;0;1;1;3;2;4;4;7;6;8;12;3;52;10;63;10;41;12;89;12;15;18;64;18;40;30;86;30;18;32;52;43;52;1;1;0;1;7;2;0;0;1;5;2;2;0;0;0;0;0;0;0;0;0;0;0;0;1;1;3;2;4;4;7;6;12;12;3;52;10;63;10;41;12;89;12;15;18;64;18;40;30;86;30;18;42;65;42;39;0;1;1;3;2;4;4;7;6;5;12;3;52;10;63;10;41;12;89;12;15;18;64;18;40;30;86;30;18;27;52;43;52;0;1;1;3;2;4;4;7;6;5;12;3;52;10;63;10;41;12;89;12;15;18;64;18;40;30;86;30;18;27;52;43;52;1;1;0;1;4;1;0;1;1;7;4;2;0;0;0;0;0;0;0;0;0;0;0;0;1;1;3;2;4;4;7;6;12;12;3;52;10;63;10;41;12;89;12;15;18;64;18;40;30;86;30;18;42;65;42;38;0;1;1;3;2;5;5;7;6;12;12;3;52;10;63;10;41;12;89;12;15;23;65;23;38;30;86;30;18;43;66;43;38;0;1;1;3;2;4;4;7;6;8;12;3;52;10;63;10;41;12;89;12;15;18;64;18;40;30;86;30;18;32;52;43;52;1;1;0;1;7;2;0;0;1;5;2;2;0;0;0;0;0;0;0;0;0;0;0;1;4;5;8;9;13;11;7;19;23;20;0;3;6;10;12;14;15;16;17;21;22;24;2;18;25;26;27;28;29;30;31;32;33;34;35;36;37;38;39;9;9;9;9;9;9;7;255;255;255;0;0;0;0;0;0;0
1104;0;1;1;3;2;4;5;5;7;6;12;3;52;11;64;11;40;13;88;13;16;19;52;25;68;25;36;33;84;33;20;43;52;0;1;1;3;2;4;5;5;10;9;12;3;52;11;64;11;40;13;88;13;16;19;52;25;68;25;36;35;88;35;16;43;52;0;1;1;3;2;4;5;5;7;6;12;3;52;11;64;11;40;13;88;13;16;19;52;25;68;25;36;33;84;33;20;43;52;1;1;0;0;6;3;1;1;0;8;3;1;0;0;0;0;0;0;0;0;0;0;0;0;1;1;3;2;4;5;5;7;6;12;3;52;11;64;11;40;13;88;13;16;19;52;25;68;25;36;33;84;33;20;43;52;0;1;1;3;2;4;5;5;10;9;12;3;52;11;64;11;40;13;88;13;16;19;52;25;68;25;36;36;88;36;16;43;52;0;1;1;3;2;4;5;5;7;6;12;3;52;11;64;11;40;13;88;13;16;19;52;25;68;25;36;33;84;33;20;43;52;1;1;0;0;7;1;1;1;0;7;6;3;0;0;0;0;0;0;0;0;0;0;0;0;1;1;3;2;4;5;5;7;6;12;3;52;11;64;11;40;13;88;13;16;19;52;25;68;25;36;33;84;33;20;43;52;0;1;1;3;2;4;5;5;10;9;12;3;52;11;64;11;40;13;88;13;16;19;52;25;68;25;36;35;88;35;16;43;52;0;1;1;3;2;4;5;5;7;6;12;3;52;11;64;11;40;13;88;13;16;19;52;25;68;25;36;33;84;33;20;43;52;1;1;0;0;6;3;1;1;0;8;3;1;0;0;0;0;0;0;0;0;0;0;0;0;14;2;15;4;6;17;9;7;24;23;11;1;3;13;5;18;8;16;25;10;19;21;12;20;22;26;27;28;29;30;31;32;33;34;35;36;37;38;39;0;9;9;9;9;9;7;255;255;255;0;0;0;0;0;0;0
1107;0;1;1;3;2;4;5;5;7;6;12;3;52;11;64;11;40;13;88;13;16;19;52;25;68;25;36;29;94;29;10;43;52;0;1;1;3;2;4;8;8;7;6;12;3;52;11;64;11;40;13;88;13;16;19;52;29;70;29;34;29;94;29;10;43;52;0;1;1;3;2;4;5;5;7;6;12;3;52;11;64;11;40;13;88;13;16;19;52;25;68;25;36;29;94;29;10;43;52;1;1;1;0;5;2;1;1;1;5;6;1;0;0;0;0;0;0;0;0;0;0;0;0;1;1;3;2;4;4;5;7;6;12;3;52;11;64;11;40;13;88;13;16;20;64;20;41;28;53;29;94;29;10;43;52;0;1;1;3;2;4;4;5;7;6;12;3;52;11;64;11;40;13;88;13;16;20;64;20;41;28;53;29;94;29;10;43;52;0;1;1;3;2;4;4;5;7;6;12;3;52;11;64;11;40;13;88;13;16;20;64;20;41;28;53;29;94;29;10;43;52;0;1;1;0;6;1;1;1;0;4;7;3;0;0;0;0;0;0;0;0;0;0;0;0;1;1;3;2;4;5;5;7;6;12;3;52;11;64;11;40;13;88;13;16;19;52;25;68;25;36;29;94;29;10;43;52;0;1;1;3;2;4;8;8;7;6;12;3;52;11;64;11;40;13;88;13;16;19;52;29;70;29;34;29;94;29;10;43;52;0;1;1;3;2;4;5;5;7;6;12;3;52;11;64;11;40;13;88;13;16;19;52;25;68;25;36;29;94;29;10;43;52;1;1;1;0;5;2;1;1;1;5;6;1;0;0;0;0;0;0;0;0;0;0;0;0;7;5;3;8;17;14;16;22;15;23;1;9;10;6;4;18;20;12;19;21;25;24;2;11;13;26;27;28;29;30;31;32;33;34;35;36;37;38;39;0;16;3;3;3;23;14;255;255;255;0;0;0;0;0;0;0
1108;0;1;1;3;2;5;5;7;6;12;12;3;52;10;63;10;41;12;89;12;15;20;64;20;40;33;89;33;15;43;65;43;38;0;1;1;3;2;5;5;7;6;12;12;3;52;10;63;10;41;12;89;12;15;20;64;20;40;33;89;33;15;43;65;43;38;0;1;1;3;2;4;4;7;6;11;12;3;52;10;63;10;41;12;89;12;15;20;64;20;40;33;89;33;15;38;65;43;38;0;1;0;1;6;2;1;1;1;6;4;2;0;0;0;0;0;0;0;0;0;0;0;0;1;1;3;2;4;5;5;5;12;12;3;52;10;63;10;41;12;89;12;15;20;52;26;82;26;23;29;52;43;66;43;38;0;1;1;3;2;4;5;5;5;12;12;3;52;10;63;10;41;12;89;12;15;20;52;26;82;26;23;29;52;43;66;43;38;0;1;1;3;2;4;5;5;5;12;12;3;52;10;63;10;41;12;89;12;15;20;52;26;82;26;23;29;52;43;66;43;38;0;1;1;0;7;1;0;0;0;3;8;2;0;0;0;0;0;0;0;0;0;0;0;0;1;1;3;2;5;5;7;6;12;12;3;52;10;63;10;41;12;89;12;15;20;64;20;40;33;89;33;15;43;65;43;38;0;1;1;3;2;5;5;7;6;12;12;3;52;10;63;10;41;12;89;12;15;20;64;20;40;33;89;33;15;43;65;43;38;0;1;1;3;2;4;4;7;6;11;12;3;52;10;63;10;41;12;89;12;15;20;64;20;40;33;89;33;15;38;65;43;38;0;1;0;1;6;2;1;1;1;6;4;2;0;0;0;0;0;0;0;0;0;0;0;1;4;3;8;7;10;13;19;17;23;21;0;5;6;9;12;11;14;16;18;15;22;24;2;20;25;26;27;28;29;30;31;32;33;34;35;36;37;38;39;1;21;13;13;13;21;19;255;255;255;0;0;0;0;0;0;0
1113;0;1;1;3;2;4;5;5;7;6;12;3;52;11;64;11;40;13;88;13;16;19;52;25;68;25;36;33;84;33;20;43;52;0;1;1;3;2;4;5;5;10;9;12;3;52;11;64;11;40;13;88;13;16;19;52;25;68;25;36;36;86;36;17;43;52;0;1;1;3;2;4;5;5;7;6;12;3;52;11;64;11;40;13;88;13;16;19;52;25;68;25;36;33;84;33;20;43;52;0;1;0;0;8;1;1;0;1;7;5;2;0;7;0;0;0;0;0;0;0;0;0;0;1;1;3;2;4;4;5;7;6;12;3;52;11;64;11;40;13;88;13;16;20;63;20;40;27;52;33;84;33;20;43;52;0;1;1;3;2;4;4;5;7;6;12;3;52;11;64;11;40;13;88;13;16;20;63;20;40;27;52;33;84;33;20;43;52;0;1;1;3;2;4;4;5;7;6;12;3;52;11;64;11;40;13;88;13;16;20;63;20;40;27;52;33;84;33;20;43;52;0;0;0;0;6;1;1;0;1;4;2;3;0;7;0;0;0;0;0;0;0;0;0;0;1;1;3;2;4;5;5;7;6;12;3;52;11;64;11;40;13;88;13;16;19;52;25;68;25;36;33;84;33;20;43;52;0;1;1;3;2;4;5;5;10;9;12;3;52;11;64;11;40;13;88;13;16;19;52;25;68;25;36;36;86;36;17;43;52;0;1;1;3;2;4;5;5;7;6;12;3;52;11;64;11;40;13;88;13;16;19;52;25;68;25;36;33;84;33;20;43;52;0;1;0;0;8;1;1;0;1;7;5;2;0;7;0;0;0;0;0;0;0;0;0;2;3;4;10;9;14;17;16;18;22;23;0;5;6;8;11;13;15;12;19;21;24;25;1;7;20;26;27;28;29;30;31;32;33;34;35;36;37;38;39;9;9;9;9;9;9;22;255;255;255;0;0;0;0;0;0;0
1118;0;1;1;3;2;5;5;7;6;8;12;3;52;10;63;10;41;12;89;12;15;18;64;18;40;30;86;30;18;32;52;43;52;0;1;1;3;2;5;5;7;6;11;12;3;52;10;63;10;41;12;89;12;15;18;64;18;40;30;86;30;18;35;53;43;52;0;1;1;3;2;4;4;7;6;8;12;3;52;10;63;10;41;12;89;12;15;18;64;18;40;30;86;30;18;32;52;43;52;1;0;0;1;6;2;1;0;0;4;4;2;0;0;0;0;0;0;0;0;0;0;0;0;1;1;3;2;4;4;7;6;8;12;3;52;10;63;10;41;12;89;12;15;18;64;18;40;30;86;30;18;32;52;43;52;0;1;1;3;2;4;4;7;6;8;12;3;52;10;63;10;41;12;89;12;15;18;64;18;40;30;86;30;18;32;52;43;52;0;1;1;3;2;4;4;7;6;8;12;3;52;10;63;10;41;12;89;12;15;18;64;18;40;30;86;30;18;32;52;43;52;1;0;1;1;8;1;1;0;0;7;3;2;0;0;0;0;0;0;0;0;0;0;0;0;1;1;3;2;5;5;7;6;8;12;3;52;10;63;10;41;12;89;12;15;18;64;18;40;30;86;30;18;32;52;43;52;0;1;1;3;2;5;5;7;6;11;12;3;52;10;63;10;41;12;89;12;15;18;64;18;40;30;86;30;18;35;53;43;52;0;1;1;3;2;4;4;7;6;8;12;3;52;10;63;10;41;12;89;12;15;18;64;18;40;30;86;30;18;32;52;43;52;1;0;0;1;6;2;1;0;0;4;4;2;0;0;0;0;0;0;0;0;0;0;0;22;3;4;16;15;7;8;5;24;17;25;0;13;6;14;19;18;9;11;21;1;12;23;2;20;10;26;27;28;29;30;31;32;33;34;35;36;37;38;39;3;5;7;5;5;24;24;255;255;255;0;0;0;0;0;0;0
1124;0;1;1;3;2;4;5;5;10;9;12;3;52;10;63;10;41;12;89;12;15;20;51;25;70;25;33;37;85;37;18;43;52;0;1;1;3;2;4;8;8;10;9;12;3;52;10;63;10;41;12;89;12;15;20;51;30;67;30;36;37;85;37;18;43;52;0;1;1;3;2;4;5;5;7;6;12;3;52;10;63;10;41;12;89;12;15;20;51;25;70;25;33;34;87;34;15;43;52;0;1;1;0;6;3;1;1;1;5;6;2;0;0;0;0;0;0;0;0;0;0;0;0;1;1;3;2;4;4;5;10;9;12;3;52;10;63;10;41;12;89;12;15;20;63;20;40;28;51;37;85;37;18;43;52;0;1;1;3;2;4;4;5;10;9;12;3;52;10;63;10;41;12;89;12;15;20;63;20;40;28;51;37;85;37;18;43;52;0;1;1;3;2;4;4;5;10;9;12;3;52;10;63;10;41;12;89;12;15;20;63;20;40;28;51;37;85;37;18;43;52;0;1;1;0;7;2;1;1;1;7;8;2;0;0;0;0;0;0;0;0;0;0;0;0;1;1;3;2;4;5;5;10;9;12;3;52;10;63;10;41;12;89;12;15;20;51;25;70;25;33;37;85;37;18;43;52;0;1;1;3;2;4;8;8;10;9;12;3;52;10;63;10;41;12;89;12;15;20;51;30;67;30;36;37;85;37;18;43;52;0;1;1;3;2;4;5;5;7;6;12;3;52;10;63;10;41;12;89;12;15;20;51;25;70;25;33;34;87;34;15;43;52;0;1;1;0;6;3;1;1;1;5;6;2;0;0;0;0;0;0;0;0;0;0;0;0;4;3;10;8;12;14;15;21;19;24;2;7;5;6;9;11;13;17;18;20;23;25;1;16;22;26;27;28;29;30;31;32;33;34;35;36;37;38;39;8;19;4;4;4;19;4;255;255;255;0;0;0;0;0;0;0
1128;0;1;1;3;2;5;5;7;6;11;12;3;52;11;64;11;40;13;88;13;16;21;64;21;39;31;88;31;16;38;64;43;40;0;1;1;3;2;8;8;7;6;12;12;3;52;11;64;11;40;13;88;13;16;26;64;26;39;31;88;31;16;43;64;43;40;0;1;1;3;2;4;4;7;6;11;12;3;52;11;64;11;40;13;88;13;16;19;64;19;40;31;88;31;16;37;66;43;40;0;0;1;0;6;2;0;0;1;4;9;2;0;4;0;16;0;0;0;0;0;0;0;0;1;1;3;2;4;5;7;6;5;12;3;52;11;64;11;40;13;88;13;16;19;64;19;40;31;88;31;16;26;52;43;52;0;1;1;3;2;4;5;7;6;5;12;3;52;11;64;11;40;13;88;13;16;19;64;19;40;31;88;31;16;26;52;43;52;0;1;1;3;2;4;5;7;6;5;12;3;52;11;64;11;40;13;88;13;16;19;64;19;40;31;88;31;16;26;52;43;52;0;0;1;0;7;1;0;0;1;1;6;3;0;4;0;16;0;0;0;0;0;0;0;0;1;1;3;2;5;5;7;6;11;12;3;52;11;64;11;40;13;88;13;16;21;64;21;39;31;88;31;16;38;64;43;40;0;1;1;3;2;8;8;7;6;12;12;3;52;11;64;11;40;13;88;13;16;26;64;26;39;31;88;31;16;43;64;43;40;0;1;1;3;2;4;4;7;6;11;12;3;52;11;64;11;40;13;88;13;16;19;64;19;40;31;88;31;16;37;66;43;40;0;0;1;0;6;2;0;0;1;4;9;2;0;4;0;16;0;0;0;0;0;0;0;0;5;4;10;6;13;15;18;23;21;25;1;3;8;9;7;14;16;17;19;22;20;24;2;11;12;26;27;28;29;30;31;32;33;34;35;36;37;38;39;21;15;15;15;15;15;6;255;255;255;0;0;0;0;0;0;0
1129;0;1;1;3;2;4;5;5;10;9;12;3;52;11;64;11;40;13;88;13;16;19;52;25;68;25;36;35;84;35;20;43;52;0;1;1;3;2;4;8;8;10;9;12;3;52;11;64;11;40;13;88;13;16;19;52;28;69;28;35;35;84;35;20;43;52;0;1;1;3;2;4;5;5;7;6;12;3;52;11;64;11;40;13;88;13;16;19;52;25;68;25;36;34;86;34;18;43;52;0;1;0;0;8;3;0;1;1;4;8;2;0;3;0;11;0;0;0;0;0;0;0;0;1;1;3;2;4;5;5;7;6;12;3;52;11;64;11;40;13;88;13;16;19;52;25;68;25;36;27;95;27;9;43;52;0;1;1;3;2;4;5;5;7;6;12;3;52;11;64;11;40;13;88;13;16;19;52;25;68;25;36;27;95;27;9;43;52;0;1;1;3;2;4;5;5;7;6;12;3;52;11;64;11;40;13;88;13;16;19;52;25;68;25;36;27;95;27;9;43;52;0;1;0;0;6;2;0;1;1;3;5;3;0;3;0;11;0;0;0;0;0;0;0;0;1;1;3;2;4;5;5;10;9;12;3;52;11;64;11;40;13;88;13;16;19;52;25;68;25;36;35;84;35;20;43;52;0;1;1;3;2;4;8;8;10;9;12;3;52;11;64;11;40;13;88;13;16;19;52;28;69;28;35;35;84;35;20;43;52;0;1;1;3;2;4;5;5;7;6;12;3;52;11;64;11;40;13;88;13;16;19;52;25;68;25;36;34;86;34;18;43;52;0;1;0;0;8;3;0;1;1;4;8;2;0;3;0;11;0;0;0;0;0;0;0;1;4;3;8;7;11;14;13;16;15;25;0;5;6;9;12;10;20;17;19;21;22;23;2;18;24;26;27;28;29;30;31;32;33;34;35;36;37;38;39;25;25;11;13;13;25;16;255;255;255;0;0;0;0;0;0;0
1141;0;1;1;3;2;4;5;5;10;9;12;3;52;11;64;11;40;13;88;13;16;21;52;25;72;25;32;39;84;39;20;43;52;0;1;1;3;2;4;5;5;10;9;12;3;52;11;64;11;40;13;88;13;16;21;52;25;72;25;32;39;84;39;20;43;52;0;1;1;3;2;4;5;5;7;6;12;3;52;11;64;11;40;13;88;13;16;21;52;25;72;25;32;34;89;34;16;43;52;0;1;0;0;4;2;1;1;1;7;4;2;0;7;0;12;0;0;0;0;0;0;0;0;1;1;3;2;4;5;5;7;6;12;3;52;11;64;11;40;13;88;13;16;20;52;25;72;25;32;27;96;28;10;43;52;0;1;1;3;2;4;5;5;10;9;12;3;52;11;64;11;40;13;88;13;16;20;52;25;72;25;32;35;88;35;17;43;52;0;1;1;3;2;4;5;5;7;6;12;3;52;11;64;11;40;13;88;13;16;20;52;25;72;25;32;27;96;28;10;43;52;0;1;0;0;5;1;1;1;1;5;7;3;0;7;0;12;0;0;0;0;0;0;0;0;1;1;3;2;4;5;5;10;9;12;3;52;11;64;11;40;13;88;13;16;21;52;25;72;25;32;39;84;39;20;43;52;0;1;1;3;2;4;5;5;10;9;12;3;52;11;64;11;40;13;88;13;16;21;52;25;72;25;32;39;84;39;20;43;52;0;1;1;3;2;4;5;5;7;6;12;3;52;11;64;11;40;13;88;13;16;21;52;25;72;25;32;34;89;34;16;43;52;0;1;0;0;4;2;1;1;1;7;4;2;0;7;0;12;0;0;0;0;0;0;0;1;3;6;9;8;12;15;19;21;17;23;2;4;7;10;11;13;14;20;18;22;24;25;0;5;16;26;27;28;29;30;31;32;33;34;35;36;37;38;39;6;9;9;9;9;9;8;255;255;255;0;0;0;0;0;0;0
1164;0;1;1;3;2;4;5;5;10;9;12;3;52;11;64;11;40;13;88;13;16;20;52;25;72;25;32;39;84;39;20;43;52;0;1;1;3;2;4;5;5;10;9;12;3;52;11;64;11;40;13;88;13;16;20;52;25;72;25;32;39;84;39;20;43;52;0;1;1;3;2;4;5;5;10;9;12;3;52;11;64;11;40;13;88;13;16;20;52;25;72;25;32;39;84;39;20;43;52;0;0;1;0;5;1;1;1;0;3;6;2;0;0;0;0;0;0;0;0;0;0;0;0;1;1;3;2;4;5;5;7;6;12;3;52;11;64;11;40;13;88;13;16;20;52;25;72;25;32;32;90;32;14;43;52;0;1;1;3;2;4;5;5;7;6;12;3;52;11;64;11;40;13;88;13;16;20;52;25;72;25;32;32;90;32;14;43;52;0;1;1;3;2;4;5;5;7;6;12;3;52;11;64;11;40;13;88;13;16;20;52;25;72;25;32;32;90;32;14;43;52;0;0;1;0;6;1;1;1;0;2;7;3;0;0;0;0;0;0;0;0;0;0;0;0;1;1;3;2;4;5;5;10;9;12;3;52;11;64;11;40;13;88;13;16;20;52;25;72;25;32;39;84;39;20;43;52;0;1;1;3;2;4;5;5;10;9;12;3;52;11;64;11;40;13;88;13;16;20;52;25;72;25;32;39;84;39;20;43;52;0;1;1;3;2;4;5;5;10;9;12;3;52;11;64;11;40;13;88;13;16;20;52;25;72;25;32;39;84;39;20;43;52;0;0;1;0;5;1;1;1;0;3;6;2;0;0;0;0;0;0;0;0;0;0;0;0;1;2;3;4;5;6;7;8;9;10;11;12;13;14;15;16;17;18;19;20;21;22;23;24;25;26;27;28;29;30;31;32;33;34;35;36;37;38;39;9;5;5;5;5;9;7;255;255;255;0;0;0;0;0;0;0
1165;0;1;1;3;2;4;5;5;8;8;12;3;52;10;63;10;41;12;89;12;15;18;52;24;78;24;26;32;70;32;34;43;52;0;1;1;3;2;4;5;5;11;11;12;3;52;10;63;10;41;12;89;12;15;18;52;24;78;24;26;35;70;35;34;43;52;0;1;1;3;2;4;4;4;8;8;12;3;52;10;63;10;41;12;89;12;15;18;52;24;78;24;26;32;70;32;34;43;52;0;0;0;0;6;2;1;1;0;6;5;2;0;7;0;12;0;0;0;0;0;0;0;0;1;1;3;2;4;5;5;8;8;12;3;52;10;63;10;41;12;89;12;15;18;52;24;78;24;26;32;70;32;34;43;52;0;1;1;3;2;4;5;5;8;8;12;3;52;10;63;10;41;12;89;12;15;18;52;24;78;24;26;32;70;32;34;43;52;0;1;1;3;2;4;4;4;5;5;12;3;52;10;63;10;41;12;89;12;15;18;52;24;78;24;26;32;70;32;34;43;52;0;0;0;0;7;1;1;1;0;4;5;3;0;7;0;12;0;0;0;0;0;0;0;0;1;1;3;2;4;5;5;8;8;12;3;52;10;63;10;41;12;89;12;15;18;52;24;78;24;26;32;70;32;34;43;52;0;1;1;3;2;4;5;5;11;11;12;3;52;10;63;10;41;12;89;12;15;18;52;24;78;24;26;35;70;35;34;43;52;0;1;1;3;2;4;4;4;8;8;12;3;52;10;63;10;41;12;89;12;15;18;52;24;78;24;26;32;70;32;34;43;52;0;0;0;0;6;2;1;1;0;6;5;2;0;7;0;12;0;0;0;0;0;0;0;0;5;3;10;8;12;17;16;18;19;22;1;4;6;7;9;11;13;14;15;24;23;25;2;20;21;26;27;28;29;30;31;32;33;34;35;36;37;38;39;3;18;12;18;18;18;10;255;255;255;0;0;0;0;0;0;0
1166;0;1;1;3;2;5;5;7;6;12;12;3;52;11;64;11;40;13;88;13;16;21;40;21;64;31;84;31;20;43;64;43;40;0;1;1;3;2;8;8;7;6;12;12;3;52;11;64;11;40;13;88;13;16;26;38;26;66;31;84;31;20;43;64;43;40;0;1;1;3;2;4;5;7;6;11;12;3;52;11;64;11;40;13;88;13;16;21;40;21;64;31;84;31;20;39;65;43;40;0;0;1;0;9;1;1;0;1;2;7;2;0;0;0;0;0;0;0;0;0;0;0;0;1;1;3;2;4;4;7;6;12;12;3;52;11;64;11;40;13;88;13;16;21;40;21;64;31;84;31;20;43;64;43;40;0;1;1;3;2;4;4;7;6;12;12;3;52;11;64;11;40;13;88;13;16;21;40;21;64;31;84;31;20;43;64;43;40;0;1;1;3;2;4;4;7;6;12;12;3;52;11;64;11;40;13;88;13;16;21;40;21;64;31;84;31;20;43;64;43;40;0;0;1;0;9;1;1;0;1;1;9;3;0;0;0;0;0;0;0;0;0;0;0;0;1;1;3;2;5;5;7;6;12;12;3;52;11;64;11;40;13;88;13;16;21;40;21;64;31;84;31;20;43;64;43;40;0;1;1;3;2;8;8;7;6;12;12;3;52;11;64;11;40;13;88;13;16;26;38;26;66;31;84;31;20;43;64;43;40;0;1;1;3;2;4;5;7;6;11;12;3;52;11;64;11;40;13;88;13;16;21;40;21;64;31;84;31;20;39;65;43;40;0;0;1;0;9;1;1;0;1;2;7;2;0;0;0;0;0;0;0;0;0;0;0;0;4;7;12;10;17;16;18;8;21;23;2;3;5;9;11;19;13;20;14;22;24;25;1;6;15;26;27;28;29;30;31;32;33;34;35;36;37;38;39;4;12;16;7;7;12;8;255;255;255;0;0;0;0;0;0;0
1167;0;1;1;3;2;4;5;5;8;8;12;3;52;10;63;10;41;12;89;12;15;18;52;24;78;24;26;32;70;32;34;43;52;0;1;1;3;2;5;5;5;11;11;12;3;52;10;63;10;41;12;89;12;15;20;53;24;78;24;26;35;69;35;35;43;52;0;1;1;3;2;4;5;5;8;8;12;3;52;10;63;10;41;12;89;12;15;18;52;24;78;24;26;32;70;32;34;43;52;0;0;1;0;8;1;1;0;1;5;7;2;0;0;0;0;0;0;0;0;0;0;0;0;1;1;3;2;4;5;8;8;8;12;3;52;10;63;10;41;12;89;12;15;18;64;18;40;27;76;27;26;32;52;43;52;0;1;1;3;2;4;5;8;8;11;12;3;52;10;63;10;41;12;89;12;15;18;64;18;40;27;76;27;26;35;52;43;52;0;1;1;3;2;4;5;8;8;8;12;3;52;10;63;10;41;12;89;12;15;18;64;18;40;27;76;27;26;32;52;43;52;0;0;1;1;5;1;1;0;1;3;4;3;0;0;0;0;0;0;0;0;0;0;0;0;1;1;3;2;4;5;5;8;8;12;3;52;10;63;10;41;12;89;12;15;18;52;24;78;24;26;32;70;32;34;43;52;0;1;1;3;2;5;5;5;11;11;12;3;52;10;63;10;41;12;89;12;15;20;53;24;78;24;26;35;69;35;35;43;52;0;1;1;3;2;4;5;5;8;8;12;3;52;10;63;10;41;12;89;12;15;18;52;24;78;24;26;32;70;32;34;43;52;0;0;1;0;8;1;1;0;1;5;7;2;0;0;0;0;0;0;0;0;0;0;0;2;3;4;5;6;17;11;7;8;10;12;0;13;15;16;14;23;18;19;20;25;24;22;1;9;21;26;27;28;29;30;31;32;33;34;35;36;37;38;39;8;8;8;8;8;8;11;255;255;255;0;0;0;0;0;0;0
1168;0;1;1;3;2;4;4;7;6;5;12;3;52;11;64;11;40;13;88;13;16;21;68;21;36;31;88;31;16;31;52;43;52;0;1;1;3;2;5;5;7;6;8;12;3;52;11;64;11;40;13;88;13;16;21;68;21;36;31;88;31;16;31;52;43;52;0;1;1;3;2;4;4;7;6;8;12;3;52;11;64;11;40;13;88;13;16;21;68;21;36;31;88;31;16;31;52;43;52;0;0;1;0;6;1;1;0;1;3;8;3;0;0;0;0;0;0;0;0;0;0;0;0;1;1;3;2;4;4;7;6;5;12;3;52;11;64;11;40;13;88;13;16;21;68;21;36;31;88;31;16;27;51;43;52;0;1;1;3;2;4;4;7;6;5;12;3;52;11;64;11;40;13;88;13;16;21;68;21;36;31;88;31;16;27;51;43;52;0;1;1;3;2;4;4;7;6;5;12;3;52;11;64;11;40;13;88;13;16;21;68;21;36;31;88;31;16;27;51;43;52;0;0;1;0;7;1;1;0;1;2;8;3;0;0;0;0;0;0;0;0;0;0;0;0;1;1;3;2;4;4;7;6;5;12;3;52;11;64;11;40;13;88;13;16;21;68;21;36;31;88;31;16;31;52;43;52;0;1;1;3;2;5;5;7;6;8;12;3;52;11;64;11;40;13;88;13;16;21;68;21;36;31;88;31;16;31;52;43;52;0;1;1;3;2;4;4;7;6;8;12;3;52;11;64;11;40;13;88;13;16;21;68;21;36;31;88;31;16;31;52;43;52;0;0;1;0;6;1;1;0;1;3;8;3;0;0;0;0;0;0;0;0;0;0;0;0;13;1;16;5;23;6;9;19;7;22;11;2;3;15;17;25;8;18;20;21;10;24;12;14;4;26;27;28;29;30;31;32;33;34;35;36;37;38;39;7;9;9;9;9;9;7;255;255;255;0;0;0;0;0;0;0
1169;0;1;1;3;2;4;4;5;7;6;12;3;52;11;64;11;40;13;88;13;16;21;68;21;36;31;52;31;88;31;16;43;52;0;1;1;3;2;5;5;8;7;6;12;3;52;11;64;11;40;13;88;13;16;21;68;21;36;34;52;31;88;31;16;43;52;0;1;1;3;2;4;4;5;7;6;12;3;52;11;64;11;40;13;88;13;16;21;68;21;36;31;52;31;88;31;16;43;52;0;0;1;0;9;2;1;1;1;6;4;3;0;0;0;0;0;0;0;0;0;0;0;0;1;1;3;2;4;4;5;7;6;12;3;52;11;64;11;40;13;88;13;16;21;68;21;36;27;52;31;88;31;16;43;52;0;1;1;3;2;4;4;5;7;6;12;3;52;11;64;11;40;13;88;13;16;21;68;21;36;27;52;31;88;31;16;43;52;0;1;1;3;2;4;4;5;7;6;12;3;52;11;64;11;40;13;88;13;16;21;68;21;36;27;52;31;88;31;16;43;52;0;0;1;0;6;1;1;1;1;3;3;3;0;0;0;0;0;0;0;0;0;0;0;0;1;1;3;2;4;4;5;7;6;12;3;52;11;64;11;40;13;88;13;16;21;68;21;36;31;52;31;88;31;16;43;52;0;1;1;3;2;5;5;8;7;6;12;3;52;11;64;11;40;13;88;13;16;21;68;21;36;34;52;31;88;31;16;43;52;0;1;1;3;2;4;4;5;7;6;12;3;52;11;64;11;40;13;88;13;16;21;68;21;36;31;52;31;88;31;16;43;52;0;0;1;0;9;2;1;1;1;6;4;3;0;0;0;0;0;0;0;0;0;0;0;0;2;1;3;4;6;5;7;8;9;10;11;12;13;25;14;15;24;16;23;19;20;21;22;17;18;26;27;28;29;30;31;32;33;34;35;36;37;38;39;1;9;9;9;9;9;8;255;255;255;0;0;0;0;0;0;0
1170;0;1;1;3;2;4;4;5;7;6;12;3;52;11;64;11;40;13;88;13;16;20;65;20;40;32;51;33;84;33;20;43;52;0;1;1;3;2;5;5;8;10;9;12;3;52;11;64;11;40;13;88;13;16;20;65;20;40;32;51;35;86;35;17;43;52;0;1;1;3;2;4;4;5;7;6;12;3;52;11;64;11;40;13;88;13;16;20;65;20;40;32;51;33;84;33;20;43;52;1;1;0;1;2;2;1;1;1;6;4;2;0;1;0;0;0;0;0;0;0;0;0;0;1;1;3;2;4;4;5;7;6;12;3;52;11;64;11;40;13;88;13;16;19;66;19;37;26;53;30;93;30;12;43;52;0;1;1;3;2;4;4;5;7;6;12;3;52;11;64;11;40;13;88;13;16;19;66;19;37;26;53;30;93;30;12;43;52;0;1;1;3;2;4;4;5;7;6;12;3;52;11;64;11;40;13;88;13;16;19;66;19;37;26;53;30;93;30;12;43;52;1;1;0;1;4;2;1;1;1;7;4;2;0;1;0;0;0;0;0;0;0;0;0;0;1;1;3;2;4;4;5;7;6;12;3;52;11;64;11;40;13;88;13;16;20;65;20;40;32;51;33;84;33;20;43;52;0;1;1;3;2;5;5;8;10;9;12;3;52;11;64;11;40;13;88;13;16;20;65;20;40;32;51;35;86;35;17;43;52;0;1;1;3;2;4;4;5;7;6;12;3;52;11;64;11;40;13;88;13;16;20;65;20;40;32;51;33;84;33;20;43;52;1;1;0;1;2;2;1;1;1;6;4;2;0;1;0;0;0;0;0;0;0;0;0;1;6;3;9;4;21;18;11;17;19;25;0;5;7;8;10;13;14;15;16;20;22;24;2;12;23;26;27;28;29;30;31;32;33;34;35;36;37;38;39;4;9;9;9;9;9;4;255;255;255;0;0;0;0;0;0;0
1171;0;1;1;3;2;4;5;5;7;6;12;3;52;10;63;10;41;12;89;12;15;19;52;24;77;24;26;31;90;31;14;43;52;0;1;1;3;2;4;8;8;7;6;12;3;52;10;63;10;41;12;89;12;15;19;52;28;65;28;38;34;93;34;10;43;52;0;1;1;3;2;4;5;5;7;6;12;3;52;10;63;10;41;12;89;12;15;19;52;24;77;24;26;31;90;31;14;43;52;0;1;1;0;6;2;1;1;1;8;2;3;0;0;0;0;0;0;0;0;0;0;0;0;1;1;3;2;4;5;5;7;6;12;3;52;10;63;10;41;12;89;12;15;19;52;24;77;24;26;31;90;31;14;43;52;0;1;1;3;2;4;5;5;7;6;12;3;52;10;63;10;41;12;89;12;15;19;52;24;77;24;26;31;90;31;14;43;52;0;1;1;3;2;4;5;5;7;6;12;3;52;10;63;10;41;12;89;12;15;19;52;24;77;24;26;31;90;31;14;43;52;0;0;1;0;7;1;1;1;1;5;2;3;0;0;0;0;0;0;0;0;0;0;0;0;1;1;3;2;4;5;5;7;6;12;3;52;10;63;10;41;12;89;12;15;19;52;24;77;24;26;31;90;31;14;43;52;0;1;1;3;2;4;8;8;7;6;12;3;52;10;63;10;41;12;89;12;15;19;52;28;65;28;38;34;93;34;10;43;52;0;1;1;3;2;4;5;5;7;6;12;3;52;10;63;10;41;12;89;12;15;19;52;24;77;24;26;31;90;31;14;43;52;0;1;1;0;6;2;1;1;1;8;2;3;0;0;0;0;0;0;0;0;0;0;0;0;5;4;6;9;12;14;11;19;16;20;2;3;7;8;10;13;17;15;18;21;22;25;1;23;24;26;27;28;29;30;31;32;33;34;35;36;37;38;39;4;9;9;9;9;9;6;255;255;255;0;0;0;0;0;0;0
1172;0;1;1;3;2;4;4;5;7;6;12;3;52;11;64;11;40;13;88;13;16;20;66;20;38;26;52;29;88;29;16;41;52;0;1;1;3;2;4;5;5;7;6;12;3;52;11;64;11;40;13;88;13;16;17;52;25;64;25;40;29;88;29;16;41;52;0;1;1;3;2;4;4;5;7;6;12;3;52;11;64;11;40;13;88;13;16;19;39;19;67;26;52;29;88;29;16;41;52;0;0;1;0;8;2;1;0;1;4;5;3;0;0;0;0;0;0;0;0;0;0;0;0;1;1;3;2;4;4;5;7;6;12;3;52;11;64;11;40;13;88;13;16;18;63;18;41;26;52;29;88;29;16;41;52;0;1;1;3;2;4;4;5;7;6;12;3;52;11;64;11;40;13;88;13;16;18;63;18;41;26;52;29;88;29;16;41;52;0;1;1;3;2;4;4;5;7;6;12;3;52;11;64;11;40;13;88;13;16;18;63;18;41;26;52;29;88;29;16;41;52;0;0;1;0;7;1;1;0;1;2;5;3;0;0;0;0;0;0;0;0;0;0;0;0;1;1;3;2;4;4;5;7;6;12;3;52;11;64;11;40;13;88;13;16;20;66;20;38;26;52;29;88;29;16;41;52;0;1;1;3;2;4;5;5;7;6;12;3;52;11;64;11;40;13;88;13;16;17;52;25;64;25;40;29;88;29;16;41;52;0;1;1;3;2;4;4;5;7;6;12;3;52;11;64;11;40;13;88;13;16;19;39;19;67;26;52;29;88;29;16;41;52;0;0;1;0;8;2;1;0;1;4;5;3;0;0;0;0;0;0;0;0;0;0;0;0;3;6;14;7;17;16;10;22;20;12;1;4;5;13;8;9;15;19;24;21;11;23;2;18;25;26;27;28;29;30;31;32;33;34;35;36;37;38;39;12;16;16;16;16;12;10;255;255;255;0;0;0;0;0;0;0
1173;0;1;1;1;3;2;5;5;7;6;12;3;52;11;52;11;72;11;32;15;88;15;16;23;64;23;40;29;84;29;20;41;52;0;1;1;1;3;2;5;5;7;6;12;3;52;11;52;11;72;11;32;15;88;15;16;23;64;23;40;34;85;34;20;41;52;0;1;1;1;3;2;4;4;7;6;12;3;52;11;52;11;72;11;32;15;88;15;16;23;64;23;40;29;84;29;20;41;52;0;0;1;0;5;1;1;0;1;3;3;3;0;0;0;0;0;0;0;0;0;0;0;0;1;1;1;3;2;4;4;7;6;12;3;52;11;52;11;72;11;32;15;88;15;16;23;64;23;40;29;84;29;20;41;52;0;1;1;1;3;2;4;4;7;6;12;3;52;11;52;11;72;11;32;15;88;15;16;23;64;23;40;29;84;29;20;41;52;0;1;1;1;3;2;4;4;7;6;12;3;52;11;52;11;72;11;32;15;88;15;16;23;64;23;40;29;84;29;20;41;52;0;0;1;0;8;1;1;0;1;1;3;3;0;0;0;0;0;0;0;0;0;0;0;0;1;1;1;3;2;5;5;7;6;12;3;52;11;52;11;72;11;32;15;88;15;16;23;64;23;40;29;84;29;20;41;52;0;1;1;1;3;2;5;5;7;6;12;3;52;11;52;11;72;11;32;15;88;15;16;23;64;23;40;34;85;34;20;41;52;0;1;1;1;3;2;4;4;7;6;12;3;52;11;52;11;72;11;32;15;88;15;16;23;64;23;40;29;84;29;20;41;52;0;0;1;0;5;1;1;0;1;3;3;3;0;0;0;0;0;0;0;0;0;0;0;0;13;3;4;17;6;8;7;20;11;24;2;14;15;16;5;12;25;18;9;23;10;21;1;19;22;26;27;28;29;30;31;32;33;34;35;36;37;38;39;7;8;8;8;8;20;20;255;255;255;0;0;0;0;0;0;0
1174;0;1;1;3;2;4;5;5;10;9;12;3;52;10;63;10;41;12;89;12;15;18;52;27;70;27;34;37;89;37;15;43;52;0;1;1;3;2;5;8;8;10;9;12;3;52;10;63;10;41;12;89;12;15;22;52;30;69;30;36;37;89;37;15;43;52;0;1;1;3;2;4;5;5;7;6;12;3;52;10;63;10;41;12;89;12;15;18;52;27;70;27;34;34;88;34;16;43;52;0;0;0;0;5;2;1;1;1;5;7;2;0;0;0;0;0;0;0;0;0;0;0;0;1;1;3;2;4;5;5;7;6;12;3;52;10;63;10;41;12;89;12;15;18;52;27;70;27;34;34;91;34;14;43;52;0;1;1;3;2;4;5;5;10;9;12;3;52;10;63;10;41;12;89;12;15;18;52;27;70;27;34;35;90;35;14;43;52;0;1;1;3;2;4;5;5;7;6;12;3;52;10;63;10;41;12;89;12;15;18;52;27;70;27;34;34;91;34;14;43;52;0;0;0;0;7;1;1;1;1;3;3;3;0;0;0;0;0;0;0;0;0;0;0;0;1;1;3;2;4;5;5;10;9;12;3;52;10;63;10;41;12;89;12;15;18;52;27;70;27;34;37;89;37;15;43;52;0;1;1;3;2;5;8;8;10;9;12;3;52;10;63;10;41;12;89;12;15;22;52;30;69;30;36;37;89;37;15;43;52;0;1;1;3;2;4;5;5;7;6;12;3;52;10;63;10;41;12;89;12;15;18;52;27;70;27;34;34;88;34;16;43;52;0;0;0;0;5;2;1;1;1;5;7;2;0;0;0;0;0;0;0;0;0;0;0;0;4;6;15;7;10;17;16;19;18;23;2;3;5;8;9;11;13;12;21;20;22;24;1;14;25;26;27;28;29;30;31;32;33;34;35;36;37;38;39;18;17;17;17;17;23;10;255;255;255;0;0;0;0;0;0;0
1175;0;1;1;3;2;5;5;7;6;12;12;3;52;11;64;11;40;13;88;13;16;25;64;25;40;28;89;28;15;43;64;43;40;0;1;1;3;2;5;5;10;9;12;12;3;52;11;64;11;40;13;88;13;16;25;64;25;40;35;89;35;15;43;64;43;40;0;1;1;3;2;4;4;7;6;12;12;3;52;11;64;11;40;13;88;13;16;20;64;20;39;25;88;25;16;43;64;43;40;0;0;0;0;8;2;1;1;1;6;3;2;0;1;0;12;0;0;0;0;0;0;0;0;1;1;3;2;4;4;7;6;12;12;3;52;11;64;11;40;13;88;13;16;21;64;21;40;25;88;25;16;43;64;43;40;0;1;1;3;2;4;4;7;6;12;12;3;52;11;64;11;40;13;88;13;16;21;64;21;40;25;88;25;16;43;64;43;40;0;1;1;3;2;4;4;7;6;12;12;3;52;11;64;11;40;13;88;13;16;21;64;21;40;25;88;25;16;43;64;43;40;0;0;0;0;8;2;1;1;1;4;5;3;0;1;0;12;0;0;0;0;0;0;0;0;1;1;3;2;5;5;7;6;12;12;3;52;11;64;11;40;13;88;13;16;25;64;25;40;28;89;28;15;43;64;43;40;0;1;1;3;2;5;5;10;9;12;12;3;52;11;64;11;40;13;88;13;16;25;64;25;40;35;89;35;15;43;64;43;40;0;1;1;3;2;4;4;7;6;12;12;3;52;11;64;11;40;13;88;13;16;20;64;20;39;25;88;25;16;43;64;43;40;0;0;0;0;8;2;1;1;1;6;3;2;0;1;0;12;0;0;0;0;0;0;0;0;5;3;6;8;15;17;12;11;14;20;1;9;7;10;4;18;19;16;22;25;23;24;2;13;21;26;27;28;29;30;31;32;33;34;35;36;37;38;39;3;12;12;12;12;14;20;255;255;255;0;0;0;0;0;0;0
1176;0;1;1;1;3;2;4;4;7;6;12;3;52;11;52;11;72;11;32;15;88;15;16;21;62;21;40;34;88;34;17;43;52;0;1;1;1;3;2;5;5;10;9;12;3;52;11;52;11;72;11;32;15;88;15;16;25;67;25;37;36;88;36;17;43;52;0;1;1;1;3;2;4;4;7;6;12;3;52;11;52;11;72;11;32;15;88;15;16;20;62;20;39;28;89;28;15;43;52;0;0;1;0;7;2;1;0;1;2;9;3;0;0;0;0;0;0;0;0;0;0;0;0;1;1;1;3;2;4;4;8;8;12;3;52;11;52;11;72;11;32;15;88;15;16;22;65;22;40;33;76;33;24;43;52;0;1;1;1;3;2;4;4;8;8;12;3;52;11;52;11;72;11;32;15;88;15;16;22;65;22;40;33;76;33;24;43;52;0;1;1;1;3;2;4;4;8;8;12;3;52;11;52;11;72;11;32;15;88;15;16;22;65;22;40;33;76;33;24;43;52;0;0;1;0;7;1;1;0;1;1;7;3;0;0;0;0;0;0;0;0;0;0;0;0;1;1;1;3;2;4;4;7;6;12;3;52;11;52;11;72;11;32;15;88;15;16;21;62;21;40;34;88;34;17;43;52;0;1;1;1;3;2;5;5;10;9;12;3;52;11;52;11;72;11;32;15;88;15;16;25;67;25;37;36;88;36;17;43;52;0;1;1;1;3;2;4;4;7;6;12;3;52;11;52;11;72;11;32;15;88;15;16;20;62;20;39;28;89;28;15;43;52;0;0;1;0;7;2;1;0;1;2;9;3;0;0;0;0;0;0;0;0;0;0;0;0;3;1;2;15;16;7;6;4;9;22;11;13;14;5;8;17;25;18;24;20;10;23;12;21;19;26;27;28;29;30;31;32;33;34;35;36;37;38;39;6;9;9;9;9;9;7;255;255;255;0;0;0;0;0;0;0
1177;0;1;1;1;3;2;4;4;7;6;12;3;52;10;52;10;73;10;31;15;89;15;15;20;64;20;40;34;86;34;18;43;52;0;1;1;1;7;6;5;5;8;8;12;3;52;10;52;10;73;10;31;22;89;22;15;20;64;20;40;34;78;34;26;43;52;0;1;1;1;3;2;4;4;7;6;12;3;52;10;52;10;73;10;31;15;89;15;15;20;64;20;40;27;89;27;16;43;52;0;0;1;0;7;1;1;0;1;2;3;3;0;0;0;0;0;0;0;0;0;0;0;0;1;1;1;3;2;4;4;7;6;12;3;52;10;52;10;73;10;31;15;89;15;15;20;64;20;40;34;86;34;18;43;52;0;1;1;1;3;2;4;4;10;9;12;3;52;10;52;10;73;10;31;15;89;15;15;20;64;20;40;35;86;35;18;43;52;0;1;1;1;3;2;4;4;7;6;12;3;52;10;52;10;73;10;31;15;89;15;15;20;64;20;40;34;86;34;18;43;52;0;0;1;0;9;1;1;0;1;3;2;3;0;0;0;0;0;0;0;0;0;0;0;0;1;1;1;3;2;4;4;7;6;12;3;52;10;52;10;73;10;31;15;89;15;15;20;64;20;40;34;86;34;18;43;52;0;1;1;1;7;6;5;5;8;8;12;3;52;10;52;10;73;10;31;22;89;22;15;20;64;20;40;34;78;34;26;43;52;0;1;1;1;3;2;4;4;7;6;12;3;52;10;52;10;73;10;31;15;89;15;15;20;64;20;40;27;89;27;16;43;52;0;0;1;0;7;1;1;0;1;2;3;3;0;0;0;0;0;0;0;0;0;0;0;0;13;16;5;6;7;8;24;10;18;12;1;3;4;15;9;11;19;17;20;21;25;22;2;14;23;26;27;28;29;30;31;32;33;34;35;36;37;38;39;6;12;24;24;24;12;8;255;255;255;0;0;0;0;0;0;0
1178;0;1;1;1;3;2;5;5;10;9;12;3;52;10;52;10;73;10;31;15;89;15;15;23;64;23;39;35;85;35;18;43;52;0;1;1;1;7;6;5;5;11;11;12;3;52;10;52;10;73;10;31;17;89;17;15;23;64;23;39;36;79;36;25;43;52;0;1;1;1;3;2;4;4;10;9;12;3;52;10;52;10;73;10;31;15;89;15;15;20;63;20;39;35;85;35;18;43;52;0;0;1;0;7;2;1;0;1;3;7;1;0;0;0;0;0;0;0;0;0;0;0;0;1;1;1;3;2;4;4;10;9;12;3;52;10;52;10;73;10;31;15;89;15;15;23;64;23;39;35;85;35;18;43;52;0;1;1;1;3;2;5;5;10;9;12;3;52;10;52;10;73;10;31;15;89;15;15;23;64;23;39;35;85;35;18;43;52;0;1;1;1;3;2;4;4;7;6;12;3;52;10;52;10;73;10;31;15;89;15;15;23;64;23;39;33;87;33;18;43;52;0;0;1;0;8;1;1;0;1;2;4;3;0;0;0;0;0;0;0;0;0;0;0;0;1;1;1;3;2;5;5;10;9;12;3;52;10;52;10;73;10;31;15;89;15;15;23;64;23;39;35;85;35;18;43;52;0;1;1;1;7;6;5;5;11;11;12;3;52;10;52;10;73;10;31;17;89;17;15;23;64;23;39;36;79;36;25;43;52;0;1;1;1;3;2;4;4;10;9;12;3;52;10;52;10;73;10;31;15;89;15;15;20;63;20;39;35;85;35;18;43;52;0;0;1;0;7;2;1;0;1;3;7;1;0;0;0;0;0;0;0;0;0;0;0;1;7;5;3;13;4;24;12;15;14;23;2;6;8;9;10;17;18;19;20;22;25;16;0;11;21;26;27;28;29;30;31;32;33;34;35;36;37;38;39;7;14;24;24;24;23;4;255;255;255;0;0;0;0;0;0;0
1179;0;1;1;3;2;4;5;5;7;6;12;3;52;11;64;11;40;13;88;13;16;19;52;25;65;25;36;25;88;25;16;43;52;0;1;1;3;2;4;8;8;7;6;12;3;52;11;64;11;40;13;88;13;16;19;52;29;66;29;38;25;88;25;16;43;52;0;1;1;3;2;4;5;5;7;6;12;3;52;11;64;11;40;13;88;13;16;19;52;25;65;25;36;25;88;25;16;43;52;0;0;1;0;5;1;1;1;1;2;8;2;0;0;0;0;0;0;0;0;0;0;0;0;1;1;3;2;4;4;5;7;6;12;3;52;11;64;11;40;13;88;13;16;20;65;20;39;28;52;25;88;25;16;43;52;0;1;1;3;2;4;4;5;7;6;12;3;52;11;64;11;40;13;88;13;16;20;65;20;39;28;52;25;88;25;16;43;52;0;1;1;3;2;4;4;5;7;6;12;3;52;11;64;11;40;13;88;13;16;20;65;20;39;28;52;25;88;25;16;43;52;0;0;1;0;8;1;1;1;1;1;7;3;0;0;0;0;0;0;0;0;0;0;0;0;1;1;3;2;4;5;5;7;6;12;3;52;11;64;11;40;13;88;13;16;19;52;25;65;25;36;25;88;25;16;43;52;0;1;1;3;2;4;8;8;7;6;12;3;52;11;64;11;40;13;88;13;16;19;52;29;66;29;38;25;88;25;16;43;52;0;1;1;3;2;4;5;5;7;6;12;3;52;11;64;11;40;13;88;13;16;19;52;25;65;25;36;25;88;25;16;43;52;0;0;1;0;5;1;1;1;1;2;8;2;0;0;0;0;0;0;0;0;0;0;0;0;4;3;10;9;15;13;16;20;22;18;1;6;8;7;5;11;12;14;19;24;17;23;2;21;25;26;27;28;29;30;31;32;33;34;35;36;37;38;39;9;9;9;9;9;9;20;255;255;255;0;0;0;0;0;0;0
1180;0;1;1;1;4;5;5;6;7;8;12;3;52;10;52;10;73;10;31;18;52;23;35;23;69;32;15;32;89;34;52;43;52;0;1;1;1;4;5;5;6;7;11;12;3;52;10;52;10;73;10;31;18;52;23;35;23;69;32;15;32;89;35;52;43;52;0;1;1;1;4;5;5;6;7;8;12;3;52;10;52;10;73;10;31;18;52;23;35;23;69;26;12;26;92;34;52;43;52;0;0;0;0;5;2;1;0;1;4;5;2;0;0;0;0;0;0;0;0;0;0;0;0;1;1;1;4;5;5;2;3;8;12;3;52;10;52;10;73;10;31;18;52;23;35;23;69;15;14;15;91;34;52;43;52;0;1;1;1;4;5;5;6;7;8;12;3;52;10;52;10;73;10;31;18;52;23;35;23;69;32;15;32;89;34;52;43;52;0;1;1;1;4;5;5;2;3;8;12;3;52;10;52;10;73;10;31;18;52;23;35;23;69;15;15;15;89;34;52;43;52;0;0;0;0;6;1;1;0;0;3;8;3;0;0;0;0;0;0;0;0;0;0;0;0;1;1;1;4;5;5;6;7;8;12;3;52;10;52;10;73;10;31;18;52;23;35;23;69;32;15;32;89;34;52;43;52;0;1;1;1;4;5;5;6;7;11;12;3;52;10;52;10;73;10;31;18;52;23;35;23;69;32;15;32;89;35;52;43;52;0;1;1;1;4;5;5;6;7;8;12;3;52;10;52;10;73;10;31;18;52;23;35;23;69;26;12;26;92;34;52;43;52;0;0;0;0;5;2;1;0;1;4;5;2;0;0;0;0;0;0;0;0;0;0;0;0;3;5;4;16;13;12;7;14;10;22;1;6;8;9;11;18;19;17;15;24;21;23;2;25;20;26;27;28;29;30;31;32;33;34;35;36;37;38;39;7;12;12;12;12;22;10;255;255;255;0;0;0;0;0;0;0
1181;0;1;1;3;2;4;4;5;10;9;12;3;52;10;63;10;41;12;89;12;15;20;64;20;40;29;52;37;84;37;20;43;52;0;1;1;3;2;4;4;8;10;9;12;3;52;10;63;10;41;12;89;12;15;20;64;20;40;33;52;37;84;37;20;43;52;0;1;1;3;2;4;4;5;8;8;12;3;52;10;63;10;41;12;89;12;15;20;64;20;40;29;52;34;80;34;23;43;52;0;0;1;0;9;2;1;0;1;3;4;2;0;0;0;0;0;0;0;0;0;0;0;0;1;1;3;2;4;4;5;7;6;12;3;52;10;63;10;41;12;89;12;15;20;64;20;40;29;52;34;87;34;18;43;52;0;1;1;3;2;4;4;5;10;9;12;3;52;10;63;10;41;12;89;12;15;20;64;20;40;29;52;37;84;37;20;43;52;0;1;1;3;2;4;4;5;7;6;12;3;52;10;63;10;41;12;89;12;15;20;64;20;40;29;52;30;89;30;15;43;52;0;0;1;0;7;1;1;0;1;2;2;3;0;0;0;0;0;0;0;0;0;0;0;0;1;1;3;2;4;4;5;10;9;12;3;52;10;63;10;41;12;89;12;15;20;64;20;40;29;52;37;84;37;20;43;52;0;1;1;3;2;4;4;8;10;9;12;3;52;10;63;10;41;12;89;12;15;20;64;20;40;33;52;37;84;37;20;43;52;0;1;1;3;2;4;4;5;8;8;12;3;52;10;63;10;41;12;89;12;15;20;64;20;40;29;52;34;80;34;23;43;52;0;0;1;0;9;2;1;0;1;3;4;2;0;0;0;0;0;0;0;0;0;0;0;0;6;3;13;9;15;14;12;20;19;21;2;4;7;8;11;10;16;17;25;22;24;23;1;5;18;26;27;28;29;30;31;32;33;34;35;36;37;38;39;12;9;9;9;9;9;12;255;255;255;0;0;0;0;0;0;0
1182;0;1;1;1;3;2;5;5;8;12;12;3;52;10;52;10;73;10;31;15;89;15;15;23;66;23;37;31;50;43;65;43;38;0;1;1;1;7;6;5;5;8;12;12;3;52;10;52;10;73;10;31;17;88;17;16;23;66;23;37;31;50;43;65;43;38;0;1;1;1;3;2;4;4;5;11;12;3;52;10;52;10;73;10;31;15;89;15;15;20;65;20;38;31;50;39;69;43;38;0;0;0;0;8;2;1;1;1;4;8;2;0;0;0;0;0;0;0;0;0;0;0;0;1;1;1;3;2;4;4;5;12;12;3;52;10;52;10;73;10;31;15;89;15;15;23;66;23;37;31;50;43;65;43;38;0;1;1;1;3;2;5;5;8;12;12;3;52;10;52;10;73;10;31;15;89;15;15;23;66;23;37;31;50;43;65;43;38;0;1;1;1;3;2;5;5;8;12;12;3;52;10;52;10;73;10;31;15;89;15;15;23;66;23;37;31;50;43;65;43;38;0;0;0;1;9;1;1;1;1;2;7;3;0;0;0;0;0;0;0;0;0;0;0;0;1;1;1;3;2;5;5;8;12;12;3;52;10;52;10;73;10;31;15;89;15;15;23;66;23;37;31;50;43;65;43;38;0;1;1;1;7;6;5;5;8;12;12;3;52;10;52;10;73;10;31;17;88;17;16;23;66;23;37;31;50;43;65;43;38;0;1;1;1;3;2;4;4;5;11;12;3;52;10;52;10;73;10;31;15;89;15;15;20;65;20;38;31;50;39;69;43;38;0;0;0;0;8;2;1;1;1;4;8;2;0;0;0;0;0;0;0;0;0;0;0;2;6;5;3;9;11;12;14;17;16;15;1;4;8;18;24;13;7;20;19;22;23;25;0;10;21;26;27;28;29;30;31;32;33;34;35;36;37;38;39;14;9;9;9;9;9;12;255;255;255;0;0;0;0;0;0;0
1183;0;1;1;3;2;4;5;5;7;6;12;3;52;10;63;10;41;12;89;12;15;18;52;27;70;27;34;34;91;34;14;43;52;0;1;1;3;2;4;5;5;10;9;12;3;52;10;63;10;41;12;89;12;15;18;52;27;70;27;34;35;89;35;15;43;52;0;1;1;3;2;4;5;5;7;6;12;3;52;10;63;10;41;12;89;12;15;18;52;27;70;27;34;34;91;34;14;43;52;0;0;1;0;8;2;1;0;1;1;3;3;0;0;0;0;0;0;0;0;0;0;0;0;1;1;3;2;4;5;5;7;6;12;3;52;10;63;10;41;12;89;12;15;18;52;27;70;27;34;34;91;34;14;43;52;0;1;1;3;2;4;5;5;7;6;12;3;52;10;63;10;41;12;89;12;15;18;52;27;70;27;34;34;91;34;14;43;52;0;1;1;3;2;4;4;4;7;6;12;3;52;10;63;10;41;12;89;12;15;18;52;24;72;24;32;34;91;34;14;43;52;0;0;1;0;8;1;1;0;1;1;4;3;0;0;0;0;0;0;0;0;0;0;0;0;1;1;3;2;4;5;5;7;6;12;3;52;10;63;10;41;12;89;12;15;18;52;27;70;27;34;34;91;34;14;43;52;0;1;1;3;2;4;5;5;10;9;12;3;52;10;63;10;41;12;89;12;15;18;52;27;70;27;34;35;89;35;15;43;52;0;1;1;3;2;4;5;5;7;6;12;3;52;10;63;10;41;12;89;12;15;18;52;27;70;27;34;34;91;34;14;43;52;0;0;1;0;8;2;1;0;1;1;3;3;0;0;0;0;0;0;0;0;0;0;0;1;4;13;6;7;8;10;9;17;20;22;0;3;5;14;15;16;25;18;19;24;11;12;2;21;23;26;27;28;29;30;31;32;33;34;35;36;37;38;39;4;9;9;9;9;9;8;255;255;255;0;0;0;0;0;0;0
1184;0;1;1;3;2;4;4;7;6;8;12;3;52;11;64;11;40;13;88;13;16;19;64;19;40;31;88;31;16;31;52;43;52;0;1;1;3;2;5;5;10;9;8;12;3;52;11;64;11;40;13;88;13;16;19;64;19;40;35;90;35;15;31;52;43;52;0;1;1;3;2;4;4;7;6;5;12;3;52;11;64;11;40;13;88;13;16;19;64;19;40;31;88;31;16;28;51;43;52;1;1;0;0;5;2;0;0;1;5;3;2;0;4;0;0;0;0;0;0;0;0;0;0;1;1;3;2;5;5;7;6;8;12;3;52;11;64;11;40;13;88;13;16;19;64;19;40;31;88;31;16;31;52;43;52;0;1;1;3;2;5;5;7;6;8;12;3;52;11;64;11;40;13;88;13;16;19;64;19;40;31;88;31;16;31;52;43;52;0;1;1;3;2;5;5;7;6;8;12;3;52;11;64;11;40;13;88;13;16;19;64;19;40;31;88;31;16;31;52;43;52;1;1;0;0;6;2;0;0;1;4;4;3;0;4;0;0;0;0;0;0;0;0;0;0;1;1;3;2;4;4;7;6;8;12;3;52;11;64;11;40;13;88;13;16;19;64;19;40;31;88;31;16;31;52;43;52;0;1;1;3;2;5;5;10;9;8;12;3;52;11;64;11;40;13;88;13;16;19;64;19;40;35;90;35;15;31;52;43;52;0;1;1;3;2;4;4;7;6;5;12;3;52;11;64;11;40;13;88;13;16;19;64;19;40;31;88;31;16;28;51;43;52;1;1;0;0;5;2;0;0;1;5;3;2;0;4;0;0;0;0;0;0;0;0;0;2;6;3;10;8;12;11;22;19;18;23;0;4;5;9;13;14;16;17;20;15;24;25;1;7;21;26;27;28;29;30;31;32;33;34;35;36;37;38;39;23;18;10;18;18;18;8;255;255;255;0;0;0;0;0;0;0
1195;0;1;1;3;2;4;5;5;10;9;12;3;52;10;63;10;41;12;89;12;15;20;52;26;78;26;26;37;85;37;19;43;52;0;1;1;3;2;4;8;8;10;9;12;3;52;10;63;10;41;12;89;12;15;20;52;29;71;29;32;37;85;37;19;43;52;0;1;1;3;2;4;5;5;10;9;12;3;52;10;63;10;41;12;89;12;15;20;52;26;78;26;26;37;90;37;14;43;52;1;1;0;1;3;3;0;1;0;7;6;2;0;1;0;0;0;0;0;0;0;0;0;0;1;1;3;2;4;4;5;7;6;12;3;52;10;63;10;41;12;89;12;15;22;66;22;38;32;52;34;91;34;13;43;52;0;1;1;3;2;5;5;8;7;6;12;3;52;10;63;10;41;12;89;12;15;22;66;22;38;32;52;34;89;34;15;43;52;0;1;1;3;2;4;4;5;7;6;12;3;52;10;63;10;41;12;89;12;15;22;66;22;38;32;52;31;94;30;10;43;52;1;1;1;0;4;2;1;0;1;6;7;2;0;1;0;0;0;0;0;0;0;0;0;0;1;1;3;2;4;5;5;10;9;12;3;52;10;63;10;41;12;89;12;15;20;52;26;78;26;26;37;85;37;19;43;52;0;1;1;3;2;4;8;8;10;9;12;3;52;10;63;10;41;12;89;12;15;20;52;29;71;29;32;37;85;37;19;43;52;0;1;1;3;2;4;5;5;10;9;12;3;52;10;63;10;41;12;89;12;15;20;52;26;78;26;26;37;90;37;14;43;52;1;1;0;1;3;3;0;1;0;7;6;2;0;1;0;0;0;0;0;0;0;0;0;1;5;6;11;10;13;18;15;23;19;20;0;7;31;9;29;14;12;17;22;21;24;30;2;3;4;28;32;8;16;27;25;26;33;34;35;36;37;38;39;15;23;15;23;23;15;5;255;255;255;0;0;0;0;0;0;0
1196;0;1;1;1;4;5;5;6;7;12;12;3;52;10;52;10;73;10;31;18;52;23;35;23;69;32;15;32;89;43;66;43;38;0;1;1;1;4;5;5;6;7;12;12;3;52;10;52;10;73;10;31;18;52;26;37;26;67;34;14;34;90;43;66;43;38;0;1;1;1;4;5;5;2;3;11;12;3;52;10;52;10;73;10;31;18;52;23;35;23;69;15;13;15;91;40;64;43;38;1;1;1;1;2;3;1;1;0;8;4;2;0;5;0;12;0;0;0;0;0;0;0;0;1;1;3;2;4;5;5;8;8;12;3;52;11;64;11;40;13;88;13;16;19;52;25;68;25;36;32;77;32;27;43;52;0;1;1;3;2;4;5;5;11;11;12;3;52;11;64;11;40;13;88;13;16;19;52;25;68;25;36;36;79;36;25;43;52;0;1;1;3;2;4;5;5;8;8;12;3;52;11;64;11;40;13;88;13;16;19;52;25;68;25;36;32;77;32;27;43;52;1;1;1;0;3;2;1;0;1;7;5;3;0;5;0;12;0;0;0;0;0;0;0;0;1;1;1;4;5;5;6;7;12;12;3;52;10;52;10;73;10;31;18;52;23;35;23;69;32;15;32;89;43;66;43;38;0;1;1;1;4;5;5;6;7;12;12;3;52;10;52;10;73;10;31;18;52;26;37;26;67;34;14;34;90;43;66;43;38;0;1;1;1;4;5;5;2;3;11;12;3;52;10;52;10;73;10;31;18;52;23;35;23;69;15;13;15;91;40;64;43;38;1;1;1;1;2;3;1;1;0;8;4;2;0;5;0;12;0;0;0;0;0;0;0;0;7;6;4;16;15;17;9;18;25;26;2;5;8;11;14;13;19;20;22;23;21;28;1;3;10;12;29;24;27;30;31;32;33;34;35;36;37;38;39;0;9;9;9;9;9;16;255;255;255;0;0;0;0;0;0;0
1197;0;1;1;3;2;4;4;7;6;12;12;3;52;10;63;10;41;12;89;12;15;20;64;20;40;30;87;30;18;43;66;43;38;0;1;1;3;2;5;5;7;6;12;12;3;52;10;63;10;41;12;89;12;15;25;67;25;37;30;87;30;18;43;66;43;38;0;1;1;3;2;4;4;7;6;11;12;3;52;10;63;10;41;12;89;12;15;20;64;20;40;30;87;30;18;39;70;43;38;1;1;0;1;5;3;0;0;1;6;7;2;0;1;0;16;0;0;0;0;0;0;0;0;1;1;3;2;4;4;7;6;11;12;3;52;10;63;10;41;12;89;12;15;20;64;20;40;30;87;30;18;39;64;43;38;0;1;1;3;2;4;4;7;6;12;12;3;52;10;63;10;41;12;89;12;15;20;64;20;40;30;87;30;18;43;66;43;38;0;1;1;3;2;4;4;7;6;11;12;3;52;10;63;10;41;12;89;12;15;20;64;20;40;30;87;30;18;38;67;43;38;0;1;0;0;6;2;1;0;1;5;8;3;0;1;0;16;0;0;0;0;0;0;0;0;1;1;3;2;4;4;7;6;12;12;3;52;10;63;10;41;12;89;12;15;20;64;20;40;30;87;30;18;43;66;43;38;0;1;1;3;2;5;5;7;6;12;12;3;52;10;63;10;41;12;89;12;15;25;67;25;37;30;87;30;18;43;66;43;38;0;1;1;3;2;4;4;7;6;11;12;3;52;10;63;10;41;12;89;12;15;20;64;20;40;30;87;30;18;39;70;43;38;1;1;0;1;5;3;0;0;1;6;7;2;0;1;0;16;0;0;0;0;0;0;0;0;6;7;13;10;17;16;22;21;29;25;1;4;8;12;18;19;20;14;23;26;27;35;2;3;33;9;11;32;34;5;31;15;24;28;30;36;37;38;39;0;17;17;17;17;17;7;255;255;255;0;0;0;0;0;0;0
1200;0;1;1;1;4;5;5;8;10;9;12;3;52;10;52;10;73;10;31;18;52;22;77;22;27;31;53;42;85;42;19;43;52;0;1;1;1;4;5;5;8;10;9;12;3;52;10;52;10;73;10;31;18;52;26;78;26;25;31;53;42;85;42;19;43;52;0;1;1;1;4;4;4;5;10;9;12;3;52;10;52;10;73;10;31;18;52;22;77;22;27;25;52;37;85;37;19;43;52;0;1;0;0;4;2;1;1;1;6;7;3;0;7;0;12;0;0;0;0;0;0;0;0;1;1;1;3;2;4;4;7;6;12;3;52;10;52;10;73;10;31;15;89;15;15;20;64;20;40;34;84;34;19;43;52;0;1;1;1;3;2;5;5;7;6;12;3;52;10;52;10;73;10;31;15;89;15;15;24;64;24;39;34;84;34;19;43;52;0;1;1;1;3;2;4;4;7;6;12;3;52;10;52;10;73;10;31;15;89;15;15;20;64;20;40;34;84;34;19;43;52;0;0;0;0;5;2;1;1;1;5;8;3;0;7;0;12;0;0;0;0;0;0;0;0;1;1;1;4;5;5;8;10;9;12;3;52;10;52;10;73;10;31;18;52;22;77;22;27;31;53;42;85;42;19;43;52;0;1;1;1;4;5;5;8;10;9;12;3;52;10;52;10;73;10;31;18;52;26;78;26;25;31;53;42;85;42;19;43;52;0;1;1;1;4;4;4;5;10;9;12;3;52;10;52;10;73;10;31;18;52;22;77;22;27;25;52;37;85;37;19;43;52;0;1;0;0;4;2;1;1;1;6;7;3;0;7;0;12;0;0;0;0;0;0;0;1;4;5;7;13;20;15;19;24;21;26;0;6;9;30;12;14;16;17;22;18;27;28;2;3;8;31;10;11;23;25;29;32;33;34;35;36;37;38;39;19;20;13;20;20;20;21;255;255;255;0;0;0;0;0;0;0
1203;0;1;1;3;2;4;4;5;10;9;12;3;52;10;63;10;41;12;89;12;15;20;64;20;39;28;51;37;85;37;18;43;52;0;1;1;3;2;4;4;8;10;9;12;3;52;10;63;10;41;12;89;12;15;20;64;20;39;28;51;37;85;37;18;43;52;0;1;1;3;2;4;4;5;10;9;12;3;52;10;63;10;41;12;89;12;15;20;64;20;39;28;51;36;88;36;16;43;52;1;1;1;1;5;2;0;0;1;5;5;2;0;5;0;12;0;0;0;0;0;0;0;0;1;1;3;2;4;4;5;7;6;12;3;52;10;63;10;41;12;89;12;15;20;64;20;39;27;52;27;93;27;11;43;52;0;1;1;3;2;4;4;8;10;9;12;3;52;10;63;10;41;12;89;12;15;20;64;20;39;27;52;35;91;35;14;43;52;0;1;1;3;2;4;4;5;7;6;12;3;52;10;63;10;41;12;89;12;15;20;64;20;39;27;52;27;93;27;11;43;52;1;1;1;0;6;1;1;0;1;4;6;2;0;5;0;12;0;0;0;0;0;0;0;0;1;1;3;2;4;4;5;10;9;12;3;52;10;63;10;41;12;89;12;15;20;64;20;39;28;51;37;85;37;18;43;52;0;1;1;3;2;4;4;8;10;9;12;3;52;10;63;10;41;12;89;12;15;20;64;20;39;28;51;37;85;37;18;43;52;0;1;1;3;2;4;4;5;10;9;12;3;52;10;63;10;41;12;89;12;15;20;64;20;39;28;51;36;88;36;16;43;52;1;1;1;1;5;2;0;0;1;5;5;2;0;5;0;12;0;0;0;0;0;0;0;0;5;4;13;11;17;15;18;22;19;26;2;6;7;8;14;12;16;20;21;24;23;25;1;3;9;10;27;28;29;30;31;32;33;34;35;36;37;38;39;4;17;17;17;17;26;18;255;255;255;0;0;0;0;0;0;0
1207;0;1;1;3;2;4;4;7;6;12;12;3;52;10;63;10;41;12;89;12;15;20;64;20;40;30;87;30;18;43;67;43;38;0;1;1;3;2;5;5;7;6;12;12;3;52;10;63;10;41;12;89;12;15;24;65;24;41;30;87;30;18;43;67;43;38;0;1;1;3;2;4;4;7;6;11;12;3;52;10;63;10;41;12;89;12;15;20;64;20;40;30;87;30;18;38;68;43;38;1;1;1;1;4;3;0;1;0;3;5;2;0;1;0;12;0;0;0;0;0;0;0;0;1;1;3;2;4;4;7;6;5;12;3;52;10;63;10;41;12;89;12;15;18;64;18;40;30;86;30;18;29;51;43;52;0;1;1;3;2;4;4;10;9;8;12;3;52;10;63;10;41;12;89;12;15;18;64;18;40;35;87;35;17;34;52;43;52;0;1;1;3;2;4;4;7;6;5;12;3;52;10;63;10;41;12;89;12;15;18;64;18;40;30;86;30;18;28;51;43;52;1;1;1;1;5;1;1;1;0;2;6;2;0;1;0;12;0;0;0;0;0;0;0;0;1;1;3;2;4;4;7;6;12;12;3;52;10;63;10;41;12;89;12;15;20;64;20;40;30;87;30;18;43;67;43;38;0;1;1;3;2;5;5;7;6;12;12;3;52;10;63;10;41;12;89;12;15;24;65;24;41;30;87;30;18;43;67;43;38;0;1;1;3;2;4;4;7;6;11;12;3;52;10;63;10;41;12;89;12;15;20;64;20;40;30;87;30;18;38;68;43;38;1;1;1;1;4;3;0;1;0;3;5;2;0;1;0;12;0;0;0;0;0;0;0;0;4;3;9;7;15;11;22;6;23;25;1;5;8;10;12;13;14;16;18;20;24;26;2;19;21;17;27;28;29;30;31;32;33;34;35;36;37;38;39;0;9;9;9;9;9;3;255;255;255;0;0;0;0;0;0;0
1208;0;1;1;3;2;4;5;5;10;9;12;3;52;11;64;11;40;13;88;13;16;21;52;25;72;25;32;39;84;39;20;43;52;0;1;1;3;2;5;5;5;10;9;12;3;52;11;64;11;40;13;88;13;16;25;52;25;72;25;32;39;84;39;20;43;52;0;1;1;3;2;4;5;5;8;8;12;3;52;11;64;11;40;13;88;13;16;21;52;25;72;25;32;34;81;34;23;43;52;1;1;1;1;6;3;1;1;1;3;2;2;0;4;0;139637976727552;0;0;0;0;0;0;0;0;1;1;3;2;4;4;5;7;6;12;3;52;11;64;11;40;13;88;13;16;21;64;21;40;29;51;34;89;34;15;43;52;0;1;1;3;2;4;4;5;10;9;12;3;52;11;64;11;40;13;88;13;16;21;64;21;40;29;51;39;84;39;20;43;52;0;1;1;3;2;4;4;5;7;6;11;3;52;11;64;11;40;13;88;13;16;21;64;21;40;29;51;32;89;32;17;43;52;1;1;1;1;7;1;1;1;1;2;3;2;0;4;0;16;0;0;0;0;0;0;0;0;1;1;3;2;4;5;5;10;9;12;3;52;11;64;11;40;13;88;13;16;21;52;25;72;25;32;39;84;39;20;43;52;0;1;1;3;2;5;5;5;10;9;12;3;52;11;64;11;40;13;88;13;16;25;52;25;72;25;32;39;84;39;20;43;52;0;1;1;3;2;4;5;5;8;8;12;3;52;11;64;11;40;13;88;13;16;21;52;25;72;25;32;34;81;34;23;43;52;1;1;1;1;6;3;1;1;1;3;2;2;0;4;0;139637976727552;0;0;0;0;0;0;0;0;4;3;9;5;11;16;14;23;21;26;1;2;8;10;13;12;7;15;20;27;6;28;17;18;22;24;25;19;29;30;31;32;33;34;35;36;37;38;39;0;9;9;9;9;9;11;255;255;255;0;0;0;0;0;0;0
1212;0;1;1;3;2;4;5;5;10;9;12;3;52;10;63;10;40;13;91;13;13;19;52;27;67;27;36;39;84;39;20;43;52;0;1;1;3;2;4;8;8;10;9;12;3;52;10;63;10;40;13;91;13;13;19;52;30;64;30;38;39;84;39;20;43;52;0;1;1;3;2;4;5;5;10;9;12;3;52;10;63;10;40;13;91;13;13;19;52;27;67;27;36;39;84;39;20;43;52;0;0;1;1;5;2;1;0;0;4;6;2;0;9;0;0;0;0;0;0;0;0;0;0;1;1;3;2;4;4;5;7;6;12;3;52;9;63;9;40;12;91;12;13;20;64;20;40;27;52;34;89;34;10;43;52;0;1;1;3;2;4;4;5;10;9;12;3;52;9;63;9;40;12;91;12;13;20;64;20;40;27;52;39;84;39;20;43;52;0;1;1;3;2;4;4;5;7;6;12;3;52;9;63;9;40;12;91;12;13;20;64;20;40;27;52;33;94;33;10;43;52;0;0;1;0;6;2;1;1;0;3;5;3;0;9;0;0;0;0;0;0;0;0;0;0;1;1;3;2;4;5;5;10;9;12;3;52;10;63;10;40;13;91;13;13;19;52;27;67;27;36;39;84;39;20;43;52;0;1;1;3;2;4;8;8;10;9;12;3;52;10;63;10;40;13;91;13;13;19;52;30;64;30;38;39;84;39;20;43;52;0;1;1;3;2;4;5;5;10;9;12;3;52;10;63;10;40;13;91;13;13;19;52;27;67;27;36;39;84;39;20;43;52;0;0;1;1;5;2;1;0;0;4;6;2;0;9;0;0;0;0;0;0;0;0;0;0;3;5;9;6;15;11;12;23;18;25;1;2;7;4;28;13;14;16;19;24;26;29;8;10;17;30;20;22;21;27;31;32;33;34;35;36;37;38;39;23;23;15;23;23;25;6;255;255;255;0;0;0;0;0;0;0
1216;0;1;1;3;2;4;5;5;10;9;12;3;52;10;63;10;41;12;89;12;15;18;52;27;77;27;27;36;91;36;14;43;52;0;1;1;3;2;4;5;5;10;9;12;3;52;10;63;10;41;15;90;15;15;18;52;27;77;27;27;42;85;42;19;43;52;0;1;1;3;2;4;4;4;10;9;12;3;52;10;63;10;41;12;89;12;15;18;52;24;77;24;27;35;88;35;16;43;52;0;1;1;1;2;2;0;0;1;3;5;2;0;5;0;12;0;0;0;0;0;0;0;0;1;1;3;2;4;5;5;7;6;12;3;52;10;63;10;41;12;89;12;15;18;52;27;77;27;27;33;94;33;10;43;52;0;1;1;3;2;4;5;5;10;9;12;3;52;10;63;10;41;12;89;12;15;18;52;27;77;27;27;36;88;36;17;43;52;0;1;1;3;2;4;5;5;7;6;12;3;52;10;63;10;41;12;89;12;15;18;52;27;77;27;27;33;94;33;10;43;52;0;1;1;1;4;2;0;0;1;4;2;2;0;5;0;12;0;0;0;0;0;0;0;0;1;1;3;2;4;5;5;10;9;12;3;52;10;63;10;41;12;89;12;15;18;52;27;77;27;27;36;91;36;14;43;52;0;1;1;3;2;4;5;5;10;9;12;3;52;10;63;10;41;15;90;15;15;18;52;27;77;27;27;42;85;42;19;43;52;0;1;1;3;2;4;4;4;10;9;12;3;52;10;63;10;41;12;89;12;15;18;52;24;77;24;27;35;88;35;16;43;52;0;1;1;1;2;2;0;0;1;3;5;2;0;5;0;12;0;0;0;0;0;0;0;0;3;14;11;8;24;16;17;19;18;22;1;4;6;7;12;9;10;13;15;20;23;21;2;5;25;26;27;28;29;30;31;32;33;34;35;36;37;38;39;14;8;17;17;17;8;16;255;255;255;0;0;0;0;0;0;0
1217;0;1;1;3;2;5;5;7;6;12;12;3;52;10;63;10;41;12;89;12;15;20;64;20;40;30;87;30;18;43;66;43;38;0;1;1;3;2;8;8;7;6;12;12;3;52;10;63;10;41;12;89;12;15;27;67;27;37;30;87;30;18;43;66;43;38;0;1;1;3;2;5;5;7;6;11;12;3;52;10;63;10;41;12;89;12;15;20;64;20;40;30;87;30;18;39;66;43;38;1;1;1;1;5;2;0;0;1;8;3;2;0;4;0;16;0;0;0;0;0;0;0;0;1;1;3;2;4;4;7;6;12;12;3;52;10;63;10;41;12;89;12;15;20;64;20;40;30;87;30;18;43;66;43;38;0;1;1;3;2;5;5;7;6;12;12;3;52;10;63;10;41;12;89;12;15;20;64;20;40;30;87;30;18;43;66;43;38;0;1;1;3;2;4;4;7;6;12;12;3;52;10;63;10;41;12;89;12;15;20;64;20;40;30;87;30;18;43;66;43;38;1;1;1;1;6;2;0;0;1;7;9;2;0;4;0;16;0;0;0;0;0;0;0;0;1;1;3;2;5;5;7;6;12;12;3;52;10;63;10;41;12;89;12;15;20;64;20;40;30;87;30;18;43;66;43;38;0;1;1;3;2;8;8;7;6;12;12;3;52;10;63;10;41;12;89;12;15;27;67;27;37;30;87;30;18;43;66;43;38;0;1;1;3;2;5;5;7;6;11;12;3;52;10;63;10;41;12;89;12;15;20;64;20;40;30;87;30;18;39;66;43;38;1;1;1;1;5;2;0;0;1;8;3;2;0;4;0;16;0;0;0;0;0;0;0;0;3;7;9;6;12;13;16;18;24;23;1;4;8;10;11;14;15;17;19;21;22;25;2;5;20;26;27;28;29;30;31;32;33;34;35;36;37;38;39;0;9;9;9;9;9;13;255;255;255;0;0;0;0;0;0;0
1218;0;1;1;3;2;4;5;5;10;9;12;3;52;10;63;10;41;12;89;12;15;18;52;27;68;27;36;36;90;36;14;43;52;0;1;1;3;2;4;8;8;10;9;12;3;52;10;63;10;41;12;89;12;15;18;52;34;64;34;42;36;90;36;14;43;52;0;1;1;3;2;4;5;5;7;6;12;3;52;10;63;10;41;12;89;12;15;18;52;27;68;27;36;34;94;34;10;43;52;1;1;1;1;6;3;0;1;1;7;7;2;0;7;0;12;0;0;0;0;0;0;0;0;1;1;3;2;4;4;5;7;6;12;3;52;10;63;10;41;12;89;12;15;18;64;18;40;26;51;32;93;32;11;43;52;0;1;1;3;2;4;4;8;10;9;12;3;52;10;63;10;41;12;89;12;15;18;64;18;40;31;51;36;93;36;10;43;52;0;1;1;3;2;4;4;5;7;6;12;3;52;10;63;10;41;12;89;12;15;18;64;18;40;26;51;32;93;32;11;43;52;1;1;1;1;7;2;0;1;1;6;8;2;0;7;0;12;0;0;0;0;0;0;0;0;1;1;3;2;4;5;5;10;9;12;3;52;10;63;10;41;12;89;12;15;18;52;27;68;27;36;36;90;36;14;43;52;0;1;1;3;2;4;8;8;10;9;12;3;52;10;63;10;41;12;89;12;15;18;52;34;64;34;42;36;90;36;14;43;52;0;1;1;3;2;4;5;5;7;6;12;3;52;10;63;10;41;12;89;12;15;18;52;27;68;27;36;34;94;34;10;43;52;1;1;1;1;6;3;0;1;1;7;7;2;0;7;0;12;0;0;0;0;0;0;0;0;6;5;13;9;15;19;16;12;22;24;4;7;8;10;11;14;17;18;20;21;23;25;1;2;3;26;27;28;29;30;31;32;33;34;35;36;37;38;39;15;9;9;9;9;9;6;255;255;255;0;0;0;0;0;0;0
1219;0;1;1;3;2;4;5;5;10;9;12;3;52;9;64;9;39;11;93;11;12;18;52;23;73;23;31;38;90;38;15;42;52;0;1;1;3;2;4;8;8;10;9;12;3;52;9;64;9;39;15;89;15;15;18;52;26;73;26;31;38;90;38;15;42;52;0;1;1;3;2;4;5;5;10;9;12;3;52;9;64;9;39;11;93;11;12;18;52;23;73;23;31;36;89;36;15;42;52;0;0;0;0;8;2;1;0;1;5;8;2;0;7;0;11;0;0;0;0;0;0;0;0;1;1;3;2;4;5;5;7;6;12;3;52;9;64;9;39;11;90;11;14;18;52;23;73;23;31;28;95;28;11;42;52;0;1;1;3;2;4;5;5;10;9;12;3;52;9;64;9;39;11;90;11;14;18;52;23;73;23;31;35;94;35;10;42;52;0;1;1;3;2;4;4;4;7;6;12;3;52;9;64;9;39;11;90;11;14;18;52;23;73;23;31;28;95;28;11;42;52;0;0;1;1;7;2;1;1;1;4;7;3;0;7;0;11;0;0;0;0;0;0;0;0;1;1;3;2;4;5;5;10;9;12;3;52;9;64;9;39;11;93;11;12;18;52;23;73;23;31;38;90;38;15;42;52;0;1;1;3;2;4;8;8;10;9;12;3;52;9;64;9;39;15;89;15;15;18;52;26;73;26;31;38;90;38;15;42;52;0;1;1;3;2;4;5;5;10;9;12;3;52;9;64;9;39;11;93;11;12;18;52;23;73;23;31;36;89;36;15;42;52;0;0;0;0;8;2;1;0;1;5;8;2;0;7;0;11;0;0;0;0;0;0;0;0;6;4;12;9;15;18;20;22;23;25;1;5;8;10;11;13;16;14;19;21;26;27;2;30;3;7;24;17;29;28;31;32;33;34;35;36;37;38;39;12;9;9;9;9;9;20;255;255;255;0;0;0;0;0;0;0
1220;0;1;1;1;4;4;7;6;8;12;12;3;52;10;52;10;73;10;31;18;64;18;40;30;86;30;18;32;52;43;66;43;38;0;1;1;1;5;5;7;6;8;12;12;3;52;10;52;10;73;10;31;21;65;21;39;30;86;30;18;32;52;43;66;43;38;0;1;1;1;4;4;7;6;8;11;12;3;52;10;52;10;73;10;31;18;64;18;40;20;89;20;15;32;52;39;71;43;38;0;0;1;0;9;2;0;1;0;6;9;2;0;0;0;0;0;0;0;0;0;0;0;0;1;1;3;2;4;4;7;6;8;12;3;52;10;63;10;41;12;89;12;15;20;64;20;41;30;89;30;15;30;53;42;52;0;1;1;3;2;4;4;7;6;11;12;3;52;10;63;10;41;12;89;12;15;20;64;20;41;30;89;30;15;35;52;42;52;0;1;1;3;2;4;4;7;6;8;12;3;52;10;63;10;41;12;89;12;15;20;64;20;41;30;89;30;15;30;53;42;52;0;0;1;0;4;2;0;1;0;5;6;2;0;0;0;0;0;0;0;0;0;0;0;0;1;1;1;4;4;7;6;8;12;12;3;52;10;52;10;73;10;31;18;64;18;40;30;86;30;18;32;52;43;66;43;38;0;1;1;1;5;5;7;6;8;12;12;3;52;10;52;10;73;10;31;21;65;21;39;30;86;30;18;32;52;43;66;43;38;0;1;1;1;4;4;7;6;8;11;12;3;52;10;52;10;73;10;31;18;64;18;40;20;89;20;15;32;52;39;71;43;38;0;0;1;0;9;2;0;1;0;6;9;2;0;0;0;0;0;0;0;0;0;0;0;0;5;4;3;8;10;18;16;21;23;22;1;2;6;9;13;14;24;11;12;19;20;17;7;15;25;26;27;28;29;30;31;32;33;34;35;36;37;38;39;21;21;21;21;21;21;22;255;255;255;0;0;0;0;0;0;0
1221;0;1;1;3;2;4;5;5;7;6;12;3;52;10;63;10;41;12;89;12;15;19;52;25;70;25;33;34;88;34;17;43;52;0;1;1;3;2;4;5;5;10;9;12;3;52;10;63;10;41;12;89;12;15;20;52;25;70;25;33;41;88;41;16;43;52;0;1;1;3;2;4;4;4;7;6;12;3;52;10;63;10;41;12;89;12;15;19;51;23;75;23;29;29;94;29;10;43;52;0;0;1;1;6;2;1;1;1;3;7;2;0;7;0;12;0;0;0;0;0;0;0;0;1;1;3;2;4;4;5;7;6;12;3;52;10;63;10;41;12;89;12;15;20;64;20;40;27;52;27;94;27;10;43;52;0;1;1;3;2;4;4;5;10;9;12;3;52;10;63;10;41;12;89;12;15;20;64;20;40;27;52;35;94;35;10;43;52;0;1;1;3;2;4;4;5;7;6;12;3;52;10;63;10;41;12;89;12;15;20;64;20;40;27;52;27;94;27;10;43;52;0;0;1;1;7;2;1;1;1;2;8;3;0;7;0;12;0;0;0;0;0;0;0;0;1;1;3;2;4;5;5;7;6;12;3;52;10;63;10;41;12;89;12;15;19;52;25;70;25;33;34;88;34;17;43;52;0;1;1;3;2;4;5;5;10;9;12;3;52;10;63;10;41;12;89;12;15;20;52;25;70;25;33;41;88;41;16;43;52;0;1;1;3;2;4;4;4;7;6;12;3;52;10;63;10;41;12;89;12;15;19;51;23;75;23;29;29;94;29;10;43;52;0;0;1;1;6;2;1;1;1;3;7;2;0;7;0;12;0;0;0;0;0;0;0;0;7;4;10;9;16;18;13;17;24;27;1;3;5;8;11;14;15;19;21;26;23;28;2;6;12;20;25;22;29;30;31;32;33;34;35;36;37;38;39;17;9;9;9;9;9;10;255;255;255;0;0;0;0;0;0;0
1222;0;1;1;1;4;5;5;6;7;8;12;3;52;10;52;10;73;10;31;18;52;23;35;23;69;27;13;27;91;33;52;42;53;0;1;1;1;4;5;5;6;7;11;12;3;52;10;52;10;73;10;31;18;52;27;35;27;69;27;13;27;91;35;52;42;53;0;1;1;1;4;5;5;2;3;8;12;3;52;10;52;10;73;10;31;18;52;23;35;23;69;15;13;15;91;33;52;42;53;0;1;1;0;3;2;1;1;1;3;3;2;0;1;0;139637976727552;0;0;0;0;0;0;0;0;1;1;1;3;2;5;5;8;8;12;3;52;10;52;10;73;10;31;15;89;15;15;20;64;20;40;34;80;34;25;43;52;0;1;1;1;3;2;5;5;11;11;12;3;52;10;52;10;73;10;31;15;89;15;15;20;64;20;40;36;79;36;25;43;52;0;1;1;1;3;2;4;4;8;8;12;3;52;10;52;10;73;10;31;15;89;15;15;20;64;20;40;34;80;34;25;43;52;0;1;1;0;6;2;1;1;1;5;5;2;0;1;0;139637976727552;0;0;0;0;0;0;0;0;1;1;1;4;5;5;6;7;8;12;3;52;10;52;10;73;10;31;18;52;23;35;23;69;27;13;27;91;33;52;42;53;0;1;1;1;4;5;5;6;7;11;12;3;52;10;52;10;73;10;31;18;52;27;35;27;69;27;13;27;91;35;52;42;53;0;1;1;1;4;5;5;2;3;8;12;3;52;10;52;10;73;10;31;18;52;23;35;23;69;15;13;15;91;33;52;42;53;0;1;1;0;3;2;1;1;1;3;3;2;0;1;0;139637976727552;0;0;0;0;0;0;0;0;4;5;3;11;13;15;22;9;18;24;1;2;6;7;8;12;14;17;16;19;21;23;10;20;25;26;27;28;29;30;31;32;33;34;35;36;37;38;39;5;9;9;9;9;9;15;255;255;255;0;0;0;0;0;0;0
1223;0;1;1;3;2;5;5;8;10;9;12;3;52;10;63;10;41;12;89;12;15;22;70;22;31;32;52;42;85;42;19;43;52;0;1;1;3;2;5;5;8;10;9;12;3;52;10;63;10;41;12;89;12;15;22;70;22;31;32;52;42;85;42;19;43;52;0;1;1;3;2;4;4;8;8;8;12;3;52;10;63;10;41;12;89;12;15;22;70;22;31;32;52;34;79;34;25;43;52;1;1;0;0;4;3;0;1;1;4;7;2;0;0;0;0;0;0;0;0;0;0;0;0;1;1;3;2;4;4;8;10;9;12;3;52;10;63;10;41;12;89;12;15;22;70;22;31;32;52;42;85;42;19;43;52;0;1;1;3;2;4;4;8;10;9;12;3;52;10;63;10;41;12;89;12;15;22;70;22;31;32;52;42;85;42;19;43;52;0;1;1;3;2;4;4;8;10;9;12;3;52;10;63;10;41;12;89;12;15;22;70;22;31;32;52;42;85;42;19;43;52;1;1;1;0;6;2;0;1;1;3;2;3;0;0;0;0;0;0;0;0;0;0;0;0;1;1;3;2;5;5;8;10;9;12;3;52;10;63;10;41;12;89;12;15;22;70;22;31;32;52;42;85;42;19;43;52;0;1;1;3;2;5;5;8;10;9;12;3;52;10;63;10;41;12;89;12;15;22;70;22;31;32;52;42;85;42;19;43;52;0;1;1;3;2;4;4;8;8;8;12;3;52;10;63;10;41;12;89;12;15;22;70;22;31;32;52;34;79;34;25;43;52;1;1;0;0;4;3;0;1;1;4;7;2;0;0;0;0;0;0;0;0;0;0;0;0;5;3;10;8;13;15;17;19;18;23;1;4;6;9;11;12;14;16;20;21;22;24;2;7;25;26;27;28;29;30;31;32;33;34;35;36;37;38;39;0;17;5;13;13;23;8;255;255;255;0;0;0;0;0;0;0
1230;0;1;1;3;2;5;8;8;10;9;12;3;52;10;63;10;41;12;89;12;15;24;52;29;75;29;28;36;86;36;18;43;52;0;1;1;3;2;5;8;8;10;9;12;3;52;10;63;10;41;12;89;12;15;24;52;29;75;29;28;40;90;40;14;43;52;0;1;1;3;2;4;5;5;7;6;12;3;52;10;63;10;41;12;89;12;15;19;51;25;77;25;26;34;89;34;16;43;52;0;0;0;1;7;3;1;0;1;4;6;2;0;7;0;12;0;0;0;0;0;0;0;0;1;1;3;2;4;5;5;10;9;12;3;52;10;63;10;41;12;89;12;15;20;52;29;75;29;28;36;86;36;18;43;52;0;1;1;3;2;4;8;8;10;9;12;3;52;10;63;10;41;12;89;12;15;20;52;29;75;29;28;36;86;36;18;43;52;0;1;1;3;2;4;5;5;10;9;12;3;52;10;63;10;41;12;89;12;15;20;52;29;75;29;28;36;86;36;18;43;52;0;0;0;1;8;2;1;0;1;3;7;2;0;7;0;12;0;0;0;0;0;0;0;0;1;1;3;2;5;8;8;10;9;12;3;52;10;63;10;41;12;89;12;15;24;52;29;75;29;28;36;86;36;18;43;52;0;1;1;3;2;5;8;8;10;9;12;3;52;10;63;10;41;12;89;12;15;24;52;29;75;29;28;40;90;40;14;43;52;0;1;1;3;2;4;5;5;7;6;12;3;52;10;63;10;41;12;89;12;15;19;51;25;77;25;26;34;89;34;16;43;52;0;0;0;1;7;3;1;0;1;4;6;2;0;7;0;12;0;0;0;0;0;0;0;0;5;4;13;11;16;22;27;26;23;29;1;6;7;10;14;18;19;20;28;25;24;30;2;3;8;9;12;15;17;21;31;32;33;34;35;36;37;38;39;0;22;22;22;22;29;5;255;255;255;0;0;0;0;0;0;0
1232;0;1;1;3;2;4;5;5;10;9;12;3;52;10;63;10;41;12;89;12;15;18;52;25;70;25;34;37;91;37;13;43;52;0;1;1;3;2;4;8;8;10;9;12;3;52;10;63;10;41;12;89;12;15;18;52;29;74;29;28;37;91;37;13;43;52;0;1;1;3;2;4;5;5;10;9;12;3;52;10;63;10;41;12;89;12;15;18;52;24;76;24;28;35;94;35;10;43;52;1;1;0;1;3;2;1;1;0;7;6;2;0;9;0;12;0;0;0;0;0;0;0;0;1;1;3;2;4;5;5;10;9;12;3;52;10;63;10;41;12;89;12;15;18;52;32;70;32;34;37;91;37;13;43;52;0;1;1;3;2;4;8;8;10;9;12;3;52;10;63;10;41;12;89;12;15;18;52;32;70;32;34;37;91;37;13;43;52;0;1;1;3;2;4;5;5;10;9;12;3;52;10;63;10;41;12;89;12;15;18;52;32;70;32;34;37;91;37;13;43;52;1;1;1;1;4;2;0;1;0;7;7;2;0;9;0;12;0;0;0;0;0;0;0;0;1;1;3;2;4;5;5;10;9;12;3;52;10;63;10;41;12;89;12;15;18;52;25;70;25;34;37;91;37;13;43;52;0;1;1;3;2;4;8;8;10;9;12;3;52;10;63;10;41;12;89;12;15;18;52;29;74;29;28;37;91;37;13;43;52;0;1;1;3;2;4;5;5;10;9;12;3;52;10;63;10;41;12;89;12;15;18;52;24;76;24;28;35;94;35;10;43;52;1;1;0;1;3;2;1;1;0;7;6;2;0;9;0;12;0;0;0;0;0;0;0;0;5;3;14;10;6;18;15;26;23;31;1;4;7;11;12;13;16;17;25;27;19;29;2;8;9;20;21;22;28;24;30;32;33;34;35;36;37;38;39;5;18;18;18;18;31;10;255;255;255;0;0;0;0;0;0;0
1236;0;1;1;3;2;4;4;7;6;12;12;3;52;10;63;10;41;12;89;12;15;23;67;23;37;32;87;32;18;43;66;43;38;0;1;1;3;2;5;5;7;6;12;12;3;52;10;63;10;41;12;89;12;15;23;67;23;37;32;87;32;18;43;66;43;38;0;1;1;3;2;4;4;8;8;12;12;3;52;10;63;10;41;12;89;12;15;23;67;23;37;34;79;34;25;43;66;43;38;0;0;0;0;4;2;0;0;0;8;6;2;0;2;0;139637976727552;0;0;0;0;0;0;0;0;1;1;3;2;4;8;8;7;6;12;3;52;10;63;10;41;12;89;12;15;20;52;32;70;32;34;32;94;32;10;43;52;0;1;1;3;2;4;8;8;10;9;12;3;52;10;63;10;41;12;89;12;15;20;52;32;70;32;34;38;94;38;10;43;52;0;1;1;3;2;4;5;5;7;6;12;3;52;10;63;10;41;12;89;12;15;20;52;26;72;26;33;32;94;32;10;43;52;0;0;0;0;7;2;0;0;0;7;5;3;0;2;0;16;0;0;0;0;0;0;0;0;1;1;3;2;4;4;7;6;12;12;3;52;10;63;10;41;12;89;12;15;23;67;23;37;32;87;32;18;43;66;43;38;0;1;1;3;2;5;5;7;6;12;12;3;52;10;63;10;41;12;89;12;15;23;67;23;37;32;87;32;18;43;66;43;38;0;1;1;3;2;4;4;8;8;12;12;3;52;10;63;10;41;12;89;12;15;23;67;23;37;34;79;34;25;43;66;43;38;0;0;0;0;4;2;0;0;0;8;6;2;0;2;0;139637976727552;0;0;0;0;0;0;0;2;6;3;9;8;13;12;17;22;23;25;0;4;5;11;7;16;18;19;24;26;27;28;1;35;10;34;15;20;21;14;33;29;30;31;32;36;37;38;39;2;9;9;9;9;9;8;255;255;255;0;0;0;0;0;0;0
1237;0;1;1;3;2;4;8;8;10;9;12;3;52;10;63;10;41;12;89;12;15;20;52;29;64;29;38;36;86;36;18;43;52;0;1;1;3;2;4;8;8;10;9;12;3;52;10;63;10;41;12;89;12;15;20;52;29;64;29;38;36;86;36;18;43;52;0;1;1;3;2;4;5;5;7;6;12;3;52;10;63;10;41;12;89;12;15;20;52;29;64;29;38;34;88;34;16;43;52;1;1;1;1;5;2;0;0;0;7;3;2;0;5;0;0;0;0;0;0;0;0;0;0;1;1;3;2;4;5;5;10;9;12;3;52;10;63;10;41;12;89;12;15;20;52;29;64;29;38;36;86;36;18;43;52;0;1;1;3;2;4;8;8;10;9;12;3;52;10;63;10;41;12;89;12;15;20;52;29;64;29;38;36;86;36;18;43;52;0;1;1;3;2;4;5;5;10;9;12;3;52;10;63;10;41;12;89;12;15;20;52;29;64;29;38;36;86;36;18;43;52;1;1;1;1;6;1;0;0;0;6;2;2;0;5;0;0;0;0;0;0;0;0;0;0;1;1;3;2;4;8;8;10;9;12;3;52;10;63;10;41;12;89;12;15;20;52;29;64;29;38;36;86;36;18;43;52;0;1;1;3;2;4;8;8;10;9;12;3;52;10;63;10;41;12;89;12;15;20;52;29;64;29;38;36;86;36;18;43;52;0;1;1;3;2;4;5;5;7;6;12;3;52;10;63;10;41;12;89;12;15;20;52;29;64;29;38;34;88;34;16;43;52;1;1;1;1;5;2;0;0;0;7;3;2;0;5;0;0;0;0;0;0;0;0;0;0;6;13;10;9;15;20;18;24;22;25;1;4;5;11;12;14;16;19;17;23;26;27;2;3;7;8;30;21;29;28;31;32;33;34;35;36;37;38;39;15;9;9;9;9;9;10;255;255;255;0;0;0;0;0;0;0
1238;0;1;1;3;2;4;5;5;10;9;12;3;52;10;63;10;41;12;89;12;15;18;52;24;78;24;26;36;89;36;16;43;52;0;1;1;3;2;4;8;8;10;9;12;3;52;10;63;10;41;12;89;12;15;18;52;28;66;28;38;36;85;36;19;43;52;0;1;1;3;2;4;5;5;10;9;12;3;52;10;63;10;41;12;89;12;15;18;52;24;78;24;26;36;88;36;16;43;52;1;1;0;0;4;2;1;0;0;5;7;2;0;3;0;12;0;0;0;0;0;0;0;0;1;1;3;2;4;4;7;6;11;12;3;52;10;63;10;41;12;89;12;15;20;64;20;40;26;90;26;14;36;53;43;53;0;1;1;3;2;5;5;7;6;11;12;3;52;10;63;10;41;12;89;12;15;20;64;20;40;26;90;26;14;36;53;43;53;0;1;1;3;2;4;4;7;6;8;12;3;52;10;63;10;41;12;89;12;15;20;64;20;40;26;90;26;14;34;52;43;53;1;0;0;0;5;1;1;0;1;4;8;2;0;3;0;12;0;0;0;0;0;0;0;0;1;1;3;2;4;5;5;10;9;12;3;52;10;63;10;41;12;89;12;15;18;52;24;78;24;26;36;89;36;16;43;52;0;1;1;3;2;4;8;8;10;9;12;3;52;10;63;10;41;12;89;12;15;18;52;28;66;28;38;36;85;36;19;43;52;0;1;1;3;2;4;5;5;10;9;12;3;52;10;63;10;41;12;89;12;15;18;52;24;78;24;26;36;88;36;16;43;52;1;1;0;0;4;2;1;0;0;5;7;2;0;3;0;12;0;0;0;0;0;0;0;0;4;5;10;8;14;18;12;20;21;25;1;3;7;9;11;13;15;22;19;23;17;24;2;30;6;31;29;16;26;27;28;32;33;34;35;36;37;38;39;18;18;18;18;18;20;8;255;255;255;0;0;0;0;0;0;0
1239;0;1;1;3;2;4;4;5;10;9;12;3;52;10;63;10;41;12;89;12;15;24;69;24;35;32;52;39;89;39;15;43;52;0;1;1;3;2;5;5;8;10;9;12;3;52;10;63;10;41;12;89;12;15;24;69;24;35;33;52;39;89;39;15;43;52;0;1;1;3;2;4;4;5;10;9;12;3;52;10;63;10;41;12;89;12;15;20;67;20;36;26;52;39;89;39;15;43;52;0;0;0;0;6;2;0;1;0;5;5;2;0;9;0;12;0;0;0;0;0;0;0;0;1;1;3;2;4;4;5;7;6;12;3;52;10;63;10;41;12;89;12;15;24;69;24;35;32;52;34;90;34;14;43;52;0;1;1;3;2;4;4;8;7;6;12;3;52;10;63;10;41;12;89;12;15;24;69;24;35;32;52;34;89;34;16;43;52;0;1;1;3;2;4;4;5;7;6;12;3;52;10;63;10;41;12;89;12;15;24;69;24;35;32;52;34;91;34;14;43;52;0;0;0;0;7;2;0;1;0;4;6;3;0;9;0;12;0;0;0;0;0;0;0;0;1;1;3;2;4;4;5;10;9;12;3;52;10;63;10;41;12;89;12;15;24;69;24;35;32;52;39;89;39;15;43;52;0;1;1;3;2;5;5;8;10;9;12;3;52;10;63;10;41;12;89;12;15;24;69;24;35;33;52;39;89;39;15;43;52;0;1;1;3;2;4;4;5;10;9;12;3;52;10;63;10;41;12;89;12;15;20;67;20;36;26;52;39;89;39;15;43;52;0;0;0;0;6;2;0;1;0;5;5;2;0;9;0;12;0;0;0;0;0;0;0;0;4;3;11;9;15;18;16;28;25;29;2;6;8;10;19;14;17;23;26;27;21;30;1;5;7;13;12;20;22;24;32;31;33;34;35;36;37;38;39;3;9;9;9;9;9;4;255;255;255;0;0;0;0;0;0;0
1240;0;1;1;3;2;4;5;5;10;9;12;3;52;10;63;10;41;12;89;12;15;18;52;26;66;26;38;35;87;35;17;43;52;0;1;1;3;2;4;8;8;10;9;12;3;52;10;63;10;41;12;89;12;15;18;52;29;65;29;37;35;87;35;17;43;52;0;1;1;3;2;4;5;5;7;6;12;3;52;10;63;10;41;12;89;12;15;18;52;22;75;22;29;33;89;33;15;43;52;1;1;1;1;2;2;0;0;0;4;5;2;0;5;0;0;0;0;0;0;0;0;0;0;1;1;3;2;4;5;5;7;6;12;3;52;10;63;10;41;12;89;12;15;18;52;25;71;25;34;33;88;33;15;43;52;0;1;1;3;2;4;5;5;10;9;12;3;52;10;63;10;41;12;89;12;15;18;52;25;71;25;34;35;86;35;17;43;52;0;1;1;3;2;4;5;5;7;6;12;3;52;10;63;10;41;12;89;12;15;18;52;25;71;25;34;33;88;33;15;43;52;1;1;1;1;3;2;1;0;0;3;6;2;0;5;0;0;0;0;0;0;0;0;0;0;1;1;3;2;4;5;5;10;9;12;3;52;10;63;10;41;12;89;12;15;18;52;26;66;26;38;35;87;35;17;43;52;0;1;1;3;2;4;8;8;10;9;12;3;52;10;63;10;41;12;89;12;15;18;52;29;65;29;37;35;87;35;17;43;52;0;1;1;3;2;4;5;5;7;6;12;3;52;10;63;10;41;12;89;12;15;18;52;22;75;22;29;33;89;33;15;43;52;1;1;1;1;2;2;0;0;0;4;5;2;0;5;0;0;0;0;0;0;0;0;0;0;4;3;10;7;13;19;14;20;18;25;1;5;6;8;11;12;15;22;17;21;29;24;2;27;9;23;28;16;26;30;31;32;33;34;35;36;37;38;39;0;18;18;18;18;18;7;255;255;255;0;0;0;0;0;0;0
1241;0;1;1;3;2;4;5;5;10;9;12;3;52;11;64;11;40;13;88;13;16;19;52;25;68;25;36;35;84;35;20;43;52;0;1;1;3;2;4;5;5;10;9;12;3;52;11;64;11;40;13;88;13;16;19;52;28;70;28;33;35;84;35;20;43;52;0;1;1;3;2;4;5;5;7;6;12;3;52;11;64;11;40;13;88;13;16;19;52;25;68;25;36;34;88;34;16;43;52;1;1;0;0;5;2;0;0;0;4;8;2;0;2;0;11;0;0;0;0;0;0;0;0;1;1;3;2;4;5;5;7;6;12;3;52;11;64;11;40;13;88;13;16;19;52;25;68;25;36;28;92;27;12;43;52;0;1;1;3;2;4;5;5;10;9;12;3;52;11;64;11;40;13;88;13;16;19;52;25;68;25;36;35;92;35;12;43;52;0;1;1;3;2;4;5;5;7;6;12;3;52;11;64;11;40;13;88;13;16;19;52;25;68;25;36;28;92;27;12;43;52;1;1;0;0;6;2;0;1;1;4;6;2;0;2;0;11;0;0;0;0;0;0;0;0;1;1;3;2;4;5;5;10;9;12;3;52;11;64;11;40;13;88;13;16;19;52;25;68;25;36;35;84;35;20;43;52;0;1;1;3;2;4;5;5;10;9;12;3;52;11;64;11;40;13;88;13;16;19;52;28;70;28;33;35;84;35;20;43;52;0;1;1;3;2;4;5;5;7;6;12;3;52;11;64;11;40;13;88;13;16;19;52;25;68;25;36;34;88;34;16;43;52;1;1;0;0;5;2;0;0;0;4;8;2;0;2;0;11;0;0;0;0;0;0;0;0;5;3;12;9;16;19;17;23;22;27;1;4;7;13;14;18;15;21;24;26;28;30;2;6;8;32;10;11;33;25;20;29;34;31;35;36;37;38;39;0;9;9;9;9;9;22;255;255;255;0;0;0;0;0;0;0
1242;0;1;1;3;2;4;4;8;10;9;12;3;52;10;63;10;41;12;89;12;15;23;68;23;37;33;52;36;89;36;15;43;52;0;1;1;3;2;4;4;8;10;9;12;3;52;10;63;10;41;12;89;12;15;23;68;23;37;34;52;36;90;36;14;43;52;0;1;1;3;2;4;4;5;7;6;12;3;52;10;63;10;41;12;89;12;15;23;68;23;37;32;51;33;91;33;13;43;52;1;1;1;0;6;2;0;0;1;5;7;2;0;7;0;11;0;0;0;0;0;0;0;0;1;1;3;2;4;4;5;7;6;12;3;52;10;63;10;41;12;89;12;15;23;68;23;37;30;52;34;90;34;14;43;52;0;1;1;3;2;4;4;8;10;9;12;3;52;10;63;10;41;12;89;12;15;23;68;23;37;30;52;36;90;36;14;43;52;0;1;1;3;2;4;4;5;7;6;12;3;52;10;63;10;41;12;89;12;15;23;68;23;37;30;52;34;91;34;13;43;52;1;1;1;1;7;1;0;0;1;4;8;3;0;7;0;11;0;0;0;0;0;0;0;0;1;1;3;2;4;4;8;10;9;12;3;52;10;63;10;41;12;89;12;15;23;68;23;37;33;52;36;89;36;15;43;52;0;1;1;3;2;4;4;8;10;9;12;3;52;10;63;10;41;12;89;12;15;23;68;23;37;34;52;36;90;36;14;43;52;0;1;1;3;2;4;4;5;7;6;12;3;52;10;63;10;41;12;89;12;15;23;68;23;37;32;51;33;91;33;13;43;52;1;1;1;0;6;2;0;0;1;5;7;2;0;7;0;11;0;0;0;0;0;0;0;0;6;8;12;10;17;14;19;23;20;25;1;5;7;11;15;16;18;30;22;24;26;29;2;3;9;4;13;21;27;28;31;32;33;34;35;36;37;38;39;8;23;23;23;23;23;8;255;255;255;0;0;0;0;0;0;0
1243;0;1;1;3;2;4;5;5;8;12;12;3;52;10;63;10;41;12;89;12;15;18;52;24;73;24;30;31;52;42;64;42;40;0;1;1;3;2;4;5;5;11;12;12;3;52;10;63;10;41;12;89;12;15;18;52;24;73;24;30;35;52;42;64;42;40;0;1;1;3;2;4;4;4;8;12;12;3;52;10;63;10;41;12;89;12;15;18;52;24;73;24;30;31;52;42;64;42;40;1;1;0;0;3;2;1;1;1;4;3;2;0;1;0;11;0;0;0;0;0;0;0;0;1;1;3;2;4;5;5;8;12;12;3;52;10;63;10;41;12;89;12;15;18;52;24;73;24;30;31;52;42;64;42;40;0;1;1;3;2;4;5;5;8;12;12;3;52;10;63;10;41;12;89;12;15;18;52;24;73;24;30;31;52;42;64;42;40;0;1;1;3;2;4;5;5;8;8;12;3;52;10;63;10;41;12;89;12;15;18;52;24;73;24;30;34;38;34;66;42;52;0;1;0;1;4;2;1;1;1;3;4;3;0;1;0;11;0;0;0;0;0;0;0;0;1;1;3;2;4;5;5;8;12;12;3;52;10;63;10;41;12;89;12;15;18;52;24;73;24;30;31;52;42;64;42;40;0;1;1;3;2;4;5;5;11;12;12;3;52;10;63;10;41;12;89;12;15;18;52;24;73;24;30;35;52;42;64;42;40;0;1;1;3;2;4;4;4;8;12;12;3;52;10;63;10;41;12;89;12;15;18;52;24;73;24;30;31;52;42;64;42;40;1;1;0;0;3;2;1;1;1;4;3;2;0;1;0;11;0;0;0;0;0;0;0;0;5;4;14;12;17;20;19;24;30;39;1;6;7;15;16;18;22;23;36;31;27;32;2;3;8;9;10;11;37;13;21;25;26;28;29;33;34;35;38;19;19;19;19;19;19;24;255;255;255;0;0;0;0;0;0;0
1244;0;1;1;3;2;4;5;5;8;8;12;3;52;10;63;10;41;12;89;12;15;18;52;24;78;24;26;32;70;32;34;43;52;0;1;1;3;2;4;7;6;11;11;12;3;52;10;63;10;41;12;89;12;15;18;52;27;88;27;16;35;73;35;32;43;52;0;1;1;3;2;4;5;5;8;8;12;3;52;10;63;10;41;12;89;12;15;18;52;24;78;24;26;32;70;32;34;43;52;1;1;0;1;4;2;1;1;0;7;3;2;0;2;0;139637976727552;0;0;0;0;0;0;0;0;1;1;3;2;4;5;5;8;8;12;3;52;10;63;10;41;12;89;12;15;18;52;24;78;24;26;32;70;32;34;43;52;0;1;1;3;2;4;7;6;8;8;12;3;52;10;63;10;41;12;89;12;15;18;52;29;89;29;15;32;70;32;34;43;52;0;1;1;3;2;4;5;5;8;8;12;3;52;10;63;10;41;12;89;12;15;18;52;24;78;24;26;32;70;32;34;43;52;1;1;0;1;5;2;1;1;0;2;2;3;0;2;0;139637976727552;0;0;0;0;0;0;0;0;1;1;3;2;4;5;5;8;8;12;3;52;10;63;10;41;12;89;12;15;18;52;24;78;24;26;32;70;32;34;43;52;0;1;1;3;2;4;7;6;11;11;12;3;52;10;63;10;41;12;89;12;15;18;52;27;88;27;16;35;73;35;32;43;52;0;1;1;3;2;4;5;5;8;8;12;3;52;10;63;10;41;12;89;12;15;18;52;24;78;24;26;32;70;32;34;43;52;1;1;0;1;4;2;1;1;0;7;3;2;0;2;0;139637976727552;0;0;0;0;0;0;0;0;4;3;9;8;11;14;13;16;15;24;1;5;6;26;10;29;22;12;17;18;23;25;2;7;28;27;19;20;21;30;31;32;33;34;35;36;37;38;39;11;9;9;9;9;9;8;255;255;255;0;0;0;0;0;0;0
1245;0;1;1;3;2;5;5;7;6;12;12;3;52;10;63;10;41;12;89;12;15;20;64;20;40;30;87;30;18;43;66;43;38;0;1;1;3;2;5;5;10;9;12;12;3;52;10;63;10;41;12;89;12;15;24;66;24;38;35;91;35;14;43;66;43;38;0;1;1;3;2;4;4;7;6;12;12;3;52;10;63;10;41;12;89;12;15;20;64;20;40;30;87;30;18;43;66;43;38;1;1;1;1;6;3;1;0;0;6;5;2;0;0;0;0;0;0;0;0;0;0;0;0;1;1;3;2;4;4;7;6;12;12;3;52;10;63;10;41;12;89;12;15;20;64;20;40;30;87;30;18;43;66;43;38;0;1;1;3;2;5;5;7;6;12;12;3;52;10;63;10;41;12;89;12;15;20;64;20;40;30;87;30;18;43;66;43;38;0;1;1;3;2;4;4;7;6;12;12;3;52;10;63;10;41;12;89;12;15;20;64;20;40;30;87;30;18;43;66;43;38;1;1;1;1;7;1;1;0;0;5;6;2;0;0;0;0;0;0;0;0;0;0;0;0;1;1;3;2;5;5;7;6;12;12;3;52;10;63;10;41;12;89;12;15;20;64;20;40;30;87;30;18;43;66;43;38;0;1;1;3;2;5;5;10;9;12;12;3;52;10;63;10;41;12;89;12;15;24;66;24;38;35;91;35;14;43;66;43;38;0;1;1;3;2;4;4;7;6;12;12;3;52;10;63;10;41;12;89;12;15;20;64;20;40;30;87;30;18;43;66;43;38;1;1;1;1;6;3;1;0;0;6;5;2;0;0;0;0;0;0;0;0;0;0;0;0;3;2;8;7;12;10;9;18;22;23;1;4;5;6;13;16;21;14;15;17;19;20;11;24;25;26;27;28;29;30;31;32;33;34;35;36;37;38;39;23;9;9;9;9;9;7;255;255;255;0;0;0;0;0;0;0
1246;0;1;1;3;2;4;4;7;6;12;12;3;52;10;63;10;41;12;89;12;15;20;64;20;40;30;87;30;18;43;66;43;38;0;1;1;3;2;5;5;7;6;12;12;3;52;10;63;10;41;12;89;12;15;24;66;24;38;30;87;30;18;43;66;43;38;0;1;1;3;2;4;4;7;6;12;12;3;52;10;63;10;41;12;89;12;15;20;64;20;40;25;87;25;17;43;66;43;38;1;1;1;0;6;2;1;1;1;3;3;2;0;7;0;0;0;0;0;0;0;0;0;0;1;1;3;2;4;4;7;6;12;12;3;52;10;63;10;41;12;89;12;15;20;64;20;40;30;87;30;18;43;66;43;38;0;1;1;3;2;5;5;7;6;12;12;3;52;10;63;10;41;12;89;12;15;20;64;20;40;30;87;30;18;43;66;43;38;0;1;1;3;2;4;4;7;6;11;12;3;52;10;63;10;41;12;89;12;15;20;64;20;40;30;87;30;18;38;65;43;38;1;1;1;0;7;1;1;1;1;2;4;3;0;7;0;0;0;0;0;0;0;0;0;0;1;1;3;2;4;4;7;6;12;12;3;52;10;63;10;41;12;89;12;15;20;64;20;40;30;87;30;18;43;66;43;38;0;1;1;3;2;5;5;7;6;12;12;3;52;10;63;10;41;12;89;12;15;24;66;24;38;30;87;30;18;43;66;43;38;0;1;1;3;2;4;4;7;6;12;12;3;52;10;63;10;41;12;89;12;15;20;64;20;40;25;87;25;17;43;66;43;38;1;1;1;0;6;2;1;1;1;3;3;2;0;7;0;0;0;0;0;0;0;0;0;1;4;6;10;7;14;12;28;16;23;22;0;5;27;8;11;13;26;17;18;20;21;25;2;3;24;9;15;19;29;30;31;32;33;34;35;36;37;38;39;1;7;7;7;7;7;12;255;255;255;0;0;0;0;0;0;0
1247;0;1;1;3;2;4;5;5;8;12;12;3;52;10;63;10;41;12;89;12;15;18;52;29;79;29;25;32;52;43;66;43;38;0;1;1;3;2;4;7;6;8;12;12;3;52;10;63;10;41;12;89;12;15;18;52;32;89;32;16;32;52;43;66;43;38;0;1;1;3;2;4;5;5;5;11;12;3;52;10;63;10;41;12;89;12;15;18;52;29;79;29;25;29;52;38;67;43;38;1;1;1;0;6;2;0;0;0;7;5;2;0;2;0;12;0;0;0;0;0;0;0;0;1;1;3;2;4;4;8;7;6;12;3;52;11;64;11;40;13;88;13;16;19;64;19;40;29;52;29;89;29;15;43;52;0;1;1;3;2;4;4;11;7;6;12;3;52;11;64;11;40;13;88;13;16;19;64;19;40;35;53;29;89;29;15;43;52;0;1;1;3;2;4;4;8;7;6;12;3;52;11;64;11;40;13;88;13;16;19;64;19;40;29;52;29;89;29;15;43;52;1;1;1;0;7;2;0;0;0;8;6;3;0;2;0;12;0;0;0;0;0;0;0;0;1;1;3;2;4;5;5;8;12;12;3;52;10;63;10;41;12;89;12;15;18;52;29;79;29;25;32;52;43;66;43;38;0;1;1;3;2;4;7;6;8;12;12;3;52;10;63;10;41;12;89;12;15;18;52;32;89;32;16;32;52;43;66;43;38;0;1;1;3;2;4;5;5;5;11;12;3;52;10;63;10;41;12;89;12;15;18;52;29;79;29;25;29;52;38;67;43;38;1;1;1;0;6;2;0;0;0;7;5;2;0;2;0;12;0;0;0;0;0;0;0;0;4;5;9;6;11;12;17;18;24;23;1;2;3;7;8;15;14;13;19;20;21;25;10;16;22;26;27;28;29;30;31;32;33;34;35;36;37;38;39;5;9;9;9;9;9;6;255;255;255;0;0;0;0;0;0;0
1248;0;1;1;3;2;4;5;5;10;9;12;3;52;10;63;10;41;12;89;12;15;19;51;27;70;27;33;39;90;39;14;41;51;0;1;1;3;2;4;8;8;10;9;12;3;52;10;63;10;41;12;89;12;15;19;51;30;66;30;38;41;89;41;15;41;51;0;1;1;3;2;4;5;5;7;6;12;3;52;10;63;10;41;12;89;12;15;19;51;27;70;27;33;34;94;34;10;41;51;1;1;0;1;4;3;0;0;0;5;3;2;0;4;0;0;0;0;0;0;0;0;0;0;1;1;3;2;4;4;5;10;9;12;3;52;10;63;10;41;12;89;12;15;20;64;20;40;28;52;38;91;38;14;42;52;0;1;1;3;2;4;4;8;10;9;12;3;52;10;63;10;41;12;89;12;15;20;64;20;40;32;52;38;91;38;14;42;52;0;1;1;3;2;4;4;5;7;6;12;3;52;10;63;10;41;12;89;12;15;20;64;20;40;28;52;34;91;34;13;42;52;1;1;0;1;5;2;0;0;0;7;5;2;0;4;0;0;0;0;0;0;0;0;0;0;1;1;3;2;4;5;5;10;9;12;3;52;10;63;10;41;12;89;12;15;19;51;27;70;27;33;39;90;39;14;41;51;0;1;1;3;2;4;8;8;10;9;12;3;52;10;63;10;41;12;89;12;15;19;51;30;66;30;38;41;89;41;15;41;51;0;1;1;3;2;4;5;5;7;6;12;3;52;10;63;10;41;12;89;12;15;19;51;27;70;27;33;34;94;34;10;41;51;1;1;0;1;4;3;0;0;0;5;3;2;0;4;0;0;0;0;0;0;0;0;0;0;3;2;5;7;11;13;14;20;19;22;1;4;6;8;9;10;12;18;21;15;17;24;16;23;25;26;27;28;29;30;31;32;33;34;35;36;37;38;39;5;20;11;11;11;22;13;255;255;255;0;0;0;0;0;0;0
1249;0;1;1;3;2;4;5;5;10;9;12;3;52;10;63;10;41;12;89;12;15;19;52;24;69;24;35;37;85;37;18;43;52;0;1;1;3;2;4;5;5;10;9;12;3;52;10;63;10;41;12;89;12;15;19;52;24;69;24;35;37;85;37;18;43;52;0;1;1;3;2;4;5;5;7;6;12;3;52;10;63;10;41;12;89;12;15;19;52;24;69;24;35;27;92;27;12;43;52;1;1;0;1;2;2;0;0;0;7;8;2;0;0;0;0;0;0;0;0;0;0;0;0;1;1;3;2;4;4;5;7;6;12;3;52;10;63;10;41;12;89;12;15;20;65;20;39;30;52;34;88;34;15;43;52;0;1;1;3;2;4;4;8;10;9;12;3;52;10;63;10;41;12;89;12;15;20;65;20;39;30;52;37;85;37;18;43;52;0;1;1;3;2;4;4;5;7;6;12;3;52;10;63;10;41;12;89;12;15;20;65;20;39;30;52;34;88;34;16;43;52;1;1;0;1;2;2;0;0;0;6;6;2;0;0;0;0;0;0;0;0;0;0;0;0;1;1;3;2;4;5;5;10;9;12;3;52;10;63;10;41;12;89;12;15;19;52;24;69;24;35;37;85;37;18;43;52;0;1;1;3;2;4;5;5;10;9;12;3;52;10;63;10;41;12;89;12;15;19;52;24;69;24;35;37;85;37;18;43;52;0;1;1;3;2;4;5;5;7;6;12;3;52;10;63;10;41;12;89;12;15;19;52;24;69;24;35;27;92;27;12;43;52;1;1;0;1;2;2;0;0;0;7;8;2;0;0;0;0;0;0;0;0;0;0;0;2;4;3;11;8;14;15;12;21;22;26;0;5;6;9;10;13;16;29;17;24;25;28;1;7;18;20;27;23;19;30;31;32;33;34;35;36;37;38;39;2;22;8;8;8;26;8;255;255;255;0;0;0;0;0;0;0
1250;0;1;1;3;2;4;5;5;10;9;12;3;52;10;63;10;41;12;89;12;15;20;52;27;72;27;32;38;91;38;13;43;52;0;1;1;3;2;4;5;5;10;9;12;3;52;10;63;10;41;12;89;12;15;20;52;27;72;27;32;38;91;38;13;43;52;0;1;1;3;2;4;5;5;7;6;12;3;52;10;63;10;41;12;89;12;15;20;52;27;72;27;32;34;89;34;15;43;52;1;1;1;1;3;2;0;1;0;5;3;2;0;0;0;0;0;0;0;0;0;0;0;0;1;1;3;2;4;5;5;7;6;12;3;52;10;63;10;41;12;89;12;15;20;52;27;72;27;32;34;93;34;12;43;52;0;1;1;3;2;4;5;5;10;9;12;3;52;10;63;10;41;12;89;12;15;20;52;27;72;27;32;38;91;38;13;43;52;0;1;1;3;2;4;5;5;7;6;12;3;52;10;63;10;41;12;89;12;15;20;52;27;72;27;32;33;90;33;14;43;52;1;1;1;1;4;1;0;1;0;6;4;2;0;0;0;0;0;0;0;0;0;0;0;0;1;1;3;2;4;5;5;10;9;12;3;52;10;63;10;41;12;89;12;15;20;52;27;72;27;32;38;91;38;13;43;52;0;1;1;3;2;4;5;5;10;9;12;3;52;10;63;10;41;12;89;12;15;20;52;27;72;27;32;38;91;38;13;43;52;0;1;1;3;2;4;5;5;7;6;12;3;52;10;63;10;41;12;89;12;15;20;52;27;72;27;32;34;89;34;15;43;52;1;1;1;1;3;2;0;1;0;5;3;2;0;0;0;0;0;0;0;0;0;0;0;1;3;7;12;9;13;14;17;24;23;29;0;5;6;10;11;15;16;18;22;26;27;28;2;4;8;19;20;30;21;25;31;32;33;34;35;36;37;38;39;1;9;9;9;9;9;23;255;255;255;0;0;0;0;0;0;0
1252;0;1;1;3;2;4;4;7;6;8;12;3;52;10;63;10;41;12;89;12;15;20;64;20;40;30;87;30;18;34;52;43;52;0;1;1;3;2;5;5;10;9;8;12;3;52;10;63;10;41;12;89;12;15;20;64;20;40;35;86;35;17;34;52;43;52;0;1;1;3;2;4;4;7;6;8;12;3;52;10;63;10;41;12;89;12;15;20;64;20;40;26;87;26;17;34;51;42;51;1;1;0;1;5;2;0;0;0;4;6;2;0;1;0;16;0;0;0;0;0;0;0;0;1;1;3;2;4;5;5;8;8;12;3;52;11;64;11;40;13;88;13;16;19;52;23;72;23;32;32;40;32;65;42;52;0;1;1;3;2;4;5;5;8;12;12;3;52;11;64;11;40;13;88;13;16;19;52;23;72;23;32;33;52;43;64;43;40;0;1;1;3;2;4;5;5;8;8;12;3;52;11;64;11;40;13;88;13;16;19;52;23;72;23;32;33;40;33;66;42;53;1;1;0;1;6;2;0;0;0;3;9;2;0;1;0;139637976727552;0;0;0;0;0;0;0;0;1;1;3;2;4;4;7;6;8;12;3;52;10;63;10;41;12;89;12;15;20;64;20;40;30;87;30;18;34;52;43;52;0;1;1;3;2;5;5;10;9;8;12;3;52;10;63;10;41;12;89;12;15;20;64;20;40;35;86;35;17;34;52;43;52;0;1;1;3;2;4;4;7;6;8;12;3;52;10;63;10;41;12;89;12;15;20;64;20;40;26;87;26;17;34;51;42;51;1;1;0;1;5;2;0;0;0;4;6;2;0;1;0;16;0;0;0;0;0;0;0;1;5;7;11;8;13;12;23;17;19;27;0;4;6;9;10;14;15;20;22;24;25;26;2;3;16;18;21;28;29;30;31;32;33;34;35;36;37;38;39;7;19;19;19;19;19;8;255;255;255;0;0;0;0;0;0;0
1254;0;1;1;3;2;4;4;8;10;9;12;3;52;10;63;10;41;12;89;12;15;21;69;21;35;31;52;37;87;37;17;43;52;0;1;1;3;2;4;4;11;10;9;12;3;52;10;63;10;41;12;89;12;15;21;69;21;35;35;52;37;87;37;17;43;52;0;1;1;3;2;4;4;8;7;6;12;3;52;10;63;10;41;12;89;12;15;21;69;21;35;29;52;34;89;34;15;43;52;1;1;1;1;7;2;0;1;1;7;4;2;0;1;0;0;0;0;0;0;0;0;0;0;1;1;3;2;4;4;5;11;11;12;3;52;11;64;11;40;13;88;13;16;20;64;20;40;28;53;36;77;36;29;43;52;0;1;1;3;2;4;4;5;11;11;12;3;52;11;64;11;40;13;88;13;16;20;64;20;40;28;53;36;77;36;29;43;52;0;1;1;3;2;4;4;5;8;8;12;3;52;11;64;11;40;13;88;13;16;20;64;20;40;28;53;34;79;34;26;43;52;1;1;1;1;8;2;0;1;1;6;6;3;0;1;0;0;0;0;0;0;0;0;0;0;1;1;3;2;4;4;8;10;9;12;3;52;10;63;10;41;12;89;12;15;21;69;21;35;31;52;37;87;37;17;43;52;0;1;1;3;2;4;4;11;10;9;12;3;52;10;63;10;41;12;89;12;15;21;69;21;35;35;52;37;87;37;17;43;52;0;1;1;3;2;4;4;8;7;6;12;3;52;10;63;10;41;12;89;12;15;21;69;21;35;29;52;34;89;34;15;43;52;1;1;1;1;7;2;0;1;1;7;4;2;0;1;0;0;0;0;0;0;0;0;0;0;4;3;10;9;14;13;20;26;24;29;1;5;6;8;11;12;15;23;18;22;28;30;2;7;16;17;19;21;25;27;31;32;33;34;35;36;37;38;39;20;20;14;20;20;20;4;255;255;255;0;0;0;0;0;0;0
1255;0;1;1;1;3;2;4;4;11;11;12;3;52;10;52;10;73;10;31;15;89;15;15;20;64;20;40;36;79;36;26;43;52;0;1;1;1;7;6;5;5;11;11;12;3;52;10;52;10;73;10;31;23;91;23;13;23;65;23;38;36;79;36;26;43;52;0;1;1;1;3;2;4;4;8;8;12;3;52;10;52;10;73;10;31;15;89;15;15;20;64;20;40;34;78;34;26;43;52;1;1;1;1;3;3;0;1;0;8;5;2;0;1;0;12;0;0;0;0;0;0;0;0;1;1;1;3;2;4;4;8;8;12;3;52;10;52;10;73;10;31;15;89;15;15;20;64;20;40;34;78;34;26;43;52;0;1;1;1;3;2;4;4;11;11;12;3;52;10;52;10;73;10;31;15;89;15;15;20;64;20;40;36;79;36;26;43;52;0;1;1;1;3;2;4;4;8;8;12;3;52;10;52;10;73;10;31;15;89;15;15;20;64;20;40;34;77;34;27;43;52;1;1;1;1;4;2;1;1;0;8;6;2;0;1;0;12;0;0;0;0;0;0;0;0;1;1;1;3;2;4;4;11;11;12;3;52;10;52;10;73;10;31;15;89;15;15;20;64;20;40;36;79;36;26;43;52;0;1;1;1;7;6;5;5;11;11;12;3;52;10;52;10;73;10;31;23;91;23;13;23;65;23;38;36;79;36;26;43;52;0;1;1;1;3;2;4;4;8;8;12;3;52;10;52;10;73;10;31;15;89;15;15;20;64;20;40;34;78;34;26;43;52;1;1;1;1;3;3;0;1;0;8;5;2;0;1;0;12;0;0;0;0;0;0;0;1;4;9;6;15;11;18;17;36;32;35;0;5;7;8;10;14;16;21;22;27;31;34;2;3;38;12;13;19;20;24;23;25;26;28;29;30;33;37;39;6;9;9;9;9;9;11;255;255;255;0;0;0;0;0;0;0
1256;0;1;1;3;2;4;5;5;10;9;12;3;52;11;64;11;40;13;88;13;16;19;52;24;72;24;33;39;84;39;20;43;52;0;1;1;3;2;4;5;5;10;9;12;3;52;11;64;11;40;13;88;13;16;19;52;25;67;25;36;39;84;39;20;43;52;0;1;1;3;2;4;4;4;8;8;12;3;52;11;64;11;40;13;88;13;16;19;52;24;72;24;33;34;81;34;24;43;52;1;0;1;0;5;3;1;0;1;7;6;2;0;2;0;139637976727552;0;0;0;0;0;0;0;0;1;1;3;2;4;4;5;10;9;12;3;52;11;64;11;40;13;88;13;16;19;62;19;41;28;51;39;84;39;20;43;52;0;1;1;3;2;4;4;8;10;9;12;3;52;11;64;11;40;13;88;13;16;19;62;19;41;32;52;39;84;39;20;43;52;0;1;1;3;2;4;4;5;10;9;12;3;52;11;64;11;40;13;88;13;16;19;62;19;41;28;51;39;84;39;20;43;52;1;0;1;0;6;2;1;0;1;6;7;2;0;2;0;16;0;0;0;0;0;0;0;0;1;1;3;2;4;5;5;10;9;12;3;52;11;64;11;40;13;88;13;16;19;52;24;72;24;33;39;84;39;20;43;52;0;1;1;3;2;4;5;5;10;9;12;3;52;11;64;11;40;13;88;13;16;19;52;25;67;25;36;39;84;39;20;43;52;0;1;1;3;2;4;4;4;8;8;12;3;52;11;64;11;40;13;88;13;16;19;52;24;72;24;33;34;81;34;24;43;52;1;0;1;0;5;3;1;0;1;7;6;2;0;2;0;139637976727552;0;0;0;0;0;0;0;0;3;2;10;7;13;15;14;21;18;23;1;4;5;6;11;9;12;17;20;19;26;22;8;16;27;24;25;28;29;30;31;32;33;34;35;36;37;38;39;15;15;14;14;14;15;7;255;255;255;0;0;0;0;0;0;0
1257;0;1;1;3;2;4;4;5;8;8;12;3;52;11;64;11;40;13;88;13;16;20;39;20;66;26;52;34;79;34;24;43;52;0;1;1;3;2;4;4;5;11;11;12;3;52;11;64;11;40;13;88;13;16;19;36;19;70;25;53;39;79;39;26;43;52;0;1;1;3;2;4;4;5;8;8;12;3;52;11;64;11;40;13;88;13;16;19;41;19;65;28;52;34;79;34;26;43;52;0;1;1;0;4;3;0;1;0;5;5;2;0;7;0;12;0;0;0;0;0;0;0;0;1;1;3;2;4;5;5;7;6;12;3;52;11;64;11;40;13;88;13;16;19;52;25;68;25;36;27;94;27;10;43;52;0;1;1;3;2;4;8;8;7;6;12;3;52;11;64;11;40;13;88;13;16;19;52;29;66;29;38;31;94;31;10;43;52;0;1;1;3;2;4;5;5;7;6;12;3;52;11;64;11;40;13;88;13;16;19;52;25;68;25;36;27;94;27;10;43;52;0;1;1;0;5;2;0;1;0;4;6;2;0;7;0;12;0;0;0;0;0;0;0;0;1;1;3;2;4;4;5;8;8;12;3;52;11;64;11;40;13;88;13;16;20;39;20;66;26;52;34;79;34;24;43;52;0;1;1;3;2;4;4;5;11;11;12;3;52;11;64;11;40;13;88;13;16;19;36;19;70;25;53;39;79;39;26;43;52;0;1;1;3;2;4;4;5;8;8;12;3;52;11;64;11;40;13;88;13;16;19;41;19;65;28;52;34;79;34;26;43;52;0;1;1;0;4;3;0;1;0;5;5;2;0;7;0;12;0;0;0;0;0;0;0;0;4;3;8;9;12;14;16;17;18;27;1;5;6;10;11;30;13;15;21;22;19;24;2;7;29;20;23;25;26;28;31;32;33;34;35;36;37;38;39;8;9;9;9;9;9;8;255;255;255;0;0;0;0;0;0;0
1258;0;1;1;3;2;4;5;5;8;12;12;3;52;10;63;10;41;12;89;12;15;18;52;27;77;27;27;32;52;43;67;43;38;0;1;1;3;2;4;8;8;8;12;12;3;52;10;63;10;41;12;89;12;15;18;52;30;79;30;25;32;52;43;67;43;38;0;1;1;3;2;4;5;5;5;11;12;3;52;10;63;10;41;12;89;12;15;18;52;27;77;27;27;29;52;39;64;43;38;1;1;0;1;4;2;0;0;0;6;7;2;0;2;0;0;0;0;0;0;0;0;0;0;1;1;3;2;4;4;8;7;6;12;3;52;10;63;10;41;12;89;12;15;18;64;18;40;32;52;33;88;33;15;43;52;0;1;1;3;2;4;4;8;10;9;12;3;52;10;63;10;41;12;89;12;15;18;64;18;40;32;52;36;90;36;14;43;52;0;1;1;3;2;4;4;8;7;6;12;3;52;10;63;10;41;12;89;12;15;18;64;18;40;32;52;33;88;33;16;43;52;1;1;0;1;5;2;0;0;0;8;8;2;0;2;0;0;0;0;0;0;0;0;0;0;1;1;3;2;4;5;5;8;12;12;3;52;10;63;10;41;12;89;12;15;18;52;27;77;27;27;32;52;43;67;43;38;0;1;1;3;2;4;8;8;8;12;12;3;52;10;63;10;41;12;89;12;15;18;52;30;79;30;25;32;52;43;67;43;38;0;1;1;3;2;4;5;5;5;11;12;3;52;10;63;10;41;12;89;12;15;18;52;27;77;27;27;29;52;39;64;43;38;1;1;0;1;4;2;0;0;0;6;7;2;0;2;0;0;0;0;0;0;0;0;0;0;3;2;10;8;12;14;17;19;27;24;1;4;5;7;9;13;15;16;18;23;25;26;6;11;20;21;22;28;29;30;31;32;33;34;35;36;37;38;39;27;19;19;19;19;27;27;255;255;255;0;0;0;0;0;0;0
1260;0;1;1;3;2;4;4;5;10;9;12;3;52;10;63;10;41;12;89;12;15;18;64;18;40;26;52;42;85;42;19;43;52;0;1;1;3;2;4;4;8;10;9;12;3;52;10;63;10;41;12;89;12;15;18;64;18;40;32;52;42;85;42;19;43;52;0;1;1;3;2;4;4;5;7;6;12;3;52;10;63;10;41;12;89;12;15;18;64;18;40;26;52;34;91;34;13;43;52;1;1;1;0;5;2;1;1;0;2;4;2;0;0;0;0;0;0;0;0;0;0;0;0;1;1;3;2;4;4;5;7;6;12;3;52;10;63;10;41;12;89;12;15;18;64;18;40;26;52;33;89;33;14;43;52;0;1;1;3;2;4;4;5;10;9;12;3;52;10;63;10;41;12;89;12;15;18;64;18;40;26;52;35;93;35;11;43;52;0;1;1;3;2;4;4;5;7;6;12;3;52;10;63;10;41;12;89;12;15;18;64;18;40;26;52;33;89;33;14;43;52;1;1;1;0;6;2;1;1;0;4;2;3;0;0;0;0;0;0;0;0;0;0;0;0;1;1;3;2;4;4;5;10;9;12;3;52;10;63;10;41;12;89;12;15;18;64;18;40;26;52;42;85;42;19;43;52;0;1;1;3;2;4;4;8;10;9;12;3;52;10;63;10;41;12;89;12;15;18;64;18;40;32;52;42;85;42;19;43;52;0;1;1;3;2;4;4;5;7;6;12;3;52;10;63;10;41;12;89;12;15;18;64;18;40;26;52;34;91;34;13;43;52;1;1;1;0;5;2;1;1;0;2;4;2;0;0;0;0;0;0;0;0;0;0;0;0;10;5;4;7;14;13;9;21;18;25;1;3;6;8;11;12;15;20;16;19;22;23;2;17;24;26;27;28;29;30;31;32;33;34;35;36;37;38;39;25;9;9;9;9;9;10;255;255;255;0;0;0;0;0;0;0
1261;0;1;1;3;2;4;5;5;10;9;12;3;52;10;63;10;41;12;89;12;15;20;52;24;73;24;30;38;91;38;13;43;52;0;1;1;3;2;4;5;5;10;9;12;3;52;10;63;10;41;12;89;12;15;20;52;28;70;28;33;38;91;38;13;43;52;0;1;1;3;2;4;5;5;7;6;12;3;52;10;63;10;41;12;89;12;15;20;52;24;73;24;30;31;89;31;15;43;52;1;1;0;0;6;2;0;1;0;7;6;2;0;0;0;0;0;0;0;0;0;0;0;0;1;1;3;2;4;5;5;7;6;12;3;52;10;63;10;41;12;89;12;15;20;52;24;73;24;30;34;93;34;11;43;52;0;1;1;3;2;4;5;5;10;9;12;3;52;10;63;10;41;12;89;12;15;20;52;24;73;24;30;38;91;38;13;43;52;0;1;1;3;2;4;5;5;7;6;12;3;52;10;63;10;41;12;89;12;15;20;52;24;73;24;30;34;91;34;13;43;52;1;1;1;1;5;2;0;1;1;7;6;3;0;0;0;0;0;0;0;0;0;0;0;0;1;1;3;2;4;5;5;10;9;12;3;52;10;63;10;41;12;89;12;15;20;52;24;73;24;30;38;91;38;13;43;52;0;1;1;3;2;4;5;5;10;9;12;3;52;10;63;10;41;12;89;12;15;20;52;28;70;28;33;38;91;38;13;43;52;0;1;1;3;2;4;5;5;7;6;12;3;52;10;63;10;41;12;89;12;15;20;52;24;73;24;30;31;89;31;15;43;52;1;1;0;0;6;2;0;1;0;7;6;2;0;0;0;0;0;0;0;0;0;0;0;0;4;5;25;27;9;12;24;16;19;20;1;3;23;7;8;10;11;13;17;18;14;22;2;6;28;15;26;21;29;30;31;32;33;34;35;36;37;38;39;9;9;9;9;9;9;24;255;255;255;0;0;0;0;0;0;0
1262;0;1;1;3;2;4;4;7;6;12;12;3;52;10;63;10;41;12;89;12;15;20;64;20;40;30;87;30;18;42;66;42;39;0;1;1;3;2;8;8;7;6;12;12;3;52;10;63;10;41;12;89;12;15;26;66;26;38;30;87;30;18;42;66;42;39;0;1;1;3;2;4;4;8;8;12;12;3;52;10;63;10;41;12;89;12;15;20;64;20;40;30;76;30;28;42;66;42;39;1;0;1;1;7;2;0;1;1;4;7;2;0;0;0;0;0;0;0;0;0;0;0;0;1;1;3;2;5;5;7;6;8;12;3;52;10;63;10;41;12;89;12;15;20;64;20;40;30;87;30;18;27;52;42;51;0;1;1;3;2;5;5;10;9;8;12;3;52;10;63;10;41;12;89;12;15;20;64;20;40;35;94;35;10;27;52;42;51;0;1;1;3;2;5;5;7;6;8;12;3;52;10;63;10;41;12;89;12;15;20;64;20;40;30;87;30;18;27;52;42;51;1;0;1;1;4;2;0;1;1;2;4;3;0;0;0;0;0;0;0;0;0;0;0;0;1;1;3;2;4;4;7;6;12;12;3;52;10;63;10;41;12;89;12;15;20;64;20;40;30;87;30;18;42;66;42;39;0;1;1;3;2;8;8;7;6;12;12;3;52;10;63;10;41;12;89;12;15;26;66;26;38;30;87;30;18;42;66;42;39;0;1;1;3;2;4;4;8;8;12;12;3;52;10;63;10;41;12;89;12;15;20;64;20;40;30;76;30;28;42;66;42;39;1;0;1;1;7;2;0;1;1;4;7;2;0;0;0;0;0;0;0;0;0;0;0;1;2;4;6;5;10;9;15;12;17;16;0;3;7;8;13;11;14;18;19;20;21;22;23;24;25;26;27;28;29;30;31;32;33;34;35;36;37;38;39;4;9;9;9;9;9;5;255;255;255;0;0;0;0;0;0;0
1263;0;1;1;3;2;4;5;5;7;6;12;3;52;10;63;10;41;12;89;12;15;18;52;27;77;27;27;34;90;34;15;43;52;0;1;1;3;2;4;5;5;10;9;12;3;52;10;63;10;41;12;89;12;15;18;52;27;77;27;27;36;88;36;16;43;52;0;1;1;3;2;4;5;5;7;6;12;3;52;10;63;10;41;12;89;12;15;18;52;27;77;27;27;34;90;34;15;43;52;1;0;0;1;5;3;1;1;1;3;2;2;0;0;0;0;0;0;0;0;0;0;0;0;1;1;3;2;4;4;7;6;12;12;3;52;11;64;11;40;13;88;13;16;19;63;19;40;25;88;25;16;43;40;43;64;0;1;1;3;2;4;4;7;6;12;12;3;52;11;64;11;40;13;88;13;16;19;63;19;40;25;88;25;16;43;40;43;64;0;1;1;3;2;4;4;7;6;12;12;3;52;11;64;11;40;13;88;13;16;19;63;19;40;25;88;25;16;43;40;43;64;0;0;0;0;7;1;1;0;1;5;5;3;0;0;0;0;0;0;0;0;0;0;0;0;1;1;3;2;4;5;5;7;6;12;3;52;10;63;10;41;12;89;12;15;18;52;27;77;27;27;34;90;34;15;43;52;0;1;1;3;2;4;5;5;10;9;12;3;52;10;63;10;41;12;89;12;15;18;52;27;77;27;27;36;88;36;16;43;52;0;1;1;3;2;4;5;5;7;6;12;3;52;10;63;10;41;12;89;12;15;18;52;27;77;27;27;34;90;34;15;43;52;1;0;0;1;5;3;1;1;1;3;2;2;0;0;0;0;0;0;0;0;0;0;0;0;4;5;10;8;11;14;13;19;17;20;1;2;3;6;7;9;12;15;16;22;18;21;23;24;25;26;27;28;29;30;31;32;33;34;35;36;37;38;39;8;4;17;17;17;20;8;255;255;255;0;0;0;0;0;0;0
1264;0;1;1;3;2;4;4;8;10;9;12;3;52;10;63;10;41;12;89;12;15;23;68;23;37;33;51;36;90;36;14;43;52;0;1;1;3;2;4;4;11;10;9;12;3;52;10;63;10;41;12;89;12;15;23;68;23;37;35;52;36;90;36;14;43;52;0;1;1;3;2;4;4;8;10;9;12;3;52;10;63;10;41;12;89;12;15;23;68;23;37;33;51;36;90;36;14;43;52;0;0;1;0;6;2;1;1;1;7;6;2;0;0;0;0;0;0;0;0;0;0;0;0;1;1;3;2;4;4;7;6;11;12;3;52;10;63;10;41;12;89;12;15;20;64;20;40;30;86;30;18;38;64;43;38;0;1;1;3;2;4;4;7;6;11;12;3;52;10;63;10;41;12;89;12;15;20;64;20;40;30;86;30;18;38;64;43;38;0;1;1;3;2;4;4;7;6;11;12;3;52;10;63;10;41;12;89;12;15;20;64;20;40;30;86;30;18;38;64;43;38;1;1;0;1;7;1;0;0;0;5;6;2;0;0;0;0;0;0;0;0;0;0;0;0;1;1;3;2;4;4;8;10;9;12;3;52;10;63;10;41;12;89;12;15;23;68;23;37;33;51;36;90;36;14;43;52;0;1;1;3;2;4;4;11;10;9;12;3;52;10;63;10;41;12;89;12;15;23;68;23;37;35;52;36;90;36;14;43;52;0;1;1;3;2;4;4;8;10;9;12;3;52;10;63;10;41;12;89;12;15;23;68;23;37;33;51;36;90;36;14;43;52;0;0;1;0;6;2;1;1;1;7;6;2;0;0;0;0;0;0;0;0;0;0;0;0;5;4;11;9;15;13;16;22;20;24;2;3;6;8;10;12;14;21;17;19;23;25;1;7;27;18;26;28;29;30;31;32;33;34;35;36;37;38;39;13;9;9;9;9;9;15;255;255;255;0;0;0;0;0;0;0
1265;0;1;1;1;4;4;7;6;8;8;12;3;52;10;52;10;73;10;31;18;64;18;40;25;94;25;10;32;70;32;34;43;52;0;1;1;1;5;5;7;6;11;11;12;3;52;10;52;10;73;10;31;18;64;18;40;25;94;25;10;35;74;35;29;43;52;0;1;1;1;4;4;3;2;8;8;12;3;52;10;52;10;73;10;31;18;64;18;40;14;94;14;10;32;70;32;34;43;52;1;0;1;0;6;2;1;0;1;3;2;2;0;0;0;0;0;0;0;0;0;0;0;0;1;1;1;4;4;3;2;8;8;12;3;52;10;52;10;73;10;31;18;64;18;40;14;94;14;10;32;70;32;34;43;52;0;1;1;1;4;4;7;6;8;8;12;3;52;10;52;10;73;10;31;18;64;18;40;25;94;25;10;32;70;32;34;43;52;0;1;1;1;4;4;3;2;8;8;12;3;52;10;52;10;73;10;31;18;64;18;40;15;94;15;10;32;70;32;34;43;52;1;0;1;0;4;2;1;0;0;4;4;3;0;0;0;0;0;0;0;0;0;0;0;0;1;1;1;4;4;7;6;8;8;12;3;52;10;52;10;73;10;31;18;64;18;40;25;94;25;10;32;70;32;34;43;52;0;1;1;1;5;5;7;6;11;11;12;3;52;10;52;10;73;10;31;18;64;18;40;25;94;25;10;35;74;35;29;43;52;0;1;1;1;4;4;3;2;8;8;12;3;52;10;52;10;73;10;31;18;64;18;40;14;94;14;10;32;70;32;34;43;52;1;0;1;0;6;2;1;0;1;3;2;2;0;0;0;0;0;0;0;0;0;0;0;0;3;4;5;8;9;18;16;12;10;19;1;6;7;11;13;14;15;17;20;21;22;23;2;24;25;26;27;28;29;30;31;32;33;34;35;36;37;38;39;5;9;9;9;9;9;5;255;255;255;0;0;0;0;0;0;0
1327;0;1;1;3;2;4;4;8;10;9;12;3;52;10;63;10;41;12;89;12;15;18;64;18;40;32;51;35;87;35;17;43;52;0;1;1;3;2;5;5;8;10;9;12;3;52;10;63;10;41;12;89;12;15;22;75;22;29;32;52;35;87;35;17;43;52;0;1;1;3;2;4;4;8;7;6;12;3;52;10;63;10;41;12;89;12;15;18;64;18;40;32;52;32;87;32;16;43;52;1;1;1;1;6;3;1;1;0;2;3;2;0;7;0;12;0;0;0;0;0;0;0;0;1;1;3;2;4;4;7;6;8;12;3;52;10;63;10;41;12;89;12;15;20;62;20;41;26;94;26;10;32;51;42;51;0;1;1;3;2;4;4;7;6;11;12;3;52;10;63;10;41;12;89;12;15;20;62;20;41;26;94;26;10;35;51;42;51;0;1;1;3;2;4;4;7;6;8;12;3;52;10;63;10;41;12;89;12;15;20;62;20;41;26;94;26;10;32;51;42;51;1;1;0;0;7;1;1;1;1;1;4;3;0;7;0;12;0;0;0;0;0;0;0;0;1;1;3;2;4;4;8;10;9;12;3;52;10;63;10;41;12;89;12;15;18;64;18;40;32;51;35;87;35;17;43;52;0;1;1;3;2;5;5;8;10;9;12;3;52;10;63;10;41;12;89;12;15;22;75;22;29;32;52;35;87;35;17;43;52;0;1;1;3;2;4;4;8;7;6;12;3;52;10;63;10;41;12;89;12;15;18;64;18;40;32;52;32;87;32;16;43;52;1;1;1;1;6;3;1;1;0;2;3;2;0;7;0;12;0;0;0;0;0;0;0;0;3;10;4;8;12;13;16;18;17;23;2;5;6;9;11;14;15;19;31;26;24;25;1;27;28;29;7;30;20;21;22;34;32;33;35;36;37;38;39;10;17;3;17;17;23;8;255;255;255;0;0;0;0;0;0;0
1329;0;1;1;3;2;4;5;5;10;9;12;3;52;10;63;10;41;12;89;12;15;18;52;27;78;27;26;37;88;37;16;43;52;0;1;1;3;2;4;5;5;10;9;12;3;52;10;63;10;41;12;89;12;15;21;51;27;75;27;28;37;88;37;16;43;52;0;1;1;3;2;4;5;5;7;6;12;3;52;10;63;10;41;12;89;12;15;21;51;27;75;27;28;34;89;34;16;43;52;0;1;0;0;8;2;0;1;1;3;6;2;0;1;0;12;0;0;0;0;0;0;0;0;1;1;3;2;4;5;5;7;6;12;3;52;10;63;10;41;12;89;12;15;21;51;27;75;27;28;33;94;33;10;43;52;0;1;1;3;2;4;5;5;10;9;12;3;52;10;63;10;41;12;89;12;15;21;51;27;75;27;28;37;88;37;16;43;52;0;1;1;3;2;4;5;5;7;6;12;3;52;10;63;10;41;12;89;12;15;21;51;27;75;27;28;33;94;33;10;43;52;0;0;0;0;7;2;0;1;1;2;7;2;0;1;0;12;0;0;0;0;0;0;0;0;1;1;3;2;4;5;5;10;9;12;3;52;10;63;10;41;12;89;12;15;18;52;27;78;27;26;37;88;37;16;43;52;0;1;1;3;2;4;5;5;10;9;12;3;52;10;63;10;41;12;89;12;15;21;51;27;75;27;28;37;88;37;16;43;52;0;1;1;3;2;4;5;5;7;6;12;3;52;10;63;10;41;12;89;12;15;21;51;27;75;27;28;34;89;34;16;43;52;0;1;0;0;8;2;0;1;1;3;6;2;0;1;0;12;0;0;0;0;0;0;0;0;4;5;10;7;14;11;13;18;17;20;1;3;26;8;9;12;15;16;23;24;19;21;2;6;27;28;25;22;29;30;31;32;33;34;35;36;37;38;39;5;10;13;18;18;20;18;255;255;255;0;0;0;0;0;0;0
1330;0;1;1;3;2;4;5;5;10;9;12;3;52;11;64;11;40;13;88;13;16;19;52;24;71;24;33;38;91;38;14;43;52;0;1;1;3;2;5;8;8;10;9;12;3;52;11;64;11;40;13;88;13;16;23;50;27;70;27;32;38;91;38;14;43;52;0;1;1;3;2;4;4;4;7;6;12;3;52;11;64;11;40;13;88;13;16;19;52;24;71;24;33;34;88;34;17;43;52;0;0;0;1;8;2;1;1;1;4;5;2;0;1;0;12;0;0;0;0;0;0;0;0;1;1;3;2;4;4;5;7;6;12;3;52;11;64;11;40;13;88;13;16;20;64;20;39;27;52;31;88;31;16;43;52;0;1;1;3;2;4;4;5;10;9;12;3;52;11;64;11;40;13;88;13;16;20;64;20;39;27;52;35;93;35;11;43;52;0;1;1;3;2;4;4;5;7;6;12;3;52;11;64;11;40;13;88;13;16;20;64;20;39;27;52;31;88;31;16;43;52;0;0;0;1;8;2;1;1;1;3;5;2;0;1;0;12;0;0;0;0;0;0;0;0;1;1;3;2;4;5;5;10;9;12;3;52;11;64;11;40;13;88;13;16;19;52;24;71;24;33;38;91;38;14;43;52;0;1;1;3;2;5;8;8;10;9;12;3;52;11;64;11;40;13;88;13;16;23;50;27;70;27;32;38;91;38;14;43;52;0;1;1;3;2;4;4;4;7;6;12;3;52;11;64;11;40;13;88;13;16;19;52;24;71;24;33;34;88;34;17;43;52;0;0;0;1;8;2;1;1;1;4;5;2;0;1;0;12;0;0;0;0;0;0;0;0;7;3;9;8;11;14;12;20;17;18;1;4;5;6;10;13;29;15;16;21;22;23;2;25;30;31;24;19;27;28;26;32;33;34;35;36;37;38;39;0;9;9;9;9;9;8;255;255;255;0;0;0;0;0;0;0
1348;0;1;1;3;2;4;5;5;10;9;12;3;52;10;63;10;41;12;89;12;15;18;52;26;70;26;34;42;85;42;19;43;52;0;1;1;3;2;4;8;8;10;9;12;3;52;10;63;10;41;12;89;12;15;18;52;32;70;32;34;42;85;42;19;43;52;0;1;1;3;2;4;5;5;10;9;12;3;52;10;63;10;41;12;89;12;15;18;52;25;72;25;33;42;85;42;19;43;52;1;0;1;1;5;2;0;1;1;7;5;1;0;0;0;0;0;0;0;0;0;0;0;0;1;1;3;2;4;5;5;10;9;12;3;52;10;63;10;41;12;89;12;15;18;52;27;69;27;33;42;85;42;19;43;52;0;1;1;3;2;4;5;5;10;9;12;3;52;10;63;10;41;12;89;12;15;18;52;27;69;27;33;42;85;42;19;43;52;0;1;1;3;2;4;5;5;8;8;12;3;52;10;63;10;41;12;89;12;15;18;52;27;69;27;33;34;82;34;21;43;52;0;0;1;1;3;2;1;1;1;6;4;3;0;0;0;0;0;0;0;0;0;0;0;0;1;1;3;2;4;5;5;10;9;12;3;52;10;63;10;41;12;89;12;15;18;52;26;70;26;34;42;85;42;19;43;52;0;1;1;3;2;4;8;8;10;9;12;3;52;10;63;10;41;12;89;12;15;18;52;32;70;32;34;42;85;42;19;43;52;0;1;1;3;2;4;5;5;10;9;12;3;52;10;63;10;41;12;89;12;15;18;52;25;72;25;33;42;85;42;19;43;52;1;0;1;1;5;2;0;1;1;7;5;1;0;0;0;0;0;0;0;0;0;0;0;0;6;3;12;8;18;17;14;23;21;24;1;4;7;10;9;11;15;16;19;22;25;26;2;5;13;20;27;28;29;30;31;32;33;34;35;36;37;38;39;24;18;18;21;21;18;21;255;255;255;0;0;0;0;0;0;0
1349;0;1;1;3;2;4;5;5;10;9;12;3;52;10;63;10;41;12;89;12;15;21;51;27;78;27;26;37;90;37;14;43;52;0;1;1;3;2;4;5;5;10;9;12;3;52;10;63;10;41;12;89;12;15;21;51;27;66;27;38;37;90;37;14;43;52;0;1;1;3;2;4;4;4;7;6;12;3;52;10;63;10;41;12;89;12;15;17;52;24;78;24;26;34;90;34;14;43;52;1;1;0;1;5;3;0;0;0;6;4;2;0;0;0;0;0;0;0;0;0;0;0;0;1;1;3;2;4;4;5;7;6;12;3;52;11;64;11;40;13;88;13;16;19;37;19;67;24;51;27;94;27;10;43;52;0;1;1;3;2;4;4;8;7;6;12;3;52;11;64;11;40;13;88;13;16;19;37;19;67;34;52;27;94;27;10;43;52;0;1;1;3;2;4;4;5;7;6;12;3;52;11;64;11;40;13;88;13;16;19;37;19;67;24;51;27;94;27;10;43;52;1;1;0;1;6;3;0;0;0;5;5;2;0;0;0;0;0;0;0;0;0;0;0;0;1;1;3;2;4;5;5;10;9;12;3;52;10;63;10;41;12;89;12;15;21;51;27;78;27;26;37;90;37;14;43;52;0;1;1;3;2;4;5;5;10;9;12;3;52;10;63;10;41;12;89;12;15;21;51;27;66;27;38;37;90;37;14;43;52;0;1;1;3;2;4;4;4;7;6;12;3;52;10;63;10;41;12;89;12;15;17;52;24;78;24;26;34;90;34;14;43;52;1;1;0;1;5;3;0;0;0;6;4;2;0;0;0;0;0;0;0;0;0;0;0;0;4;3;9;7;13;16;15;20;17;22;1;5;6;8;10;11;14;12;21;18;19;24;2;23;25;26;27;28;29;30;31;32;33;34;35;36;37;38;39;20;9;9;9;9;9;20;255;255;255;0;0;0;0;0;0;0
1350;0;1;1;3;2;4;4;7;6;8;12;3;52;10;63;10;41;12;89;12;15;18;64;18;40;30;86;30;18;32;52;43;52;0;1;1;3;2;4;4;10;9;8;12;3;52;10;63;10;41;12;89;12;15;18;64;18;40;36;90;36;15;32;52;43;52;0;1;1;3;2;4;4;7;6;8;12;3;52;10;63;10;41;12;89;12;15;18;64;18;40;30;86;30;18;32;52;43;52;0;0;0;0;5;2;1;1;0;5;8;2;0;0;0;0;0;0;0;0;0;0;0;0;1;1;3;2;4;4;7;6;12;12;3;52;10;63;10;41;12;89;12;15;20;64;20;40;30;87;30;18;43;67;43;38;0;1;1;3;2;4;4;7;6;12;12;3;52;10;63;10;41;12;89;12;15;20;64;20;40;30;87;30;18;43;67;43;38;0;1;1;3;2;4;4;7;6;8;12;3;52;10;63;10;41;12;89;12;15;18;64;18;40;30;86;30;18;32;52;43;52;0;0;0;1;6;1;1;1;1;4;7;2;0;0;0;0;0;0;0;0;0;0;0;0;1;1;3;2;4;4;7;6;8;12;3;52;10;63;10;41;12;89;12;15;18;64;18;40;30;86;30;18;32;52;43;52;0;1;1;3;2;4;4;10;9;8;12;3;52;10;63;10;41;12;89;12;15;18;64;18;40;36;90;36;15;32;52;43;52;0;1;1;3;2;4;4;7;6;8;12;3;52;10;63;10;41;12;89;12;15;18;64;18;40;30;86;30;18;32;52;43;52;0;0;0;0;5;2;1;1;0;5;8;2;0;0;0;0;0;0;0;0;0;0;0;0;6;5;12;10;15;14;24;21;19;27;1;4;7;11;13;16;18;26;23;25;28;30;2;3;8;9;17;20;22;29;31;32;33;34;35;36;37;38;39;5;19;5;19;19;27;21;255;255;255;0;0;0;0;0;0;0
1362;0;1;1;1;3;2;5;5;5;12;12;3;52;10;52;10;73;10;31;15;89;15;15;24;53;29;75;29;29;43;66;43;39;0;1;1;1;7;6;5;8;8;12;12;3;52;10;52;10;73;10;31;19;94;19;10;24;53;32;73;32;33;43;66;43;39;0;1;1;1;3;2;4;5;5;12;12;3;52;10;52;10;73;10;31;15;89;15;15;21;53;29;75;29;29;43;66;43;39;1;0;1;0;6;2;1;1;1;2;2;3;0;0;0;0;0;0;0;0;0;0;0;0;1;1;1;3;2;4;4;7;6;12;3;52;10;52;10;73;10;31;15;89;15;15;20;64;20;40;34;86;34;18;43;52;0;1;1;1;3;2;4;4;10;9;12;3;52;10;52;10;73;10;31;15;89;15;15;20;64;20;40;36;85;36;18;43;52;0;1;1;1;3;2;4;4;7;6;12;3;52;10;52;10;73;10;31;15;89;15;15;20;64;20;40;34;86;34;18;43;52;1;0;1;0;7;2;1;1;1;1;4;3;0;0;0;0;0;0;0;0;0;0;0;0;1;1;1;3;2;5;5;5;12;12;3;52;10;52;10;73;10;31;15;89;15;15;24;53;29;75;29;29;43;66;43;39;0;1;1;1;7;6;5;8;8;12;12;3;52;10;52;10;73;10;31;19;94;19;10;24;53;32;73;32;33;43;66;43;39;0;1;1;1;3;2;4;5;5;12;12;3;52;10;52;10;73;10;31;15;89;15;15;21;53;29;75;29;29;43;66;43;39;1;0;1;0;6;2;1;1;1;2;2;3;0;0;0;0;0;0;0;0;0;0;0;0;4;5;6;12;11;16;17;15;24;23;1;7;9;10;28;8;14;18;20;21;22;25;2;3;13;19;26;27;29;30;31;32;33;34;35;36;37;38;39;17;16;4;16;16;24;4;255;255;255;0;0;0;0;0;0;0
1489;0;1;1;3;2;4;4;5;10;9;12;3;52;11;64;11;40;13;88;13;16;19;64;19;40;29;52;36;88;36;16;43;52;0;1;1;3;2;4;4;5;11;11;12;3;52;11;64;11;40;13;88;13;16;19;64;19;40;29;52;39;78;39;27;43;52;0;1;1;3;2;4;4;5;10;9;12;3;52;11;64;11;40;13;88;13;16;19;64;19;40;29;52;36;88;36;16;43;52;0;1;0;0;5;2;1;1;0;7;4;2;0;0;0;0;0;0;0;0;0;0;0;0;1;1;3;2;4;4;5;8;8;12;3;52;11;64;11;40;13;88;13;16;19;64;19;40;26;52;31;78;30;26;43;52;0;1;1;3;2;4;4;5;7;6;12;3;52;11;64;11;40;13;88;13;16;19;64;19;40;26;52;34;86;34;18;43;52;0;1;1;3;2;4;4;5;8;8;12;3;52;11;64;11;40;13;88;13;16;19;64;19;40;26;52;29;79;29;26;43;52;0;0;0;0;7;2;1;1;0;5;5;3;0;0;0;0;0;0;0;0;0;0;0;0;1;1;3;2;4;4;5;10;9;12;3;52;11;64;11;40;13;88;13;16;19;64;19;40;29;52;36;88;36;16;43;52;0;1;1;3;2;4;4;5;11;11;12;3;52;11;64;11;40;13;88;13;16;19;64;19;40;29;52;39;78;39;27;43;52;0;1;1;3;2;4;4;5;10;9;12;3;52;11;64;11;40;13;88;13;16;19;64;19;40;29;52;36;88;36;16;43;52;0;1;0;0;5;2;1;1;0;7;4;2;0;0;0;0;0;0;0;0;0;0;0;0;6;5;8;9;16;12;13;21;19;26;2;4;7;10;11;14;15;28;20;22;23;24;1;3;17;29;18;27;25;30;31;32;33;34;35;36;37;38;39;5;9;9;9;9;9;8;255;255;255;0;0;0;0;0;0;0
1528;0;1;1;3;2;4;4;7;6;8;12;3;52;10;63;10;41;12;89;12;15;20;64;20;40;30;86;30;18;30;52;43;51;0;1;1;3;2;5;5;7;6;8;12;3;52;10;63;10;41;12;89;12;15;20;64;20;40;30;86;30;18;30;52;43;51;0;1;1;3;2;4;4;7;6;8;12;3;52;10;63;10;41;12;89;12;15;20;64;20;40;30;86;30;18;30;52;43;51;1;0;0;1;8;2;1;1;1;1;4;1;0;5;0;11;0;0;0;0;0;0;0;0;1;1;3;2;4;4;7;6;5;12;3;52;10;63;10;41;12;89;12;15;20;64;20;40;30;86;30;18;29;52;43;51;0;1;1;3;2;4;4;7;6;5;12;3;52;10;63;10;41;12;89;12;15;20;64;20;40;30;86;30;18;29;52;43;51;0;1;1;3;2;4;4;7;6;5;12;3;52;10;63;10;41;12;89;12;15;20;64;20;40;30;86;30;18;29;52;43;51;1;0;0;1;6;2;1;1;1;1;5;3;0;5;0;11;0;0;0;0;0;0;0;0;1;1;3;2;4;4;7;6;8;12;3;52;10;63;10;41;12;89;12;15;20;64;20;40;30;86;30;18;30;52;43;51;0;1;1;3;2;5;5;7;6;8;12;3;52;10;63;10;41;12;89;12;15;20;64;20;40;30;86;30;18;30;52;43;51;0;1;1;3;2;4;4;7;6;8;12;3;52;10;63;10;41;12;89;12;15;20;64;20;40;30;86;30;18;30;52;43;51;1;0;0;1;8;2;1;1;1;1;4;1;0;5;0;11;0;0;0;0;0;0;0;0;23;3;19;5;9;7;11;20;17;16;1;2;21;4;6;10;8;12;13;14;24;25;22;15;18;26;27;28;29;30;31;32;33;34;35;36;37;38;39;0;9;9;9;9;9;7;255;255;255;0;0;0;0;0;0;0
1550;0;1;1;1;7;6;4;4;8;12;12;3;52;10;52;10;73;10;31;26;90;26;14;20;64;20;40;32;52;43;67;43;38;0;1;1;1;7;6;5;5;8;12;12;3;52;10;52;10;73;10;31;26;90;26;14;20;64;20;40;32;52;43;67;43;38;0;1;1;1;3;2;4;4;8;12;12;3;52;10;52;10;73;10;31;15;88;15;16;20;64;20;40;32;52;43;67;43;38;1;1;1;1;3;3;1;1;0;6;7;2;0;7;0;12;0;0;0;0;0;0;0;0;1;1;1;3;2;4;4;8;12;12;3;52;10;52;10;73;10;31;15;89;15;15;20;64;20;40;32;52;43;67;43;38;0;1;1;1;3;2;4;4;8;12;12;3;52;10;52;10;73;10;31;15;89;15;15;20;64;20;40;32;52;43;67;43;38;0;1;1;1;3;2;4;4;8;12;12;3;52;10;52;10;73;10;31;15;89;15;15;20;64;20;40;32;52;43;67;43;38;1;1;1;1;4;2;1;1;0;4;7;3;0;7;0;12;0;0;0;0;0;0;0;0;1;1;1;7;6;4;4;8;12;12;3;52;10;52;10;73;10;31;26;90;26;14;20;64;20;40;32;52;43;67;43;38;0;1;1;1;7;6;5;5;8;12;12;3;52;10;52;10;73;10;31;26;90;26;14;20;64;20;40;32;52;43;67;43;38;0;1;1;1;3;2;4;4;8;12;12;3;52;10;52;10;73;10;31;15;88;15;16;20;64;20;40;32;52;43;67;43;38;1;1;1;1;3;3;1;1;0;6;7;2;0;7;0;12;0;0;0;0;0;0;0;1;5;3;4;20;18;13;14;19;24;22;2;6;8;9;10;11;12;15;16;17;23;25;0;7;21;26;27;28;29;30;31;32;33;34;35;36;37;38;39;4;18;19;18;18;22;19;255;255;255;0;0;0;0;0;0;0
1551;0;1;1;3;2;4;5;5;8;12;12;3;52;10;63;10;41;12;89;12;15;18;52;26;78;26;26;32;52;43;66;43;38;0;1;1;3;2;4;8;8;8;12;12;3;52;10;63;10;41;12;89;12;15;18;52;32;78;32;26;32;52;43;66;43;38;0;1;1;3;2;4;5;5;5;12;12;3;52;10;63;10;41;12;89;12;15;18;52;26;78;26;26;28;51;43;66;43;38;0;0;1;0;6;2;1;1;1;3;4;2;0;0;0;0;0;0;0;0;0;0;0;0;1;1;3;2;4;5;5;5;12;12;3;52;10;63;10;41;12;89;12;15;18;52;26;78;26;26;32;52;43;66;43;38;0;1;1;3;2;4;5;5;8;12;12;3;52;10;63;10;41;12;89;12;15;18;52;26;78;26;26;32;52;43;66;43;38;0;1;1;3;2;4;5;5;5;12;12;3;52;10;63;10;41;12;89;12;15;18;52;26;78;26;26;26;51;43;66;43;38;0;0;1;0;7;1;1;1;1;2;5;3;0;0;0;0;0;0;0;0;0;0;0;0;1;1;3;2;4;5;5;8;12;12;3;52;10;63;10;41;12;89;12;15;18;52;26;78;26;26;32;52;43;66;43;38;0;1;1;3;2;4;8;8;8;12;12;3;52;10;63;10;41;12;89;12;15;18;52;32;78;32;26;32;52;43;66;43;38;0;1;1;3;2;4;5;5;5;12;12;3;52;10;63;10;41;12;89;12;15;18;52;26;78;26;26;28;51;43;66;43;38;0;0;1;0;6;2;1;1;1;3;4;2;0;0;0;0;0;0;0;0;0;0;0;1;3;4;9;7;11;16;14;15;23;21;2;5;6;8;10;12;13;17;18;22;24;25;0;19;20;26;27;28;29;30;31;32;33;34;35;36;37;38;39;4;9;9;9;9;9;7;255;255;255;0;0;0;0;0;0;0
1586;0;1;1;3;2;4;5;5;8;12;12;3;52;10;63;10;41;12;89;12;15;18;52;27;77;27;25;32;52;43;65;43;38;0;1;1;3;2;4;5;5;8;12;12;3;52;10;63;10;41;12;89;12;15;18;52;27;77;27;25;32;52;43;65;43;38;0;1;1;3;2;4;5;5;5;12;12;3;52;10;63;10;41;12;89;12;15;18;52;27;77;27;25;27;52;43;65;43;38;1;0;1;1;5;2;0;1;1;4;7;2;0;0;0;0;0;0;0;0;0;0;0;0;1;1;3;2;4;5;5;5;12;12;3;52;10;63;10;41;12;89;12;15;18;52;27;77;27;25;27;51;43;65;43;38;0;1;1;3;2;4;5;5;5;12;12;3;52;10;63;10;41;12;89;12;15;18;52;27;77;27;25;27;51;43;65;43;38;0;1;1;3;2;4;5;5;5;12;12;3;52;10;63;10;41;12;89;12;15;18;52;27;77;27;25;27;51;43;65;43;38;1;0;1;1;7;2;0;1;1;8;4;3;0;0;0;0;0;0;0;0;0;0;0;0;1;1;3;2;4;5;5;8;12;12;3;52;10;63;10;41;12;89;12;15;18;52;27;77;27;25;32;52;43;65;43;38;0;1;1;3;2;4;5;5;8;12;12;3;52;10;63;10;41;12;89;12;15;18;52;27;77;27;25;32;52;43;65;43;38;0;1;1;3;2;4;5;5;5;12;12;3;52;10;63;10;41;12;89;12;15;18;52;27;77;27;25;27;52;43;65;43;38;1;0;1;1;5;2;0;1;1;4;7;2;0;0;0;0;0;0;0;0;0;0;0;0;4;2;9;7;11;13;12;14;23;22;1;6;5;8;18;3;10;15;17;16;20;21;19;24;25;26;27;28;29;30;31;32;33;34;35;36;37;38;39;9;9;9;9;9;9;7;255;255;255;0;0;0;0;0;0;0
1589;0;1;1;3;2;5;5;8;10;9;12;3;52;10;63;10;41;12;89;12;15;23;70;23;34;32;52;36;87;36;17;43;52;0;1;1;3;2;5;5;8;10;9;12;3;52;10;63;10;41;12;89;12;15;23;70;23;34;34;52;39;90;39;14;43;52;0;1;1;3;2;5;5;8;8;8;12;3;52;10;63;10;41;12;89;12;15;23;70;23;34;32;52;34;82;34;22;43;52;0;0;1;0;7;2;0;1;1;7;8;2;0;7;0;12;0;0;0;0;0;0;0;0;1;1;3;2;4;5;5;7;6;12;3;52;9;38;9;65;12;90;12;14;18;52;23;69;23;35;26;93;26;10;39;52;0;1;1;3;2;4;5;5;10;9;12;3;52;9;38;9;65;12;90;12;14;18;52;23;69;23;35;35;91;35;13;39;52;0;1;1;3;2;4;5;5;7;6;12;3;52;9;38;9;65;12;90;12;14;18;52;23;69;23;35;26;93;26;10;39;52;0;0;1;1;8;2;0;1;1;6;6;3;0;7;0;12;0;0;0;0;0;0;0;0;1;1;3;2;5;5;8;10;9;12;3;52;10;63;10;41;12;89;12;15;23;70;23;34;32;52;36;87;36;17;43;52;0;1;1;3;2;5;5;8;10;9;12;3;52;10;63;10;41;12;89;12;15;23;70;23;34;34;52;39;90;39;14;43;52;0;1;1;3;2;5;5;8;8;8;12;3;52;10;63;10;41;12;89;12;15;23;70;23;34;32;52;34;82;34;22;43;52;0;0;1;0;7;2;0;1;1;7;8;2;0;7;0;12;0;0;0;0;0;0;0;0;4;3;12;9;17;15;19;23;21;27;1;2;5;10;11;16;18;20;22;24;26;28;6;7;8;31;32;13;14;33;30;25;34;35;29;36;37;38;39;12;9;9;9;9;27;3;255;255;255;0;0;0;0;0;0;0
1600;0;1;1;1;3;2;4;5;5;12;12;3;52;10;52;10;73;10;31;15;89;15;15;19;52;27;67;27;36;43;67;43;38;0;1;1;1;7;6;4;5;5;12;12;3;52;10;52;10;73;10;31;23;91;23;12;19;52;27;67;27;36;43;67;43;38;0;1;1;1;3;2;4;5;5;11;12;3;52;10;52;10;73;10;31;15;89;15;15;19;52;27;67;27;36;39;66;43;38;1;1;1;1;4;2;1;0;1;4;6;2;0;0;0;0;0;0;0;0;0;0;0;0;1;1;1;4;5;5;3;2;12;12;3;52;10;52;10;73;10;31;18;53;24;71;24;34;13;94;13;10;43;66;43;38;0;1;1;1;4;8;8;3;2;12;12;3;52;10;52;10;73;10;31;18;53;27;71;27;32;13;94;13;10;43;66;43;38;0;1;1;1;4;5;5;3;2;12;12;3;52;10;52;10;73;10;31;18;53;24;71;24;34;13;94;13;10;43;66;43;38;1;0;1;1;5;2;1;0;1;3;7;3;0;0;0;0;0;0;0;0;0;0;0;0;1;1;1;3;2;4;5;5;12;12;3;52;10;52;10;73;10;31;15;89;15;15;19;52;27;67;27;36;43;67;43;38;0;1;1;1;7;6;4;5;5;12;12;3;52;10;52;10;73;10;31;23;91;23;12;19;52;27;67;27;36;43;67;43;38;0;1;1;1;3;2;4;5;5;11;12;3;52;10;52;10;73;10;31;15;89;15;15;19;52;27;67;27;36;39;66;43;38;1;1;1;1;4;2;1;0;1;4;6;2;0;0;0;0;0;0;0;0;0;0;0;1;6;4;5;7;9;14;16;19;26;27;2;11;8;10;12;29;13;17;18;20;23;25;0;3;28;15;21;31;22;24;30;32;33;34;35;36;37;38;39;27;9;9;9;9;9;6;255;255;255;0;0;0;0;0;0;0
1695;0;1;1;3;2;4;4;7;6;8;12;3;52;10;63;10;41;12;89;12;15;18;64;18;40;30;86;30;18;32;52;43;52;0;1;1;3;2;5;5;10;9;8;12;3;52;10;63;10;41;12;89;12;15;22;67;22;37;37;90;37;15;32;52;43;52;0;1;1;3;2;4;4;7;6;8;12;3;52;10;63;10;41;12;89;12;15;18;64;18;40;26;91;26;13;32;52;43;52;0;1;1;1;3;2;1;1;0;5;2;2;0;0;0;0;0;0;0;0;0;0;0;0;1;1;3;2;4;4;7;6;12;12;3;52;10;63;10;41;12;89;12;15;20;64;20;40;30;87;30;18;43;66;43;38;0;1;1;3;2;5;5;7;6;12;12;3;52;10;63;10;41;12;89;12;15;20;64;20;40;30;87;30;18;43;66;43;38;0;1;1;3;2;4;4;7;6;8;12;3;52;10;63;10;41;12;89;12;15;18;64;18;40;30;86;30;18;32;52;43;52;0;1;1;1;4;2;1;1;0;8;4;2;0;0;0;0;0;0;0;0;0;0;0;0;1;1;3;2;4;4;7;6;8;12;3;52;10;63;10;41;12;89;12;15;18;64;18;40;30;86;30;18;32;52;43;52;0;1;1;3;2;5;5;10;9;8;12;3;52;10;63;10;41;12;89;12;15;22;67;22;37;37;90;37;15;32;52;43;52;0;1;1;3;2;4;4;7;6;8;12;3;52;10;63;10;41;12;89;12;15;18;64;18;40;26;91;26;13;32;52;43;52;0;1;1;1;3;2;1;1;0;5;2;2;0;0;0;0;0;0;0;0;0;0;0;2;6;3;10;8;13;14;23;20;17;26;1;4;5;9;11;12;15;16;18;21;25;27;0;7;19;22;24;28;29;30;31;32;33;34;35;36;37;38;39;20;13;10;13;13;26;10;255;255;255;0;0;0;0;0;0;0
1702;0;1;1;3;2;4;4;7;6;12;12;3;52;10;63;10;41;12;89;12;15;20;64;20;40;30;87;30;18;43;66;43;38;0;1;1;3;2;5;5;7;6;12;12;3;52;10;63;10;41;12;89;12;15;24;67;24;37;30;87;30;18;43;66;43;38;0;1;1;3;2;4;4;7;6;12;12;3;52;10;63;10;41;12;89;12;15;20;64;20;40;30;87;30;18;43;66;43;38;1;1;0;1;5;2;0;0;1;3;2;3;0;5;0;12;0;0;0;0;0;0;0;0;1;1;3;2;4;4;7;6;11;12;3;52;10;63;10;41;12;89;12;15;20;64;20;40;30;87;30;18;38;65;43;38;0;1;1;3;2;4;4;7;6;12;12;3;52;10;63;10;41;12;89;12;15;20;64;20;40;30;87;30;18;43;66;43;38;0;1;1;3;2;4;4;7;6;11;12;3;52;10;63;10;41;12;89;12;15;20;64;20;40;30;87;30;18;38;64;43;38;1;1;0;1;7;2;0;0;1;2;4;2;0;5;0;12;0;0;0;0;0;0;0;0;1;1;3;2;4;4;7;6;12;12;3;52;10;63;10;41;12;89;12;15;20;64;20;40;30;87;30;18;43;66;43;38;0;1;1;3;2;5;5;7;6;12;12;3;52;10;63;10;41;12;89;12;15;24;67;24;37;30;87;30;18;43;66;43;38;0;1;1;3;2;4;4;7;6;12;12;3;52;10;63;10;41;12;89;12;15;20;64;20;40;30;87;30;18;43;66;43;38;1;1;0;1;5;2;0;0;1;3;2;3;0;5;0;12;0;0;0;0;0;0;0;0;3;4;8;6;9;12;13;14;17;18;1;2;5;7;11;10;15;16;19;20;21;22;23;24;25;26;27;28;29;30;31;32;33;34;35;36;37;38;39;4;9;9;9;9;9;6;255;255;255;0;0;0;0;0;0;0
1706;0;1;1;3;2;5;5;8;10;9;12;3;52;10;63;10;41;12;89;12;15;24;76;24;28;32;52;37;88;37;16;43;52;0;1;1;3;2;5;5;8;10;9;12;3;52;10;63;10;41;12;89;12;15;24;76;24;28;34;52;37;88;37;16;43;52;0;1;1;3;2;5;5;5;7;6;12;3;52;10;63;10;41;12;89;12;15;24;76;24;28;27;52;34;89;34;15;43;52;1;1;1;1;4;3;1;0;0;6;2;2;0;1;0;12;0;0;0;0;0;0;0;0;1;1;3;2;4;4;5;10;9;12;3;52;10;63;10;41;12;89;12;15;24;76;24;28;32;52;37;88;37;16;43;52;0;1;1;3;2;5;5;8;10;9;12;3;52;10;63;10;41;12;89;12;15;24;76;24;28;32;52;37;88;37;16;43;52;0;1;1;3;2;4;4;8;10;9;12;3;52;10;63;10;41;12;89;12;15;21;65;21;38;32;52;37;88;37;16;43;52;1;1;1;1;5;1;1;0;0;5;4;2;0;1;0;12;0;0;0;0;0;0;0;0;1;1;3;2;5;5;8;10;9;12;3;52;10;63;10;41;12;89;12;15;24;76;24;28;32;52;37;88;37;16;43;52;0;1;1;3;2;5;5;8;10;9;12;3;52;10;63;10;41;12;89;12;15;24;76;24;28;34;52;37;88;37;16;43;52;0;1;1;3;2;5;5;5;7;6;12;3;52;10;63;10;41;12;89;12;15;24;76;24;28;27;52;34;89;34;15;43;52;1;1;1;1;4;3;1;0;0;6;2;2;0;1;0;12;0;0;0;0;0;0;0;0;4;3;9;7;13;12;16;18;19;24;1;5;6;8;10;11;14;15;20;21;22;23;2;28;27;17;29;25;26;30;31;32;33;34;35;36;37;38;39;7;9;9;9;9;9;7;255;255;255;0;0;0;0;0;0;0
1733;0;1;1;3;2;4;5;5;10;9;12;3;52;10;63;10;41;12;89;12;15;18;52;30;69;30;35;39;90;39;14;43;52;0;1;1;3;2;4;8;8;10;9;12;3;52;10;63;10;41;12;89;12;15;18;52;30;69;30;35;39;90;39;14;43;52;0;1;1;3;2;4;5;5;7;6;12;3;52;10;63;10;41;12;89;12;15;18;52;30;69;30;35;33;91;33;13;43;52;0;1;1;0;4;3;0;0;1;6;7;2;0;0;0;0;0;0;0;0;0;0;0;0;1;1;3;2;4;5;5;10;9;12;3;52;10;63;10;41;12;89;12;15;18;52;30;69;30;35;39;90;39;14;43;52;0;1;1;3;2;4;5;5;10;9;12;3;52;10;63;10;41;12;89;12;15;18;52;30;69;30;35;39;90;39;14;43;52;0;1;1;3;2;4;5;5;10;9;12;3;52;10;63;10;41;12;89;12;15;18;52;30;69;30;35;39;90;39;14;43;52;0;1;1;0;4;2;0;1;1;3;4;3;0;0;0;0;0;0;0;0;0;0;0;0;1;1;3;2;4;5;5;10;9;12;3;52;10;63;10;41;12;89;12;15;18;52;30;69;30;35;39;90;39;14;43;52;0;1;1;3;2;4;8;8;10;9;12;3;52;10;63;10;41;12;89;12;15;18;52;30;69;30;35;39;90;39;14;43;52;0;1;1;3;2;4;5;5;7;6;12;3;52;10;63;10;41;12;89;12;15;18;52;30;69;30;35;33;91;33;13;43;52;0;1;1;0;4;3;0;0;1;6;7;2;0;0;0;0;0;0;0;0;0;0;0;0;2;4;9;19;3;10;11;16;15;17;1;5;7;8;6;12;13;14;18;20;21;22;23;24;25;26;27;28;29;30;31;32;33;34;35;36;37;38;39;11;9;9;9;9;9;3;255;255;255;0;0;0;0;0;0;0
1746;0;1;1;3;2;4;5;7;6;12;12;3;52;10;63;10;41;12;89;12;15;19;52;27;52;33;89;33;17;43;65;43;38;0;1;1;3;2;4;5;10;9;12;12;3;52;10;63;10;41;12;89;12;15;19;52;27;52;36;89;36;16;43;65;43;38;0;1;1;3;2;4;5;5;5;12;12;3;52;10;63;10;41;12;89;12;15;19;52;27;52;32;76;32;27;43;65;43;38;1;0;1;1;3;2;1;0;0;3;2;2;0;0;0;0;0;0;0;0;0;0;0;0;1;1;3;2;4;5;5;5;12;12;3;52;10;63;10;41;12;89;12;15;19;52;27;52;32;76;32;27;43;65;43;38;0;1;1;3;2;4;5;5;5;12;12;3;52;10;63;10;41;12;89;12;15;19;52;27;52;32;76;32;27;43;65;43;38;0;1;1;3;2;4;5;5;5;12;12;3;52;10;63;10;41;12;89;12;15;19;52;27;52;32;76;32;27;43;65;43;38;1;0;1;1;4;1;1;0;0;5;3;2;0;0;0;0;0;0;0;0;0;0;0;0;1;1;3;2;4;5;7;6;12;12;3;52;10;63;10;41;12;89;12;15;19;52;27;52;33;89;33;17;43;65;43;38;0;1;1;3;2;4;5;10;9;12;12;3;52;10;63;10;41;12;89;12;15;19;52;27;52;36;89;36;16;43;65;43;38;0;1;1;3;2;4;5;5;5;12;12;3;52;10;63;10;41;12;89;12;15;19;52;27;52;32;76;32;27;43;65;43;38;1;0;1;1;3;2;1;0;0;3;2;2;0;0;0;0;0;0;0;0;0;0;0;0;3;2;9;7;11;13;18;20;21;22;1;4;5;6;8;10;12;15;16;19;17;14;23;24;25;26;27;28;29;30;31;32;33;34;35;36;37;38;39;7;9;9;9;9;9;7;255;255;255;0;0;0;0;0;0;0
1753;0;1;1;3;2;4;4;5;10;9;12;3;52;10;63;10;41;12;89;12;15;20;63;20;40;29;52;37;85;37;18;43;52;0;1;1;3;2;4;4;8;10;9;12;3;52;10;63;10;41;12;89;12;15;20;63;20;40;33;52;37;85;37;18;43;52;0;1;1;3;2;4;4;5;7;6;12;3;52;10;63;10;41;12;89;12;15;20;63;20;40;29;52;33;88;33;16;43;52;0;1;1;0;6;2;1;0;0;5;8;2;0;1;0;12;0;0;0;0;0;0;0;0;1;1;3;2;4;4;5;7;6;12;3;52;11;64;11;40;13;88;13;16;19;64;19;40;29;52;29;91;29;13;43;52;0;1;1;3;2;4;4;11;7;6;12;3;52;11;64;11;40;13;88;13;16;19;64;19;40;35;53;29;91;29;13;43;52;0;1;1;3;2;4;4;5;7;6;12;3;52;11;64;11;40;13;88;13;16;19;64;19;40;29;52;29;91;29;13;43;52;0;1;1;1;7;2;1;1;0;4;6;3;0;1;0;12;0;0;0;0;0;0;0;0;1;1;3;2;4;4;5;10;9;12;3;52;10;63;10;41;12;89;12;15;20;63;20;40;29;52;37;85;37;18;43;52;0;1;1;3;2;4;4;8;10;9;12;3;52;10;63;10;41;12;89;12;15;20;63;20;40;33;52;37;85;37;18;43;52;0;1;1;3;2;4;4;5;7;6;12;3;52;10;63;10;41;12;89;12;15;20;63;20;40;29;52;33;88;33;16;43;52;0;1;1;0;6;2;1;0;0;5;8;2;0;1;0;12;0;0;0;0;0;0;0;0;4;5;12;9;13;15;18;22;21;25;1;3;6;10;11;14;16;19;20;23;26;27;2;7;8;17;24;28;29;30;31;32;33;34;35;36;37;38;39;5;9;9;9;9;9;15;255;255;255;0;0;0;0;0;0;0
1756;0;1;1;1;4;4;7;6;8;12;12;3;52;10;52;10;73;10;31;18;64;18;40;30;86;30;18;32;52;43;65;43;38;0;1;1;1;4;4;10;9;8;12;12;3;52;10;52;10;73;10;31;18;64;18;40;36;89;36;16;32;52;43;65;43;38;0;1;1;1;4;4;7;6;5;12;12;3;52;10;52;10;73;10;31;18;64;18;40;30;86;30;18;26;52;43;65;43;38;1;0;1;1;3;2;1;0;0;2;7;3;0;0;0;0;0;0;0;0;0;0;0;0;1;1;3;2;4;5;5;7;6;12;3;52;10;63;10;41;12;89;12;15;18;52;26;69;26;35;32;92;32;12;43;52;0;1;1;3;2;4;5;5;7;6;12;3;52;10;63;10;41;12;89;12;15;18;52;26;69;26;35;32;92;32;12;43;52;0;1;1;3;2;4;5;5;7;6;12;3;52;10;63;10;41;12;89;12;15;18;52;26;69;26;35;32;92;32;12;43;52;1;0;0;1;4;2;1;1;1;4;3;3;0;0;0;0;0;0;0;0;0;0;0;0;1;1;1;4;4;7;6;8;12;12;3;52;10;52;10;73;10;31;18;64;18;40;30;86;30;18;32;52;43;65;43;38;0;1;1;1;4;4;10;9;8;12;12;3;52;10;52;10;73;10;31;18;64;18;40;36;89;36;16;32;52;43;65;43;38;0;1;1;1;4;4;7;6;5;12;12;3;52;10;52;10;73;10;31;18;64;18;40;30;86;30;18;26;52;43;65;43;38;1;0;1;1;3;2;1;0;0;2;7;3;0;0;0;0;0;0;0;0;0;0;0;0;9;5;3;8;6;20;13;16;21;23;1;4;14;11;7;15;12;17;18;19;10;22;2;24;25;26;27;28;29;30;31;32;33;34;35;36;37;38;39;5;9;9;9;9;9;16;255;255;255;0;0;0;0;0;0;0
1760;0;1;1;1;3;2;4;4;10;9;12;3;52;10;52;10;73;10;31;15;89;15;15;22;66;22;38;35;86;35;16;43;52;0;1;1;1;7;6;5;5;10;9;12;3;52;10;52;10;73;10;31;19;90;19;14;22;66;22;38;35;86;35;16;43;52;0;1;1;1;3;2;4;4;10;9;12;3;52;10;52;10;73;10;31;15;89;15;15;22;66;22;38;35;86;35;16;43;52;0;0;1;0;6;2;1;1;1;3;3;2;0;2;0;12;0;0;0;0;0;0;0;0;1;1;1;3;2;4;4;7;6;12;3;52;10;52;10;73;10;31;15;89;15;15;22;66;22;38;33;89;33;15;43;52;0;1;1;1;3;2;5;5;10;9;12;3;52;10;52;10;73;10;31;15;89;15;15;22;66;22;38;35;86;35;16;43;52;0;1;1;1;3;2;4;4;7;6;12;3;52;10;52;10;73;10;31;15;89;15;15;22;66;22;38;34;88;34;16;43;52;0;0;1;0;7;2;1;1;1;2;4;2;0;2;0;12;0;0;0;0;0;0;0;0;1;1;1;3;2;4;4;10;9;12;3;52;10;52;10;73;10;31;15;89;15;15;22;66;22;38;35;86;35;16;43;52;0;1;1;1;7;6;5;5;10;9;12;3;52;10;52;10;73;10;31;19;90;19;14;22;66;22;38;35;86;35;16;43;52;0;1;1;1;3;2;4;4;10;9;12;3;52;10;52;10;73;10;31;15;89;15;15;22;66;22;38;35;86;35;16;43;52;0;0;1;0;6;2;1;1;1;3;3;2;0;2;0;12;0;0;0;0;0;0;0;0;5;4;3;11;8;14;17;20;24;25;1;6;7;9;12;13;15;16;19;21;23;26;2;10;18;22;29;27;28;30;31;32;33;34;35;36;37;38;39;14;20;4;20;20;25;8;255;255;255;0;0;0;0;0;0;0
1765;0;1;1;3;2;4;5;5;10;9;12;3;52;10;63;10;41;12;89;12;15;18;52;27;69;27;36;36;84;36;19;43;52;0;1;1;3;2;4;8;8;10;9;12;3;52;10;63;10;41;12;89;12;15;18;52;31;68;31;36;42;90;42;14;43;52;0;1;1;3;2;4;5;5;7;6;12;3;52;10;63;10;41;12;89;12;15;18;52;27;69;27;36;34;88;34;16;43;52;0;1;1;0;7;2;0;1;0;8;5;2;0;4;0;12;0;0;0;0;0;0;0;0;1;1;3;2;4;4;5;7;6;12;3;52;10;63;10;41;12;89;12;15;18;64;18;40;27;52;31;91;31;14;43;52;0;1;1;3;2;4;4;5;10;9;12;3;52;10;63;10;41;12;89;12;15;18;64;18;40;27;52;35;88;35;16;43;52;0;1;1;3;2;4;4;5;7;6;12;3;52;10;63;10;41;12;89;12;15;18;64;18;40;27;52;31;91;31;14;43;52;0;1;1;0;8;2;1;1;0;7;6;3;0;4;0;12;0;0;0;0;0;0;0;0;1;1;3;2;4;5;5;10;9;12;3;52;10;63;10;41;12;89;12;15;18;52;27;69;27;36;36;84;36;19;43;52;0;1;1;3;2;4;8;8;10;9;12;3;52;10;63;10;41;12;89;12;15;18;52;31;68;31;36;42;90;42;14;43;52;0;1;1;3;2;4;5;5;7;6;12;3;52;10;63;10;41;12;89;12;15;18;52;27;69;27;36;34;88;34;16;43;52;0;1;1;0;7;2;0;1;0;8;5;2;0;4;0;12;0;0;0;0;0;0;0;0;2;3;8;7;13;10;14;19;16;23;1;5;28;6;12;15;18;11;17;20;25;22;24;27;4;9;26;29;30;21;31;32;33;34;35;36;37;38;39;8;13;13;13;13;13;8;255;255;255;0;0;0;0;0;0;0
1778;0;1;1;3;2;4;8;8;7;6;12;3;52;10;63;10;41;12;89;12;15;18;52;28;70;28;34;34;88;34;16;43;52;0;1;1;3;2;4;8;8;11;11;12;3;52;10;63;10;41;12;89;12;15;18;52;28;70;28;34;36;78;36;25;43;52;0;1;1;3;2;4;5;5;8;8;12;3;52;10;63;10;41;12;89;12;15;18;52;25;69;25;35;34;79;34;25;43;52;0;0;1;0;3;2;0;1;0;4;2;2;0;0;0;0;0;0;0;0;0;0;0;0;1;1;3;2;4;5;5;11;11;12;3;52;10;63;10;41;12;89;12;15;20;52;25;70;25;33;36;76;36;28;43;52;0;1;1;3;2;4;5;5;11;11;12;3;52;10;63;10;41;12;89;12;15;20;52;25;70;25;33;36;76;36;28;43;52;0;1;1;3;2;4;5;5;11;11;12;3;52;10;63;10;41;12;89;12;15;20;52;25;70;25;33;36;76;36;28;43;52;0;0;1;1;6;2;0;1;0;8;6;2;0;0;0;0;0;0;0;0;0;0;0;0;1;1;3;2;4;8;8;7;6;12;3;52;10;63;10;41;12;89;12;15;18;52;28;70;28;34;34;88;34;16;43;52;0;1;1;3;2;4;8;8;11;11;12;3;52;10;63;10;41;12;89;12;15;18;52;28;70;28;34;36;78;36;25;43;52;0;1;1;3;2;4;5;5;8;8;12;3;52;10;63;10;41;12;89;12;15;18;52;25;69;25;35;34;79;34;25;43;52;0;0;1;0;3;2;0;1;0;4;2;2;0;0;0;0;0;0;0;0;0;0;0;0;3;2;10;6;13;16;14;20;19;22;1;4;5;8;9;11;12;25;17;18;21;23;26;7;15;24;27;28;29;30;31;32;33;34;35;36;37;38;39;20;16;14;16;16;22;19;255;255;255;0;0;0;0;0;0;0
1782;0;1;1;3;2;4;5;5;10;9;12;3;52;10;63;10;41;12;89;12;15;18;52;27;71;27;33;42;85;42;19;43;52;0;1;1;3;2;4;8;8;10;9;12;3;52;10;63;10;41;12;89;12;15;18;52;32;70;32;34;42;85;42;19;43;52;0;1;1;3;2;4;5;5;7;6;12;3;52;10;63;10;41;12;89;12;15;18;52;32;70;32;34;32;94;32;10;43;52;1;0;1;1;8;3;0;1;1;8;3;2;0;0;0;0;0;0;0;0;0;0;0;0;1;1;3;2;4;5;5;7;6;12;3;52;10;63;10;41;12;89;12;15;18;52;30;65;30;39;30;90;30;13;43;52;0;1;1;3;2;4;5;5;10;9;12;3;52;10;63;10;41;12;89;12;15;18;52;30;65;30;39;35;92;35;12;43;52;0;1;1;3;2;4;4;4;7;6;12;3;52;10;63;10;41;12;89;12;15;18;52;24;69;24;35;30;90;30;13;43;52;1;0;1;1;5;2;0;1;0;3;4;2;0;0;0;0;0;0;0;0;0;0;0;0;1;1;3;2;4;5;5;10;9;12;3;52;10;63;10;41;12;89;12;15;18;52;27;71;27;33;42;85;42;19;43;52;0;1;1;3;2;4;8;8;10;9;12;3;52;10;63;10;41;12;89;12;15;18;52;32;70;32;34;42;85;42;19;43;52;0;1;1;3;2;4;5;5;7;6;12;3;52;10;63;10;41;12;89;12;15;18;52;32;70;32;34;32;94;32;10;43;52;1;0;1;1;8;3;0;1;1;8;3;2;0;0;0;0;0;0;0;0;0;0;0;0;5;3;11;4;13;16;15;17;19;23;1;6;26;8;9;14;20;18;21;22;24;25;2;7;10;27;12;28;29;30;31;32;33;34;35;36;37;38;39;0;15;15;15;15;23;11;255;255;255;0;0;0;0;0;0;0
1804;0;1;1;3;2;4;5;5;7;6;12;3;52;10;63;10;41;12;89;12;15;18;52;24;77;24;27;34;89;34;15;43;52;0;1;1;3;2;4;5;5;10;9;12;3;52;10;63;10;41;12;89;12;15;19;51;27;69;27;33;36;87;36;18;44;51;0;1;1;3;2;4;4;4;7;6;12;3;52;10;63;10;41;12;89;12;15;19;51;24;73;24;30;33;88;33;17;44;52;1;1;0;1;5;3;0;0;0;8;2;2;0;4;0;0;0;0;0;0;0;0;0;0;1;1;3;2;4;4;5;7;6;12;3;52;10;63;10;41;12;89;12;15;18;64;18;40;25;52;34;90;34;14;43;52;0;1;1;3;2;4;4;11;10;9;12;3;52;10;63;10;41;12;89;12;15;18;64;18;40;35;52;42;85;42;19;43;52;0;1;1;3;2;4;4;5;7;6;12;3;52;10;63;10;41;12;89;12;15;18;64;18;40;25;52;34;90;34;14;43;52;1;1;0;1;6;2;0;1;0;7;3;2;0;4;0;0;0;0;0;0;0;0;0;0;1;1;3;2;4;5;5;7;6;12;3;52;10;63;10;41;12;89;12;15;18;52;24;77;24;27;34;89;34;15;43;52;0;1;1;3;2;4;5;5;10;9;12;3;52;10;63;10;41;12;89;12;15;19;51;27;69;27;33;36;87;36;18;44;51;0;1;1;3;2;4;4;4;7;6;12;3;52;10;63;10;41;12;89;12;15;19;51;24;73;24;30;33;88;33;17;44;52;1;1;0;1;5;3;0;0;0;8;2;2;0;4;0;0;0;0;0;0;0;0;0;1;3;4;9;7;11;13;15;21;20;24;2;5;6;8;10;25;12;14;18;26;22;23;0;16;19;17;27;28;29;30;31;32;33;34;35;36;37;38;39;4;9;9;9;9;9;4;255;255;255;0;0;0;0;0;0;0
1832;0;1;1;3;2;4;5;5;8;12;12;3;52;10;63;10;41;12;89;12;15;18;52;27;77;27;26;32;52;43;66;43;38;0;1;1;3;2;4;8;8;8;12;12;3;52;10;63;10;41;12;89;12;15;18;52;29;76;29;27;31;51;43;66;43;38;0;1;1;3;2;4;5;5;5;12;12;3;52;10;63;10;41;12;89;12;15;18;52;27;77;27;26;27;51;43;66;43;38;1;1;1;1;7;3;1;0;1;8;3;2;0;0;0;12;0;0;0;0;0;0;0;0;1;1;3;2;4;5;5;5;12;12;3;52;10;63;10;41;12;89;12;15;18;52;27;77;27;26;27;51;43;66;43;38;0;1;1;3;2;4;5;5;11;12;12;3;52;10;63;10;41;12;89;12;15;18;52;27;77;27;26;35;52;43;66;43;38;0;1;1;3;2;4;5;5;5;12;12;3;52;10;63;10;41;12;89;12;15;18;52;27;77;27;26;27;51;43;66;43;38;1;1;1;1;6;2;1;1;0;3;5;3;0;0;0;12;0;0;0;0;0;0;0;0;1;1;3;2;4;5;5;8;12;12;3;52;10;63;10;41;12;89;12;15;18;52;27;77;27;26;32;52;43;66;43;38;0;1;1;3;2;4;8;8;8;12;12;3;52;10;63;10;41;12;89;12;15;18;52;29;76;29;27;31;51;43;66;43;38;0;1;1;3;2;4;5;5;5;12;12;3;52;10;63;10;41;12;89;12;15;18;52;27;77;27;26;27;51;43;66;43;38;1;1;1;1;7;3;1;0;1;8;3;2;0;0;0;12;0;0;0;0;0;0;0;0;6;3;10;8;12;13;15;16;20;22;2;4;7;9;11;14;17;18;19;21;23;24;1;25;5;26;27;28;29;30;31;32;33;34;35;36;37;38;39;0;15;15;15;15;15;8;255;255;255;0;0;0;0;0;0;0
1881;0;1;1;1;4;4;7;6;11;12;12;3;52;10;52;10;73;10;31;18;64;18;40;26;90;26;14;36;52;43;66;43;39;0;1;1;1;4;5;7;6;11;12;12;3;52;10;52;10;73;10;31;18;64;21;37;30;86;30;18;36;51;43;67;43;37;0;1;1;1;4;4;7;6;8;12;12;3;52;10;52;10;73;10;31;18;64;18;40;30;86;30;18;34;52;43;64;43;41;0;1;1;1;4;2;1;1;1;4;2;2;0;0;0;0;0;0;0;0;0;0;0;0;1;1;1;4;4;7;6;8;8;12;3;52;10;52;10;73;10;31;18;64;18;40;30;86;30;18;34;36;34;68;43;53;0;1;1;1;4;4;7;6;11;11;12;3;52;10;52;10;73;10;31;18;64;18;40;30;86;30;18;36;35;36;72;43;53;0;1;1;1;4;4;7;6;8;8;12;3;52;10;52;10;73;10;31;18;64;18;40;30;86;30;18;34;39;34;66;43;53;1;1;1;1;1;2;1;1;1;1;1;2;0;0;0;0;0;0;0;0;0;0;0;0;1;1;1;4;4;7;6;11;12;12;3;52;10;52;10;73;10;31;18;64;18;40;26;90;26;14;36;52;43;66;43;39;0;1;1;1;4;5;7;6;11;12;12;3;52;10;52;10;73;10;31;18;64;21;37;30;86;30;18;36;51;43;67;43;37;0;1;1;1;4;4;7;6;8;12;12;3;52;10;52;10;73;10;31;18;64;18;40;30;86;30;18;34;52;43;64;43;41;0;1;1;1;4;2;1;1;1;4;2;2;0;0;0;0;0;0;0;0;0;0;0;0;6;3;7;13;12;19;20;18;25;27;1;4;5;9;10;11;15;17;21;24;26;28;2;14;8;16;23;22;30;29;31;32;33;34;35;36;37;38;39;7;7;12;12;12;12;12;255;255;255;0;0;0;0;0;0;0
1902;0;1;1;3;2;4;5;5;10;9;12;3;52;10;63;10;41;12;89;12;15;18;52;25;68;25;36;36;89;36;15;43;52;0;1;1;3;2;4;5;5;10;9;12;3;52;10;63;10;41;12;89;12;15;19;52;26;68;26;36;42;87;42;17;43;52;0;1;1;3;2;4;5;5;7;6;12;3;52;10;63;10;41;12;89;12;15;19;52;26;68;26;36;33;89;33;15;43;52;0;1;0;1;3;2;1;0;1;6;4;2;0;0;0;0;0;0;0;0;0;0;0;0;1;1;3;2;4;4;8;7;6;12;3;52;10;63;10;41;12;89;12;15;18;64;18;40;32;52;33;89;33;15;43;52;0;1;1;3;2;4;4;8;7;6;12;3;52;10;63;10;41;12;89;12;15;18;64;18;40;32;52;33;89;33;15;43;52;0;1;1;3;2;4;4;8;7;6;12;3;52;10;63;10;41;12;89;12;15;18;64;18;40;32;52;33;89;33;15;43;52;0;1;0;1;4;2;1;0;1;5;7;3;0;0;0;0;0;0;0;0;0;0;0;0;1;1;3;2;4;5;5;10;9;12;3;52;10;63;10;41;12;89;12;15;18;52;25;68;25;36;36;89;36;15;43;52;0;1;1;3;2;4;5;5;10;9;12;3;52;10;63;10;41;12;89;12;15;19;52;26;68;26;36;42;87;42;17;43;52;0;1;1;3;2;4;5;5;7;6;12;3;52;10;63;10;41;12;89;12;15;19;52;26;68;26;36;33;89;33;15;43;52;0;1;0;1;3;2;1;0;1;6;4;2;0;0;0;0;0;0;0;0;0;0;0;0;4;2;9;3;10;12;14;17;15;18;1;20;5;6;7;8;11;13;16;19;21;22;23;24;25;26;27;28;29;30;31;32;33;34;35;36;37;38;39;2;9;9;9;9;9;10;255;255;255;0;0;0;0;0;0;0
1907;0;1;1;3;2;4;4;5;10;9;12;3;52;10;63;10;41;12;89;12;15;22;64;22;39;32;52;37;88;37;16;43;52;0;1;1;3;2;4;4;8;10;9;12;3;52;10;63;10;41;12;89;12;15;22;64;22;39;32;52;37;88;37;16;43;52;0;1;1;3;2;4;4;5;7;6;12;3;52;10;63;10;41;12;89;12;15;22;64;22;39;32;52;34;89;34;16;43;52;1;1;1;1;7;2;1;1;1;5;3;2;0;0;0;0;0;0;0;0;0;0;0;0;1;1;3;2;4;4;5;7;6;12;3;52;10;63;10;41;12;89;12;15;22;64;22;39;32;52;34;90;34;14;43;52;0;1;1;3;2;4;4;5;10;9;12;3;52;10;63;10;41;12;89;12;15;22;64;22;39;32;52;37;88;37;16;43;52;0;1;1;3;2;4;4;5;7;6;12;3;52;10;63;10;41;12;89;12;15;22;64;22;39;32;52;33;89;33;15;43;52;1;1;0;1;7;2;1;1;0;4;2;2;0;0;0;0;0;0;0;0;0;0;0;0;1;1;3;2;4;4;5;10;9;12;3;52;10;63;10;41;12;89;12;15;22;64;22;39;32;52;37;88;37;16;43;52;0;1;1;3;2;4;4;8;10;9;12;3;52;10;63;10;41;12;89;12;15;22;64;22;39;32;52;37;88;37;16;43;52;0;1;1;3;2;4;4;5;7;6;12;3;52;10;63;10;41;12;89;12;15;22;64;22;39;32;52;34;89;34;16;43;52;1;1;1;1;7;2;1;1;1;5;3;2;0;0;0;0;0;0;0;0;0;0;0;2;5;3;9;7;14;10;12;19;16;20;0;1;4;6;8;11;13;15;18;17;21;22;23;24;25;26;27;28;29;30;31;32;33;34;35;36;37;38;39;2;9;9;9;9;9;10;255;255;255;0;0;0;0;0;0;0
1909;0;1;1;3;2;4;5;5;7;6;12;3;52;10;63;10;41;12;89;12;15;18;52;28;63;28;40;34;89;34;15;43;52;0;1;1;3;2;4;5;5;10;9;12;3;52;10;63;10;41;12;89;12;15;18;52;28;63;28;40;35;89;35;15;43;52;0;1;1;3;2;4;5;5;7;6;12;3;52;10;63;10;41;12;89;12;15;18;52;28;63;28;40;34;89;34;15;43;52;1;1;1;1;3;2;1;1;1;2;5;2;0;7;0;12;0;0;0;0;0;0;0;0;1;1;3;2;4;4;8;7;6;12;3;52;10;63;10;41;12;89;12;15;22;64;22;39;32;52;34;88;34;16;43;52;0;1;1;3;2;5;5;8;10;9;12;3;52;10;63;10;41;12;89;12;15;22;64;22;39;32;52;37;88;37;16;43;52;0;1;1;3;2;4;4;8;7;6;12;3;52;10;63;10;41;12;89;12;15;22;64;22;39;32;52;34;88;34;17;43;52;1;1;1;0;4;1;1;1;1;1;6;2;0;7;0;12;0;0;0;0;0;0;0;0;1;1;3;2;4;5;5;7;6;12;3;52;10;63;10;41;12;89;12;15;18;52;28;63;28;40;34;89;34;15;43;52;0;1;1;3;2;4;5;5;10;9;12;3;52;10;63;10;41;12;89;12;15;18;52;28;63;28;40;35;89;35;15;43;52;0;1;1;3;2;4;5;5;7;6;12;3;52;10;63;10;41;12;89;12;15;18;52;28;63;28;40;34;89;34;15;43;52;1;1;1;1;3;2;1;1;1;2;5;2;0;7;0;12;0;0;0;0;0;0;0;1;3;4;9;6;13;15;12;23;20;24;0;5;7;8;16;11;14;10;19;22;18;25;2;17;26;21;27;28;29;30;31;32;33;34;35;36;37;38;39;3;6;15;6;6;24;12;255;255;255;0;0;0;0;0;0;0
1919;0;1;1;3;2;4;5;5;10;9;12;3;52;10;63;10;41;12;89;12;15;18;52;26;77;26;27;36;89;36;15;43;52;0;1;1;3;2;4;8;8;10;9;12;3;52;10;63;10;41;12;89;12;15;18;52;29;68;29;35;36;89;36;15;43;52;0;1;1;3;2;4;5;5;7;6;12;3;52;10;63;10;41;12;89;12;15;18;52;26;77;26;27;34;89;34;14;43;52;0;0;1;1;3;2;0;0;0;8;4;2;0;5;0;16;0;0;0;0;0;0;0;0;1;1;3;2;4;5;5;7;6;12;3;52;10;63;10;41;12;89;12;15;18;52;27;66;27;39;34;88;34;16;43;52;0;1;1;3;2;4;8;8;7;6;12;3;52;10;63;10;41;12;89;12;15;18;52;31;68;31;36;34;94;34;10;43;52;0;1;1;3;2;4;5;5;7;6;12;3;52;10;63;10;41;12;89;12;15;18;52;27;66;27;38;27;92;27;12;43;52;1;1;1;1;4;2;0;0;0;4;5;3;0;5;0;16;0;0;0;0;0;0;0;0;1;1;3;2;4;5;5;10;9;12;3;52;10;63;10;41;12;89;12;15;18;52;26;77;26;27;36;89;36;15;43;52;0;1;1;3;2;4;8;8;10;9;12;3;52;10;63;10;41;12;89;12;15;18;52;29;68;29;35;36;89;36;15;43;52;0;1;1;3;2;4;5;5;7;6;12;3;52;10;63;10;41;12;89;12;15;18;52;26;77;26;27;34;89;34;14;43;52;0;0;1;1;3;2;0;0;0;8;4;2;0;5;0;16;0;0;0;0;0;0;0;0;12;5;13;9;16;17;19;25;23;26;1;4;6;10;11;14;15;20;22;24;27;28;2;3;30;7;8;18;21;29;31;32;33;34;35;36;37;38;39;0;9;9;9;9;9;23;255;255;255;0;0;0;0;0;0;0
1922;0;1;1;3;2;5;5;7;6;8;12;3;52;10;63;10;41;12;89;12;15;21;70;21;35;30;86;30;18;32;52;43;52;0;1;1;3;2;5;5;7;6;11;12;3;52;10;63;10;41;12;89;12;15;21;70;21;35;30;86;30;18;35;52;43;52;0;1;1;3;2;4;4;7;6;8;12;3;52;10;63;10;41;12;89;12;15;18;65;18;39;30;86;30;18;32;52;43;52;0;0;0;0;7;3;1;0;1;4;7;2;0;1;0;16;0;0;0;0;0;0;0;0;1;1;3;2;4;5;5;7;6;12;3;52;11;64;11;40;13;88;13;16;19;52;25;68;25;36;33;84;33;20;43;52;0;1;1;3;2;4;5;5;10;9;12;3;52;11;64;11;40;13;88;13;16;19;52;25;68;25;36;35;87;35;17;43;52;0;1;1;3;2;4;5;5;7;6;12;3;52;11;64;11;40;13;88;13;16;19;52;25;68;25;36;33;84;33;20;43;52;0;0;0;0;8;2;1;0;1;3;8;2;0;1;0;16;0;0;0;0;0;0;0;0;1;1;3;2;5;5;7;6;8;12;3;52;10;63;10;41;12;89;12;15;21;70;21;35;30;86;30;18;32;52;43;52;0;1;1;3;2;5;5;7;6;11;12;3;52;10;63;10;41;12;89;12;15;21;70;21;35;30;86;30;18;35;52;43;52;0;1;1;3;2;4;4;7;6;8;12;3;52;10;63;10;41;12;89;12;15;18;65;18;39;30;86;30;18;32;52;43;52;0;0;0;0;7;3;1;0;1;4;7;2;0;1;0;16;0;0;0;0;0;0;0;1;3;7;13;10;15;18;25;21;23;29;0;4;5;11;12;16;24;19;31;27;28;30;2;6;8;9;14;17;20;26;22;32;33;34;35;36;37;38;39;7;21;18;18;18;23;23;255;255;255;0;0;0;0;0;0;0
1924;0;1;1;3;2;5;5;7;6;12;12;3;52;10;63;10;41;12;89;12;15;20;64;20;38;30;87;30;18;43;66;43;38;0;1;1;3;2;5;5;7;6;12;12;3;52;10;63;10;41;12;89;12;15;23;66;23;38;30;87;30;18;43;66;43;38;0;1;1;3;2;4;4;7;6;11;12;3;52;10;63;10;41;12;89;12;15;20;64;20;40;30;87;30;18;39;67;43;38;0;0;1;1;7;2;1;1;1;3;5;2;0;4;0;16;0;0;0;0;0;0;0;0;1;1;3;2;4;4;7;6;8;12;3;52;11;64;11;40;13;88;13;16;21;64;21;40;31;84;31;20;31;52;42;52;0;1;1;3;2;5;5;7;6;11;12;3;52;11;64;11;40;13;88;13;16;21;64;21;40;31;84;31;20;35;51;42;52;0;1;1;3;2;4;4;7;6;8;12;3;52;11;64;11;40;13;88;13;16;21;64;21;40;31;84;31;20;31;52;42;52;0;0;0;1;8;1;1;1;0;2;6;3;0;4;0;16;0;0;0;0;0;0;0;0;1;1;3;2;5;5;7;6;12;12;3;52;10;63;10;41;12;89;12;15;20;64;20;38;30;87;30;18;43;66;43;38;0;1;1;3;2;5;5;7;6;12;12;3;52;10;63;10;41;12;89;12;15;23;66;23;38;30;87;30;18;43;66;43;38;0;1;1;3;2;4;4;7;6;11;12;3;52;10;63;10;41;12;89;12;15;20;64;20;40;30;87;30;18;39;67;43;38;0;0;1;1;7;2;1;1;1;3;5;2;0;4;0;16;0;0;0;0;0;0;0;0;4;2;10;7;14;13;22;19;28;29;1;3;5;8;9;16;23;21;15;20;27;31;33;6;11;12;17;18;26;24;25;30;32;34;35;36;37;38;39;4;22;22;22;22;19;28;255;255;255;0;0;0;0;0;0;0
1925;0;1;1;1;3;2;4;5;5;12;12;3;52;10;52;10;73;10;31;15;89;15;15;21;52;28;77;28;27;43;66;43;38;0;1;1;1;7;6;4;8;8;12;12;3;52;10;52;10;73;10;31;18;92;18;12;21;52;34;71;34;33;43;66;43;38;0;1;1;1;3;2;4;5;5;12;12;3;52;10;52;10;73;10;31;15;89;15;15;21;52;28;77;28;27;43;66;43;38;1;1;0;1;5;2;0;1;1;3;7;2;0;5;0;139637976727552;0;0;0;0;0;0;0;0;1;1;1;3;2;4;5;5;12;12;3;52;10;52;10;73;10;31;15;89;15;15;21;52;28;77;28;27;43;66;43;38;0;1;1;1;3;2;4;5;5;12;12;3;52;10;52;10;73;10;31;15;89;15;15;21;52;31;74;31;30;43;66;43;38;0;1;1;1;3;2;4;5;5;12;12;3;52;10;52;10;73;10;31;15;89;15;15;21;52;28;77;28;27;43;66;43;38;1;1;1;1;7;2;0;0;1;4;2;2;0;5;0;139637976727552;0;0;0;0;0;0;0;0;1;1;1;3;2;4;5;5;12;12;3;52;10;52;10;73;10;31;15;89;15;15;21;52;28;77;28;27;43;66;43;38;0;1;1;1;7;6;4;8;8;12;12;3;52;10;52;10;73;10;31;18;92;18;12;21;52;34;71;34;33;43;66;43;38;0;1;1;1;3;2;4;5;5;12;12;3;52;10;52;10;73;10;31;15;89;15;15;21;52;28;77;28;27;43;66;43;38;1;1;0;1;5;2;0;1;1;3;7;2;0;5;0;139637976727552;0;0;0;0;0;0;0;0;4;3;5;12;10;17;19;16;29;28;1;6;7;9;11;13;15;18;20;22;30;31;2;8;14;21;23;24;25;26;27;32;33;34;35;36;37;38;39;12;16;17;16;16;29;5;255;255;255;0;0;0;0;0;0;0
1926;0;1;1;3;2;4;5;5;8;12;12;3;52;10;63;10;41;12;89;12;15;18;52;29;80;29;24;32;52;43;67;43;38;0;1;1;3;2;4;8;8;8;12;12;3;52;10;63;10;41;12;89;12;15;18;52;32;79;32;26;32;52;43;67;43;38;0;1;1;3;2;4;5;5;5;12;12;3;52;10;63;10;41;12;89;12;15;18;52;29;80;29;24;29;52;43;67;43;38;0;1;0;1;7;3;1;1;1;4;2;2;0;7;0;12;0;0;0;0;0;0;0;0;1;1;3;2;4;5;5;7;6;12;3;52;10;63;10;41;12;89;12;15;18;52;27;69;27;35;32;91;32;14;43;52;0;1;1;3;2;4;5;5;10;9;12;3;52;10;63;10;41;12;89;12;15;18;52;27;69;27;35;35;93;35;13;43;52;0;1;1;3;2;4;5;5;7;6;12;3;52;10;63;10;41;12;89;12;15;18;52;27;69;27;35;32;91;32;14;43;52;0;1;0;1;3;2;1;1;1;2;5;3;0;7;0;12;0;0;0;0;0;0;0;0;1;1;3;2;4;5;5;8;12;12;3;52;10;63;10;41;12;89;12;15;18;52;29;80;29;24;32;52;43;67;43;38;0;1;1;3;2;4;8;8;8;12;12;3;52;10;63;10;41;12;89;12;15;18;52;32;79;32;26;32;52;43;67;43;38;0;1;1;3;2;4;5;5;5;12;12;3;52;10;63;10;41;12;89;12;15;18;52;29;80;29;24;29;52;43;67;43;38;0;1;0;1;7;3;1;1;1;4;2;2;0;7;0;12;0;0;0;0;0;0;0;0;5;3;12;8;19;16;18;25;28;29;1;4;6;9;14;15;17;20;23;24;26;30;2;7;10;11;13;21;22;27;31;32;33;34;35;36;37;38;39;5;25;25;25;25;25;8;255;255;255;0;0;0;0;0;0;0
1927;0;1;1;3;2;4;4;7;6;12;12;3;52;11;64;11;40;13;88;13;16;20;63;20;42;27;94;27;10;43;67;43;36;0;1;1;3;2;5;5;7;6;12;12;3;52;11;64;11;40;13;88;13;16;20;63;20;42;27;94;27;10;43;66;43;36;0;1;1;3;2;4;4;7;6;12;12;3;52;11;64;11;40;13;88;13;16;20;63;20;42;27;94;27;10;42;67;42;37;0;0;0;0;7;2;1;0;0;5;6;2;0;1;0;12;0;0;0;0;0;0;0;0;1;1;3;2;4;4;7;6;5;12;3;52;11;64;11;40;13;88;13;16;20;65;20;39;27;88;27;15;30;51;43;52;0;1;1;3;2;4;4;7;6;11;12;3;52;11;64;11;40;13;88;13;16;20;65;20;39;27;88;27;15;35;52;43;52;0;1;1;3;2;4;4;7;6;5;12;3;52;11;64;11;40;13;88;13;16;20;65;20;39;27;88;27;15;30;51;43;52;0;0;0;0;8;2;1;0;0;4;7;3;0;1;0;12;0;0;0;0;0;0;0;0;1;1;3;2;4;4;7;6;12;12;3;52;11;64;11;40;13;88;13;16;20;63;20;42;27;94;27;10;43;67;43;36;0;1;1;3;2;5;5;7;6;12;12;3;52;11;64;11;40;13;88;13;16;20;63;20;42;27;94;27;10;43;66;43;36;0;1;1;3;2;4;4;7;6;12;12;3;52;11;64;11;40;13;88;13;16;20;63;20;42;27;94;27;10;42;67;42;37;0;0;0;0;7;2;1;0;0;5;6;2;0;1;0;12;0;0;0;0;0;0;0;0;4;3;10;8;14;12;19;23;28;26;1;5;6;9;11;15;16;18;21;22;27;29;2;7;13;17;20;30;24;25;31;32;33;34;35;36;37;38;39;28;19;12;19;19;28;10;255;255;255;0;0;0;0;0;0;0
1929;0;1;1;3;2;4;4;7;6;8;12;3;52;10;63;10;41;12;89;12;15;21;70;21;35;30;86;30;18;32;52;43;52;0;1;1;3;2;4;4;10;9;8;12;3;52;10;63;10;41;12;89;12;15;21;70;21;35;35;92;35;12;32;52;43;52;0;1;1;3;2;4;4;7;6;8;12;3;52;10;63;10;41;12;89;12;15;21;70;21;35;30;86;30;18;32;52;43;52;1;1;1;1;4;3;0;0;0;5;2;2;0;1;0;16;0;0;0;0;0;0;0;0;1;1;3;2;4;7;6;5;12;12;3;52;10;63;10;41;12;89;12;15;18;52;32;90;32;15;26;52;43;66;43;38;0;1;1;3;2;4;7;6;5;12;12;3;52;10;63;10;41;12;89;12;15;18;52;32;90;32;15;26;52;43;66;43;38;0;1;1;3;2;4;7;6;4;12;12;3;52;10;63;10;41;12;89;12;15;20;64;32;90;32;15;20;40;43;66;43;38;1;1;1;1;5;1;0;0;0;4;3;2;0;1;0;16;0;0;0;0;0;0;0;0;1;1;3;2;4;4;7;6;8;12;3;52;10;63;10;41;12;89;12;15;21;70;21;35;30;86;30;18;32;52;43;52;0;1;1;3;2;4;4;10;9;8;12;3;52;10;63;10;41;12;89;12;15;21;70;21;35;35;92;35;12;32;52;43;52;0;1;1;3;2;4;4;7;6;8;12;3;52;10;63;10;41;12;89;12;15;21;70;21;35;30;86;30;18;32;52;43;52;1;1;1;1;4;3;0;0;0;5;2;2;0;1;0;16;0;0;0;0;0;0;0;0;6;3;9;7;12;13;22;20;18;23;2;4;5;8;10;11;14;16;17;21;24;26;1;33;32;15;28;31;25;19;29;27;30;34;35;36;37;38;39;6;9;9;9;9;9;3;255;255;255;0;0;0;0;0;0;0
1930;0;1;1;3;2;4;4;7;6;12;12;3;52;10;63;10;41;12;89;12;15;20;64;20;40;30;87;30;18;43;66;43;38;0;1;1;3;2;5;5;10;9;12;12;3;52;10;63;10;41;12;89;12;15;24;64;24;40;35;90;35;15;43;66;43;38;0;1;1;3;2;4;4;7;6;11;12;3;52;10;63;10;41;12;89;12;15;20;65;20;39;28;89;28;16;38;66;43;38;1;1;1;0;7;2;0;1;1;3;8;2;0;4;0;16;0;0;0;0;0;0;0;0;1;1;3;2;4;4;8;7;6;12;3;52;10;63;10;41;12;89;12;15;18;64;18;40;26;52;33;90;33;14;43;52;0;1;1;3;2;4;4;8;10;9;12;3;52;10;63;10;41;12;89;12;15;18;64;18;40;26;52;35;92;35;12;43;52;0;1;1;3;2;4;4;8;7;6;12;3;52;10;63;10;41;12;89;12;15;18;64;18;40;26;52;33;90;33;14;43;52;1;1;1;0;6;2;0;1;1;6;7;2;0;4;0;16;0;0;0;0;0;0;0;0;1;1;3;2;4;4;7;6;12;12;3;52;10;63;10;41;12;89;12;15;20;64;20;40;30;87;30;18;43;66;43;38;0;1;1;3;2;5;5;10;9;12;12;3;52;10;63;10;41;12;89;12;15;24;64;24;40;35;90;35;15;43;66;43;38;0;1;1;3;2;4;4;7;6;11;12;3;52;10;63;10;41;12;89;12;15;20;65;20;39;28;89;28;16;38;66;43;38;1;1;1;0;7;2;0;1;1;3;8;2;0;4;0;16;0;0;0;0;0;0;0;1;4;3;8;6;13;10;19;12;22;21;0;5;7;9;11;14;15;16;17;18;20;23;2;24;25;26;27;28;29;30;31;32;33;34;35;36;37;38;39;10;6;10;6;6;19;12;255;255;255;0;0;0;0;0;0;0
1931;0;1;1;3;2;4;5;5;10;9;12;3;52;10;63;10;41;12;89;12;15;18;52;29;74;29;29;36;94;36;10;43;52;0;1;1;3;2;4;8;8;10;9;12;3;52;10;63;10;41;12;89;12;15;18;52;31;65;31;39;36;94;36;10;43;52;0;1;1;3;2;4;5;5;7;6;12;3;52;10;63;10;41;12;89;12;15;18;52;29;74;29;29;34;94;34;10;43;52;1;1;1;1;7;2;0;1;0;2;8;2;0;0;0;0;0;0;0;0;0;0;0;0;1;1;3;2;4;4;7;6;5;12;3;52;11;64;11;40;13;88;13;16;19;64;19;40;31;88;31;16;25;52;43;52;0;1;1;3;2;4;4;10;9;5;12;3;52;11;64;11;40;13;88;13;16;19;64;19;40;35;89;35;15;25;52;43;52;0;1;1;3;2;4;4;7;6;5;12;3;52;11;64;11;40;13;88;13;16;19;64;19;40;31;88;31;16;25;52;43;52;1;1;1;1;8;2;0;1;0;1;9;3;0;0;0;0;0;0;0;0;0;0;0;0;1;1;3;2;4;5;5;10;9;12;3;52;10;63;10;41;12;89;12;15;18;52;29;74;29;29;36;94;36;10;43;52;0;1;1;3;2;4;8;8;10;9;12;3;52;10;63;10;41;12;89;12;15;18;52;31;65;31;39;36;94;36;10;43;52;0;1;1;3;2;4;5;5;7;6;12;3;52;10;63;10;41;12;89;12;15;18;52;29;74;29;29;34;94;34;10;43;52;1;1;1;1;7;2;0;1;0;2;8;2;0;0;0;0;0;0;0;0;0;0;0;0;8;7;14;10;9;19;18;26;23;28;1;5;12;11;13;17;16;21;24;25;27;29;2;3;4;6;20;22;15;30;31;32;33;34;35;36;37;38;39;8;9;9;9;9;9;7;255;255;255;0;0;0;0;0;0;0
1933;0;1;1;3;2;4;5;5;11;11;12;3;52;11;64;11;40;13;88;13;16;19;52;25;68;25;36;36;81;36;22;43;52;0;1;1;3;2;4;8;8;11;11;12;3;52;11;64;11;40;13;88;13;16;19;52;29;69;29;36;36;81;36;24;43;52;0;1;1;3;2;4;5;5;8;8;12;3;52;11;64;11;40;13;88;13;16;19;52;25;68;25;36;34;80;34;24;43;52;0;0;1;0;9;2;1;0;1;4;5;2;0;0;0;0;0;0;0;0;0;0;0;0;1;1;3;2;4;4;5;7;6;12;3;52;11;64;11;40;13;88;13;16;20;64;20;39;28;52;33;84;33;20;43;52;0;1;1;3;2;4;4;5;7;6;12;3;52;11;64;11;40;13;88;13;16;20;64;20;39;28;52;33;84;33;20;43;52;0;1;1;3;2;4;4;5;7;6;12;3;52;11;64;11;40;13;88;13;16;20;64;20;39;28;52;33;84;33;20;43;52;0;0;0;0;5;2;1;0;0;3;6;3;0;0;0;0;0;0;0;0;0;0;0;0;1;1;3;2;4;5;5;11;11;12;3;52;11;64;11;40;13;88;13;16;19;52;25;68;25;36;36;81;36;22;43;52;0;1;1;3;2;4;8;8;11;11;12;3;52;11;64;11;40;13;88;13;16;19;52;29;69;29;36;36;81;36;24;43;52;0;1;1;3;2;4;5;5;8;8;12;3;52;11;64;11;40;13;88;13;16;19;52;25;68;25;36;34;80;34;24;43;52;0;0;1;0;9;2;1;0;1;4;5;2;0;0;0;0;0;0;0;0;0;0;0;0;4;3;9;7;10;13;11;14;17;19;1;2;5;6;8;12;16;15;18;20;21;22;23;24;25;26;27;28;29;30;31;32;33;34;35;36;37;38;39;0;9;9;9;9;9;10;255;255;255;0;0;0;0;0;0;0
1935;0;1;1;3;2;4;4;8;10;9;12;3;52;10;63;10;41;12;89;12;15;21;66;21;38;29;51;37;86;37;19;43;52;0;1;1;3;2;4;4;8;10;9;12;3;52;10;63;10;41;12;89;12;15;21;66;21;38;29;51;37;86;37;19;43;52;0;1;1;3;2;4;4;8;10;9;12;3;52;10;63;10;41;12;89;12;15;21;66;21;38;29;51;37;86;37;19;43;52;0;0;1;1;3;2;1;1;0;7;2;2;0;0;0;0;0;0;0;0;0;0;0;0;1;1;3;2;4;4;5;10;9;12;3;52;10;63;10;41;12;89;12;15;21;66;21;38;29;51;37;86;37;19;43;52;0;1;1;3;2;4;4;5;10;9;12;3;52;10;63;10;41;12;89;12;15;21;66;21;38;29;51;37;86;37;19;43;52;0;1;1;3;2;4;4;5;10;9;12;3;52;10;63;10;41;12;89;12;15;21;66;21;38;29;51;37;86;37;19;43;52;0;1;1;1;7;2;1;0;0;4;3;2;0;0;0;0;0;0;0;0;0;0;0;0;1;1;3;2;4;4;8;10;9;12;3;52;10;63;10;41;12;89;12;15;21;66;21;38;29;51;37;86;37;19;43;52;0;1;1;3;2;4;4;8;10;9;12;3;52;10;63;10;41;12;89;12;15;21;66;21;38;29;51;37;86;37;19;43;52;0;1;1;3;2;4;4;8;10;9;12;3;52;10;63;10;41;12;89;12;15;21;66;21;38;29;51;37;86;37;19;43;52;0;0;1;1;3;2;1;1;0;7;2;2;0;0;0;0;0;0;0;0;0;0;0;0;3;2;6;5;10;9;12;14;13;19;1;4;7;8;11;18;15;16;17;20;21;22;23;24;25;26;27;28;29;30;31;32;33;34;35;36;37;38;39;9;9;9;9;9;9;5;255;255;255;0;0;0;0;0;0;0
1936;0;1;1;3;2;5;5;7;6;12;12;3;52;10;63;10;41;12;89;12;15;20;64;20;40;30;87;30;18;43;66;43;38;0;1;1;3;2;5;5;10;9;12;12;3;52;10;63;10;41;12;89;12;15;20;64;20;40;35;89;35;15;43;66;43;38;0;1;1;3;2;4;4;7;6;11;12;3;52;10;63;10;41;12;89;12;15;20;64;20;40;30;87;30;18;37;64;43;38;1;1;1;0;3;3;0;1;0;6;7;2;0;0;0;0;0;0;0;0;0;0;0;0;1;1;3;2;4;4;7;6;12;12;3;52;10;63;10;41;12;89;12;15;20;64;20;40;30;87;30;18;43;66;43;38;0;1;1;3;2;4;4;7;6;12;12;3;52;10;63;10;41;12;89;12;15;20;64;20;40;30;87;30;18;43;66;43;38;0;1;1;3;2;4;4;7;6;12;12;3;52;10;63;10;41;12;89;12;15;20;64;20;40;30;87;30;18;43;66;43;38;1;1;1;0;4;2;0;1;0;5;8;3;0;0;0;0;0;0;0;0;0;0;0;0;1;1;3;2;5;5;7;6;12;12;3;52;10;63;10;41;12;89;12;15;20;64;20;40;30;87;30;18;43;66;43;38;0;1;1;3;2;5;5;10;9;12;12;3;52;10;63;10;41;12;89;12;15;20;64;20;40;35;89;35;15;43;66;43;38;0;1;1;3;2;4;4;7;6;11;12;3;52;10;63;10;41;12;89;12;15;20;64;20;40;30;87;30;18;37;64;43;38;1;1;1;0;3;3;0;1;0;6;7;2;0;0;0;0;0;0;0;0;0;0;0;0;4;3;8;6;15;12;21;18;22;24;2;5;7;9;10;13;14;16;17;19;20;23;1;11;25;26;27;28;29;30;31;32;33;34;35;36;37;38;39;12;18;6;18;18;24;6;255;255;255;0;0;0;0;0;0;0
1937;0;1;1;3;2;4;5;5;10;9;12;3;52;10;63;10;41;12;89;12;15;18;51;25;35;25;68;42;85;42;19;43;52;0;1;1;3;2;5;5;5;10;9;12;3;52;10;63;10;41;12;89;12;15;24;52;29;77;29;28;42;85;42;19;43;52;0;1;1;3;2;4;5;5;7;6;12;3;52;10;63;10;41;12;89;12;15;18;52;26;70;26;34;34;91;34;13;43;52;1;0;1;1;5;2;0;0;1;8;4;3;0;1;0;0;0;0;0;0;0;0;0;0;1;1;3;2;4;4;8;7;6;12;3;52;10;63;10;41;12;89;12;15;18;64;18;40;32;52;34;90;34;14;43;52;0;1;1;3;2;4;8;8;10;9;12;3;52;10;63;10;41;12;89;12;15;18;52;32;70;32;34;42;85;42;19;43;52;0;1;1;3;2;4;5;5;7;6;12;3;52;10;63;10;41;12;89;12;15;18;52;32;70;32;34;32;94;32;10;43;52;1;0;1;1;4;2;0;0;1;5;4;2;0;1;0;0;0;0;0;0;0;0;0;0;1;1;3;2;4;5;5;10;9;12;3;52;10;63;10;41;12;89;12;15;18;51;25;35;25;68;42;85;42;19;43;52;0;1;1;3;2;5;5;5;10;9;12;3;52;10;63;10;41;12;89;12;15;24;52;29;77;29;28;42;85;42;19;43;52;0;1;1;3;2;4;5;5;7;6;12;3;52;10;63;10;41;12;89;12;15;18;52;26;70;26;34;34;91;34;13;43;52;1;0;1;1;5;2;0;0;1;8;4;3;0;1;0;0;0;0;0;0;0;0;0;1;4;5;12;9;16;18;17;29;25;32;0;7;8;10;14;19;15;22;27;30;31;34;2;3;6;11;13;24;20;23;21;26;28;33;35;36;37;38;39;4;9;9;9;9;9;29;255;255;255;0;0;0;0;0;0;0
1941;0;1;1;1;3;2;4;5;5;12;12;3;52;10;52;10;73;10;31;15;89;15;15;22;52;27;77;27;26;43;66;43;38;0;1;1;1;7;6;4;8;8;12;12;3;52;10;52;10;73;10;31;16;89;16;15;22;52;33;78;33;26;43;66;43;38;0;1;1;1;3;2;4;5;5;11;12;3;52;10;52;10;73;10;31;15;89;15;15;22;52;27;77;27;26;39;63;43;38;0;0;1;0;5;2;1;1;1;2;6;2;0;5;0;139637976727552;0;0;0;0;0;0;0;0;1;1;1;3;2;4;4;5;12;12;3;52;10;52;10;73;10;31;15;89;15;15;20;41;20;64;29;52;43;66;43;38;0;1;1;1;3;2;4;4;5;12;12;3;52;10;52;10;73;10;31;15;89;15;15;20;41;20;64;29;52;43;66;43;38;0;1;1;1;3;2;4;4;5;12;12;3;52;10;52;10;73;10;31;15;89;15;15;20;41;20;64;29;52;43;66;43;38;0;1;1;0;2;2;1;1;1;4;5;2;0;5;0;139637976727552;0;0;0;0;0;0;0;0;1;1;1;3;2;4;5;5;12;12;3;52;10;52;10;73;10;31;15;89;15;15;22;52;27;77;27;26;43;66;43;38;0;1;1;1;7;6;4;8;8;12;12;3;52;10;52;10;73;10;31;16;89;16;15;22;52;33;78;33;26;43;66;43;38;0;1;1;1;3;2;4;5;5;11;12;3;52;10;52;10;73;10;31;15;89;15;15;22;52;27;77;27;26;39;63;43;38;0;0;1;0;5;2;1;1;1;2;6;2;0;5;0;139637976727552;0;0;0;0;0;0;0;0;6;5;3;12;11;15;13;17;29;28;2;4;8;9;7;10;14;16;25;23;24;30;1;19;20;21;22;18;26;27;31;32;33;34;35;36;37;38;39;12;12;15;12;12;28;28;255;255;255;0;0;0;0;0;0;0
1944;0;1;1;3;2;4;5;5;10;9;12;3;52;11;64;11;40;13;88;13;16;21;52;27;72;27;32;39;84;39;20;43;52;0;1;1;3;2;4;8;8;10;9;12;3;52;11;64;11;40;13;88;13;16;21;52;34;70;34;34;43;91;43;14;43;52;0;1;1;3;2;4;5;5;10;9;12;3;52;11;64;11;40;13;88;13;16;21;52;25;72;25;32;36;89;36;15;43;52;0;1;0;0;7;2;0;1;0;5;4;2;0;0;0;0;0;0;0;0;0;0;0;0;1;1;3;2;4;4;5;10;9;12;3;52;11;64;11;40;13;88;13;16;20;64;20;41;29;52;39;84;39;20;43;52;0;1;1;3;2;4;4;5;7;6;12;3;52;11;64;11;40;13;88;13;16;20;64;20;41;29;52;34;94;34;10;43;52;0;1;1;3;2;4;4;5;7;6;12;3;52;11;64;11;40;13;88;13;16;20;64;20;41;29;52;29;89;29;15;43;52;0;1;0;1;8;2;0;0;0;4;5;3;0;0;0;0;0;0;0;0;0;0;0;0;1;1;3;2;4;5;5;10;9;12;3;52;11;64;11;40;13;88;13;16;21;52;27;72;27;32;39;84;39;20;43;52;0;1;1;3;2;4;8;8;10;9;12;3;52;11;64;11;40;13;88;13;16;21;52;34;70;34;34;43;91;43;14;43;52;0;1;1;3;2;4;5;5;10;9;12;3;52;11;64;11;40;13;88;13;16;21;52;25;72;25;32;36;89;36;15;43;52;0;1;0;0;7;2;0;1;0;5;4;2;0;0;0;0;0;0;0;0;0;0;0;1;7;4;12;9;14;16;13;25;23;29;0;5;6;10;11;19;20;24;18;21;26;28;2;3;8;17;27;15;22;30;31;32;33;34;35;36;37;38;39;12;9;9;9;9;9;4;255;255;255;0;0;0;0;0;0;0
1945;0;1;1;3;2;5;5;7;6;12;12;3;52;10;63;10;41;12;89;12;15;20;64;20;40;30;87;30;18;43;66;43;38;0;1;1;3;2;5;5;8;8;12;12;3;52;10;63;10;41;12;89;12;15;24;65;24;39;34;79;34;25;43;66;43;38;0;1;1;3;2;4;4;7;6;12;12;3;52;10;63;10;41;12;89;12;15;20;64;20;40;30;87;30;18;43;66;43;38;1;1;1;1;3;3;1;1;1;4;5;2;0;5;0;12;0;0;0;0;0;0;0;0;1;1;3;2;4;4;8;7;6;12;3;52;10;63;10;41;12;89;12;15;20;64;20;40;34;52;29;92;29;13;43;52;0;1;1;3;2;5;5;8;7;6;12;3;52;10;63;10;41;12;89;12;15;20;64;20;40;34;52;29;92;29;13;43;52;0;1;1;3;2;4;4;5;7;6;12;3;52;10;63;10;41;12;89;12;15;20;64;20;40;29;52;29;92;29;13;43;52;1;1;1;1;4;1;1;1;1;3;6;2;0;5;0;12;0;0;0;0;0;0;0;0;1;1;3;2;5;5;7;6;12;12;3;52;10;63;10;41;12;89;12;15;20;64;20;40;30;87;30;18;43;66;43;38;0;1;1;3;2;5;5;8;8;12;12;3;52;10;63;10;41;12;89;12;15;24;65;24;39;34;79;34;25;43;66;43;38;0;1;1;3;2;4;4;7;6;12;12;3;52;10;63;10;41;12;89;12;15;20;64;20;40;30;87;30;18;43;66;43;38;1;1;1;1;3;3;1;1;1;4;5;2;0;5;0;12;0;0;0;0;0;0;0;0;4;6;10;9;14;16;22;21;20;23;1;5;8;11;13;15;17;18;28;19;24;25;2;3;7;29;30;12;26;27;31;32;33;34;35;36;37;38;39;22;22;16;22;22;23;10;255;255;255;0;0;0;0;0;0;0
1948;0;1;1;3;2;5;5;8;10;9;12;3;52;10;63;10;41;12;89;12;15;22;69;22;35;29;51;40;90;40;14;43;52;0;1;1;3;2;5;5;8;10;9;12;3;52;10;63;10;41;12;89;12;15;22;69;22;35;33;51;40;90;40;14;43;52;0;1;1;3;2;4;4;8;10;9;12;3;52;10;63;10;41;12;89;12;15;22;69;22;35;29;51;40;90;40;14;43;52;0;1;1;1;5;2;1;1;0;8;3;2;0;0;0;0;0;0;0;0;0;0;0;0;1;1;3;2;4;4;8;7;6;12;3;52;10;63;10;41;12;89;12;15;22;69;22;35;29;51;31;94;31;10;43;52;0;1;1;3;2;4;4;8;10;9;12;3;52;10;63;10;41;12;89;12;15;22;69;22;35;29;51;35;94;35;10;43;52;0;1;1;3;2;4;4;8;7;6;12;3;52;10;63;10;41;12;89;12;15;22;69;22;35;29;51;31;94;31;10;43;52;0;1;1;1;6;2;1;1;0;4;4;3;0;0;0;0;0;0;0;0;0;0;0;0;1;1;3;2;5;5;8;10;9;12;3;52;10;63;10;41;12;89;12;15;22;69;22;35;29;51;40;90;40;14;43;52;0;1;1;3;2;5;5;8;10;9;12;3;52;10;63;10;41;12;89;12;15;22;69;22;35;33;51;40;90;40;14;43;52;0;1;1;3;2;4;4;8;10;9;12;3;52;10;63;10;41;12;89;12;15;22;69;22;35;29;51;40;90;40;14;43;52;0;1;1;1;5;2;1;1;0;8;3;2;0;0;0;0;0;0;0;0;0;0;0;1;5;4;10;6;12;11;14;20;16;22;2;3;7;8;9;13;18;15;19;21;23;24;0;17;25;26;27;28;29;30;31;32;33;34;35;36;37;38;39;22;10;12;10;10;22;20;255;255;255;0;0;0;0;0;0;0
1950;0;1;1;3;2;4;4;7;6;8;12;3;52;10;63;10;41;12;89;12;15;18;64;18;40;30;86;30;18;32;52;43;52;0;1;1;3;2;5;5;10;9;8;12;3;52;10;63;10;41;12;89;12;15;18;64;18;40;35;92;35;13;32;52;43;52;0;1;1;3;2;4;4;7;6;8;12;3;52;10;63;10;41;12;89;12;15;18;64;18;40;30;86;30;18;32;52;43;52;1;0;1;1;9;3;0;1;0;7;8;2;0;5;0;12;0;0;0;0;0;0;0;0;1;1;3;2;4;5;5;5;12;12;3;52;10;63;10;41;12;89;12;15;18;52;27;82;27;22;27;51;43;65;43;38;0;1;1;3;2;4;5;5;8;12;12;3;52;10;63;10;41;12;89;12;15;18;52;27;82;27;22;33;50;43;65;43;38;0;1;1;3;2;4;5;5;5;12;12;3;52;10;63;10;41;12;89;12;15;18;52;27;82;27;22;27;51;43;65;43;38;0;0;1;1;3;2;0;1;0;6;7;2;0;5;0;12;0;0;0;0;0;0;0;0;1;1;3;2;4;4;7;6;8;12;3;52;10;63;10;41;12;89;12;15;18;64;18;40;30;86;30;18;32;52;43;52;0;1;1;3;2;5;5;10;9;8;12;3;52;10;63;10;41;12;89;12;15;18;64;18;40;35;92;35;13;32;52;43;52;0;1;1;3;2;4;4;7;6;8;12;3;52;10;63;10;41;12;89;12;15;18;64;18;40;30;86;30;18;32;52;43;52;1;0;1;1;9;3;0;1;0;7;8;2;0;5;0;12;0;0;0;0;0;0;0;0;6;4;12;8;15;14;19;18;21;29;2;5;7;11;13;17;16;22;20;23;24;25;1;3;9;10;27;28;26;30;31;32;33;34;35;36;37;38;39;6;29;15;6;6;18;6;255;255;255;0;0;0;0;0;0;0
1974;0;1;1;1;4;4;8;7;6;12;12;3;52;10;52;10;73;10;31;18;64;18;40;29;51;23;89;23;15;43;65;43;38;0;1;1;1;4;4;8;7;6;12;12;3;52;10;52;10;73;10;31;18;64;18;40;29;51;27;88;27;15;43;65;43;38;0;1;1;1;4;4;5;3;2;12;12;3;52;10;52;10;73;10;31;18;64;18;40;29;51;15;92;15;13;43;65;43;38;1;1;0;1;4;3;0;0;0;8;6;2;0;9;0;12;0;0;0;0;0;0;0;0;1;1;1;4;4;5;3;2;12;12;3;52;10;52;10;73;10;31;18;64;18;40;29;51;15;90;15;14;43;65;43;38;0;1;1;1;4;4;8;7;6;12;12;3;52;10;52;10;73;10;31;18;64;18;40;29;51;27;88;27;15;43;65;43;38;0;1;1;1;4;4;5;3;2;12;12;3;52;10;52;10;73;10;31;18;64;18;40;29;51;15;93;15;11;43;65;43;38;1;1;1;1;5;2;0;1;0;7;5;2;0;9;0;12;0;0;0;0;0;0;0;0;1;1;1;4;4;8;7;6;12;12;3;52;10;52;10;73;10;31;18;64;18;40;29;51;23;89;23;15;43;65;43;38;0;1;1;1;4;4;8;7;6;12;12;3;52;10;52;10;73;10;31;18;64;18;40;29;51;27;88;27;15;43;65;43;38;0;1;1;1;4;4;5;3;2;12;12;3;52;10;52;10;73;10;31;18;64;18;40;29;51;15;92;15;13;43;65;43;38;1;1;0;1;4;3;0;0;0;8;6;2;0;9;0;12;0;0;0;0;0;0;0;0;4;3;8;12;14;19;21;22;24;25;2;5;6;30;9;10;11;13;16;33;26;28;1;31;7;29;15;17;18;32;20;23;27;34;35;36;37;38;39;21;19;14;19;19;25;21;255;255;255;0;0;0;0;0;0;0
1979;0;1;1;1;3;2;5;5;8;8;12;3;52;10;52;10;73;10;31;15;89;15;15;21;65;21;38;34;77;34;27;43;52;0;1;1;1;7;6;5;5;8;8;12;3;52;10;52;10;73;10;31;27;91;27;13;21;65;21;38;34;77;34;27;43;52;0;1;1;1;3;2;4;4;8;8;12;3;52;10;52;10;73;10;31;15;89;15;15;21;65;21;38;34;77;34;27;43;52;0;1;1;0;5;2;0;1;1;3;2;2;0;9;0;11;0;0;0;0;0;0;0;0;1;1;1;4;4;3;2;5;12;12;3;52;10;52;10;73;10;31;18;64;18;40;14;91;14;13;27;52;43;65;43;38;0;1;1;1;4;4;3;2;8;12;12;3;52;10;52;10;73;10;31;18;64;18;40;14;91;14;13;31;52;43;65;43;38;0;1;1;1;4;4;3;2;5;12;12;3;52;10;52;10;73;10;31;18;64;18;40;14;91;14;13;27;52;43;65;43;38;0;1;1;1;2;1;1;1;1;2;8;2;0;139637976727552;0;11;0;0;0;0;0;0;0;0;1;1;1;3;2;5;5;8;8;12;3;52;10;52;10;73;10;31;15;89;15;15;21;65;21;38;34;77;34;27;43;52;0;1;1;1;7;6;5;5;8;8;12;3;52;10;52;10;73;10;31;27;91;27;13;21;65;21;38;34;77;34;27;43;52;0;1;1;1;3;2;4;4;8;8;12;3;52;10;52;10;73;10;31;15;89;15;15;21;65;21;38;34;77;34;27;43;52;0;1;1;0;5;2;0;1;1;3;2;2;0;9;0;11;0;0;0;0;0;0;0;0;5;3;6;11;8;17;13;19;14;27;2;4;7;9;29;15;16;18;10;22;24;25;1;12;30;20;23;28;21;26;31;32;33;34;35;36;37;38;39;6;17;13;14;14;27;14;255;255;255;0;0;0;0;0;0;0
1985;0;1;1;3;2;4;5;5;8;12;12;3;52;10;63;10;41;12;89;12;15;18;52;27;76;27;27;32;52;43;66;43;38;0;1;1;3;2;4;5;5;8;12;12;3;52;10;63;10;41;12;89;12;15;18;52;27;76;27;27;32;52;43;66;43;38;0;1;1;3;2;4;5;5;5;12;12;3;52;10;63;10;41;12;89;12;15;18;52;27;76;27;27;27;51;43;66;43;38;0;1;1;0;4;3;0;1;1;3;2;2;0;7;0;11;0;0;0;0;0;0;0;0;1;1;3;2;4;5;5;5;12;12;3;52;10;63;10;41;12;89;12;15;18;52;27;76;27;27;27;51;43;66;43;38;0;1;1;3;2;4;5;5;8;12;12;3;52;10;63;10;41;12;89;12;15;18;52;27;76;27;27;32;52;43;66;43;38;0;1;1;3;2;4;5;5;5;11;12;3;52;10;63;10;41;12;89;12;15;18;52;27;76;27;27;26;52;39;66;43;38;0;1;1;0;3;2;0;0;1;5;4;3;0;7;0;11;0;0;0;0;0;0;0;0;1;1;3;2;4;5;5;8;12;12;3;52;10;63;10;41;12;89;12;15;18;52;27;76;27;27;32;52;43;66;43;38;0;1;1;3;2;4;5;5;8;12;12;3;52;10;63;10;41;12;89;12;15;18;52;27;76;27;27;32;52;43;66;43;38;0;1;1;3;2;4;5;5;5;12;12;3;52;10;63;10;41;12;89;12;15;18;52;27;76;27;27;27;51;43;66;43;38;0;1;1;0;4;3;0;1;1;3;2;2;0;7;0;11;0;0;0;0;0;0;0;0;4;3;11;8;10;15;16;20;25;30;2;5;6;7;9;12;13;17;18;26;27;28;1;31;32;14;21;22;23;24;19;29;33;34;35;36;37;38;39;10;11;15;15;15;25;15;255;255;255;0;0;0;0;0;0;0
1986;0;1;1;3;2;4;5;5;10;9;12;3;52;10;63;10;41;12;89;12;15;18;52;27;66;27;38;36;94;36;10;43;52;0;1;1;3;2;4;8;8;10;9;12;3;52;10;63;10;41;12;89;12;15;21;52;31;67;31;36;36;94;36;10;43;52;0;1;1;3;2;4;5;5;10;9;12;3;52;10;63;10;41;12;89;12;15;18;52;27;66;27;38;36;94;36;10;43;52;0;0;1;1;6;2;1;0;0;4;5;2;0;7;0;16;0;0;0;0;0;0;0;0;1;1;3;2;4;4;5;7;6;12;3;52;10;63;10;41;12;89;12;15;18;64;18;40;26;53;34;87;34;17;43;52;0;1;1;3;2;4;4;5;10;9;12;3;52;10;63;10;41;12;89;12;15;18;64;18;40;26;53;36;90;36;15;43;52;0;1;1;3;2;4;4;5;7;6;12;3;52;10;63;10;41;12;89;12;15;18;64;18;40;26;53;34;88;34;16;43;52;0;0;1;1;8;2;1;0;1;3;6;2;0;7;0;16;0;0;0;0;0;0;0;0;1;1;3;2;4;5;5;10;9;12;3;52;10;63;10;41;12;89;12;15;18;52;27;66;27;38;36;94;36;10;43;52;0;1;1;3;2;4;8;8;10;9;12;3;52;10;63;10;41;12;89;12;15;21;52;31;67;31;36;36;94;36;10;43;52;0;1;1;3;2;4;5;5;10;9;12;3;52;10;63;10;41;12;89;12;15;18;52;27;66;27;38;36;94;36;10;43;52;0;0;1;1;6;2;1;0;0;4;5;2;0;7;0;16;0;0;0;0;0;0;0;0;8;3;9;6;11;14;12;19;18;22;1;4;5;7;10;15;25;16;20;13;17;23;2;26;21;24;27;28;29;30;31;32;33;34;35;36;37;38;39;8;9;9;9;9;9;11;255;255;255;0;0;0;0;0;0;0
1987;0;1;1;1;4;5;5;7;6;12;12;3;52;10;52;10;73;10;31;18;52;22;74;22;31;29;94;29;10;41;64;41;40;0;1;1;1;5;5;5;7;6;12;12;3;52;10;52;10;73;10;31;22;52;22;74;22;31;29;94;29;10;41;64;41;40;0;1;1;1;4;5;5;3;2;8;12;3;52;10;52;10;73;10;31;18;52;22;74;22;31;15;94;15;10;34;52;41;52;0;0;1;0;5;2;1;1;1;4;8;2;0;0;0;0;0;0;0;0;0;0;0;0;1;1;1;4;4;5;7;6;12;12;3;52;10;52;10;73;10;31;20;66;20;39;27;52;19;89;19;14;41;68;41;38;0;1;1;1;4;4;11;7;6;12;12;3;52;10;52;10;73;10;31;20;66;20;39;35;53;26;90;26;14;41;68;41;38;0;1;1;1;4;4;5;3;2;12;12;3;52;10;52;10;73;10;31;20;66;20;39;27;52;13;92;13;10;41;68;41;38;0;0;1;0;6;2;1;1;1;3;6;3;0;0;0;0;0;0;0;0;0;0;0;0;1;1;1;4;5;5;7;6;12;12;3;52;10;52;10;73;10;31;18;52;22;74;22;31;29;94;29;10;41;64;41;40;0;1;1;1;5;5;5;7;6;12;12;3;52;10;52;10;73;10;31;22;52;22;74;22;31;29;94;29;10;41;64;41;40;0;1;1;1;4;5;5;3;2;8;12;3;52;10;52;10;73;10;31;18;52;22;74;22;31;15;94;15;10;34;52;41;52;0;0;1;0;5;2;1;1;1;4;8;2;0;0;0;0;0;0;0;0;0;0;0;0;10;9;3;12;11;15;17;19;20;21;2;4;5;6;7;8;13;14;16;18;22;24;1;23;25;26;27;28;29;30;31;32;33;34;35;36;37;38;39;3;9;9;9;9;9;17;255;255;255;0;0;0;0;0;0;0
1989;0;1;1;3;2;5;5;8;10;9;12;3;52;11;64;11;40;13;88;13;16;22;69;22;33;28;52;38;91;38;13;43;52;0;1;1;3;2;8;8;8;10;9;12;3;52;11;64;11;40;13;88;13;16;26;75;26;28;28;52;38;91;38;13;43;52;0;1;1;3;2;5;5;8;7;6;12;3;52;11;64;11;40;13;88;13;16;20;63;20;41;28;52;32;89;32;15;43;52;0;0;1;1;5;2;0;1;1;5;7;2;0;1;0;12;0;0;0;0;0;0;0;0;1;1;3;2;4;5;5;7;6;12;3;52;11;64;11;40;13;88;13;16;19;52;25;68;25;36;33;84;33;20;43;52;0;1;1;3;2;4;5;5;10;9;12;3;52;11;64;11;40;13;88;13;16;19;52;25;68;25;36;35;91;35;13;43;52;0;1;1;3;2;4;5;5;7;6;12;3;52;11;64;11;40;13;88;13;16;19;52;25;68;25;36;33;84;33;20;43;52;0;0;1;1;6;2;0;1;1;4;8;2;0;1;0;12;0;0;0;0;0;0;0;0;1;1;3;2;5;5;8;10;9;12;3;52;11;64;11;40;13;88;13;16;22;69;22;33;28;52;38;91;38;13;43;52;0;1;1;3;2;8;8;8;10;9;12;3;52;11;64;11;40;13;88;13;16;26;75;26;28;28;52;38;91;38;13;43;52;0;1;1;3;2;5;5;8;7;6;12;3;52;11;64;11;40;13;88;13;16;20;63;20;41;28;52;32;89;32;15;43;52;0;0;1;1;5;2;0;1;1;5;7;2;0;1;0;12;0;0;0;0;0;0;0;1;4;3;12;10;16;15;20;18;21;25;0;5;6;7;11;14;24;19;17;22;23;13;2;8;9;26;27;28;29;30;31;32;33;34;35;36;37;38;39;3;18;20;18;18;25;10;255;255;255;0;0;0;0;0;0;0
1995;0;1;1;3;2;5;5;7;6;12;12;3;52;10;63;10;41;12;89;12;15;20;64;20;40;30;87;30;18;43;66;43;38;0;1;1;3;2;5;5;7;6;12;12;3;52;10;63;10;41;12;89;12;15;20;64;20;40;30;87;30;18;43;66;43;38;0;1;1;3;2;4;4;7;6;12;12;3;52;10;63;10;41;12;89;12;15;20;64;20;40;30;87;30;18;43;66;43;38;1;1;1;1;5;3;1;0;0;4;5;2;0;5;0;12;0;0;0;0;0;0;0;0;1;1;3;2;4;4;7;6;12;12;3;52;10;63;10;41;12;89;12;15;20;64;20;40;30;87;30;18;43;66;43;38;0;1;1;3;2;5;5;7;6;12;12;3;52;10;63;10;41;12;89;12;15;20;64;20;40;30;87;30;18;43;66;43;38;0;1;1;3;2;4;4;7;6;12;12;3;52;10;63;10;41;12;89;12;15;20;64;20;40;30;87;30;18;43;66;43;38;1;1;1;1;6;2;1;0;0;3;6;2;0;5;0;12;0;0;0;0;0;0;0;0;1;1;3;2;5;5;7;6;12;12;3;52;10;63;10;41;12;89;12;15;20;64;20;40;30;87;30;18;43;66;43;38;0;1;1;3;2;5;5;7;6;12;12;3;52;10;63;10;41;12;89;12;15;20;64;20;40;30;87;30;18;43;66;43;38;0;1;1;3;2;4;4;7;6;12;12;3;52;10;63;10;41;12;89;12;15;20;64;20;40;30;87;30;18;43;66;43;38;1;1;1;1;5;3;1;0;0;4;5;2;0;5;0;12;0;0;0;0;0;0;0;0;7;5;10;8;17;16;11;19;25;24;1;4;6;9;12;14;18;21;22;23;26;27;2;3;15;13;20;28;29;30;31;32;33;34;35;36;37;38;39;24;19;16;8;8;19;8;255;255;255;0;0;0;0;0;0;0
1996;0;1;1;1;3;2;5;5;11;11;12;3;52;10;52;10;73;10;31;15;89;15;15;24;66;24;38;36;79;36;26;43;52;0;1;1;1;7;6;5;5;11;11;12;3;52;10;52;10;73;10;31;19;90;19;14;24;66;24;38;36;79;36;26;43;52;0;1;1;1;3;2;5;5;8;8;12;3;52;10;52;10;73;10;31;15;89;15;15;24;66;24;38;34;77;34;27;43;52;1;1;1;1;5;2;1;0;1;5;4;2;0;5;0;11;0;0;0;0;0;0;0;0;1;1;1;3;2;4;4;11;11;12;3;52;10;52;10;73;10;31;15;89;15;15;24;66;24;38;36;79;36;26;43;52;0;1;1;1;3;2;5;5;11;11;12;3;52;10;52;10;73;10;31;15;89;15;15;24;66;24;38;36;79;36;26;43;52;0;1;1;1;3;2;4;4;8;8;12;3;52;10;52;10;73;10;31;15;89;15;15;24;66;24;38;34;79;34;26;43;52;1;0;1;0;6;2;1;0;1;4;5;3;0;5;0;11;0;0;0;0;0;0;0;0;1;1;1;3;2;5;5;11;11;12;3;52;10;52;10;73;10;31;15;89;15;15;24;66;24;38;36;79;36;26;43;52;0;1;1;1;7;6;5;5;11;11;12;3;52;10;52;10;73;10;31;19;90;19;14;24;66;24;38;36;79;36;26;43;52;0;1;1;1;3;2;5;5;8;8;12;3;52;10;52;10;73;10;31;15;89;15;15;24;66;24;38;34;77;34;27;43;52;1;1;1;1;5;2;1;0;1;5;4;2;0;5;0;11;0;0;0;0;0;0;0;0;4;3;5;10;9;14;13;24;26;27;2;6;7;8;30;16;23;15;18;25;20;28;1;12;17;19;21;22;11;29;31;32;33;34;35;36;37;38;39;5;9;9;9;9;9;5;255;255;255;0;0;0;0;0;0;0
2009;0;1;1;3;2;4;4;7;6;12;12;3;52;10;63;10;41;12;89;12;15;20;64;20;40;30;87;30;18;43;66;43;38;0;1;1;3;2;5;5;7;6;12;12;3;52;10;63;10;41;12;89;12;15;22;67;22;38;30;87;30;18;43;66;43;38;0;1;1;3;2;4;4;7;6;11;12;3;52;10;63;10;41;12;89;12;15;20;64;20;40;30;87;30;18;38;65;43;38;0;0;0;1;8;3;1;1;0;7;6;2;0;0;0;0;0;0;0;0;0;0;0;0;1;1;3;2;4;4;7;6;11;12;3;52;10;63;10;41;12;89;12;15;20;64;20;40;30;87;30;18;39;65;43;38;0;1;1;3;2;5;5;7;6;12;12;3;52;10;63;10;41;12;89;12;15;22;67;22;38;30;87;30;18;43;66;43;38;0;1;1;3;2;4;4;7;6;11;12;3;52;10;63;10;41;12;89;12;15;20;64;20;40;30;87;30;18;38;63;43;38;0;0;0;0;8;2;1;0;0;6;9;2;0;0;0;0;0;0;0;0;0;0;0;0;1;1;3;2;4;4;7;6;12;12;3;52;10;63;10;41;12;89;12;15;20;64;20;40;30;87;30;18;43;66;43;38;0;1;1;3;2;5;5;7;6;12;12;3;52;10;63;10;41;12;89;12;15;22;67;22;38;30;87;30;18;43;66;43;38;0;1;1;3;2;4;4;7;6;11;12;3;52;10;63;10;41;12;89;12;15;20;64;20;40;30;87;30;18;38;65;43;38;0;0;0;1;8;3;1;1;0;7;6;2;0;0;0;0;0;0;0;0;0;0;0;1;5;3;4;6;17;12;14;18;23;21;0;27;29;7;10;9;16;13;26;25;22;24;2;8;11;15;28;19;20;30;31;32;33;34;35;36;37;38;39;12;18;12;12;12;23;6;255;255;255;0;0;0;0;0;0;0
2010;0;1;1;3;2;4;4;8;10;9;12;3;52;10;63;10;41;12;89;12;15;22;66;22;38;32;52;38;91;38;13;43;52;0;1;1;3;2;5;5;8;10;9;12;3;52;10;63;10;41;12;89;12;15;22;66;22;38;34;52;38;91;38;13;43;52;0;1;1;3;2;4;4;8;10;9;12;3;52;10;63;10;41;12;89;12;15;22;66;22;38;32;52;38;91;38;13;43;52;0;0;0;1;7;2;1;0;0;5;8;2;0;5;0;12;0;0;0;0;0;0;0;0;1;1;3;2;5;5;8;7;6;12;3;52;10;63;10;41;12;89;12;15;22;66;22;38;32;52;33;90;33;14;43;52;0;1;1;3;2;5;5;8;10;9;12;3;52;10;63;10;41;12;89;12;15;22;66;22;38;32;52;38;91;38;13;43;52;0;1;1;3;2;4;4;8;7;6;12;3;52;10;63;10;41;12;89;12;15;22;66;22;38;32;52;33;89;33;15;43;52;0;0;0;0;8;2;1;0;0;4;9;3;0;5;0;12;0;0;0;0;0;0;0;0;1;1;3;2;4;4;8;10;9;12;3;52;10;63;10;41;12;89;12;15;22;66;22;38;32;52;38;91;38;13;43;52;0;1;1;3;2;5;5;8;10;9;12;3;52;10;63;10;41;12;89;12;15;22;66;22;38;34;52;38;91;38;13;43;52;0;1;1;3;2;4;4;8;10;9;12;3;52;10;63;10;41;12;89;12;15;22;66;22;38;32;52;38;91;38;13;43;52;0;0;0;1;7;2;1;0;0;5;8;2;0;5;0;12;0;0;0;0;0;0;0;2;4;5;11;9;16;13;20;23;21;25;1;6;8;10;12;15;27;18;28;19;22;26;0;3;7;14;17;24;29;30;31;32;33;34;35;36;37;38;39;2;9;9;9;9;9;23;255;255;255;0;0;0;0;0;0;0
2019;0;1;1;1;4;4;7;6;5;12;12;3;52;10;52;10;73;10;31;18;64;18;40;30;86;30;18;30;52;43;66;43;38;0;1;1;1;5;5;7;6;8;12;12;3;52;10;52;10;73;10;31;21;65;21;38;30;86;30;18;33;52;43;66;43;38;0;1;1;1;4;4;7;6;5;12;12;3;52;10;52;10;73;10;31;18;64;18;40;20;88;20;16;30;52;43;66;43;38;0;0;0;0;6;2;1;1;1;2;9;2;0;5;0;16;0;0;0;0;0;0;0;0;1;1;1;3;2;4;4;8;8;12;3;52;10;52;10;73;10;31;15;89;15;15;20;64;20;40;33;77;33;27;43;52;0;1;1;1;3;2;4;4;10;9;12;3;52;10;52;10;73;10;31;15;89;15;15;20;64;20;40;35;85;35;17;43;52;0;1;1;1;3;2;4;4;8;8;12;3;52;10;52;10;73;10;31;15;89;15;15;20;64;20;40;33;77;33;27;43;52;0;0;0;0;7;2;1;1;0;1;6;3;0;5;0;139637976727552;0;0;0;0;0;0;0;0;1;1;1;4;4;7;6;5;12;12;3;52;10;52;10;73;10;31;18;64;18;40;30;86;30;18;30;52;43;66;43;38;0;1;1;1;5;5;7;6;8;12;12;3;52;10;52;10;73;10;31;21;65;21;38;30;86;30;18;33;52;43;66;43;38;0;1;1;1;4;4;7;6;5;12;12;3;52;10;52;10;73;10;31;18;64;18;40;20;88;20;16;30;52;43;66;43;38;0;0;0;0;6;2;1;1;1;2;9;2;0;5;0;16;0;0;0;0;0;0;0;1;5;7;3;16;14;23;22;20;26;28;0;4;6;12;10;13;15;21;24;25;19;27;2;8;9;11;17;18;29;30;31;32;33;34;35;36;37;38;39;28;28;20;28;28;28;7;255;255;255;0;0;0;0;0;0;0
2020;0;1;1;3;2;4;4;5;10;9;12;3;52;10;63;10;41;12;89;12;15;18;64;18;40;27;51;37;91;37;13;43;52;0;1;1;3;2;4;4;8;10;9;12;3;52;10;63;10;41;12;89;12;15;18;64;18;40;32;52;42;85;42;19;43;52;0;1;1;3;2;4;4;5;7;6;12;3;52;10;63;10;41;12;89;12;15;18;64;18;40;25;51;34;88;34;16;43;52;0;1;0;0;6;3;0;1;0;2;4;2;0;0;0;0;0;0;0;0;0;0;0;0;1;1;3;2;4;5;5;8;8;12;3;52;10;63;10;41;12;89;12;15;18;52;24;77;24;26;33;65;33;36;43;52;0;1;1;3;2;4;7;6;8;8;12;3;52;10;63;10;41;12;89;12;15;18;52;27;88;27;16;33;65;33;36;43;52;0;1;1;3;2;4;5;5;8;8;12;3;52;10;63;10;41;12;89;12;15;18;52;24;77;24;26;33;65;33;36;43;52;0;1;0;0;2;2;0;1;0;2;6;3;0;0;0;0;0;0;0;0;0;0;0;0;1;1;3;2;4;4;5;10;9;12;3;52;10;63;10;41;12;89;12;15;18;64;18;40;27;51;37;91;37;13;43;52;0;1;1;3;2;4;4;8;10;9;12;3;52;10;63;10;41;12;89;12;15;18;64;18;40;32;52;42;85;42;19;43;52;0;1;1;3;2;4;4;5;7;6;12;3;52;10;63;10;41;12;89;12;15;18;64;18;40;25;51;34;88;34;16;43;52;0;1;0;0;6;3;0;1;0;2;4;2;0;0;0;0;0;0;0;0;0;0;0;0;2;3;8;5;10;11;14;17;18;21;1;4;12;24;7;9;22;19;13;16;20;23;6;15;25;26;27;28;29;30;31;32;33;34;35;36;37;38;39;18;11;11;11;11;21;5;255;255;255;0;0;0;0;0;0;0
2024;0;1;1;3;2;5;5;8;10;9;12;3;52;10;63;10;41;12;89;12;15;20;66;20;37;29;51;37;87;37;16;43;52;0;1;1;3;2;5;5;8;10;9;12;3;52;10;63;10;41;12;89;12;15;20;66;20;37;29;51;37;87;37;16;43;52;0;1;1;3;2;4;4;8;10;9;12;3;52;10;63;10;41;12;89;12;15;20;66;20;37;29;51;37;87;37;16;43;52;1;1;1;0;6;3;0;0;0;4;4;2;0;0;0;0;0;0;0;0;0;0;0;0;1;1;3;2;5;5;8;7;6;12;3;52;10;63;10;41;12;89;12;15;20;66;20;37;29;51;34;89;34;16;43;52;0;1;1;3;2;5;5;8;10;9;12;3;52;10;63;10;41;12;89;12;15;20;66;20;37;29;51;36;88;36;16;43;52;0;1;1;3;2;4;4;8;7;6;12;3;52;10;63;10;41;12;89;12;15;20;66;20;37;29;51;34;89;34;16;43;52;1;1;1;1;4;2;0;0;0;3;3;3;0;0;0;0;0;0;0;0;0;0;0;0;1;1;3;2;5;5;8;10;9;12;3;52;10;63;10;41;12;89;12;15;20;66;20;37;29;51;37;87;37;16;43;52;0;1;1;3;2;5;5;8;10;9;12;3;52;10;63;10;41;12;89;12;15;20;66;20;37;29;51;37;87;37;16;43;52;0;1;1;3;2;4;4;8;10;9;12;3;52;10;63;10;41;12;89;12;15;20;66;20;37;29;51;37;87;37;16;43;52;1;1;1;0;6;3;0;0;0;4;4;2;0;0;0;0;0;0;0;0;0;0;0;1;3;4;11;10;14;15;18;22;19;23;0;5;6;7;9;12;13;16;17;20;21;24;2;8;25;26;27;28;29;30;31;32;33;34;35;36;37;38;39;19;18;4;14;14;22;4;255;255;255;0;0;0;0;0;0;0
2025;0;1;1;3;2;4;5;5;8;12;12;3;52;10;63;10;41;12;89;12;15;18;52;27;78;27;25;32;52;43;65;43;38;0;1;1;1;3;2;5;5;8;12;12;3;52;10;52;10;73;10;31;15;89;15;15;20;64;20;40;32;52;43;65;43;38;0;1;1;3;2;4;5;5;5;12;12;3;52;10;63;10;41;12;89;12;15;18;52;27;78;27;25;27;51;43;65;43;38;1;1;0;0;4;3;1;0;1;4;5;2;0;0;0;0;0;0;0;0;0;0;0;0;1;1;1;3;2;4;4;8;12;12;3;52;10;52;10;73;10;31;15;89;15;15;20;64;20;40;32;52;43;65;43;38;0;1;1;1;3;2;4;4;8;12;12;3;52;10;52;10;73;10;31;15;89;15;15;20;64;20;40;32;52;43;65;43;38;0;1;1;3;2;4;5;5;8;12;12;3;52;10;63;10;41;12;89;12;15;18;52;27;78;27;25;32;52;43;65;43;38;1;1;0;0;7;2;1;0;1;3;3;3;0;0;0;0;0;0;0;0;0;0;0;0;1;1;3;2;4;5;5;8;12;12;3;52;10;63;10;41;12;89;12;15;18;52;27;78;27;25;32;52;43;65;43;38;0;1;1;1;3;2;5;5;8;12;12;3;52;10;52;10;73;10;31;15;89;15;15;20;64;20;40;32;52;43;65;43;38;0;1;1;3;2;4;5;5;5;12;12;3;52;10;63;10;41;12;89;12;15;18;52;27;78;27;25;27;51;43;65;43;38;1;1;0;0;4;3;1;0;1;4;5;2;0;0;0;0;0;0;0;0;0;0;0;0;7;5;10;8;13;17;16;14;18;22;2;3;4;6;9;11;12;15;21;19;20;23;1;24;25;26;27;28;29;30;31;32;33;34;35;36;37;38;39;7;10;17;10;10;22;8;255;255;255;0;0;0;0;0;0;0
2067;0;1;1;1;5;5;7;6;8;8;12;3;52;10;52;10;73;10;31;18;64;18;40;22;89;22;15;32;70;32;34;43;52;0;1;1;1;5;5;7;6;8;8;12;3;52;10;52;10;73;10;31;18;64;18;40;29;89;29;15;32;70;32;34;43;52;0;1;1;1;4;4;7;6;8;8;12;3;52;10;52;10;73;10;31;18;64;18;40;20;89;20;15;32;70;32;34;43;52;0;0;0;0;7;3;0;0;1;3;9;2;0;7;0;12;0;0;0;0;0;0;0;0;1;1;1;3;2;4;4;8;8;12;3;52;10;52;10;73;10;31;15;89;15;15;20;64;20;40;34;79;34;25;43;52;0;1;1;1;3;2;4;4;10;9;12;3;52;10;52;10;73;10;31;15;89;15;15;20;64;20;40;35;85;35;18;43;52;0;1;1;1;3;2;4;4;8;8;12;3;52;10;52;10;73;10;31;15;89;15;15;20;64;20;40;34;79;34;25;43;52;0;0;0;0;8;2;0;0;1;2;9;2;0;7;0;12;0;0;0;0;0;0;0;0;1;1;1;5;5;7;6;8;8;12;3;52;10;52;10;73;10;31;18;64;18;40;22;89;22;15;32;70;32;34;43;52;0;1;1;1;5;5;7;6;8;8;12;3;52;10;52;10;73;10;31;18;64;18;40;29;89;29;15;32;70;32;34;43;52;0;1;1;1;4;4;7;6;8;8;12;3;52;10;52;10;73;10;31;18;64;18;40;20;89;20;15;32;70;32;34;43;52;0;0;0;0;7;3;0;0;1;3;9;2;0;7;0;12;0;0;0;0;0;0;0;0;4;3;5;7;15;11;14;18;9;21;1;2;6;12;13;10;8;19;16;17;20;22;23;24;25;26;27;28;29;30;31;32;33;34;35;36;37;38;39;0;9;9;9;9;9;7;255;255;255;0;0;0;0;0;0;0
2069;0;1;1;3;2;4;5;5;10;9;12;3;52;10;63;10;41;12;89;12;15;18;52;28;77;28;27;37;94;37;10;43;52;0;1;1;3;2;5;5;5;10;9;12;3;52;10;63;10;41;12;89;12;15;25;51;28;77;28;27;43;87;43;16;43;52;0;1;1;3;2;4;5;5;7;6;12;3;52;10;63;10;41;12;89;12;15;18;52;28;77;28;27;34;94;34;10;43;52;0;1;0;1;7;3;0;0;0;5;8;2;0;9;0;16;0;0;0;0;0;0;0;0;1;1;3;2;4;4;7;6;5;12;3;52;11;64;11;40;13;88;13;16;19;64;19;40;31;88;31;16;26;51;43;52;0;1;1;3;2;5;5;7;6;8;12;3;52;11;64;11;40;13;88;13;16;19;64;19;40;31;88;31;16;33;52;43;52;0;1;1;3;2;4;4;7;6;5;12;3;52;10;63;10;41;12;89;12;15;20;64;20;40;30;87;30;18;30;51;43;52;0;1;0;1;8;1;0;0;0;4;6;3;0;9;0;16;0;0;0;0;0;0;0;0;1;1;3;2;4;5;5;10;9;12;3;52;10;63;10;41;12;89;12;15;18;52;28;77;28;27;37;94;37;10;43;52;0;1;1;3;2;5;5;5;10;9;12;3;52;10;63;10;41;12;89;12;15;25;51;28;77;28;27;43;87;43;16;43;52;0;1;1;3;2;4;5;5;7;6;12;3;52;10;63;10;41;12;89;12;15;18;52;28;77;28;27;34;94;34;10;43;52;0;1;0;1;7;3;0;0;0;5;8;2;0;9;0;16;0;0;0;0;0;0;0;0;5;6;11;10;14;13;21;16;22;25;2;4;7;9;12;15;17;18;19;20;23;24;1;3;8;26;27;28;29;30;31;32;33;34;35;36;37;38;39;0;13;13;13;13;25;10;255;255;255;0;0;0;0;0;0;0
2070;0;1;1;1;3;2;4;4;5;12;12;3;52;10;52;10;73;10;31;15;89;15;15;22;65;22;39;32;52;43;67;43;38;0;1;1;1;3;2;5;5;8;12;12;3;52;10;52;10;73;10;31;15;89;15;15;22;65;22;39;34;52;43;67;43;38;0;1;1;1;3;2;4;4;5;12;12;3;52;10;52;10;73;10;31;15;89;15;15;22;65;22;39;32;52;43;67;43;38;1;1;1;1;4;3;0;0;1;5;4;2;0;139637976727552;0;139637976727552;0;0;0;0;0;0;0;0;1;1;1;3;2;4;4;5;12;12;3;52;10;52;10;73;10;31;15;89;15;15;22;65;22;39;32;52;43;67;43;38;0;1;1;1;3;2;4;4;8;12;12;3;52;10;52;10;73;10;31;15;89;15;15;22;65;22;39;32;52;43;67;43;38;0;1;1;1;3;2;4;4;5;12;12;3;52;10;52;10;73;10;31;15;89;15;15;22;65;22;39;32;52;43;67;43;38;1;1;1;1;5;2;0;0;1;4;5;3;0;139637976727552;0;139637976727552;0;0;0;0;0;0;0;0;1;1;1;3;2;4;4;5;12;12;3;52;10;52;10;73;10;31;15;89;15;15;22;65;22;39;32;52;43;67;43;38;0;1;1;1;3;2;5;5;8;12;12;3;52;10;52;10;73;10;31;15;89;15;15;22;65;22;39;34;52;43;67;43;38;0;1;1;1;3;2;4;4;5;12;12;3;52;10;52;10;73;10;31;15;89;15;15;22;65;22;39;32;52;43;67;43;38;1;1;1;1;4;3;0;0;1;5;4;2;0;139637976727552;0;139637976727552;0;0;0;0;0;0;0;1;8;7;4;11;9;14;13;19;25;24;2;5;6;10;12;15;20;16;18;17;23;26;0;3;22;21;27;28;29;30;31;32;33;34;35;36;37;38;39;19;9;9;9;9;9;24;255;255;255;0;0;0;0;0;0;0
2071;0;1;1;3;2;4;5;5;10;9;12;3;52;10;63;10;41;12;89;12;15;22;52;30;68;30;35;37;94;37;10;43;52;0;1;1;3;2;4;5;5;10;9;12;3;52;10;63;10;41;12;89;12;15;22;52;32;68;32;36;37;94;37;10;43;52;0;1;1;3;2;4;5;5;7;6;12;3;52;10;63;10;41;12;89;12;15;19;52;30;68;30;35;34;91;34;13;43;52;0;0;1;0;9;2;0;0;1;2;7;2;0;1;0;11;0;0;0;0;0;0;0;0;1;1;3;2;4;5;5;7;6;12;3;52;10;63;10;41;12;89;12;15;18;52;24;76;24;29;34;89;34;15;43;52;0;1;1;3;2;4;5;5;10;9;12;3;52;10;63;10;41;12;89;12;15;18;52;24;76;24;29;35;90;35;15;43;52;0;1;1;3;2;4;5;5;7;6;12;3;52;10;63;10;41;12;89;12;15;18;52;24;76;24;29;34;89;34;15;43;52;0;0;0;0;7;2;0;0;1;1;8;3;0;1;0;11;0;0;0;0;0;0;0;0;1;1;3;2;4;5;5;10;9;12;3;52;10;63;10;41;12;89;12;15;22;52;30;68;30;35;37;94;37;10;43;52;0;1;1;3;2;4;5;5;10;9;12;3;52;10;63;10;41;12;89;12;15;22;52;32;68;32;36;37;94;37;10;43;52;0;1;1;3;2;4;5;5;7;6;12;3;52;10;63;10;41;12;89;12;15;19;52;30;68;30;35;34;91;34;13;43;52;0;0;1;0;9;2;0;0;1;2;7;2;0;1;0;11;0;0;0;0;0;0;0;0;3;6;10;7;13;20;11;19;18;22;1;4;5;9;8;12;15;21;16;17;23;24;2;14;25;26;27;28;29;30;31;32;33;34;35;36;37;38;39;0;20;13;20;20;20;7;255;255;255;0;0;0;0;0;0;0
2078;0;1;1;3;2;4;5;5;10;9;12;3;52;10;63;10;41;12;89;12;15;18;52;27;79;27;25;39;90;39;14;43;52;0;1;1;3;2;4;8;8;10;9;12;3;52;10;63;10;41;12;89;12;15;18;52;34;71;34;35;39;90;39;14;43;52;0;1;1;3;2;4;5;5;7;6;12;3;52;10;63;10;41;12;89;12;15;18;52;27;79;27;25;34;94;34;10;43;52;0;0;1;1;5;2;1;0;1;2;7;2;0;0;0;0;0;0;0;0;0;0;0;0;1;1;3;2;4;5;5;10;9;12;3;52;10;63;10;41;12;89;12;15;18;52;27;79;27;25;39;90;39;14;43;52;0;1;1;3;2;4;5;5;10;9;12;3;52;10;63;10;41;12;89;12;15;18;52;27;79;27;25;39;90;39;14;43;52;0;1;1;1;3;2;4;4;8;12;12;3;52;10;52;10;73;10;31;15;89;15;15;22;65;22;39;32;52;43;67;43;38;0;0;0;0;6;2;1;0;1;4;8;3;0;0;0;0;0;0;0;0;0;0;0;0;1;1;3;2;4;5;5;10;9;12;3;52;10;63;10;41;12;89;12;15;18;52;27;79;27;25;39;90;39;14;43;52;0;1;1;3;2;4;8;8;10;9;12;3;52;10;63;10;41;12;89;12;15;18;52;34;71;34;35;39;90;39;14;43;52;0;1;1;3;2;4;5;5;7;6;12;3;52;10;63;10;41;12;89;12;15;18;52;27;79;27;25;34;94;34;10;43;52;0;0;1;1;5;2;1;0;1;2;7;2;0;0;0;0;0;0;0;0;0;0;0;0;3;2;7;5;8;13;11;14;10;18;1;4;6;9;12;15;16;17;19;20;21;22;23;24;25;26;27;28;29;30;31;32;33;34;35;36;37;38;39;18;13;2;2;2;18;2;255;255;255;0;0;0;0;0;0;0
2081;0;1;1;3;2;4;5;5;8;12;12;3;52;10;63;10;41;12;89;12;15;18;52;27;77;27;27;32;52;43;67;43;38;0;1;1;3;2;4;5;5;11;12;12;3;52;10;63;10;41;12;89;12;15;18;52;23;77;23;25;36;53;43;66;43;39;0;1;1;3;2;4;5;5;8;12;12;3;52;10;63;10;41;12;89;12;15;18;52;27;77;27;27;32;52;43;67;43;38;1;1;1;0;3;2;0;1;1;3;2;2;0;0;0;0;0;0;0;0;0;0;0;0;1;1;3;2;4;4;4;8;8;12;3;52;10;63;10;41;12;89;12;15;18;52;23;76;23;27;32;63;32;39;43;52;0;1;1;3;2;4;4;4;8;8;12;3;52;10;63;10;41;12;89;12;15;18;52;23;76;23;27;32;63;32;39;43;52;0;1;1;3;2;4;5;5;8;12;12;3;52;10;63;10;41;12;89;12;15;18;52;27;77;27;27;32;52;43;67;43;38;1;1;1;0;5;1;0;0;1;5;3;2;0;0;0;0;0;0;0;0;0;0;0;0;1;1;3;2;4;5;5;8;12;12;3;52;10;63;10;41;12;89;12;15;18;52;27;77;27;27;32;52;43;67;43;38;0;1;1;3;2;4;5;5;11;12;12;3;52;10;63;10;41;12;89;12;15;18;52;23;77;23;25;36;53;43;66;43;39;0;1;1;3;2;4;5;5;8;12;12;3;52;10;63;10;41;12;89;12;15;18;52;27;77;27;27;32;52;43;67;43;38;1;1;1;0;3;2;0;1;1;3;2;2;0;0;0;0;0;0;0;0;0;0;0;0;5;2;9;6;11;12;14;15;17;18;1;3;4;7;10;20;8;13;16;19;21;22;23;24;25;26;27;28;29;30;31;32;33;34;35;36;37;38;39;11;9;9;9;9;9;6;255;255;255;0;0;0;0;0;0;0
2092;0;1;1;3;2;4;5;5;10;9;12;3;52;10;63;10;41;12;89;12;15;18;52;27;77;27;27;36;91;36;13;43;52;0;1;1;3;2;4;8;8;10;9;12;3;52;10;63;10;41;12;89;12;15;18;52;34;63;34;41;42;92;42;11;43;52;0;1;1;3;2;4;5;5;10;9;12;3;52;10;63;10;41;12;89;12;15;18;52;27;77;27;27;36;88;36;16;43;52;0;0;0;1;7;2;1;1;0;4;1;2;0;0;0;0;0;0;0;0;0;0;0;0;1;1;3;2;4;4;4;7;6;12;3;52;10;63;10;41;12;89;12;15;18;52;22;76;22;27;32;90;32;14;43;52;0;1;1;3;2;4;4;4;7;6;12;3;52;10;63;10;41;12;89;12;15;18;52;22;76;22;27;32;90;32;14;43;52;0;1;1;1;3;2;4;4;8;12;12;3;52;10;52;10;73;10;31;15;89;15;15;22;65;22;39;32;52;43;67;43;38;0;0;0;1;4;2;1;1;0;9;2;3;0;0;0;0;0;0;0;0;0;0;0;0;1;1;3;2;4;5;5;10;9;12;3;52;10;63;10;41;12;89;12;15;18;52;27;77;27;27;36;91;36;13;43;52;0;1;1;3;2;4;8;8;10;9;12;3;52;10;63;10;41;12;89;12;15;18;52;34;63;34;41;42;92;42;11;43;52;0;1;1;3;2;4;5;5;10;9;12;3;52;10;63;10;41;12;89;12;15;18;52;27;77;27;27;36;88;36;16;43;52;0;0;0;1;7;2;1;1;0;4;1;2;0;0;0;0;0;0;0;0;0;0;0;0;4;3;7;6;9;11;10;16;18;21;1;2;5;8;15;12;13;14;17;19;20;22;23;24;25;26;27;28;29;30;31;32;33;34;35;36;37;38;39;6;9;9;9;9;9;7;255;255;255;0;0;0;0;0;0;0
2126;0;1;1;3;2;5;5;7;6;8;12;3;52;10;63;10;41;12;89;12;15;22;68;22;36;34;88;34;16;30;52;42;52;0;1;1;3;2;5;5;10;9;8;12;3;52;10;63;10;41;12;89;12;15;22;68;22;36;36;90;36;15;30;52;42;52;0;1;1;3;2;4;4;7;6;8;12;3;52;10;63;10;41;12;89;12;15;22;68;22;36;34;89;34;15;30;52;42;52;0;1;0;0;6;2;1;0;0;5;5;2;0;0;0;0;0;0;0;0;0;0;0;0;1;1;3;2;4;4;7;6;8;12;3;52;10;63;10;41;12;89;12;15;22;68;22;36;30;89;30;15;30;52;42;52;0;1;1;3;2;4;4;7;6;8;12;3;52;10;63;10;41;12;89;12;15;22;68;22;36;30;89;30;15;30;52;42;52;0;1;1;3;2;4;4;7;6;8;12;3;52;10;63;10;41;12;89;12;15;22;68;22;36;30;89;30;15;30;52;42;52;0;1;0;0;8;1;1;0;0;6;6;2;0;0;0;0;0;0;0;0;0;0;0;0;1;1;3;2;5;5;7;6;8;12;3;52;10;63;10;41;12;89;12;15;22;68;22;36;34;88;34;16;30;52;42;52;0;1;1;3;2;5;5;10;9;8;12;3;52;10;63;10;41;12;89;12;15;22;68;22;36;36;90;36;15;30;52;42;52;0;1;1;3;2;4;4;7;6;8;12;3;52;10;63;10;41;12;89;12;15;22;68;22;36;34;89;34;15;30;52;42;52;0;1;0;0;6;2;1;0;0;5;5;2;0;0;0;0;0;0;0;0;0;0;0;1;6;5;10;8;12;11;19;16;14;13;0;3;4;7;9;15;17;24;18;20;22;23;2;21;25;26;27;28;29;30;31;32;33;34;35;36;37;38;39;14;6;10;10;10;19;19;255;255;255;0;0;0;0;0;0;0
2178;0;1;1;3;2;4;5;5;10;9;12;3;52;10;63;10;41;12;89;12;15;18;52;27;77;27;27;42;85;42;19;43;52;0;1;1;3;2;4;5;5;10;9;12;3;52;10;63;10;41;12;89;12;15;18;52;27;77;27;27;42;85;42;19;43;52;0;1;1;3;2;4;4;4;7;6;12;3;52;10;63;10;41;12;89;12;15;18;52;23;73;23;30;34;89;34;14;43;52;0;0;0;0;6;3;0;1;1;6;2;2;0;0;0;0;0;0;0;0;0;0;0;0;1;1;3;2;4;5;5;7;6;12;3;52;10;63;10;41;12;89;12;15;18;52;23;77;23;26;32;94;32;10;43;52;0;1;1;3;2;4;5;5;7;6;12;3;52;10;63;10;41;12;89;12;15;18;52;23;77;23;26;32;94;32;10;43;52;0;1;1;3;2;4;5;5;7;6;12;3;52;10;63;10;41;12;89;12;15;18;52;23;77;23;26;32;94;32;10;43;52;0;0;0;0;4;2;0;1;1;2;4;3;0;0;0;0;0;0;0;0;0;0;0;0;1;1;3;2;4;5;5;10;9;12;3;52;10;63;10;41;12;89;12;15;18;52;27;77;27;27;42;85;42;19;43;52;0;1;1;3;2;4;5;5;10;9;12;3;52;10;63;10;41;12;89;12;15;18;52;27;77;27;27;42;85;42;19;43;52;0;1;1;3;2;4;4;4;7;6;12;3;52;10;63;10;41;12;89;12;15;18;52;23;73;23;30;34;89;34;14;43;52;0;0;0;0;6;3;0;1;1;6;2;2;0;0;0;0;0;0;0;0;0;0;0;1;5;3;8;7;9;11;10;15;13;17;0;2;4;6;14;12;16;19;18;20;21;22;23;24;25;26;27;28;29;30;31;32;33;34;35;36;37;38;39;7;9;9;9;9;17;7;255;255;255;0;0;0;0;0;0;0
2185;0;1;1;3;2;4;5;5;10;9;12;3;52;11;64;11;40;13;88;13;16;18;52;28;67;28;37;38;88;38;15;43;52;0;1;1;3;2;4;8;8;10;9;12;3;52;11;64;11;40;13;88;13;16;18;52;28;67;28;37;38;88;38;15;43;52;0;1;1;3;2;4;5;5;10;9;12;3;52;11;64;11;40;13;88;13;16;18;52;28;67;28;37;38;88;38;15;43;52;0;0;0;0;6;3;1;0;1;5;6;2;0;0;0;0;0;0;0;0;0;0;0;0;1;1;3;2;4;5;5;10;9;12;3;52;11;64;11;40;13;88;13;16;19;52;26;67;26;37;38;88;38;16;43;52;0;1;1;3;2;4;5;5;10;9;12;3;52;11;64;11;40;13;88;13;16;19;52;26;67;26;37;38;88;38;16;43;52;0;1;1;3;2;4;5;5;10;9;12;3;52;11;64;11;40;13;88;13;16;19;52;26;67;26;37;38;88;38;16;43;52;1;0;0;0;5;2;1;0;1;7;5;3;0;0;0;0;0;0;0;0;0;0;0;0;1;1;3;2;4;5;5;10;9;12;3;52;11;64;11;40;13;88;13;16;18;52;28;67;28;37;38;88;38;15;43;52;0;1;1;3;2;4;8;8;10;9;12;3;52;11;64;11;40;13;88;13;16;18;52;28;67;28;37;38;88;38;15;43;52;0;1;1;3;2;4;5;5;10;9;12;3;52;11;64;11;40;13;88;13;16;18;52;28;67;28;37;38;88;38;15;43;52;0;0;0;0;6;3;1;0;1;5;6;2;0;0;0;0;0;0;0;0;0;0;0;0;5;3;11;7;13;14;15;16;19;22;1;4;6;9;8;10;12;17;20;21;24;23;2;18;25;26;27;28;29;30;31;32;33;34;35;36;37;38;39;22;7;7;7;7;7;22;255;255;255;0;0;0;0;0;0;0
2187;0;1;1;3;2;5;5;8;10;9;12;3;52;10;63;10;41;12;89;12;15;20;66;20;37;29;51;36;88;36;16;43;52;0;1;1;3;2;5;5;8;10;9;12;3;52;10;63;10;41;12;89;12;15;22;67;22;36;32;52;42;85;42;19;43;52;0;1;1;3;2;4;4;8;7;6;12;3;52;10;63;10;41;12;89;12;15;22;67;22;36;32;52;34;90;34;14;43;52;1;1;1;1;6;3;0;0;0;7;3;2;0;3;0;12;0;0;0;0;0;0;0;0;1;1;3;2;4;4;5;10;9;12;3;52;10;63;10;41;12;89;12;15;20;66;20;37;29;51;36;88;36;16;43;52;0;1;1;3;2;4;4;8;10;9;12;3;52;10;63;10;41;12;89;12;15;20;66;20;37;32;52;36;88;36;16;43;52;0;1;1;3;2;4;4;8;10;9;12;3;52;10;63;10;41;12;89;12;15;20;66;20;37;29;51;36;88;36;16;43;52;1;1;1;1;7;2;0;0;0;6;4;2;0;3;0;12;0;0;0;0;0;0;0;0;1;1;3;2;5;5;8;10;9;12;3;52;10;63;10;41;12;89;12;15;20;66;20;37;29;51;36;88;36;16;43;52;0;1;1;3;2;5;5;8;10;9;12;3;52;10;63;10;41;12;89;12;15;22;67;22;36;32;52;42;85;42;19;43;52;0;1;1;3;2;4;4;8;7;6;12;3;52;10;63;10;41;12;89;12;15;22;67;22;36;32;52;34;90;34;14;43;52;1;1;1;1;6;3;0;0;0;7;3;2;0;3;0;12;0;0;0;0;0;0;0;0;8;7;10;9;15;19;18;22;20;26;1;5;6;12;11;14;13;17;23;21;24;25;2;3;4;30;29;33;16;27;32;28;31;34;35;36;37;38;39;26;22;20;18;18;22;7;255;255;255;0;0;0;0;0;0;0
2188;0;1;1;3;2;5;5;7;6;12;12;3;52;10;63;10;41;12;89;12;15;20;64;20;40;30;87;30;18;43;66;43;38;0;1;1;3;2;5;5;8;8;12;12;3;52;11;64;11;40;13;88;13;16;21;68;21;36;34;80;34;23;42;67;42;37;0;1;1;3;2;4;4;7;6;12;12;3;52;10;63;10;41;12;89;12;15;21;69;21;34;30;88;30;15;42;64;42;40;0;1;0;0;3;2;1;0;1;5;6;2;0;5;0;11;0;0;0;0;0;0;0;0;1;1;3;2;4;4;7;6;8;12;3;52;11;64;11;40;13;88;13;16;21;68;21;36;31;88;31;16;31;52;43;52;0;1;1;3;2;4;4;7;6;11;12;3;52;11;64;11;40;13;88;13;16;21;68;21;36;31;88;31;16;35;52;43;52;0;1;1;3;2;4;4;7;6;8;12;3;52;11;64;11;40;13;88;13;16;21;68;21;36;31;88;31;16;31;52;43;52;0;1;0;0;2;2;1;0;1;4;8;2;0;5;0;11;0;0;0;0;0;0;0;0;1;1;3;2;5;5;7;6;12;12;3;52;10;63;10;41;12;89;12;15;20;64;20;40;30;87;30;18;43;66;43;38;0;1;1;3;2;5;5;8;8;12;12;3;52;11;64;11;40;13;88;13;16;21;68;21;36;34;80;34;23;42;67;42;37;0;1;1;3;2;4;4;7;6;12;12;3;52;10;63;10;41;12;89;12;15;21;69;21;34;30;88;30;15;42;64;42;40;0;1;0;0;3;2;1;0;1;5;6;2;0;5;0;11;0;0;0;0;0;0;0;0;5;3;10;8;13;14;16;7;24;25;2;4;6;9;26;21;11;15;20;17;19;22;1;27;12;18;23;28;29;30;31;32;33;34;35;36;37;38;39;5;14;14;14;14;14;10;255;255;255;0;0;0;0;0;0;0
2191;0;1;1;3;2;5;5;8;10;9;12;3;52;10;63;10;41;12;89;12;15;20;66;20;37;29;51;36;88;36;16;43;52;0;1;1;3;2;5;5;8;10;9;12;3;52;10;63;10;41;12;89;12;15;20;66;20;37;29;51;36;88;36;16;43;52;0;1;1;3;2;4;4;8;10;9;12;3;52;10;63;10;41;12;89;12;15;20;66;20;37;29;51;36;88;36;16;43;52;0;0;0;1;4;3;0;0;1;4;2;2;0;5;0;12;0;0;0;0;0;0;0;0;1;1;3;2;4;4;5;10;9;12;3;52;10;63;10;41;12;89;12;15;20;66;20;37;29;51;36;88;36;16;43;52;0;1;1;3;2;5;5;8;10;9;12;3;52;10;63;10;41;12;89;12;15;20;66;20;37;29;51;36;88;36;16;43;52;0;1;1;3;2;4;4;5;10;9;12;3;52;10;63;10;41;12;89;12;15;20;66;20;37;29;51;36;88;36;16;43;52;0;1;1;1;5;1;0;0;0;3;3;2;0;5;0;12;0;0;0;0;0;0;0;0;1;1;3;2;5;5;8;10;9;12;3;52;10;63;10;41;12;89;12;15;20;66;20;37;29;51;36;88;36;16;43;52;0;1;1;3;2;5;5;8;10;9;12;3;52;10;63;10;41;12;89;12;15;20;66;20;37;29;51;36;88;36;16;43;52;0;1;1;3;2;4;4;8;10;9;12;3;52;10;63;10;41;12;89;12;15;20;66;20;37;29;51;36;88;36;16;43;52;0;0;0;1;4;3;0;0;1;4;2;2;0;5;0;12;0;0;0;0;0;0;0;0;2;7;11;9;15;16;19;18;22;26;1;3;5;4;10;12;17;23;20;24;21;25;6;8;13;14;27;28;29;30;31;32;33;34;35;36;37;38;39;7;9;9;9;9;9;16;255;255;255;0;0;0;0;0;0;0
2192;0;1;1;1;3;2;4;4;7;6;12;3;52;10;52;10;73;10;31;15;89;15;15;20;64;20;40;34;86;34;18;43;52;0;1;1;1;3;2;5;5;10;9;12;3;52;10;52;10;73;10;31;15;89;15;15;23;64;23;40;35;87;35;17;43;52;0;1;1;1;3;2;4;4;7;6;12;3;52;10;52;10;73;10;31;15;89;15;15;20;64;20;40;34;86;34;18;43;52;0;0;1;0;8;2;1;1;1;2;6;2;0;7;0;12;0;0;0;0;0;0;0;0;1;1;1;3;2;4;4;7;6;12;3;52;10;52;10;73;10;31;15;89;15;15;20;64;20;40;34;86;34;18;43;52;0;1;1;1;3;2;4;4;10;9;12;3;52;10;52;10;73;10;31;15;89;15;15;20;64;20;40;35;85;35;19;43;52;0;1;1;1;3;2;4;4;7;6;12;3;52;10;52;10;73;10;31;15;89;15;15;20;64;20;40;34;86;34;18;43;52;0;0;1;0;9;2;1;1;1;1;7;3;0;7;0;12;0;0;0;0;0;0;0;0;1;1;1;3;2;4;4;7;6;12;3;52;10;52;10;73;10;31;15;89;15;15;20;64;20;40;34;86;34;18;43;52;0;1;1;1;3;2;5;5;10;9;12;3;52;10;52;10;73;10;31;15;89;15;15;23;64;23;40;35;87;35;17;43;52;0;1;1;1;3;2;4;4;7;6;12;3;52;10;52;10;73;10;31;15;89;15;15;20;64;20;40;34;86;34;18;43;52;0;0;1;0;8;2;1;1;1;2;6;2;0;7;0;12;0;0;0;0;0;0;0;0;5;4;7;25;9;16;14;17;20;23;2;6;8;10;11;12;13;15;18;22;19;24;1;3;21;26;27;28;29;30;31;32;33;34;35;36;37;38;39;7;9;9;9;9;9;7;255;255;255;0;0;0;0;0;0;0
2193;0;1;1;3;2;4;4;8;10;9;12;3;52;10;63;10;41;12;89;12;15;18;64;18;40;30;52;37;88;37;16;43;52;0;1;1;3;2;4;4;11;10;9;12;3;52;10;63;10;41;12;89;12;15;18;64;18;40;35;52;37;88;37;16;43;52;0;1;1;3;2;4;4;8;10;9;12;3;52;10;63;10;41;12;89;12;15;18;64;18;40;30;53;37;88;37;16;43;52;1;1;1;1;5;2;0;0;0;8;6;2;0;9;0;0;0;0;0;0;0;0;0;0;1;1;3;2;4;4;5;10;9;12;3;52;10;63;10;41;12;89;12;15;18;64;18;40;30;52;37;88;37;16;43;52;0;1;1;3;2;4;4;8;10;9;12;3;52;11;64;11;40;13;88;13;16;20;64;20;41;32;52;36;88;36;16;43;52;0;1;1;3;2;4;4;5;10;9;12;3;52;10;63;10;41;12;89;12;15;18;64;18;40;30;52;37;88;37;16;43;52;1;1;1;1;6;1;0;0;0;7;7;3;0;9;0;0;0;0;0;0;0;0;0;0;1;1;3;2;4;4;8;10;9;12;3;52;10;63;10;41;12;89;12;15;18;64;18;40;30;52;37;88;37;16;43;52;0;1;1;3;2;4;4;11;10;9;12;3;52;10;63;10;41;12;89;12;15;18;64;18;40;35;52;37;88;37;16;43;52;0;1;1;3;2;4;4;8;10;9;12;3;52;10;63;10;41;12;89;12;15;18;64;18;40;30;53;37;88;37;16;43;52;1;1;1;1;5;2;0;0;0;8;6;2;0;9;0;0;0;0;0;0;0;0;0;2;4;5;8;7;9;11;15;20;16;21;0;1;3;6;10;12;18;19;13;17;14;22;23;24;25;26;27;28;29;30;31;32;33;34;35;36;37;38;39;2;9;9;9;9;9;5;255;255;255;0;0;0;0;0;0;0
2195;0;1;1;3;2;4;5;5;10;9;12;3;52;10;63;10;41;12;89;12;15;18;52;26;70;26;32;42;85;42;19;43;52;0;1;1;3;2;4;5;5;10;9;12;3;52;10;63;10;41;12;89;12;15;18;52;28;68;28;34;42;85;42;19;43;52;0;1;1;3;2;4;4;4;10;9;12;3;52;10;63;10;41;12;89;12;15;18;52;23;72;23;30;42;85;42;19;43;52;0;0;0;0;4;2;0;0;0;6;8;2;0;5;0;12;0;0;0;0;0;0;0;0;1;1;3;2;4;5;5;10;9;12;3;52;10;63;10;41;12;89;12;15;18;52;26;70;26;32;42;85;42;19;43;52;0;1;1;3;2;4;8;8;10;9;12;3;52;10;63;10;41;12;89;12;15;18;52;32;70;32;34;42;85;42;19;43;52;0;1;1;3;2;4;5;5;10;9;12;3;52;10;63;10;41;12;89;12;15;18;52;26;71;26;32;42;85;42;19;43;52;0;0;0;0;3;1;0;0;0;5;4;3;0;5;0;12;0;0;0;0;0;0;0;0;1;1;3;2;4;5;5;10;9;12;3;52;10;63;10;41;12;89;12;15;18;52;26;70;26;32;42;85;42;19;43;52;0;1;1;3;2;4;5;5;10;9;12;3;52;10;63;10;41;12;89;12;15;18;52;28;68;28;34;42;85;42;19;43;52;0;1;1;3;2;4;4;4;10;9;12;3;52;10;63;10;41;12;89;12;15;18;52;23;72;23;30;42;85;42;19;43;52;0;0;0;0;4;2;0;0;0;6;8;2;0;5;0;12;0;0;0;0;0;0;0;1;4;5;9;7;11;20;16;25;23;26;0;2;3;8;12;18;17;22;14;13;24;27;6;10;15;21;19;28;29;30;31;32;33;34;35;36;37;38;39;20;9;9;9;9;9;5;255;255;255;0;0;0;0;0;0;0
2198;0;1;1;3;2;4;4;8;10;9;12;3;52;10;63;10;41;12;89;12;15;18;64;18;40;26;52;36;85;36;18;43;52;0;1;1;3;2;4;4;8;10;9;12;3;52;10;63;10;41;12;89;12;15;18;64;18;40;26;52;36;85;36;18;43;52;0;1;1;3;2;4;4;8;8;8;12;3;52;10;63;10;41;12;89;12;15;18;64;18;40;26;52;34;79;34;25;43;52;0;1;0;1;3;2;1;0;1;7;6;1;0;0;0;0;0;0;0;0;0;0;0;0;1;1;3;2;4;4;5;7;6;12;3;52;10;63;10;41;12;89;12;15;18;64;18;40;26;52;31;94;31;10;43;52;0;1;1;3;2;4;4;5;7;6;12;3;52;10;63;10;41;12;89;12;15;18;64;18;40;26;52;31;94;31;10;43;52;0;1;1;3;2;4;4;5;7;6;12;3;52;10;63;10;41;12;89;12;15;18;64;18;40;26;52;31;94;31;10;43;52;0;1;0;1;7;1;1;0;1;5;2;2;0;0;0;0;0;0;0;0;0;0;0;0;1;1;3;2;4;4;8;10;9;12;3;52;10;63;10;41;12;89;12;15;18;64;18;40;26;52;36;85;36;18;43;52;0;1;1;3;2;4;4;8;10;9;12;3;52;10;63;10;41;12;89;12;15;18;64;18;40;26;52;36;85;36;18;43;52;0;1;1;3;2;4;4;8;8;8;12;3;52;10;63;10;41;12;89;12;15;18;64;18;40;26;52;34;79;34;25;43;52;0;1;0;1;3;2;1;0;1;7;6;1;0;0;0;0;0;0;0;0;0;0;0;0;22;3;2;6;7;9;21;14;18;20;1;4;5;23;8;11;10;13;16;15;12;19;17;24;25;26;27;28;29;30;31;32;33;34;35;36;37;38;39;20;9;9;9;9;9;7;255;255;255;0;0;0;0;0;0;0
2208;0;1;1;3;2;4;5;5;5;12;12;3;52;11;64;11;40;13;88;13;16;19;52;26;78;26;25;26;52;43;64;43;40;0;1;1;3;2;4;5;5;8;12;12;3;52;11;64;11;40;13;88;13;16;19;52;26;78;26;25;32;52;43;64;43;40;0;1;1;3;2;4;5;5;5;11;12;3;52;11;64;11;40;13;88;13;16;19;52;26;78;26;25;26;52;38;67;43;40;1;0;1;1;5;2;0;1;1;4;7;2;0;5;0;139637976727552;0;0;0;0;0;0;0;0;1;1;3;2;4;5;5;5;12;12;3;52;11;64;11;40;13;88;13;16;19;52;24;81;24;21;26;52;43;64;43;40;0;1;1;3;2;4;5;5;8;12;12;3;52;11;64;11;40;13;88;13;16;19;52;24;81;24;21;31;50;43;64;43;40;0;1;1;3;2;4;5;5;5;12;12;3;52;11;64;11;40;13;88;13;16;19;52;24;81;24;21;26;52;43;64;43;40;1;0;0;1;6;2;0;0;1;5;7;3;0;5;0;139637976727552;0;0;0;0;0;0;0;0;1;1;3;2;4;5;5;5;12;12;3;52;11;64;11;40;13;88;13;16;19;52;26;78;26;25;26;52;43;64;43;40;0;1;1;3;2;4;5;5;8;12;12;3;52;11;64;11;40;13;88;13;16;19;52;26;78;26;25;32;52;43;64;43;40;0;1;1;3;2;4;5;5;5;11;12;3;52;11;64;11;40;13;88;13;16;19;52;26;78;26;25;26;52;38;67;43;40;1;0;1;1;5;2;0;1;1;4;7;2;0;5;0;139637976727552;0;0;0;0;0;0;0;0;3;7;26;9;15;16;17;14;24;22;1;4;5;10;11;8;12;13;18;19;23;25;2;6;20;21;27;28;29;30;31;32;33;34;35;36;37;38;39;7;9;9;9;9;9;14;255;255;255;0;0;0;0;0;0;0
2209;0;1;1;1;3;2;4;5;5;12;12;3;52;10;52;10;73;10;31;15;89;15;15;20;52;27;68;27;35;43;67;43;38;0;1;1;1;3;2;4;8;8;12;12;3;52;10;52;10;73;10;31;15;90;15;14;20;52;29;68;29;34;43;67;43;38;0;1;1;1;3;2;4;5;5;12;12;3;52;10;52;10;73;10;31;15;89;15;15;20;52;27;68;27;35;43;66;43;38;0;1;0;0;3;3;1;0;1;3;6;2;0;1;0;139637976727552;0;0;0;0;0;0;0;0;1;1;3;2;4;5;5;8;12;12;3;52;11;64;11;40;13;88;13;16;19;52;23;72;23;32;33;52;43;64;43;40;0;1;1;3;2;4;8;8;8;12;12;3;52;11;64;11;40;13;88;13;16;19;52;28;73;28;32;32;52;43;64;43;40;0;1;1;3;2;4;5;5;5;12;12;3;52;11;64;11;40;13;88;13;16;19;52;23;72;23;32;29;52;43;64;43;40;0;1;0;0;2;3;1;0;1;2;4;1;0;1;0;139637976727552;0;0;0;0;0;0;0;0;1;1;1;3;2;4;5;5;12;12;3;52;10;52;10;73;10;31;15;89;15;15;20;52;27;68;27;35;43;67;43;38;0;1;1;1;3;2;4;8;8;12;12;3;52;10;52;10;73;10;31;15;90;15;14;20;52;29;68;29;34;43;67;43;38;0;1;1;1;3;2;4;5;5;12;12;3;52;10;52;10;73;10;31;15;89;15;15;20;52;27;68;27;35;43;66;43;38;0;1;0;0;3;3;1;0;1;3;6;2;0;1;0;139637976727552;0;0;0;0;0;0;0;0;6;4;3;10;7;14;15;16;24;22;2;5;8;9;11;12;13;17;18;20;21;23;1;19;25;26;27;28;29;30;31;32;33;34;35;36;37;38;39;16;14;14;16;16;22;16;255;255;255;0;0;0;0;0;0;0
2210;0;1;1;1;3;2;4;4;5;12;12;3;52;10;52;10;73;10;31;15;89;15;15;20;64;20;40;27;52;43;67;43;38;0;1;1;1;7;6;4;4;8;12;12;3;52;10;52;10;73;10;31;24;90;24;14;20;64;20;40;34;51;43;67;43;38;0;1;1;1;3;2;4;4;5;12;12;3;52;10;52;10;73;10;31;15;89;15;15;20;64;20;40;27;52;43;65;43;38;1;1;1;1;7;3;1;1;1;3;6;2;0;7;0;12;0;0;0;0;0;0;0;0;1;1;1;3;2;4;4;5;12;12;3;52;10;52;10;73;10;31;15;89;15;15;20;64;20;40;27;52;43;67;43;38;0;1;1;1;3;2;4;4;8;12;12;3;52;10;52;10;73;10;31;15;89;15;15;20;64;20;40;32;51;43;67;43;38;0;1;1;1;3;2;4;4;5;12;12;3;52;10;52;10;73;10;31;15;89;15;15;20;64;20;40;27;52;43;67;43;38;1;1;1;1;8;1;1;1;1;2;7;2;0;7;0;12;0;0;0;0;0;0;0;0;1;1;1;3;2;4;4;5;12;12;3;52;10;52;10;73;10;31;15;89;15;15;20;64;20;40;27;52;43;67;43;38;0;1;1;1;7;6;4;4;8;12;12;3;52;10;52;10;73;10;31;24;90;24;14;20;64;20;40;34;51;43;67;43;38;0;1;1;1;3;2;4;4;5;12;12;3;52;10;52;10;73;10;31;15;89;15;15;20;64;20;40;27;52;43;65;43;38;1;1;1;1;7;3;1;1;1;3;6;2;0;7;0;12;0;0;0;0;0;0;0;2;6;4;3;10;8;15;14;17;24;25;1;5;7;9;11;12;13;16;19;21;22;27;0;26;18;20;23;28;29;30;31;32;33;34;35;36;37;38;39;8;17;17;17;17;17;14;255;255;255;0;0;0;0;0;0;0
2215;0;1;1;3;2;4;4;7;6;8;12;3;52;11;64;11;40;13;88;13;16;19;64;19;40;31;88;31;16;31;52;43;52;0;1;1;3;2;5;5;7;6;11;12;3;52;11;64;11;40;13;88;13;16;19;64;19;40;31;88;31;16;36;52;43;52;0;1;1;3;2;4;4;7;6;8;12;3;52;11;64;11;40;13;88;13;16;19;64;19;40;31;88;31;16;31;52;43;52;0;0;0;1;9;2;1;0;1;6;8;1;0;0;0;0;0;0;0;0;0;0;0;0;1;1;3;2;4;4;7;6;5;12;3;52;11;64;11;40;13;88;13;16;19;64;19;40;31;88;31;16;26;52;43;52;0;1;1;3;2;4;4;7;6;8;12;3;52;11;64;11;40;13;88;13;16;19;64;19;40;31;88;31;16;30;51;43;52;0;1;1;3;2;4;4;7;6;5;12;3;52;11;64;11;40;13;88;13;16;19;64;19;40;31;88;31;16;26;52;43;52;0;0;0;0;5;1;1;0;1;5;6;3;0;0;0;0;0;0;0;0;0;0;0;0;1;1;3;2;4;4;7;6;8;12;3;52;11;64;11;40;13;88;13;16;19;64;19;40;31;88;31;16;31;52;43;52;0;1;1;3;2;5;5;7;6;11;12;3;52;11;64;11;40;13;88;13;16;19;64;19;40;31;88;31;16;36;52;43;52;0;1;1;3;2;4;4;7;6;8;12;3;52;11;64;11;40;13;88;13;16;19;64;19;40;31;88;31;16;31;52;43;52;0;0;0;1;9;2;1;0;1;6;8;1;0;0;0;0;0;0;0;0;0;0;0;0;4;3;5;9;2;11;20;25;18;22;1;7;6;10;12;13;15;8;14;21;23;24;16;19;17;26;27;28;29;30;31;32;33;34;35;36;37;38;39;5;9;9;9;9;9;11;255;255;255;0;0;0;0;0;0;0
2216;0;1;1;3;2;4;5;5;11;11;12;3;52;11;64;11;40;13;88;13;16;19;52;25;68;25;36;36;79;36;25;43;52;0;1;1;3;2;4;8;8;11;11;12;3;52;11;64;11;40;13;88;13;16;19;52;28;67;28;36;39;78;39;26;43;52;0;1;1;3;2;4;5;5;8;8;12;3;52;11;64;11;40;13;88;13;16;19;52;25;68;25;36;34;80;34;25;43;52;1;1;1;1;3;2;0;0;1;6;4;2;0;2;0;0;0;0;0;0;0;0;0;0;1;1;3;2;4;5;5;7;6;12;3;52;11;64;11;40;13;88;13;16;19;52;25;68;25;36;29;94;29;11;43;52;0;1;1;3;2;4;5;5;7;6;12;3;52;11;64;11;40;13;88;13;16;19;52;25;68;25;36;29;94;29;11;43;52;0;1;1;3;2;4;5;5;7;6;12;3;52;11;64;11;40;13;88;13;16;19;52;25;68;25;36;29;94;29;11;43;52;1;1;1;1;4;1;0;0;1;5;5;3;0;2;0;0;0;0;0;0;0;0;0;0;1;1;3;2;4;5;5;11;11;12;3;52;11;64;11;40;13;88;13;16;19;52;25;68;25;36;36;79;36;25;43;52;0;1;1;3;2;4;8;8;11;11;12;3;52;11;64;11;40;13;88;13;16;19;52;28;67;28;36;39;78;39;26;43;52;0;1;1;3;2;4;5;5;8;8;12;3;52;11;64;11;40;13;88;13;16;19;52;25;68;25;36;34;80;34;25;43;52;1;1;1;1;3;2;0;0;1;6;4;2;0;2;0;0;0;0;0;0;0;0;0;1;3;2;8;22;11;9;13;16;21;18;0;4;5;6;10;7;12;14;15;19;17;20;23;24;25;26;27;28;29;30;31;32;33;34;35;36;37;38;39;2;9;9;9;9;9;11;255;255;255;0;0;0;0;0;0;0
2218;0;1;1;3;2;4;4;7;6;12;12;3;52;10;63;10;41;12;89;12;15;20;64;20;40;30;87;30;18;43;66;43;38;0;1;1;3;2;5;5;7;6;12;12;3;52;10;63;10;41;12;89;12;15;20;64;20;40;30;87;30;18;43;66;43;38;0;1;1;3;2;4;4;8;8;12;12;3;52;10;63;10;41;12;89;12;15;20;64;20;40;33;79;33;27;43;66;43;38;0;1;1;1;7;2;1;0;0;4;5;2;0;0;0;0;0;0;0;0;0;0;0;0;1;1;3;2;4;5;8;8;12;12;3;52;11;64;11;40;13;88;13;16;18;52;24;52;29;76;29;27;43;40;43;64;0;1;1;3;2;4;5;8;8;12;12;3;52;11;64;11;40;13;88;13;16;18;52;24;52;29;76;29;27;43;40;43;64;0;1;1;3;2;4;5;8;8;12;12;3;52;11;64;11;40;13;88;13;16;18;52;24;52;29;76;29;27;43;40;43;64;0;0;0;1;6;1;1;0;1;5;7;2;0;0;0;0;0;0;0;0;0;0;0;0;1;1;3;2;4;4;7;6;12;12;3;52;10;63;10;41;12;89;12;15;20;64;20;40;30;87;30;18;43;66;43;38;0;1;1;3;2;5;5;7;6;12;12;3;52;10;63;10;41;12;89;12;15;20;64;20;40;30;87;30;18;43;66;43;38;0;1;1;3;2;4;4;8;8;12;12;3;52;10;63;10;41;12;89;12;15;20;64;20;40;33;79;33;27;43;66;43;38;0;1;1;1;7;2;1;0;0;4;5;2;0;0;0;0;0;0;0;0;0;0;0;1;3;5;23;4;25;10;14;15;20;18;0;2;12;7;8;9;11;16;21;22;19;26;6;24;13;17;27;28;29;30;31;32;33;34;35;36;37;38;39;4;15;15;15;15;15;14;255;255;255;0;0;0;0;0;0;0
2229;0;1;1;3;2;4;4;5;10;9;12;3;52;10;63;10;41;12;89;12;15;20;64;20;40;28;53;37;85;37;18;43;52;0;1;1;3;2;4;4;8;10;9;12;3;52;10;63;10;41;12;89;12;15;20;64;20;40;32;52;37;85;37;18;43;52;0;1;1;3;2;4;4;5;7;6;12;3;52;10;63;10;41;12;89;12;15;20;64;20;40;28;53;33;90;33;14;43;52;0;0;0;1;8;3;0;1;1;7;7;2;0;7;0;12;0;0;0;0;0;0;0;0;1;1;3;2;4;5;5;7;6;12;3;52;10;63;10;41;12;89;12;15;20;52;25;70;25;33;34;87;34;18;43;52;0;1;1;3;2;4;5;5;10;9;12;3;52;10;63;10;41;12;89;12;15;20;52;25;70;25;33;37;85;37;18;43;52;0;1;1;3;2;4;5;5;7;6;12;3;52;10;63;10;41;12;89;12;15;20;52;25;70;25;33;34;85;34;18;43;52;0;0;0;1;4;2;0;1;1;6;8;2;0;7;0;12;0;0;0;0;0;0;0;0;1;1;3;2;4;4;5;10;9;12;3;52;10;63;10;41;12;89;12;15;20;64;20;40;28;53;37;85;37;18;43;52;0;1;1;3;2;4;4;8;10;9;12;3;52;10;63;10;41;12;89;12;15;20;64;20;40;32;52;37;85;37;18;43;52;0;1;1;3;2;4;4;5;7;6;12;3;52;10;63;10;41;12;89;12;15;20;64;20;40;28;53;33;90;33;14;43;52;0;0;0;1;8;3;0;1;1;7;7;2;0;7;0;12;0;0;0;0;0;0;0;0;5;3;12;9;11;14;15;19;21;24;1;4;6;8;10;13;17;16;18;20;23;25;2;7;22;26;27;28;29;30;31;32;33;34;35;36;37;38;39;11;9;9;9;9;9;5;255;255;255;0;0;0;0;0;0;0
2283;0;1;1;3;2;5;5;8;10;9;12;3;52;10;63;10;41;12;89;12;15;23;64;23;39;31;53;37;94;37;10;43;52;0;1;1;3;2;5;5;8;10;9;12;3;52;10;63;10;41;12;89;12;15;23;64;23;39;31;53;37;94;37;10;43;52;0;1;1;3;2;4;4;8;8;8;12;3;52;10;63;10;41;12;89;12;15;23;64;23;39;31;53;34;79;34;25;43;52;0;1;0;1;4;2;1;0;1;3;4;2;0;0;0;0;0;0;0;0;0;0;0;0;1;1;3;2;5;5;8;7;6;12;3;52;10;63;10;41;12;89;12;15;23;64;23;39;31;53;34;87;34;17;43;52;0;1;1;3;2;5;5;8;10;9;12;3;52;10;63;10;41;12;89;12;15;23;64;23;39;31;53;37;94;37;10;43;52;0;1;1;3;2;4;4;8;7;6;12;3;52;10;63;10;41;12;89;12;15;23;64;23;39;31;53;32;90;32;15;43;52;0;1;0;1;4;2;1;0;1;5;6;2;0;0;0;0;0;0;0;0;0;0;0;0;1;1;3;2;5;5;8;10;9;12;3;52;10;63;10;41;12;89;12;15;23;64;23;39;31;53;37;94;37;10;43;52;0;1;1;3;2;5;5;8;10;9;12;3;52;10;63;10;41;12;89;12;15;23;64;23;39;31;53;37;94;37;10;43;52;0;1;1;3;2;4;4;8;8;8;12;3;52;10;63;10;41;12;89;12;15;23;64;23;39;31;53;34;79;34;25;43;52;0;1;0;1;4;2;1;0;1;3;4;2;0;0;0;0;0;0;0;0;0;0;0;1;3;2;7;6;9;10;13;19;17;21;0;4;5;8;12;11;15;16;18;14;20;22;23;24;25;26;27;28;29;30;31;32;33;34;35;36;37;38;39;1;9;9;9;9;9;10;255;255;255;0;0;0;0;0;0;0
2284;0;1;1;3;2;4;4;8;10;9;12;3;52;10;63;10;41;12;89;12;15;18;64;18;40;31;52;36;89;36;15;43;52;0;1;1;3;2;5;5;8;10;9;12;3;52;10;63;10;41;12;89;12;15;25;74;25;30;31;52;36;89;36;15;43;52;0;1;1;3;2;4;4;8;7;6;12;3;52;10;63;10;41;12;89;12;15;18;64;18;40;31;52;31;90;31;14;43;52;1;1;0;1;5;2;1;1;0;6;3;2;0;7;0;12;0;0;0;0;0;0;0;0;1;1;3;2;4;4;8;7;6;12;3;52;10;63;10;41;12;89;12;15;18;64;18;40;31;52;29;94;29;10;43;52;0;1;1;3;2;4;4;8;10;9;12;3;52;10;63;10;41;12;89;12;15;18;64;18;40;31;52;36;89;36;15;43;52;0;1;1;3;2;4;4;8;7;6;12;3;52;10;63;10;41;12;89;12;15;18;64;18;40;31;52;34;89;34;16;43;52;1;1;0;1;6;2;1;1;0;5;4;2;0;7;0;12;0;0;0;0;0;0;0;0;1;1;3;2;4;4;8;10;9;12;3;52;10;63;10;41;12;89;12;15;18;64;18;40;31;52;36;89;36;15;43;52;0;1;1;3;2;5;5;8;10;9;12;3;52;10;63;10;41;12;89;12;15;25;74;25;30;31;52;36;89;36;15;43;52;0;1;1;3;2;4;4;8;7;6;12;3;52;10;63;10;41;12;89;12;15;18;64;18;40;31;52;31;90;31;14;43;52;1;1;0;1;5;2;1;1;0;6;3;2;0;7;0;12;0;0;0;0;0;0;0;1;7;4;11;9;14;13;19;24;23;25;0;5;6;10;12;15;16;17;20;21;29;22;2;3;30;8;18;28;26;27;31;32;33;34;35;36;37;38;39;7;9;9;9;9;9;19;255;255;255;0;0;0;0;0;0;0
2285;0;1;1;3;2;4;4;5;10;9;12;3;52;10;63;10;41;12;89;12;15;22;68;22;35;32;52;39;92;39;12;43;52;0;1;1;3;2;4;4;8;10;9;12;3;52;10;63;10;41;12;89;12;15;22;68;22;35;32;52;39;92;39;12;43;52;0;1;1;3;2;4;4;5;7;6;12;3;52;10;63;10;41;12;89;12;15;22;68;22;35;32;52;34;88;34;16;43;52;1;1;1;0;3;2;1;0;1;8;5;2;0;1;0;12;0;0;0;0;0;0;0;0;1;1;3;2;4;4;7;6;5;12;3;52;11;64;11;40;13;88;13;16;21;64;21;40;31;84;31;20;31;52;42;52;0;1;1;3;2;4;4;7;6;11;12;3;52;11;64;11;40;13;88;13;16;21;64;21;40;31;84;31;20;35;52;42;52;0;1;1;3;2;4;4;7;6;5;12;3;52;11;64;11;40;13;88;13;16;21;64;21;40;31;84;31;20;31;52;42;52;1;1;1;0;4;2;1;0;1;7;6;3;0;1;0;12;0;0;0;0;0;0;0;0;1;1;3;2;4;4;5;10;9;12;3;52;10;63;10;41;12;89;12;15;22;68;22;35;32;52;39;92;39;12;43;52;0;1;1;3;2;4;4;8;10;9;12;3;52;10;63;10;41;12;89;12;15;22;68;22;35;32;52;39;92;39;12;43;52;0;1;1;3;2;4;4;5;7;6;12;3;52;10;63;10;41;12;89;12;15;22;68;22;35;32;52;34;88;34;16;43;52;1;1;1;0;3;2;1;0;1;8;5;2;0;1;0;12;0;0;0;0;0;0;0;0;3;2;9;6;12;11;10;16;17;22;1;4;5;7;8;13;14;21;15;19;24;25;18;20;23;26;27;28;29;30;31;32;33;34;35;36;37;38;39;22;9;9;9;9;9;10;255;255;255;0;0;0;0;0;0;0
2287;0;1;1;3;2;4;5;5;10;9;12;3;52;11;64;11;40;13;88;13;16;19;52;25;72;25;32;39;84;39;20;43;52;0;1;1;7;6;4;8;8;10;9;12;3;52;11;64;11;40;17;91;17;13;19;52;29;70;29;36;39;84;39;20;43;52;0;1;1;3;2;4;5;5;11;11;12;3;52;11;64;11;40;13;88;13;16;19;52;25;72;25;32;36;68;36;35;43;52;1;1;1;0;5;2;1;1;1;7;6;2;0;7;0;11;0;0;0;0;0;0;0;0;1;1;3;2;4;4;5;10;9;12;3;52;11;64;11;40;13;88;13;16;20;65;20;39;28;52;39;84;39;20;43;52;0;1;1;3;2;4;4;5;10;9;12;3;52;11;64;11;40;13;88;13;16;20;65;20;39;28;52;39;84;39;20;43;52;0;1;1;3;2;4;4;5;10;9;12;3;52;11;64;11;40;13;88;13;16;20;65;20;39;28;52;39;84;39;20;43;52;1;1;1;1;6;1;1;1;1;6;6;3;0;7;0;11;0;0;0;0;0;0;0;0;1;1;3;2;4;5;5;10;9;12;3;52;11;64;11;40;13;88;13;16;19;52;25;72;25;32;39;84;39;20;43;52;0;1;1;7;6;4;8;8;10;9;12;3;52;11;64;11;40;17;91;17;13;19;52;29;70;29;36;39;84;39;20;43;52;0;1;1;3;2;4;5;5;11;11;12;3;52;11;64;11;40;13;88;13;16;19;52;25;72;25;32;36;68;36;35;43;52;1;1;1;0;5;2;1;1;1;7;6;2;0;7;0;11;0;0;0;0;0;0;0;0;3;6;25;8;11;16;14;19;20;23;1;5;7;9;12;15;26;18;17;21;24;29;2;4;13;10;28;22;27;30;31;32;33;34;35;36;37;38;39;8;16;16;16;16;23;8;255;255;255;0;0;0;0;0;0;0
2320;0;1;1;1;3;2;5;5;7;6;12;3;52;10;52;10;73;10;31;15;89;15;15;20;64;20;40;34;86;34;18;43;52;0;1;1;1;3;2;5;5;10;9;12;3;52;10;52;10;73;10;31;15;89;15;15;20;64;20;40;36;88;36;16;43;52;0;1;1;1;3;2;4;4;7;6;12;3;52;10;52;10;73;10;31;15;89;15;15;20;64;20;40;34;86;34;18;43;52;0;0;0;0;3;2;0;0;0;6;7;2;0;0;0;0;0;0;0;0;0;0;0;0;1;1;3;2;4;5;5;5;12;12;3;52;11;64;11;40;13;88;13;16;19;52;25;79;25;24;26;52;43;64;43;40;0;1;1;3;2;4;5;5;11;12;12;3;52;11;64;11;40;13;88;13;16;19;52;25;79;25;24;35;53;43;64;43;40;0;1;1;3;2;4;5;5;5;12;12;3;52;11;64;11;40;13;88;13;16;19;52;25;79;25;24;26;52;43;64;43;40;0;0;0;0;4;2;0;0;0;7;8;3;0;0;0;0;0;0;0;0;0;0;0;0;1;1;1;3;2;5;5;7;6;12;3;52;10;52;10;73;10;31;15;89;15;15;20;64;20;40;34;86;34;18;43;52;0;1;1;1;3;2;5;5;10;9;12;3;52;10;52;10;73;10;31;15;89;15;15;20;64;20;40;36;88;36;16;43;52;0;1;1;1;3;2;4;4;7;6;12;3;52;10;52;10;73;10;31;15;89;15;15;20;64;20;40;34;86;34;18;43;52;0;0;0;0;3;2;0;0;0;6;7;2;0;0;0;0;0;0;0;0;0;0;0;1;8;6;5;7;12;19;24;28;25;31;0;4;9;10;11;14;18;13;27;22;26;30;2;3;15;17;16;20;21;23;29;32;33;34;35;36;37;38;39;24;24;24;24;24;24;28;255;255;255;0;0;0;0;0;0;0
2360;0;1;1;1;4;4;7;6;8;8;12;3;52;10;52;10;73;10;31;20;70;20;34;28;92;28;12;34;64;34;41;43;52;0;1;1;1;5;5;7;6;11;11;12;3;52;10;52;10;73;10;31;20;70;20;34;28;92;28;12;36;77;36;27;43;52;0;1;1;1;4;4;3;2;8;8;12;3;52;10;52;10;73;10;31;20;63;20;40;15;92;15;10;33;78;33;25;43;52;1;1;0;1;4;2;0;1;0;5;6;2;0;7;0;12;0;0;0;0;0;0;0;0;1;1;1;3;2;4;4;8;8;12;3;52;10;52;10;73;10;31;15;89;15;15;21;65;21;38;34;77;34;27;43;52;0;1;1;1;3;2;5;5;11;11;12;3;52;10;52;10;73;10;31;15;89;15;15;21;65;21;38;35;78;35;26;43;52;0;1;1;1;3;2;4;4;8;8;12;3;52;10;52;10;73;10;31;15;89;15;15;21;65;21;38;34;77;34;27;43;52;1;1;0;1;5;1;0;1;0;8;7;3;0;7;0;12;0;0;0;0;0;0;0;0;1;1;1;4;4;7;6;8;8;12;3;52;10;52;10;73;10;31;20;70;20;34;28;92;28;12;34;64;34;41;43;52;0;1;1;1;5;5;7;6;11;11;12;3;52;10;52;10;73;10;31;20;70;20;34;28;92;28;12;36;77;36;27;43;52;0;1;1;1;4;4;3;2;8;8;12;3;52;10;52;10;73;10;31;20;63;20;40;15;92;15;10;33;78;33;25;43;52;1;1;0;1;4;2;0;1;0;5;6;2;0;7;0;12;0;0;0;0;0;0;0;0;7;5;3;15;4;21;24;18;13;25;1;6;8;9;11;12;16;14;23;19;20;26;2;10;17;22;27;28;29;30;31;32;33;34;35;36;37;38;39;7;18;5;21;21;18;21;255;255;255;0;0;0;0;0;0;0
2361;0;1;1;3;2;4;4;5;10;9;12;3;52;11;64;11;40;13;88;13;16;19;64;19;40;26;52;39;91;39;14;43;52;0;1;1;3;2;5;5;8;10;9;12;3;52;11;64;11;40;13;88;13;16;19;64;19;40;33;52;39;91;39;14;43;52;0;1;1;3;2;4;4;5;10;9;12;3;52;11;64;11;40;13;88;13;16;19;64;19;40;26;52;39;91;39;14;43;52;1;1;1;1;3;3;1;1;0;5;5;2;0;9;0;12;0;0;0;0;0;0;0;0;1;1;3;2;4;4;5;7;6;12;3;52;11;64;11;40;13;88;13;16;19;64;19;40;27;52;29;95;29;11;43;52;0;1;1;3;2;4;4;8;10;9;12;3;52;11;64;11;40;13;88;13;16;19;64;19;40;32;52;35;92;35;12;43;52;0;1;1;3;2;4;4;5;7;6;12;3;52;11;64;11;40;13;88;13;16;19;64;19;40;27;52;29;95;29;11;43;52;1;1;1;1;2;2;1;1;0;4;6;2;0;9;0;12;0;0;0;0;0;0;0;0;1;1;3;2;4;4;5;10;9;12;3;52;11;64;11;40;13;88;13;16;19;64;19;40;26;52;39;91;39;14;43;52;0;1;1;3;2;5;5;8;10;9;12;3;52;11;64;11;40;13;88;13;16;19;64;19;40;33;52;39;91;39;14;43;52;0;1;1;3;2;4;4;5;10;9;12;3;52;11;64;11;40;13;88;13;16;19;64;19;40;26;52;39;91;39;14;43;52;1;1;1;1;3;3;1;1;0;5;5;2;0;9;0;12;0;0;0;0;0;0;0;1;3;2;8;6;11;9;13;18;21;15;0;4;5;7;25;10;12;19;14;17;16;20;22;23;24;26;27;28;29;30;31;32;33;34;35;36;37;38;39;1;9;9;9;9;9;6;255;255;255;0;0;0;0;0;0;0
2372;0;1;1;1;3;2;5;5;8;11;12;3;52;10;52;10;73;10;31;15;89;15;15;23;69;23;35;32;52;40;66;43;38;0;1;1;1;7;6;5;5;8;11;12;3;52;10;52;10;73;10;31;26;91;26;14;24;68;24;37;32;52;40;66;43;38;0;1;1;1;3;2;4;4;8;8;12;3;52;10;52;10;73;10;31;15;89;15;15;20;64;20;40;32;34;32;70;43;53;0;0;1;1;6;2;1;0;1;4;4;2;0;0;0;0;0;0;0;0;0;0;0;0;1;1;1;3;2;4;4;8;11;12;3;52;10;52;10;73;10;31;15;89;15;15;20;64;20;40;32;52;40;66;43;38;0;1;1;1;3;2;4;4;8;12;12;3;52;10;52;10;73;10;31;15;89;15;15;22;65;22;39;32;52;43;67;43;38;0;1;1;1;3;2;4;4;8;11;12;3;52;10;52;10;73;10;31;15;89;15;15;20;64;20;40;32;52;40;66;43;38;0;0;1;1;3;2;1;0;1;3;6;2;0;0;0;0;0;0;0;0;0;0;0;0;1;1;1;3;2;5;5;8;11;12;3;52;10;52;10;73;10;31;15;89;15;15;23;69;23;35;32;52;40;66;43;38;0;1;1;1;7;6;5;5;8;11;12;3;52;10;52;10;73;10;31;26;91;26;14;24;68;24;37;32;52;40;66;43;38;0;1;1;1;3;2;4;4;8;8;12;3;52;10;52;10;73;10;31;15;89;15;15;20;64;20;40;32;34;32;70;43;53;0;0;1;1;6;2;1;0;1;4;4;2;0;0;0;0;0;0;0;0;0;0;0;0;9;6;8;13;11;16;19;14;28;26;1;4;5;7;10;12;15;22;24;20;29;30;2;3;17;18;21;25;23;27;32;31;33;34;35;36;37;38;39;8;9;9;9;9;9;16;255;255;255;0;0;0;0;0;0;0
2373;0;1;1;1;5;5;7;6;8;8;12;3;52;10;52;10;73;10;31;22;67;22;38;24;91;24;13;32;70;32;34;43;52;0;1;1;1;5;5;7;6;8;8;12;3;52;10;52;10;73;10;31;22;67;22;38;24;91;24;13;32;70;32;34;43;52;0;1;1;1;5;5;3;2;8;8;12;3;52;10;52;10;73;10;31;22;67;22;38;15;91;15;13;32;70;32;34;43;52;1;0;0;1;3;2;1;1;0;5;7;2;0;0;0;0;0;0;0;0;0;0;0;0;1;1;1;5;5;3;2;8;8;12;3;52;10;52;10;73;10;31;22;67;22;38;15;91;15;13;32;70;32;34;43;52;0;1;1;1;5;5;7;6;8;8;12;3;52;10;52;10;73;10;31;22;67;22;38;24;92;24;12;32;70;32;34;43;52;0;1;1;1;5;5;3;2;8;8;12;3;52;10;52;10;73;10;31;22;67;22;38;15;91;15;13;32;70;32;34;43;52;1;0;0;1;6;2;0;1;0;4;5;2;0;0;0;0;0;0;0;0;0;0;0;0;1;1;1;5;5;7;6;8;8;12;3;52;10;52;10;73;10;31;22;67;22;38;24;91;24;13;32;70;32;34;43;52;0;1;1;1;5;5;7;6;8;8;12;3;52;10;52;10;73;10;31;22;67;22;38;24;91;24;13;32;70;32;34;43;52;0;1;1;1;5;5;3;2;8;8;12;3;52;10;52;10;73;10;31;22;67;22;38;15;91;15;13;32;70;32;34;43;52;1;0;0;1;3;2;1;1;0;5;7;2;0;0;0;0;0;0;0;0;0;0;0;0;8;5;6;17;19;29;12;26;24;30;1;4;7;9;11;16;20;27;25;28;23;31;2;3;13;10;14;15;18;21;22;32;33;34;35;36;37;38;39;6;12;6;12;12;24;26;255;255;255;0;0;0;0;0;0;0
2375;0;1;1;3;2;4;5;5;10;9;12;3;52;10;63;10;41;12;89;12;15;19;52;25;70;25;33;37;85;37;18;43;52;0;1;1;7;6;4;5;5;10;9;12;3;52;10;63;10;41;17;88;17;16;19;52;25;70;25;33;37;85;37;18;43;52;0;1;1;3;2;4;5;5;7;6;12;3;52;10;63;10;41;12;89;12;15;19;52;25;70;25;33;34;91;34;13;43;52;0;1;1;1;6;3;0;1;0;5;4;2;0;0;0;0;0;0;0;0;0;0;0;0;1;1;3;2;4;4;5;7;6;12;3;52;10;63;10;41;12;89;12;15;19;63;19;41;29;52;32;89;32;16;43;52;0;1;1;3;2;4;4;5;10;9;12;3;52;10;63;10;41;12;89;12;15;19;63;19;41;29;52;37;85;37;18;43;52;0;1;1;3;2;4;4;5;7;6;12;3;52;10;63;10;41;12;89;12;15;19;63;19;41;29;52;33;89;33;15;43;52;0;1;1;1;5;2;1;1;0;5;8;3;0;0;0;0;0;0;0;0;0;0;0;0;1;1;3;2;4;5;5;10;9;12;3;52;10;63;10;41;12;89;12;15;19;52;25;70;25;33;37;85;37;18;43;52;0;1;1;7;6;4;5;5;10;9;12;3;52;10;63;10;41;17;88;17;16;19;52;25;70;25;33;37;85;37;18;43;52;0;1;1;3;2;4;5;5;7;6;12;3;52;10;63;10;41;12;89;12;15;19;52;25;70;25;33;34;91;34;13;43;52;0;1;1;1;6;3;0;1;0;5;4;2;0;0;0;0;0;0;0;0;0;0;0;0;5;9;11;4;12;16;15;26;24;27;1;6;7;17;13;14;20;18;23;21;22;25;2;3;8;10;19;28;29;30;31;32;33;34;35;36;37;38;39;11;9;9;9;9;9;5;255;255;255;0;0;0;0;0;0;0
2380;0;1;1;3;2;5;5;7;6;8;12;3;52;11;64;11;40;13;88;13;16;19;64;19;40;31;88;31;16;31;52;43;52;0;1;1;3;2;5;5;10;9;8;12;3;52;11;64;11;40;13;88;13;16;23;70;23;34;36;90;36;14;31;52;43;52;0;1;1;3;2;4;4;7;6;8;12;3;52;11;64;11;40;13;88;13;16;19;64;19;40;31;88;31;16;31;52;43;52;1;1;1;1;4;3;1;1;0;4;5;2;0;0;0;0;0;0;0;0;0;0;0;0;1;1;3;2;4;4;7;6;5;12;3;52;11;64;11;40;13;88;13;16;19;64;19;40;31;88;31;16;26;52;43;52;0;1;1;3;2;4;4;10;9;5;12;3;52;11;64;11;40;13;88;13;16;19;64;19;40;35;87;35;18;26;52;43;52;0;1;1;3;2;4;4;7;6;5;12;3;52;11;64;11;40;13;88;13;16;19;64;19;40;31;88;31;16;26;52;43;52;1;1;0;0;5;2;1;1;0;3;6;3;0;0;0;0;0;0;0;0;0;0;0;0;1;1;3;2;5;5;7;6;8;12;3;52;11;64;11;40;13;88;13;16;19;64;19;40;31;88;31;16;31;52;43;52;0;1;1;3;2;5;5;10;9;8;12;3;52;11;64;11;40;13;88;13;16;23;70;23;34;36;90;36;14;31;52;43;52;0;1;1;3;2;4;4;7;6;8;12;3;52;11;64;11;40;13;88;13;16;19;64;19;40;31;88;31;16;31;52;43;52;1;1;1;1;4;3;1;1;0;4;5;2;0;0;0;0;0;0;0;0;0;0;0;0;3;6;11;10;14;15;19;20;18;23;1;7;8;4;9;12;16;17;21;22;24;25;2;5;13;26;27;28;29;30;31;32;33;34;35;36;37;38;39;6;19;19;19;19;23;10;255;255;255;0;0;0;0;0;0;0
2383;0;1;1;3;2;4;5;5;10;9;12;3;52;11;64;11;40;13;88;13;16;19;52;27;68;27;36;38;92;38;13;42;52;0;1;1;3;2;4;8;8;10;9;12;3;52;11;64;11;40;13;88;13;16;19;52;27;68;27;36;38;92;38;13;42;52;0;1;1;3;2;4;5;5;10;9;12;3;52;11;64;11;40;13;88;13;16;19;52;27;68;27;36;35;86;35;18;42;52;1;0;0;0;8;2;1;1;0;5;8;2;0;5;0;11;0;0;0;0;0;0;0;0;1;1;3;2;4;5;5;7;6;12;3;52;11;64;11;40;13;88;13;16;19;52;25;68;25;36;33;94;33;10;42;51;0;1;1;3;2;4;5;5;10;9;12;3;52;11;64;11;40;13;88;13;16;19;52;25;68;25;36;38;90;38;15;42;51;0;1;1;3;2;4;5;5;5;5;12;3;52;11;64;11;40;13;88;13;16;19;52;25;68;25;36;32;78;32;26;42;51;1;1;0;0;7;2;1;1;0;4;7;2;0;5;0;11;0;0;0;0;0;0;0;0;1;1;3;2;4;5;5;10;9;12;3;52;11;64;11;40;13;88;13;16;19;52;27;68;27;36;38;92;38;13;42;52;0;1;1;3;2;4;8;8;10;9;12;3;52;11;64;11;40;13;88;13;16;19;52;27;68;27;36;38;92;38;13;42;52;0;1;1;3;2;4;5;5;10;9;12;3;52;11;64;11;40;13;88;13;16;19;52;27;68;27;36;35;86;35;18;42;52;1;0;0;0;8;2;1;1;0;5;8;2;0;5;0;11;0;0;0;0;0;0;0;0;6;4;10;8;13;14;12;19;17;21;1;3;5;9;11;15;16;26;18;20;22;23;2;24;7;27;25;28;29;30;31;32;33;34;35;36;37;38;39;6;12;13;12;12;21;8;255;255;255;0;0;0;0;0;0;0
2387;0;1;1;3;2;5;8;8;10;9;12;3;52;11;64;11;40;13;88;13;16;19;52;27;69;27;35;35;84;35;20;43;52;0;1;1;3;2;5;8;8;10;9;12;3;52;11;64;11;40;13;88;13;16;19;52;32;62;32;40;43;89;43;15;43;52;0;1;1;3;2;4;8;8;7;6;12;3;52;10;63;10;41;12;89;12;15;18;52;27;67;27;37;34;87;34;17;43;52;0;0;1;0;8;2;1;1;1;4;8;2;0;0;0;0;0;0;0;0;0;0;0;0;1;1;3;2;4;5;5;7;6;12;3;52;11;64;11;40;13;88;13;16;19;52;25;68;25;36;28;92;28;12;43;52;0;1;1;3;2;4;5;5;10;9;12;3;52;11;64;11;40;13;88;13;16;19;52;25;68;25;36;35;91;35;14;43;52;0;1;1;3;2;4;5;5;7;6;12;3;52;11;64;11;40;13;88;13;16;19;52;25;68;25;36;28;92;28;12;43;52;0;0;0;0;7;2;1;1;0;3;7;3;0;0;0;0;0;0;0;0;0;0;0;0;1;1;3;2;5;8;8;10;9;12;3;52;11;64;11;40;13;88;13;16;19;52;27;69;27;35;35;84;35;20;43;52;0;1;1;3;2;5;8;8;10;9;12;3;52;11;64;11;40;13;88;13;16;19;52;32;62;32;40;43;89;43;15;43;52;0;1;1;3;2;4;8;8;7;6;12;3;52;10;63;10;41;12;89;12;15;18;52;27;67;27;37;34;87;34;17;43;52;0;0;1;0;8;2;1;1;1;4;8;2;0;0;0;0;0;0;0;0;0;0;0;1;3;2;8;6;12;16;15;21;19;24;0;4;5;7;9;11;27;20;18;26;22;25;10;28;29;13;14;17;23;30;31;32;33;34;35;36;37;38;39;3;21;12;21;21;24;6;255;255;255;0;0;0;0;0;0;0
2388;0;1;1;3;2;4;4;8;10;9;12;3;52;11;64;11;40;13;88;13;16;20;63;20;41;29;52;39;84;39;20;43;52;0;1;1;3;2;5;5;8;10;9;12;3;52;11;64;11;40;13;88;13;16;20;63;20;41;33;52;39;84;39;20;43;52;0;1;1;3;2;4;4;8;7;6;12;3;52;11;64;11;40;13;88;13;16;20;63;20;41;29;52;34;90;34;14;43;52;0;0;1;0;8;2;1;0;0;6;3;2;0;1;0;12;0;0;0;0;0;0;0;0;1;1;3;2;4;4;5;7;6;12;3;52;11;64;11;40;13;88;13;16;20;65;20;39;27;52;33;91;33;12;43;52;0;1;1;3;2;4;4;8;10;9;12;3;52;11;64;11;40;13;88;13;16;20;65;20;39;31;51;39;84;39;20;43;52;0;1;1;3;2;4;4;5;7;6;12;3;52;11;64;11;40;13;88;13;16;20;65;20;39;27;52;32;89;32;16;43;52;0;0;0;0;8;2;1;1;0;5;4;2;0;1;0;12;0;0;0;0;0;0;0;0;1;1;3;2;4;4;8;10;9;12;3;52;11;64;11;40;13;88;13;16;20;63;20;41;29;52;39;84;39;20;43;52;0;1;1;3;2;5;5;8;10;9;12;3;52;11;64;11;40;13;88;13;16;20;63;20;41;33;52;39;84;39;20;43;52;0;1;1;3;2;4;4;8;7;6;12;3;52;11;64;11;40;13;88;13;16;20;63;20;41;29;52;34;90;34;14;43;52;0;0;1;0;8;2;1;0;0;6;3;2;0;1;0;12;0;0;0;0;0;0;0;2;4;5;9;8;14;13;19;22;21;23;0;6;7;10;11;3;16;17;18;15;20;24;1;12;25;26;27;28;29;30;31;32;33;34;35;36;37;38;39;2;9;9;9;9;9;19;255;255;255;0;0;0;0;0;0;0
2391;0;1;1;3;2;5;5;8;10;9;12;3;52;10;63;10;41;12;89;12;15;23;72;23;33;32;52;36;88;36;16;43;52;0;1;1;3;2;5;5;8;10;9;12;3;52;10;63;10;41;12;89;12;15;23;72;23;33;32;52;36;88;36;16;43;52;0;1;1;3;2;4;4;8;10;9;12;3;52;10;63;10;41;12;89;12;15;20;68;20;37;32;52;36;88;36;16;43;52;1;0;1;1;7;2;1;0;1;7;4;3;0;0;0;0;0;0;0;0;0;0;0;0;1;1;3;2;4;4;5;10;9;12;3;52;10;63;10;41;12;89;12;15;23;72;23;33;32;52;36;88;36;16;43;52;0;1;1;3;2;4;4;8;10;9;12;3;52;10;63;10;41;12;89;12;15;23;72;23;33;32;52;36;88;36;16;43;52;0;1;1;3;2;4;4;5;7;6;12;3;52;10;63;10;41;12;89;12;15;23;72;23;33;32;52;33;90;33;14;43;52;1;0;1;0;5;2;1;0;1;3;6;2;0;0;0;0;0;0;0;0;0;0;0;0;1;1;3;2;5;5;8;10;9;12;3;52;10;63;10;41;12;89;12;15;23;72;23;33;32;52;36;88;36;16;43;52;0;1;1;3;2;5;5;8;10;9;12;3;52;10;63;10;41;12;89;12;15;23;72;23;33;32;52;36;88;36;16;43;52;0;1;1;3;2;4;4;8;10;9;12;3;52;10;63;10;41;12;89;12;15;20;68;20;37;32;52;36;88;36;16;43;52;1;0;1;1;7;2;1;0;1;7;4;3;0;0;0;0;0;0;0;0;0;0;0;0;5;4;9;3;13;14;12;16;17;20;2;6;24;7;8;10;11;15;19;18;21;22;1;23;25;26;27;28;29;30;31;32;33;34;35;36;37;38;39;5;9;9;9;9;9;16;255;255;255;0;0;0;0;0;0;0
2450;0;1;1;3;2;4;5;5;10;9;12;3;52;10;63;10;41;12;89;12;15;18;52;27;72;27;32;38;90;38;15;43;52;0;1;1;3;2;4;8;8;10;9;12;3;52;10;63;10;41;12;89;12;15;18;52;32;67;32;37;38;90;38;15;43;52;0;1;1;3;2;4;5;5;10;9;12;3;52;10;63;10;41;12;89;12;15;18;52;27;72;27;32;38;90;38;15;43;52;0;1;0;0;8;3;0;0;0;8;7;1;0;7;0;0;0;0;0;0;0;0;0;0;1;1;3;2;4;5;5;7;6;12;3;52;10;63;10;41;12;89;12;15;18;52;27;72;27;32;34;93;34;12;43;52;0;1;1;3;2;4;5;5;10;9;12;3;52;10;63;10;41;12;89;12;15;18;52;27;72;27;32;38;90;38;15;43;52;0;1;1;3;2;4;5;5;7;6;12;3;52;10;63;10;41;12;89;12;15;18;52;27;72;27;32;34;89;34;15;43;52;0;0;0;0;8;2;0;0;0;7;7;2;0;7;0;0;0;0;0;0;0;0;0;0;1;1;3;2;4;5;5;10;9;12;3;52;10;63;10;41;12;89;12;15;18;52;27;72;27;32;38;90;38;15;43;52;0;1;1;3;2;4;8;8;10;9;12;3;52;10;63;10;41;12;89;12;15;18;52;32;67;32;37;38;90;38;15;43;52;0;1;1;3;2;4;5;5;10;9;12;3;52;10;63;10;41;12;89;12;15;18;52;27;72;27;32;38;90;38;15;43;52;0;1;0;0;8;3;0;0;0;8;7;1;0;7;0;0;0;0;0;0;0;0;0;0;3;2;7;5;10;8;12;15;14;19;1;4;6;11;9;13;16;17;18;20;21;22;23;24;25;26;27;28;29;30;31;32;33;34;35;36;37;38;39;10;10;12;10;10;10;19;255;255;255;0;0;0;0;0;0;0
2451;0;1;1;3;2;4;4;7;6;8;12;3;52;11;64;11;40;13;88;13;16;19;64;19;40;31;88;31;16;31;52;43;52;0;1;1;3;2;5;5;7;6;11;12;3;52;11;64;11;40;13;88;13;16;19;64;19;40;31;88;31;16;35;52;43;52;0;1;1;3;2;4;4;7;6;8;12;3;52;11;64;11;40;13;88;13;16;19;64;19;40;31;88;31;16;31;52;43;52;0;1;1;0;7;3;0;0;0;6;9;2;0;0;0;0;0;0;0;0;0;0;0;0;1;1;3;2;4;4;7;6;5;12;3;52;11;64;11;40;13;88;13;16;19;64;19;40;31;88;31;16;26;52;43;52;0;1;1;3;2;4;4;7;6;5;12;3;52;11;64;11;40;13;88;13;16;19;64;19;40;31;88;31;16;26;52;43;52;0;1;1;3;2;4;4;7;6;5;12;3;52;11;64;11;40;13;88;13;16;19;64;19;40;31;88;31;16;26;52;43;52;0;1;1;0;7;2;1;0;1;5;8;3;0;0;0;0;0;0;0;0;0;0;0;0;1;1;3;2;4;4;7;6;8;12;3;52;11;64;11;40;13;88;13;16;19;64;19;40;31;88;31;16;31;52;43;52;0;1;1;3;2;5;5;7;6;11;12;3;52;11;64;11;40;13;88;13;16;19;64;19;40;31;88;31;16;35;52;43;52;0;1;1;3;2;4;4;7;6;8;12;3;52;11;64;11;40;13;88;13;16;19;64;19;40;31;88;31;16;31;52;43;52;0;1;1;0;7;3;0;0;0;6;9;2;0;0;0;0;0;0;0;0;0;0;0;0;4;3;6;5;9;7;16;11;14;18;1;2;13;8;10;12;15;17;19;20;21;22;23;24;25;26;27;28;29;30;31;32;33;34;35;36;37;38;39;4;9;9;9;9;9;14;255;255;255;0;0;0;0;0;0;0
2452;0;1;1;3;2;4;5;5;8;8;12;3;52;10;63;10;41;12;89;12;15;18;52;24;67;24;36;34;81;34;23;43;52;0;1;1;3;2;4;5;5;11;11;12;3;52;10;63;10;41;12;89;12;15;18;52;24;67;24;36;36;78;36;26;43;52;0;1;1;3;2;4;4;4;8;8;12;3;52;10;63;10;41;12;89;12;15;18;52;24;67;24;36;34;81;34;23;43;52;0;0;0;0;6;2;0;1;1;3;8;2;0;0;0;0;0;0;0;0;0;0;0;0;1;1;3;2;4;5;7;6;8;12;3;52;11;64;11;40;13;88;13;16;19;40;19;64;31;88;31;16;28;50;43;52;0;1;1;3;2;4;5;7;6;8;12;3;52;11;64;11;40;13;88;13;16;19;40;19;64;31;88;31;16;28;50;43;52;0;1;1;3;2;4;5;7;6;8;12;3;52;11;64;11;40;13;88;13;16;19;40;19;64;31;88;31;16;28;50;43;52;0;0;0;0;7;2;0;1;1;2;8;2;0;0;0;0;0;0;0;0;0;0;0;0;1;1;3;2;4;5;5;8;8;12;3;52;10;63;10;41;12;89;12;15;18;52;24;67;24;36;34;81;34;23;43;52;0;1;1;3;2;4;5;5;11;11;12;3;52;10;63;10;41;12;89;12;15;18;52;24;67;24;36;36;78;36;26;43;52;0;1;1;3;2;4;4;4;8;8;12;3;52;10;63;10;41;12;89;12;15;18;52;24;67;24;36;34;81;34;23;43;52;0;0;0;0;6;2;0;1;1;3;8;2;0;0;0;0;0;0;0;0;0;0;0;0;3;5;18;6;7;9;8;10;13;16;1;2;4;17;14;11;12;15;19;20;21;22;23;24;25;26;27;28;29;30;31;32;33;34;35;36;37;38;39;5;9;9;9;9;9;10;255;255;255;0;0;0;0;0;0;0
2453;0;1;1;3;2;4;4;5;10;9;12;3;52;10;63;10;41;12;89;12;15;22;66;22;37;32;52;37;89;37;15;43;52;0;1;1;3;2;5;5;8;10;9;12;3;52;11;64;11;40;13;88;13;16;24;66;24;38;34;52;42;89;42;15;43;52;0;1;1;3;2;4;4;5;10;9;12;3;52;11;64;11;40;13;88;13;16;19;64;19;40;32;52;36;89;36;16;43;52;1;1;0;1;7;3;1;0;1;4;6;2;0;4;0;0;0;0;0;0;0;0;0;0;1;1;3;2;4;4;5;7;6;12;3;52;11;64;11;40;13;88;13;16;19;64;19;40;29;52;34;89;34;15;43;52;0;1;1;3;2;4;4;5;10;9;12;3;52;11;64;11;40;13;88;13;16;19;64;19;40;29;52;38;90;38;14;43;52;0;1;1;3;2;4;4;5;7;6;12;3;52;11;64;11;40;13;88;13;16;19;64;19;40;29;52;30;89;30;15;43;52;0;0;0;1;8;2;1;0;1;3;7;3;0;4;0;0;0;0;0;0;0;0;0;0;1;1;3;2;4;4;5;10;9;12;3;52;10;63;10;41;12;89;12;15;22;66;22;37;32;52;37;89;37;15;43;52;0;1;1;3;2;5;5;8;10;9;12;3;52;11;64;11;40;13;88;13;16;24;66;24;38;34;52;42;89;42;15;43;52;0;1;1;3;2;4;4;5;10;9;12;3;52;11;64;11;40;13;88;13;16;19;64;19;40;32;52;36;89;36;16;43;52;1;1;0;1;7;3;1;0;1;4;6;2;0;4;0;0;0;0;0;0;0;0;0;0;5;3;13;10;15;17;18;24;21;28;1;4;6;11;14;16;19;20;23;26;25;29;2;7;8;9;12;22;27;30;31;32;33;34;35;36;37;38;39;28;10;15;10;10;10;15;255;255;255;0;0;0;0;0;0;0
2454;0;1;1;3;2;4;4;7;6;8;12;3;52;11;64;11;40;13;88;13;16;19;64;19;40;31;88;31;16;31;52;43;52;0;1;1;3;2;4;4;10;9;11;12;3;52;11;64;11;40;13;88;13;16;19;64;19;40;35;89;35;15;35;52;43;52;0;1;1;3;2;4;4;7;6;8;12;3;52;11;64;11;40;13;88;13;16;19;64;19;40;31;88;31;16;31;52;43;52;1;1;0;1;6;2;0;0;1;4;6;2;0;0;0;0;0;0;0;0;0;0;0;0;1;1;3;2;4;5;7;6;5;12;3;52;11;64;11;40;13;88;13;16;18;53;23;68;31;88;31;16;23;36;43;52;0;1;1;3;2;4;5;10;9;5;12;3;52;11;64;11;40;13;88;13;16;18;53;23;68;35;85;35;18;23;36;43;52;0;1;1;3;2;4;5;7;6;5;12;3;52;11;64;11;40;13;88;13;16;18;53;23;68;31;88;31;16;23;36;43;52;0;0;0;1;7;2;1;0;1;5;7;3;0;0;0;0;0;0;0;0;0;0;0;0;1;1;3;2;4;4;7;6;8;12;3;52;11;64;11;40;13;88;13;16;19;64;19;40;31;88;31;16;31;52;43;52;0;1;1;3;2;4;4;10;9;11;12;3;52;11;64;11;40;13;88;13;16;19;64;19;40;35;89;35;15;35;52;43;52;0;1;1;3;2;4;4;7;6;8;12;3;52;11;64;11;40;13;88;13;16;19;64;19;40;31;88;31;16;31;52;43;52;1;1;0;1;6;2;0;0;1;4;6;2;0;0;0;0;0;0;0;0;0;0;0;1;5;2;8;6;10;13;11;20;17;21;0;3;4;7;9;12;15;18;19;14;16;22;23;24;25;26;27;28;29;30;31;32;33;34;35;36;37;38;39;5;10;17;17;17;17;17;255;255;255;0;0;0;0;0;0;0
2459;0;1;1;3;2;4;5;5;10;9;12;3;52;10;63;10;41;12;89;12;15;18;52;26;77;26;27;39;86;39;18;43;52;0;1;1;3;2;4;8;8;10;9;12;3;52;10;63;10;41;12;89;12;15;18;52;29;67;29;37;39;86;39;18;43;52;0;1;1;3;2;4;5;5;7;6;12;3;52;10;63;10;41;12;89;12;15;18;52;26;77;26;27;34;88;34;16;43;52;1;1;1;1;7;3;0;0;0;8;2;2;0;0;0;0;0;0;0;0;0;0;0;0;1;1;3;2;4;5;8;8;8;12;3;52;11;64;11;40;13;88;13;16;19;65;19;38;28;52;33;78;33;26;43;52;0;1;1;3;2;4;5;8;10;9;12;3;52;11;64;11;40;13;88;13;16;19;65;19;38;28;52;35;88;35;16;43;52;0;1;1;3;2;4;5;8;8;8;12;3;52;11;64;11;40;13;88;13;16;19;65;19;38;28;52;33;78;33;26;43;52;1;1;1;1;8;2;0;0;0;7;3;2;0;0;0;0;0;0;0;0;0;0;0;0;1;1;3;2;4;5;5;10;9;12;3;52;10;63;10;41;12;89;12;15;18;52;26;77;26;27;39;86;39;18;43;52;0;1;1;3;2;4;8;8;10;9;12;3;52;10;63;10;41;12;89;12;15;18;52;29;67;29;37;39;86;39;18;43;52;0;1;1;3;2;4;5;5;7;6;12;3;52;10;63;10;41;12;89;12;15;18;52;26;77;26;27;34;88;34;16;43;52;1;1;1;1;7;3;0;0;0;8;2;2;0;0;0;0;0;0;0;0;0;0;0;0;8;5;11;9;15;19;17;27;24;30;1;4;7;10;12;13;14;21;23;28;29;31;2;3;6;16;20;26;18;22;25;32;33;34;35;36;37;38;39;15;9;9;9;9;9;19;255;255;255;0;0;0;0;0;0;0
2460;0;1;1;3;2;4;5;5;8;12;12;3;52;10;63;10;41;12;89;12;15;18;52;26;83;26;21;32;51;43;64;43;40;0;1;1;3;2;4;5;5;11;11;12;3;52;10;63;10;41;12;89;12;15;18;52;26;83;26;21;36;77;36;27;43;52;0;1;1;3;2;4;5;5;8;8;12;3;52;10;63;10;41;12;89;12;15;18;52;26;83;26;21;33;63;33;40;43;52;1;0;0;1;7;3;1;1;0;6;4;2;0;0;0;0;0;0;0;0;0;0;0;0;1;1;3;2;4;5;5;5;8;12;3;52;10;63;10;41;12;89;12;15;18;52;26;82;26;22;26;51;33;51;43;52;0;1;1;3;2;4;5;5;5;11;12;3;52;10;63;10;41;12;89;12;15;18;52;26;82;26;22;26;51;35;52;43;52;0;1;1;3;2;4;5;5;5;8;12;3;52;10;63;10;41;12;89;12;15;18;52;26;82;26;22;26;51;33;51;43;52;1;0;0;1;4;2;1;1;1;3;5;3;0;0;0;0;0;0;0;0;0;0;0;0;1;1;3;2;4;5;5;8;12;12;3;52;10;63;10;41;12;89;12;15;18;52;26;83;26;21;32;51;43;64;43;40;0;1;1;3;2;4;5;5;11;11;12;3;52;10;63;10;41;12;89;12;15;18;52;26;83;26;21;36;77;36;27;43;52;0;1;1;3;2;4;5;5;8;8;12;3;52;10;63;10;41;12;89;12;15;18;52;26;83;26;21;33;63;33;40;43;52;1;0;0;1;7;3;1;1;0;6;4;2;0;0;0;0;0;0;0;0;0;0;0;1;5;3;9;6;12;8;11;15;20;21;0;2;4;7;10;13;14;16;18;23;17;22;19;24;25;26;27;28;29;30;31;32;33;34;35;36;37;38;39;5;9;9;9;9;9;6;255;255;255;0;0;0;0;0;0;0
2465;0;1;1;3;2;4;7;6;5;5;12;3;52;10;63;10;41;12;89;12;15;18;52;30;86;30;18;29;63;29;40;43;52;0;1;1;3;2;4;7;6;5;5;12;3;52;10;63;10;41;12;89;12;15;18;52;30;86;30;18;29;63;29;40;43;52;0;1;1;3;2;4;7;6;5;5;12;3;52;10;63;10;41;12;89;12;15;18;52;30;86;30;18;29;63;29;40;43;52;1;1;0;0;3;2;0;0;1;2;4;2;0;0;0;0;0;0;0;0;0;0;0;0;1;1;3;2;4;4;7;6;8;12;3;52;10;63;10;41;12;89;12;15;18;64;18;40;30;86;30;18;32;52;43;52;0;1;1;3;2;4;4;7;6;8;12;3;52;10;63;10;41;12;89;12;15;18;64;18;40;30;86;30;18;32;52;43;52;0;1;1;3;2;4;4;7;6;8;12;3;52;10;63;10;41;12;89;12;15;18;64;18;40;30;86;30;18;32;52;43;52;1;1;0;1;7;2;0;1;1;4;2;2;0;0;0;0;0;0;0;0;0;0;0;0;1;1;3;2;4;7;6;5;5;12;3;52;10;63;10;41;12;89;12;15;18;52;30;86;30;18;29;63;29;40;43;52;0;1;1;3;2;4;7;6;5;5;12;3;52;10;63;10;41;12;89;12;15;18;52;30;86;30;18;29;63;29;40;43;52;0;1;1;3;2;4;7;6;5;5;12;3;52;10;63;10;41;12;89;12;15;18;52;30;86;30;18;29;63;29;40;43;52;1;1;0;0;3;2;0;0;1;2;4;2;0;0;0;0;0;0;0;0;0;0;0;1;6;3;12;10;15;25;22;18;19;26;0;4;7;8;9;13;16;17;20;21;24;27;2;5;11;23;14;28;29;30;31;32;33;34;35;36;37;38;39;6;10;10;10;10;10;12;255;255;255;0;0;0;0;0;0;0
2468;0;1;1;3;2;4;5;5;10;9;12;3;52;11;64;11;40;13;88;13;16;19;52;25;68;25;36;35;84;35;20;43;52;0;1;1;3;2;4;8;8;10;9;12;3;52;11;64;11;40;13;88;13;16;19;52;29;66;29;38;35;84;35;20;43;52;0;1;1;3;2;4;5;5;8;8;12;3;52;11;64;11;40;13;88;13;16;19;52;25;68;25;36;34;80;34;24;43;52;0;0;1;0;8;3;1;0;0;4;7;2;0;0;0;0;0;0;0;0;0;0;0;0;1;1;3;2;4;5;5;7;6;12;3;52;11;64;11;40;13;88;13;16;19;52;25;68;25;36;28;94;28;12;43;52;0;1;1;3;2;4;5;5;7;6;12;3;52;11;64;11;40;13;88;13;16;19;52;25;68;25;36;28;94;28;12;43;52;0;1;1;3;2;4;5;5;7;6;12;3;52;11;64;11;40;13;88;13;16;19;52;25;68;25;36;28;94;28;12;43;52;0;0;1;0;9;2;1;0;0;3;8;3;0;0;0;0;0;0;0;0;0;0;0;0;1;1;3;2;4;5;5;10;9;12;3;52;11;64;11;40;13;88;13;16;19;52;25;68;25;36;35;84;35;20;43;52;0;1;1;3;2;4;8;8;10;9;12;3;52;11;64;11;40;13;88;13;16;19;52;29;66;29;38;35;84;35;20;43;52;0;1;1;3;2;4;5;5;8;8;12;3;52;11;64;11;40;13;88;13;16;19;52;25;68;25;36;34;80;34;24;43;52;0;0;1;0;8;3;1;0;0;4;7;2;0;0;0;0;0;0;0;0;0;0;0;1;5;4;8;6;9;10;13;15;14;17;0;2;3;7;11;12;16;18;19;20;21;22;23;24;25;26;27;28;29;30;31;32;33;34;35;36;37;38;39;1;9;9;9;9;9;5;255;255;255;0;0;0;0;0;0;0
2469;0;1;1;3;2;4;4;7;6;8;12;3;52;9;64;9;40;13;88;11;16;21;60;21;40;29;88;29;20;31;52;41;52;0;1;1;3;2;4;4;7;6;8;12;3;52;9;64;9;40;13;88;11;16;21;60;21;40;29;88;29;20;31;52;41;52;0;1;1;3;2;4;4;7;6;8;12;3;52;9;64;9;40;13;88;11;16;21;60;21;40;29;88;29;20;31;52;41;52;0;0;1;0;10;1;1;1;1;1;5;2;0;0;0;0;0;0;0;0;0;0;0;0;1;1;3;2;4;4;7;6;8;12;3;52;9;64;9;40;13;88;11;16;21;60;21;40;29;88;29;20;31;52;41;52;0;1;1;3;2;4;4;7;6;8;12;3;52;9;64;9;40;13;88;11;16;21;60;21;40;29;88;29;20;31;52;41;52;0;1;1;3;2;4;4;7;6;8;12;3;52;9;64;9;40;13;88;11;16;21;60;21;40;29;88;29;20;31;52;41;52;0;0;1;0;9;1;1;1;1;1;7;2;0;0;0;0;0;0;0;0;0;0;0;0;1;1;3;2;4;4;7;6;8;12;3;52;9;64;9;40;13;88;11;16;21;60;21;40;29;88;29;20;31;52;41;52;0;1;1;3;2;4;4;7;6;8;12;3;52;9;64;9;40;13;88;11;16;21;60;21;40;29;88;29;20;31;52;41;52;0;1;1;3;2;4;4;7;6;8;12;3;52;9;64;9;40;13;88;11;16;21;60;21;40;29;88;29;20;31;52;41;52;0;0;1;0;10;1;1;1;1;1;5;2;0;0;0;0;0;0;0;0;0;0;0;0;1;2;3;4;5;6;7;8;9;10;11;12;13;14;15;16;17;18;19;20;21;22;23;24;25;26;27;28;29;30;31;32;33;34;35;36;37;38;39;0;9;9;9;9;9;2;255;255;255;0;0;0;0;0;0;0
2502;0;1;1;3;2;4;8;8;10;9;12;3;52;10;63;10;41;12;89;12;15;18;52;27;79;27;26;37;86;37;18;43;52;0;1;1;3;2;4;8;8;10;9;12;3;52;11;64;11;40;13;88;13;16;20;53;29;69;29;35;36;88;36;17;42;53;0;1;1;3;2;4;5;5;8;8;12;3;52;11;64;11;40;13;88;13;16;19;51;26;69;26;34;34;80;34;25;40;51;0;0;1;0;8;2;0;1;0;6;5;1;0;0;0;0;0;0;0;0;0;0;0;0;1;1;3;2;4;4;7;6;8;12;3;52;11;64;11;40;13;88;13;16;19;64;19;40;25;84;25;20;33;52;43;52;0;1;1;3;2;4;4;7;6;8;12;3;52;11;64;11;40;13;88;13;16;19;64;19;40;25;84;25;20;33;52;43;52;0;1;1;3;2;4;4;7;6;8;12;3;52;11;64;11;40;13;88;13;16;19;64;19;40;25;84;25;20;33;52;43;52;0;0;1;0;9;2;0;1;0;5;6;3;0;0;0;0;0;0;0;0;0;0;0;0;1;1;3;2;4;8;8;10;9;12;3;52;10;63;10;41;12;89;12;15;18;52;27;79;27;26;37;86;37;18;43;52;0;1;1;3;2;4;8;8;10;9;12;3;52;11;64;11;40;13;88;13;16;20;53;29;69;29;35;36;88;36;17;42;53;0;1;1;3;2;4;5;5;8;8;12;3;52;11;64;11;40;13;88;13;16;19;51;26;69;26;34;34;80;34;25;40;51;0;0;1;0;8;2;0;1;0;6;5;1;0;0;0;0;0;0;0;0;0;0;0;0;4;19;8;6;9;12;11;20;15;17;1;2;3;5;7;10;13;14;16;18;21;22;23;24;25;26;27;28;29;30;31;32;33;34;35;36;37;38;39;19;9;9;9;9;9;11;255;255;255;0;0;0;0;0;0;0
2506;0;1;1;3;2;5;5;7;6;8;12;3;52;11;64;11;40;13;88;13;16;19;64;19;40;31;88;31;16;31;52;43;52;0;1;1;3;2;4;4;10;9;8;12;3;52;11;64;11;40;13;88;13;16;19;64;19;40;35;93;35;11;34;52;43;52;0;1;1;3;2;4;4;7;6;8;12;3;52;11;64;11;40;13;88;13;16;19;64;19;40;31;88;31;16;31;52;43;52;0;1;1;1;7;2;1;0;0;4;2;2;0;0;0;0;0;0;0;0;0;0;0;0;1;1;3;2;4;4;7;6;5;12;3;52;11;64;11;40;13;88;13;16;19;64;19;40;31;88;31;16;26;52;43;52;0;1;1;3;2;4;4;10;9;5;12;3;52;11;64;11;40;13;88;13;16;19;64;19;40;35;90;35;14;26;52;43;52;0;1;1;3;2;4;4;7;6;5;12;3;52;11;64;11;40;13;88;13;16;19;64;19;40;31;88;31;16;26;52;43;52;1;1;1;1;8;2;1;1;1;1;2;3;0;0;0;0;0;0;0;0;0;0;0;0;1;1;3;2;5;5;7;6;8;12;3;52;11;64;11;40;13;88;13;16;19;64;19;40;31;88;31;16;31;52;43;52;0;1;1;3;2;4;4;10;9;8;12;3;52;11;64;11;40;13;88;13;16;19;64;19;40;35;93;35;11;34;52;43;52;0;1;1;3;2;4;4;7;6;8;12;3;52;11;64;11;40;13;88;13;16;19;64;19;40;31;88;31;16;31;52;43;52;0;1;1;1;7;2;1;0;0;4;2;2;0;0;0;0;0;0;0;0;0;0;0;0;6;3;8;7;11;9;16;17;20;18;1;2;4;5;21;12;10;13;14;15;19;22;23;24;25;26;27;28;29;30;31;32;33;34;35;36;37;38;39;11;9;9;9;9;9;17;255;255;255;0;0;0;0;0;0;0
2517;0;1;1;1;4;5;5;7;6;12;12;3;52;10;52;10;73;10;31;18;52;23;35;23;69;32;88;32;17;43;65;43;38;0;1;1;1;4;8;8;7;6;12;12;3;52;10;52;10;73;10;31;18;52;27;35;27;68;32;88;32;17;43;65;43;38;0;1;1;1;4;5;5;3;2;12;12;3;52;10;52;10;73;10;31;18;52;23;35;23;69;15;91;15;13;43;65;43;38;0;1;1;0;4;2;0;1;0;7;5;3;0;0;0;0;0;0;0;0;0;0;0;0;1;1;1;4;5;5;3;2;12;12;3;52;10;52;10;73;10;31;18;52;23;35;23;69;15;90;15;14;43;65;43;38;0;1;1;1;4;5;5;7;6;12;12;3;52;10;52;10;73;10;31;18;52;23;35;23;69;26;92;26;12;43;65;43;38;0;1;1;1;4;5;5;3;2;12;12;3;52;10;52;10;73;10;31;18;52;23;35;23;69;15;88;15;16;43;65;43;38;0;1;1;0;7;2;0;1;0;7;5;3;0;0;0;0;0;0;0;0;0;0;0;0;1;1;1;4;5;5;7;6;12;12;3;52;10;52;10;73;10;31;18;52;23;35;23;69;32;88;32;17;43;65;43;38;0;1;1;1;4;8;8;7;6;12;12;3;52;10;52;10;73;10;31;18;52;27;35;27;68;32;88;32;17;43;65;43;38;0;1;1;1;4;5;5;3;2;12;12;3;52;10;52;10;73;10;31;18;52;23;35;23;69;15;91;15;13;43;65;43;38;0;1;1;0;4;2;0;1;0;7;5;3;0;0;0;0;0;0;0;0;0;0;0;0;6;5;3;13;18;16;8;22;27;26;1;4;7;11;12;9;14;15;19;21;24;25;2;10;17;20;23;28;29;30;31;32;33;34;35;36;37;38;39;8;13;13;13;13;26;26;255;255;255;0;0;0;0;0;0;0
2525;0;1;1;3;2;4;5;8;7;6;12;3;52;10;63;10;41;12;89;12;15;18;52;26;68;26;36;33;90;33;14;43;52;0;1;1;3;2;4;8;8;10;9;12;3;52;10;63;10;41;12;89;12;15;18;52;28;67;28;38;37;90;37;14;43;52;0;1;1;3;2;4;5;8;7;6;12;3;52;10;63;10;41;12;89;12;15;18;52;26;68;26;36;34;87;34;16;43;52;0;0;1;0;5;2;0;0;0;5;5;3;0;0;0;0;0;0;0;0;0;0;0;0;1;1;3;2;4;4;4;8;8;12;3;52;10;63;10;41;12;89;12;15;18;52;24;68;24;35;33;78;33;26;43;52;0;1;1;3;2;4;4;4;11;11;12;3;52;10;63;10;41;12;89;12;15;18;52;24;68;24;35;35;77;35;27;43;52;0;1;1;3;2;4;4;4;8;8;12;3;52;10;63;10;41;12;89;12;15;18;52;24;68;24;35;33;78;33;26;43;52;0;0;0;0;6;2;0;1;0;4;6;3;0;0;0;0;0;0;0;0;0;0;0;0;1;1;3;2;4;5;8;7;6;12;3;52;10;63;10;41;12;89;12;15;18;52;26;68;26;36;33;90;33;14;43;52;0;1;1;3;2;4;8;8;10;9;12;3;52;10;63;10;41;12;89;12;15;18;52;28;67;28;38;37;90;37;14;43;52;0;1;1;3;2;4;5;8;7;6;12;3;52;10;63;10;41;12;89;12;15;18;52;26;68;26;36;34;87;34;16;43;52;0;0;1;0;5;2;0;0;0;5;5;3;0;0;0;0;0;0;0;0;0;0;0;0;3;7;6;8;11;12;16;21;18;22;1;2;4;5;9;10;14;13;15;17;19;20;23;24;25;26;27;28;29;30;31;32;33;34;35;36;37;38;39;8;22;12;12;12;22;8;255;255;255;0;0;0;0;0;0;0
2536;0;1;1;3;2;5;5;7;6;12;12;3;52;10;63;10;41;12;89;12;15;20;64;20;40;30;87;30;18;43;66;43;38;0;1;1;3;2;5;5;8;8;12;12;3;52;10;63;10;41;12;89;12;15;24;65;24;38;34;79;34;26;43;66;43;38;0;1;1;3;2;4;4;7;6;12;12;3;52;10;63;10;41;12;89;12;15;20;64;20;40;30;87;30;18;43;64;43;40;0;1;1;1;8;2;1;0;0;3;2;2;0;2;0;11;0;0;0;0;0;0;0;0;1;1;3;2;4;7;6;8;8;12;3;52;10;63;10;41;12;89;12;15;18;52;26;90;26;13;32;70;32;34;43;52;0;1;1;3;2;4;7;6;11;11;12;3;52;10;63;10;41;12;89;12;15;18;52;26;89;26;15;35;69;35;33;43;52;0;1;1;3;2;4;7;6;8;8;12;3;52;10;63;10;41;12;89;12;15;18;52;26;89;26;15;32;70;32;34;43;52;0;1;1;1;4;2;1;0;0;5;2;3;0;2;0;11;0;0;0;0;0;0;0;0;1;1;3;2;5;5;7;6;12;12;3;52;10;63;10;41;12;89;12;15;20;64;20;40;30;87;30;18;43;66;43;38;0;1;1;3;2;5;5;8;8;12;12;3;52;10;63;10;41;12;89;12;15;24;65;24;38;34;79;34;26;43;66;43;38;0;1;1;3;2;4;4;7;6;12;12;3;52;10;63;10;41;12;89;12;15;20;64;20;40;30;87;30;18;43;64;43;40;0;1;1;1;8;2;1;0;0;3;2;2;0;2;0;11;0;0;0;0;0;0;0;0;5;6;10;9;15;12;14;8;24;23;1;3;4;11;13;20;16;17;21;22;19;25;2;7;27;18;26;28;29;30;31;32;33;34;35;36;37;38;39;6;9;9;9;9;9;8;255;255;255;0;0;0;0;0;0;0
2538;0;1;1;3;2;4;4;7;6;12;12;3;52;10;63;10;41;12;89;12;15;20;64;20;40;30;87;30;18;43;66;43;38;0;1;1;3;2;5;5;7;6;12;12;3;52;10;63;10;41;12;89;12;15;23;65;23;39;34;89;34;15;43;66;43;38;0;1;1;3;2;4;4;7;6;12;12;3;52;10;63;10;41;12;89;12;15;20;64;20;40;30;87;30;18;43;66;43;38;0;0;0;0;3;2;1;1;1;5;7;2;0;3;0;16;0;0;0;0;0;0;0;0;1;1;3;2;4;4;7;6;12;12;3;52;10;63;10;41;12;89;12;15;20;64;20;40;30;87;30;18;43;66;43;38;0;1;1;3;2;5;5;7;6;12;12;3;52;10;63;10;41;12;89;12;15;20;64;20;40;30;87;30;18;43;66;43;38;0;1;1;3;2;4;4;7;6;12;12;3;52;10;63;10;41;12;89;12;15;20;64;20;40;30;87;30;18;43;66;43;38;0;0;0;0;4;2;1;1;1;4;8;3;0;3;0;16;0;0;0;0;0;0;0;0;1;1;3;2;4;4;7;6;12;12;3;52;10;63;10;41;12;89;12;15;20;64;20;40;30;87;30;18;43;66;43;38;0;1;1;3;2;5;5;7;6;12;12;3;52;10;63;10;41;12;89;12;15;23;65;23;39;34;89;34;15;43;66;43;38;0;1;1;3;2;4;4;7;6;12;12;3;52;10;63;10;41;12;89;12;15;20;64;20;40;30;87;30;18;43;66;43;38;0;0;0;0;3;2;1;1;1;5;7;2;0;3;0;16;0;0;0;0;0;0;0;0;4;3;10;7;13;12;19;22;27;24;1;5;6;9;8;14;15;17;18;26;25;28;2;11;16;21;20;23;29;30;31;32;33;34;35;36;37;38;39;27;7;7;7;7;27;12;255;255;255;0;0;0;0;0;0;0
2541;0;1;1;3;2;5;5;7;6;8;12;3;52;10;63;10;41;12;89;12;15;21;67;21;38;26;89;26;16;32;52;43;52;0;1;1;3;2;5;5;8;8;8;12;3;52;10;63;10;41;12;89;12;15;21;67;21;38;30;79;30;23;32;52;43;52;0;1;1;3;2;4;4;7;6;8;12;3;52;10;63;10;41;12;89;12;15;21;67;21;38;26;89;26;16;32;52;43;52;0;0;1;0;7;2;1;1;0;6;2;2;0;4;0;12;0;0;0;0;0;0;0;0;1;1;3;2;4;4;8;8;5;12;3;52;11;64;11;40;13;88;13;16;19;64;19;40;32;76;32;27;26;52;43;52;0;1;1;3;2;4;4;10;9;5;12;3;52;11;64;11;40;13;88;13;16;19;64;19;40;36;85;36;18;26;52;43;52;0;1;1;3;2;4;4;8;8;5;12;3;52;11;64;11;40;13;88;13;16;19;64;19;40;32;76;32;27;26;52;43;52;0;0;1;0;7;2;1;1;0;3;2;3;0;4;0;12;0;0;0;0;0;0;0;0;1;1;3;2;5;5;7;6;8;12;3;52;10;63;10;41;12;89;12;15;21;67;21;38;26;89;26;16;32;52;43;52;0;1;1;3;2;5;5;8;8;8;12;3;52;10;63;10;41;12;89;12;15;21;67;21;38;30;79;30;23;32;52;43;52;0;1;1;3;2;4;4;7;6;8;12;3;52;10;63;10;41;12;89;12;15;21;67;21;38;26;89;26;16;32;52;43;52;0;0;1;0;7;2;1;1;0;6;2;2;0;4;0;12;0;0;0;0;0;0;0;1;4;3;10;7;12;15;22;21;17;25;0;5;6;8;9;13;16;18;19;23;24;26;2;11;14;20;27;28;29;30;31;32;33;34;35;36;37;38;39;4;22;15;22;22;25;17;255;255;255;0;0;0;0;0;0;0
2543;0;1;1;3;2;4;4;5;10;9;12;3;52;10;63;10;41;12;89;12;15;18;64;18;40;27;52;36;88;36;18;43;52;0;1;1;3;2;5;5;8;10;9;12;3;52;10;63;10;41;12;89;12;15;21;64;21;40;34;52;36;88;36;18;43;52;0;1;1;3;2;4;4;5;8;8;12;3;52;10;63;10;41;12;89;12;15;18;64;18;40;27;52;34;80;34;24;43;52;0;0;1;1;7;3;1;1;0;3;6;2;0;7;0;12;0;0;0;0;0;0;0;0;1;1;3;2;4;5;5;7;6;12;3;52;10;63;10;41;12;89;12;15;19;51;25;70;25;33;28;94;28;10;43;52;0;1;1;3;2;4;5;5;10;9;12;3;52;10;63;10;41;12;89;12;15;19;51;25;70;25;33;35;94;35;10;43;52;0;1;1;3;2;4;5;5;7;6;12;3;52;10;63;10;41;12;89;12;15;19;51;25;70;25;33;28;94;28;10;43;52;0;0;0;1;8;2;1;1;1;2;8;3;0;7;0;12;0;0;0;0;0;0;0;0;1;1;3;2;4;4;5;10;9;12;3;52;10;63;10;41;12;89;12;15;18;64;18;40;27;52;36;88;36;18;43;52;0;1;1;3;2;5;5;8;10;9;12;3;52;10;63;10;41;12;89;12;15;21;64;21;40;34;52;36;88;36;18;43;52;0;1;1;3;2;4;4;5;8;8;12;3;52;10;63;10;41;12;89;12;15;18;64;18;40;27;52;34;80;34;24;43;52;0;0;1;1;7;3;1;1;0;3;6;2;0;7;0;12;0;0;0;0;0;0;0;2;3;6;7;4;10;11;14;18;19;22;0;1;5;8;9;12;13;15;16;17;20;21;23;24;25;26;27;28;29;30;31;32;33;34;35;36;37;38;39;6;14;11;11;11;14;7;255;255;255;0;0;0;0;0;0;0
2544;0;1;1;3;2;4;5;5;8;12;12;3;52;10;63;10;41;12;89;12;15;18;52;25;78;25;26;32;52;43;66;43;38;0;1;1;3;2;4;8;8;8;12;12;3;52;10;63;10;41;12;89;12;15;18;52;29;82;29;22;32;52;43;66;43;38;0;1;1;3;2;4;5;5;8;12;12;3;52;10;63;10;41;12;89;12;15;18;52;25;78;25;26;32;52;43;66;43;38;0;0;0;0;4;2;0;0;0;7;5;2;0;0;0;0;0;0;0;0;0;0;0;0;1;1;3;2;4;5;7;6;5;12;3;52;11;64;11;40;13;88;13;16;19;40;19;64;31;88;31;16;26;52;43;52;0;1;1;3;2;4;5;7;6;5;12;3;52;11;64;11;40;13;88;13;16;19;40;19;64;31;88;31;16;26;52;43;52;0;1;1;3;2;4;5;7;6;5;12;3;52;11;64;11;40;13;88;13;16;19;40;19;64;31;88;31;16;26;52;43;52;0;0;0;0;5;2;0;0;0;7;9;3;0;0;0;0;0;0;0;0;0;0;0;0;1;1;3;2;4;5;5;8;12;12;3;52;10;63;10;41;12;89;12;15;18;52;25;78;25;26;32;52;43;66;43;38;0;1;1;3;2;4;8;8;8;12;12;3;52;10;63;10;41;12;89;12;15;18;52;29;82;29;22;32;52;43;66;43;38;0;1;1;3;2;4;5;5;8;12;12;3;52;10;63;10;41;12;89;12;15;18;52;25;78;25;26;32;52;43;66;43;38;0;0;0;0;4;2;0;0;0;7;5;2;0;0;0;0;0;0;0;0;0;0;0;0;4;3;8;7;12;13;14;17;24;21;1;5;6;9;10;11;15;16;18;20;22;23;2;19;25;26;27;28;29;30;31;32;33;34;35;36;37;38;39;7;7;13;14;14;24;14;255;255;255;0;0;0;0;0;0;0
2545;0;1;1;3;2;4;5;5;10;9;12;3;52;10;63;10;41;12;89;12;15;20;51;27;71;27;33;37;85;37;18;43;52;0;1;1;3;2;4;8;8;10;9;12;3;52;10;63;10;41;12;89;12;15;19;52;31;66;31;39;37;85;37;18;43;52;0;1;1;3;2;4;5;5;7;6;12;3;52;10;63;10;41;12;89;12;15;19;52;25;70;25;33;34;86;34;18;43;52;0;0;0;0;7;2;1;1;0;6;5;2;0;1;0;16;0;0;0;0;0;0;0;0;1;1;3;2;4;5;5;8;12;12;3;52;10;63;10;41;12;89;12;15;18;52;25;70;25;33;30;51;43;70;43;34;0;1;1;3;2;4;7;6;8;12;12;3;52;10;63;10;41;12;89;12;15;18;52;28;88;28;17;30;51;43;70;43;34;0;1;1;3;2;4;5;5;8;11;12;3;52;10;63;10;41;12;89;12;15;18;52;25;70;25;33;30;51;38;65;43;34;0;0;0;0;8;2;1;1;0;5;6;3;0;1;0;139637976727552;0;0;0;0;0;0;0;0;1;1;3;2;4;5;5;10;9;12;3;52;10;63;10;41;12;89;12;15;20;51;27;71;27;33;37;85;37;18;43;52;0;1;1;3;2;4;8;8;10;9;12;3;52;10;63;10;41;12;89;12;15;19;52;31;66;31;39;37;85;37;18;43;52;0;1;1;3;2;4;5;5;7;6;12;3;52;10;63;10;41;12;89;12;15;19;52;25;70;25;33;34;86;34;18;43;52;0;0;0;0;7;2;1;1;0;6;5;2;0;1;0;16;0;0;0;0;0;0;0;1;5;4;9;8;13;11;14;22;19;23;0;2;3;20;10;12;15;17;18;21;24;25;6;7;16;26;27;28;29;30;31;32;33;34;35;36;37;38;39;1;9;9;9;9;9;14;255;255;255;0;0;0;0;0;0;0
2546;0;1;1;3;2;4;5;5;10;9;12;3;52;10;63;10;41;12;89;12;15;18;52;27;78;27;26;37;92;37;12;43;52;0;1;1;3;2;4;8;8;10;9;12;3;52;10;63;10;41;12;89;12;15;21;51;31;69;31;35;43;91;43;14;43;52;0;1;1;3;2;4;5;5;10;9;12;3;52;10;63;10;41;12;89;12;15;18;52;24;78;24;26;37;92;37;12;43;52;1;1;0;1;3;2;0;1;0;6;7;2;0;2;0;12;0;0;0;0;0;0;0;0;1;1;3;2;4;5;5;10;9;12;3;52;10;63;10;41;12;89;12;15;18;52;25;70;25;35;37;89;37;15;43;52;0;1;1;3;2;4;5;5;10;9;12;3;52;10;63;10;41;12;89;12;15;18;52;25;70;25;35;37;89;37;15;43;52;0;1;1;3;2;4;4;4;7;6;12;3;52;10;63;10;41;12;89;12;15;18;52;25;70;25;35;34;88;34;16;43;52;1;1;0;1;4;2;0;1;0;5;6;2;0;2;0;12;0;0;0;0;0;0;0;0;1;1;3;2;4;5;5;10;9;12;3;52;10;63;10;41;12;89;12;15;18;52;27;78;27;26;37;92;37;12;43;52;0;1;1;3;2;4;8;8;10;9;12;3;52;10;63;10;41;12;89;12;15;21;51;31;69;31;35;43;91;43;14;43;52;0;1;1;3;2;4;5;5;10;9;12;3;52;10;63;10;41;12;89;12;15;18;52;24;78;24;26;37;92;37;12;43;52;1;1;0;1;3;2;0;1;0;6;7;2;0;2;0;12;0;0;0;0;0;0;0;0;3;2;8;6;10;14;12;19;17;21;1;4;5;7;9;11;13;16;29;18;20;22;23;24;25;26;28;15;27;30;31;32;33;34;35;36;37;38;39;8;8;14;8;8;21;19;255;255;255;0;0;0;0;0;0;0
2548;0;1;1;3;2;4;5;5;10;9;12;3;52;11;64;11;40;13;88;13;16;19;52;25;68;25;34;39;84;39;20;43;52;0;1;1;3;2;4;8;8;10;9;12;3;52;11;64;11;40;13;88;13;16;19;52;29;70;29;33;39;84;39;20;43;52;0;1;1;3;2;4;5;5;7;6;12;3;52;11;64;11;40;13;88;13;16;19;52;25;68;25;34;34;94;34;10;43;52;1;0;0;1;7;2;1;0;0;5;5;2;0;7;0;11;0;0;0;0;0;0;0;0;1;1;3;2;4;5;5;7;6;12;3;52;11;64;11;40;13;88;13;16;19;52;25;68;25;34;33;94;33;10;43;52;0;1;1;3;2;4;5;5;10;9;12;3;52;11;64;11;40;13;88;13;16;19;52;25;68;25;34;35;87;35;17;43;52;0;1;1;3;2;4;5;5;7;6;12;3;52;11;64;11;40;13;88;13;16;19;52;25;68;25;34;33;94;33;10;43;52;1;0;0;1;6;2;1;0;0;8;8;3;0;7;0;11;0;0;0;0;0;0;0;0;1;1;3;2;4;5;5;10;9;12;3;52;11;64;11;40;13;88;13;16;19;52;25;68;25;34;39;84;39;20;43;52;0;1;1;3;2;4;8;8;10;9;12;3;52;11;64;11;40;13;88;13;16;19;52;29;70;29;33;39;84;39;20;43;52;0;1;1;3;2;4;5;5;7;6;12;3;52;11;64;11;40;13;88;13;16;19;52;25;68;25;34;34;94;34;10;43;52;1;0;0;1;7;2;1;0;0;5;5;2;0;7;0;11;0;0;0;0;0;0;0;0;5;3;4;6;12;15;14;22;18;25;1;2;10;7;9;16;17;23;19;20;26;24;8;11;13;21;27;28;29;30;31;32;33;34;35;36;37;38;39;0;22;15;22;22;25;25;255;255;255;0;0;0;0;0;0;0
2553;0;1;1;1;3;2;5;5;8;12;12;3;52;10;52;10;73;10;31;15;89;15;15;23;68;23;36;32;52;43;67;43;38;0;1;1;1;7;6;5;5;8;12;12;3;52;10;52;10;73;10;31;27;88;27;16;23;68;23;36;32;52;43;67;43;38;0;1;1;1;3;2;4;4;8;12;12;3;52;10;52;10;73;10;31;15;89;15;15;18;66;18;39;32;52;43;67;43;38;1;1;1;0;2;2;1;1;1;5;5;2;0;0;0;0;0;0;0;0;0;0;0;0;1;1;1;3;2;4;4;5;12;12;3;52;10;52;10;73;10;31;15;89;15;15;20;64;20;40;29;52;43;66;43;38;0;1;1;1;3;2;4;4;8;12;12;3;52;10;52;10;73;10;31;15;89;15;15;20;64;20;40;32;53;43;66;43;38;0;1;1;1;3;2;4;4;5;12;12;3;52;10;52;10;73;10;31;15;89;15;15;20;64;20;40;27;52;43;66;43;38;1;1;1;0;3;2;1;1;1;4;6;3;0;0;0;0;0;0;0;0;0;0;0;0;1;1;1;3;2;5;5;8;12;12;3;52;10;52;10;73;10;31;15;89;15;15;23;68;23;36;32;52;43;67;43;38;0;1;1;1;7;6;5;5;8;12;12;3;52;10;52;10;73;10;31;27;88;27;16;23;68;23;36;32;52;43;67;43;38;0;1;1;1;3;2;4;4;8;12;12;3;52;10;52;10;73;10;31;15;89;15;15;18;66;18;39;32;52;43;67;43;38;1;1;1;0;2;2;1;1;1;5;5;2;0;0;0;0;0;0;0;0;0;0;0;1;11;2;4;9;5;14;13;15;23;21;0;3;6;7;8;10;12;17;19;16;20;22;18;24;25;26;27;28;29;30;31;32;33;34;35;36;37;38;39;9;9;9;9;9;9;5;255;255;255;0;0;0;0;0;0;0
2555;0;1;1;3;2;4;5;5;10;9;12;3;52;10;63;10;41;12;89;12;15;18;52;27;71;27;34;41;90;41;15;46;51;0;1;1;3;2;4;5;5;10;9;12;3;52;10;63;10;41;12;89;12;15;19;52;26;70;26;34;36;88;36;16;43;51;0;1;1;3;2;4;4;4;7;6;12;3;52;10;63;10;41;12;89;12;15;20;52;20;70;20;33;34;89;34;16;43;52;1;1;0;1;7;3;0;0;0;3;6;1;0;0;0;0;0;0;0;0;0;0;0;0;1;1;3;2;4;4;7;6;12;12;3;52;10;63;10;41;12;89;12;15;20;64;20;40;30;87;30;18;43;64;43;38;0;1;1;3;2;4;4;7;6;12;12;3;52;10;63;10;41;12;89;12;15;20;64;20;40;30;87;30;18;43;64;43;38;0;1;1;3;2;4;4;7;6;12;12;3;52;10;63;10;41;12;89;12;15;20;64;20;40;30;87;30;18;43;64;43;38;1;1;0;1;5;1;0;0;0;5;2;3;0;0;0;0;0;0;0;0;0;0;0;0;1;1;3;2;4;5;5;10;9;12;3;52;10;63;10;41;12;89;12;15;18;52;27;71;27;34;41;90;41;15;46;51;0;1;1;3;2;4;5;5;10;9;12;3;52;10;63;10;41;12;89;12;15;19;52;26;70;26;34;36;88;36;16;43;51;0;1;1;3;2;4;4;4;7;6;12;3;52;10;63;10;41;12;89;12;15;20;52;20;70;20;33;34;89;34;16;43;52;1;1;0;1;7;3;0;0;0;3;6;1;0;0;0;0;0;0;0;0;0;0;0;0;3;4;9;7;11;15;14;19;17;21;1;2;5;6;8;10;12;20;13;16;18;22;23;24;25;26;27;28;29;30;31;32;33;34;35;36;37;38;39;7;9;9;9;9;9;15;255;255;255;0;0;0;0;0;0;0
2556;0;1;1;3;2;5;8;8;10;9;12;3;52;10;63;10;41;12;89;12;15;18;52;32;70;32;34;42;85;42;19;43;52;0;1;1;3;2;4;8;8;10;9;12;3;52;10;63;10;41;12;89;12;15;18;52;32;70;32;34;42;85;42;19;43;52;0;1;1;3;2;4;8;8;7;6;12;3;52;10;63;10;41;12;89;12;15;18;52;32;70;32;34;32;94;32;10;43;52;1;0;1;1;7;2;1;1;1;5;3;2;0;0;0;0;0;0;0;0;0;0;0;0;1;1;3;2;4;8;8;10;9;12;3;52;10;63;10;41;12;89;12;15;18;52;32;70;32;34;42;85;42;19;43;52;0;1;1;3;2;4;8;8;10;9;12;3;52;10;63;10;41;12;89;12;15;18;52;32;70;32;34;42;85;42;19;43;52;0;1;1;3;2;4;8;8;10;9;12;3;52;10;63;10;41;12;89;12;15;18;52;32;70;32;34;42;85;42;19;43;52;1;1;1;1;1;2;1;1;1;1;1;2;0;0;0;0;0;0;0;0;0;0;0;0;1;1;3;2;5;8;8;10;9;12;3;52;10;63;10;41;12;89;12;15;18;52;32;70;32;34;42;85;42;19;43;52;0;1;1;3;2;4;8;8;10;9;12;3;52;10;63;10;41;12;89;12;15;18;52;32;70;32;34;42;85;42;19;43;52;0;1;1;3;2;4;8;8;7;6;12;3;52;10;63;10;41;12;89;12;15;18;52;32;70;32;34;32;94;32;10;43;52;1;0;1;1;7;2;1;1;1;5;3;2;0;0;0;0;0;0;0;0;0;0;0;0;3;4;7;10;15;18;16;20;19;24;1;6;8;9;11;12;13;17;14;21;22;23;2;5;25;26;27;28;29;30;31;32;33;34;35;36;37;38;39;7;15;15;15;15;24;7;255;255;255;0;0;0;0;0;0;0
2559;0;1;1;3;2;4;5;5;10;9;12;3;52;10;63;10;41;12;89;12;15;18;52;27;71;27;34;41;90;41;15;46;51;0;1;1;3;2;4;5;5;10;9;12;3;52;10;63;10;41;12;89;12;15;18;52;26;78;26;26;36;89;36;15;42;51;0;1;1;3;2;4;5;5;8;8;12;3;52;10;63;10;41;12;89;12;15;18;52;26;78;26;26;34;79;34;26;42;51;1;1;1;0;2;3;0;1;1;5;8;2;0;0;0;0;0;0;0;0;0;0;0;0;1;1;3;2;4;4;7;6;8;12;3;52;10;63;10;41;12;89;12;15;20;64;20;40;30;87;30;18;33;52;43;52;0;1;1;3;2;4;4;7;6;11;12;3;52;10;63;10;41;12;89;12;15;20;64;20;40;30;87;30;18;35;52;43;52;0;1;1;3;2;4;4;7;6;8;12;3;52;10;63;10;41;12;89;12;15;20;64;20;40;30;87;30;18;33;52;43;52;1;1;1;0;3;2;0;1;1;3;6;3;0;0;0;0;0;0;0;0;0;0;0;0;1;1;3;2;4;5;5;10;9;12;3;52;10;63;10;41;12;89;12;15;18;52;27;71;27;34;41;90;41;15;46;51;0;1;1;3;2;4;5;5;10;9;12;3;52;10;63;10;41;12;89;12;15;18;52;26;78;26;26;36;89;36;15;42;51;0;1;1;3;2;4;5;5;8;8;12;3;52;10;63;10;41;12;89;12;15;18;52;26;78;26;26;34;79;34;26;42;51;1;1;1;0;2;3;0;1;1;5;8;2;0;0;0;0;0;0;0;0;0;0;0;0;5;7;10;8;14;13;12;16;18;25;1;4;6;9;11;15;20;17;23;19;21;24;2;3;22;26;27;28;29;30;31;32;33;34;35;36;37;38;39;10;16;14;8;8;25;8;255;255;255;0;0;0;0;0;0;0
2576;0;1;1;3;2;4;5;5;10;9;12;3;52;10;63;10;41;12;89;12;15;21;51;27;78;27;26;37;90;37;14;43;52;0;1;1;3;2;5;5;5;10;9;12;3;52;10;63;10;41;12;89;12;15;21;51;27;78;27;26;37;90;37;14;43;52;0;1;1;3;2;4;5;5;8;8;12;3;52;10;63;10;41;12;89;12;15;21;51;27;78;27;26;34;67;34;38;43;52;0;0;0;0;4;2;0;0;0;4;4;2;0;0;0;0;0;0;0;0;0;0;0;0;1;1;1;4;4;7;6;5;12;12;3;52;10;52;10;73;10;31;18;64;18;40;30;86;30;18;26;52;43;67;43;38;0;1;1;3;2;4;4;8;8;8;12;3;52;10;63;10;41;12;89;12;15;18;64;18;40;32;52;31;78;31;25;43;52;0;1;1;1;4;4;7;6;8;12;12;3;52;10;52;10;73;10;31;18;64;18;40;30;86;30;18;32;52;43;67;43;38;0;0;0;0;5;3;0;0;0;3;7;2;0;0;0;0;0;0;0;0;0;0;0;0;1;1;3;2;4;5;5;10;9;12;3;52;10;63;10;41;12;89;12;15;21;51;27;78;27;26;37;90;37;14;43;52;0;1;1;3;2;5;5;5;10;9;12;3;52;10;63;10;41;12;89;12;15;21;51;27;78;27;26;37;90;37;14;43;52;0;1;1;3;2;4;5;5;8;8;12;3;52;10;63;10;41;12;89;12;15;21;51;27;78;27;26;34;67;34;38;43;52;0;0;0;0;4;2;0;0;0;4;4;2;0;0;0;0;0;0;0;0;0;0;0;0;5;3;9;8;4;11;10;17;14;16;1;2;6;7;13;12;15;19;18;20;21;22;23;24;25;26;27;28;29;30;31;32;33;34;35;36;37;38;39;8;9;9;9;9;9;10;255;255;255;0;0;0;0;0;0;0
2577;0;1;1;3;2;4;4;7;6;11;12;3;52;10;63;10;41;12;89;12;15;20;64;20;40;33;89;33;15;36;52;43;51;0;1;1;3;2;4;4;10;9;11;12;3;52;11;64;11;40;13;88;13;16;19;64;19;40;35;90;35;14;35;52;43;52;0;1;1;3;2;4;4;7;6;8;12;3;52;11;64;11;40;13;88;13;16;19;64;19;40;34;88;34;15;34;52;43;52;0;1;1;0;8;3;1;0;1;7;6;2;0;0;0;0;0;0;0;0;0;0;0;0;1;1;3;2;4;4;5;7;6;12;3;52;11;64;11;40;13;88;13;16;19;64;19;40;31;52;31;90;31;14;43;52;0;1;1;3;2;4;4;5;10;9;12;3;52;11;64;11;40;13;88;13;16;19;64;19;40;31;52;35;90;35;14;43;52;0;1;1;3;2;4;4;5;7;6;12;3;52;11;64;11;40;13;88;13;16;19;64;19;40;31;52;31;90;31;14;43;52;0;0;1;0;6;2;1;0;0;7;6;3;0;0;0;0;0;0;0;0;0;0;0;0;1;1;3;2;4;4;7;6;11;12;3;52;10;63;10;41;12;89;12;15;20;64;20;40;33;89;33;15;36;52;43;51;0;1;1;3;2;4;4;10;9;11;12;3;52;11;64;11;40;13;88;13;16;19;64;19;40;35;90;35;14;35;52;43;52;0;1;1;3;2;4;4;7;6;8;12;3;52;11;64;11;40;13;88;13;16;19;64;19;40;34;88;34;15;34;52;43;52;0;1;1;0;8;3;1;0;1;7;6;2;0;0;0;0;0;0;0;0;0;0;0;0;3;4;12;9;14;13;21;17;18;23;1;5;6;11;7;15;10;19;20;16;24;25;2;8;22;26;27;28;29;30;31;32;33;34;35;36;37;38;39;23;13;13;13;13;23;4;255;255;255;0;0;0;0;0;0;0
2580;0;1;1;3;2;4;5;5;10;9;12;3;52;10;63;10;41;12;89;12;15;18;52;27;78;27;27;37;84;37;19;43;52;0;1;1;3;2;4;5;5;10;9;12;3;52;10;63;10;41;12;89;12;15;18;52;26;78;26;27;41;89;41;15;43;52;0;1;1;3;2;4;5;5;8;8;12;3;52;10;63;10;41;12;89;12;15;18;52;26;78;26;27;34;78;34;26;43;52;0;0;0;0;1;2;0;0;0;1;1;2;0;0;0;0;0;0;0;0;0;0;0;0;1;1;1;4;4;3;2;10;9;12;3;52;11;52;11;72;11;32;21;40;21;64;14;96;14;9;39;84;39;20;43;52;0;1;1;1;4;4;3;2;10;9;12;3;52;11;52;11;72;11;32;21;40;21;64;14;96;14;9;39;84;39;20;43;52;0;1;1;1;4;4;3;2;10;9;12;3;52;11;52;11;72;11;32;21;40;21;64;14;96;14;9;39;84;39;20;43;52;0;0;0;0;1;2;0;0;0;1;1;2;0;0;0;0;0;0;0;0;0;0;0;0;1;1;3;2;4;5;5;10;9;12;3;52;10;63;10;41;12;89;12;15;18;52;27;78;27;27;37;84;37;19;43;52;0;1;1;3;2;4;5;5;10;9;12;3;52;10;63;10;41;12;89;12;15;18;52;26;78;26;27;41;89;41;15;43;52;0;1;1;3;2;4;5;5;8;8;12;3;52;10;63;10;41;12;89;12;15;18;52;26;78;26;27;34;78;34;26;43;52;0;0;0;0;1;2;0;0;0;1;1;2;0;0;0;0;0;0;0;0;0;0;0;0;4;2;12;5;9;11;10;17;13;20;1;3;6;7;8;14;15;16;18;19;21;22;23;24;25;26;27;28;29;30;31;32;33;34;35;36;37;38;39;9;9;9;9;9;9;2;255;255;255;0;0;0;0;0;0;0
2614;0;1;1;3;2;4;5;5;10;9;12;3;52;10;63;10;41;12;89;12;15;18;52;25;70;25;35;37;89;37;15;43;52;0;1;1;3;2;4;5;5;10;9;12;3;52;10;63;10;41;12;89;12;15;18;52;25;70;25;35;37;89;37;15;43;52;0;1;1;3;2;4;5;5;7;6;12;3;52;10;63;10;41;12;89;12;15;18;52;25;70;25;35;34;88;34;16;43;52;0;0;1;0;5;2;1;0;0;6;8;2;0;5;0;11;0;0;0;0;0;0;0;0;1;1;3;2;4;4;5;7;6;12;3;52;10;63;10;41;12;89;12;15;20;68;20;36;26;52;30;94;30;10;43;52;0;1;1;3;2;4;4;5;10;9;12;3;52;10;63;10;41;12;89;12;15;20;68;20;36;26;52;35;93;35;12;43;52;0;1;1;3;2;4;4;5;7;6;12;3;52;10;63;10;41;12;89;12;15;20;68;20;36;26;52;30;94;30;10;43;52;0;0;1;1;7;2;1;0;1;5;6;3;0;5;0;11;0;0;0;0;0;0;0;0;1;1;3;2;4;5;5;10;9;12;3;52;10;63;10;41;12;89;12;15;18;52;25;70;25;35;37;89;37;15;43;52;0;1;1;3;2;4;5;5;10;9;12;3;52;10;63;10;41;12;89;12;15;18;52;25;70;25;35;37;89;37;15;43;52;0;1;1;3;2;4;5;5;7;6;12;3;52;10;63;10;41;12;89;12;15;18;52;25;70;25;35;34;88;34;16;43;52;0;0;1;0;5;2;1;0;0;6;8;2;0;5;0;11;0;0;0;0;0;0;0;1;6;4;10;8;14;13;15;23;24;25;0;3;5;7;11;12;16;22;17;19;21;20;2;9;18;26;27;28;29;30;31;32;33;34;35;36;37;38;39;6;23;23;23;23;25;14;255;255;255;0;0;0;0;0;0;0
2616;0;1;1;1;3;2;4;4;8;12;12;3;52;10;52;10;73;10;31;15;89;15;15;22;67;22;36;32;52;43;66;43;38;0;1;1;1;7;6;5;5;8;12;12;3;52;10;52;10;73;10;31;26;89;26;14;22;67;22;36;32;52;43;66;43;38;0;1;1;1;3;2;4;4;8;12;12;3;52;10;52;10;73;10;31;15;89;15;15;22;67;22;36;32;52;43;66;43;38;0;0;0;1;5;3;1;0;1;3;7;2;0;0;0;0;0;0;0;0;0;0;0;0;1;1;1;3;2;4;4;5;12;12;3;52;10;52;10;73;10;31;15;89;15;15;22;67;22;36;32;52;43;66;43;38;0;1;1;1;3;2;5;5;8;12;12;3;52;10;52;10;73;10;31;15;89;15;15;22;67;22;36;34;52;43;66;43;38;0;1;1;1;3;2;4;4;5;12;12;3;52;10;52;10;73;10;31;15;89;15;15;22;67;22;36;32;52;43;66;43;38;1;0;0;1;6;2;1;0;1;2;8;2;0;0;0;0;0;0;0;0;0;0;0;0;1;1;1;3;2;4;4;8;12;12;3;52;10;52;10;73;10;31;15;89;15;15;22;67;22;36;32;52;43;66;43;38;0;1;1;1;7;6;5;5;8;12;12;3;52;10;52;10;73;10;31;26;89;26;14;22;67;22;36;32;52;43;66;43;38;0;1;1;1;3;2;4;4;8;12;12;3;52;10;52;10;73;10;31;15;89;15;15;22;67;22;36;32;52;43;66;43;38;0;0;0;1;5;3;1;0;1;3;7;2;0;0;0;0;0;0;0;0;0;0;0;0;8;5;4;11;9;13;14;18;26;25;1;2;3;7;10;27;33;15;17;28;24;34;29;6;16;32;19;20;21;22;12;30;31;23;35;36;37;38;39;8;9;9;9;9;9;18;255;255;255;0;0;0;0;0;0;0
2618;0;1;1;3;2;4;4;10;9;8;12;3;52;11;64;11;40;13;88;13;16;20;64;20;41;36;90;36;14;29;52;43;52;0;1;1;3;2;5;5;10;9;8;12;3;52;11;64;11;40;13;88;13;16;20;64;20;41;36;90;36;14;29;52;43;52;0;1;1;3;2;4;4;7;6;8;12;3;52;11;64;11;40;13;88;13;16;20;64;20;41;33;87;33;18;29;52;43;52;1;1;1;1;4;2;0;0;1;5;5;2;0;7;0;12;0;0;0;0;0;0;0;0;1;1;3;2;4;4;7;6;5;12;3;52;11;64;11;40;13;88;13;16;20;63;20;41;28;90;28;13;28;52;43;52;0;1;1;3;2;4;4;10;9;5;12;3;52;11;64;11;40;13;88;13;16;20;63;20;41;35;89;35;16;28;52;43;52;0;1;1;3;2;4;4;7;6;5;12;3;52;11;64;11;40;13;88;13;16;20;63;20;41;28;90;28;13;28;52;43;52;1;1;1;1;5;2;0;0;1;4;6;2;0;7;0;12;0;0;0;0;0;0;0;0;1;1;3;2;4;4;10;9;8;12;3;52;11;64;11;40;13;88;13;16;20;64;20;41;36;90;36;14;29;52;43;52;0;1;1;3;2;5;5;10;9;8;12;3;52;11;64;11;40;13;88;13;16;20;64;20;41;36;90;36;14;29;52;43;52;0;1;1;3;2;4;4;7;6;8;12;3;52;11;64;11;40;13;88;13;16;20;64;20;41;33;87;33;18;29;52;43;52;1;1;1;1;4;2;0;0;1;5;5;2;0;7;0;12;0;0;0;0;0;0;0;0;3;4;11;8;13;16;22;20;19;26;1;5;6;9;12;14;17;18;25;23;24;28;2;7;10;15;21;27;29;30;31;32;33;34;35;36;37;38;39;11;8;19;8;8;26;16;255;255;255;0;0;0;0;0;0;0
2621;0;1;1;3;2;5;5;8;7;6;12;3;52;10;63;10;41;12;89;12;15;23;67;23;37;31;51;34;88;34;16;43;52;0;1;1;3;2;5;5;8;10;9;12;3;52;10;63;10;41;12;89;12;15;23;67;23;37;31;51;36;89;36;16;43;52;0;1;1;3;2;4;4;8;7;6;12;3;52;10;63;10;41;12;89;12;15;20;66;20;39;31;51;34;90;34;14;43;52;0;1;0;1;5;2;1;1;0;6;7;2;0;1;0;11;0;0;0;0;0;0;0;0;1;1;3;2;4;4;5;7;6;12;3;52;10;63;10;41;12;89;12;15;20;66;20;36;31;51;34;89;34;17;43;52;0;1;1;3;2;5;5;8;10;9;12;3;52;10;63;10;41;12;89;12;15;20;66;20;36;31;51;36;89;36;16;43;52;0;1;1;3;2;4;4;5;7;6;12;3;52;10;63;10;41;12;89;12;15;20;66;20;36;31;51;33;89;33;15;43;52;0;1;0;0;6;2;1;0;0;4;7;2;0;1;0;11;0;0;0;0;0;0;0;0;1;1;3;2;5;5;8;7;6;12;3;52;10;63;10;41;12;89;12;15;23;67;23;37;31;51;34;88;34;16;43;52;0;1;1;3;2;5;5;8;10;9;12;3;52;10;63;10;41;12;89;12;15;23;67;23;37;31;51;36;89;36;16;43;52;0;1;1;3;2;4;4;8;7;6;12;3;52;10;63;10;41;12;89;12;15;20;66;20;39;31;51;34;90;34;14;43;52;0;1;0;1;5;2;1;1;0;6;7;2;0;1;0;11;0;0;0;0;0;0;0;0;2;6;8;7;13;12;18;15;20;21;1;3;4;5;9;10;14;16;19;11;22;24;17;25;23;26;27;28;29;30;31;32;33;34;35;36;37;38;39;6;18;13;18;18;21;21;255;255;255;0;0;0;0;0;0;0
2625;0;1;1;3;2;5;5;8;10;9;12;3;52;10;63;10;41;12;89;12;15;25;76;25;28;29;52;36;89;36;16;43;52;0;1;1;3;2;5;5;8;10;9;12;3;52;10;63;10;41;12;89;12;15;25;76;25;28;29;52;36;89;36;16;43;52;0;1;1;3;2;5;5;5;7;6;12;3;52;10;63;10;41;12;89;12;15;25;76;25;28;25;52;34;89;34;16;43;52;0;0;0;0;5;2;0;0;1;6;7;2;0;1;0;12;0;0;0;0;0;0;0;0;1;1;3;2;4;5;5;7;6;12;3;52;10;63;10;41;12;89;12;15;19;52;25;70;25;33;28;94;28;10;43;52;0;1;1;3;2;4;5;5;10;9;12;3;52;10;63;10;41;12;89;12;15;19;52;25;70;25;33;35;88;35;17;43;52;0;1;1;3;2;4;5;5;7;6;12;3;52;10;63;10;41;12;89;12;15;19;52;25;70;25;33;28;94;28;10;43;52;0;0;0;0;6;2;0;0;1;5;8;3;0;1;0;12;0;0;0;0;0;0;0;0;1;1;3;2;5;5;8;10;9;12;3;52;10;63;10;41;12;89;12;15;25;76;25;28;29;52;36;89;36;16;43;52;0;1;1;3;2;5;5;8;10;9;12;3;52;10;63;10;41;12;89;12;15;25;76;25;28;29;52;36;89;36;16;43;52;0;1;1;3;2;5;5;5;7;6;12;3;52;10;63;10;41;12;89;12;15;25;76;25;28;25;52;34;89;34;16;43;52;0;0;0;0;5;2;0;0;1;6;7;2;0;1;0;12;0;0;0;0;0;0;0;0;5;4;10;8;16;14;18;17;19;28;1;6;7;20;11;13;15;23;22;24;25;26;2;3;12;9;30;31;29;21;27;32;33;34;35;36;37;38;39;10;14;14;14;14;18;8;255;255;255;0;0;0;0;0;0;0
2650;0;1;1;3;2;4;4;8;8;12;12;3;52;10;63;10;41;12;89;12;15;20;64;20;40;32;76;32;28;43;66;43;38;0;1;1;3;2;4;4;8;8;12;12;3;52;10;63;10;41;12;89;12;15;20;64;20;40;32;76;32;28;43;66;43;38;0;1;1;3;2;4;4;7;6;12;12;3;52;10;63;10;41;12;89;12;15;20;64;20;40;29;88;29;16;43;66;43;38;0;1;1;0;4;2;1;1;0;4;6;2;0;5;0;16;0;0;0;0;0;0;0;0;1;1;3;2;4;4;7;6;8;12;3;52;10;63;10;41;12;89;12;15;18;64;18;40;30;86;30;18;32;52;43;52;0;1;1;3;2;4;4;8;8;8;12;3;52;10;63;10;41;12;89;12;15;18;64;18;40;34;82;34;23;32;52;43;52;0;1;1;3;2;4;4;7;6;8;12;3;52;10;63;10;41;12;89;12;15;18;64;18;40;30;86;30;18;28;51;43;52;0;1;1;0;5;2;1;1;0;3;7;3;0;5;0;16;0;0;0;0;0;0;0;0;1;1;3;2;4;4;8;8;12;12;3;52;10;63;10;41;12;89;12;15;20;64;20;40;32;76;32;28;43;66;43;38;0;1;1;3;2;4;4;8;8;12;12;3;52;10;63;10;41;12;89;12;15;20;64;20;40;32;76;32;28;43;66;43;38;0;1;1;3;2;4;4;7;6;12;12;3;52;10;63;10;41;12;89;12;15;20;64;20;40;29;88;29;16;43;66;43;38;0;1;1;0;4;2;1;1;0;4;6;2;0;5;0;16;0;0;0;0;0;0;0;1;5;4;10;7;15;11;19;18;20;22;0;3;6;8;9;12;13;14;16;23;25;26;2;27;17;24;21;28;29;30;31;32;33;34;35;36;37;38;39;20;18;11;18;18;22;19;255;255;255;0;0;0;0;0;0;0
2651;0;1;1;3;2;4;5;5;10;9;12;3;52;11;64;11;40;13;88;13;16;19;52;25;68;25;36;39;84;39;20;43;52;0;1;1;3;2;4;5;8;10;9;12;3;52;11;64;11;40;13;88;13;16;19;52;25;68;29;36;39;84;39;20;43;52;0;1;1;3;2;4;5;5;8;8;12;3;52;11;64;11;40;13;88;13;16;19;52;25;68;25;36;34;82;34;23;43;52;0;0;1;1;7;2;1;0;1;5;2;2;0;5;0;11;0;0;0;0;0;0;0;0;1;1;3;2;4;5;5;7;6;12;3;52;11;64;11;40;13;88;13;16;19;52;25;68;25;36;28;95;28;11;43;52;0;1;1;3;2;4;5;5;10;9;12;3;52;11;64;11;40;13;88;13;16;19;52;25;68;25;36;36;89;36;15;43;52;0;1;1;3;2;4;5;5;7;6;12;3;52;11;64;11;40;13;88;13;16;19;52;25;68;25;36;28;95;28;11;43;52;0;1;1;1;8;2;1;0;1;1;2;3;0;5;0;11;0;0;0;0;0;0;0;0;1;1;3;2;4;5;5;10;9;12;3;52;11;64;11;40;13;88;13;16;19;52;25;68;25;36;39;84;39;20;43;52;0;1;1;3;2;4;5;8;10;9;12;3;52;11;64;11;40;13;88;13;16;19;52;25;68;29;36;39;84;39;20;43;52;0;1;1;3;2;4;5;5;8;8;12;3;52;11;64;11;40;13;88;13;16;19;52;25;68;25;36;34;82;34;23;43;52;0;0;1;1;7;2;1;0;1;5;2;2;0;5;0;11;0;0;0;0;0;0;0;1;2;3;6;5;8;12;13;23;17;25;0;4;7;9;10;11;16;18;14;19;20;24;21;15;22;26;27;28;29;30;31;32;33;34;35;36;37;38;39;1;13;23;13;13;25;23;255;255;255;0;0;0;0;0;0;0
2652;0;1;1;3;2;5;5;8;10;9;12;3;52;10;63;10;41;12;89;12;15;22;65;22;39;32;52;37;90;37;14;43;52;0;1;1;3;2;5;5;8;10;9;12;3;52;10;63;10;41;12;89;12;15;22;65;22;39;32;52;37;90;37;14;43;52;0;1;1;3;2;4;4;8;10;9;12;3;52;10;63;10;41;12;89;12;15;18;67;18;38;32;52;37;90;37;14;43;52;1;1;1;0;3;2;1;1;1;2;3;2;0;1;0;12;0;0;0;0;0;0;0;0;1;1;3;2;4;4;7;6;5;12;3;52;11;64;11;40;13;88;13;16;19;64;19;40;31;88;31;16;25;52;43;52;0;1;1;3;2;4;4;10;9;5;12;3;52;11;64;11;40;13;88;13;16;19;64;19;40;35;88;35;17;25;52;43;52;0;1;1;3;2;4;4;7;6;5;12;3;52;11;64;11;40;13;88;13;16;19;64;19;40;31;88;31;16;25;52;43;52;1;1;1;1;4;2;1;1;1;2;7;2;0;1;0;12;0;0;0;0;0;0;0;0;1;1;3;2;5;5;8;10;9;12;3;52;10;63;10;41;12;89;12;15;22;65;22;39;32;52;37;90;37;14;43;52;0;1;1;3;2;5;5;8;10;9;12;3;52;10;63;10;41;12;89;12;15;22;65;22;39;32;52;37;90;37;14;43;52;0;1;1;3;2;4;4;8;10;9;12;3;52;10;63;10;41;12;89;12;15;18;67;18;38;32;52;37;90;37;14;43;52;1;1;1;0;3;2;1;1;1;2;3;2;0;1;0;12;0;0;0;0;0;0;0;0;7;3;13;11;17;16;22;23;24;28;1;5;8;12;14;19;18;20;21;25;26;27;2;4;6;9;10;15;29;30;31;32;33;34;35;36;37;38;39;11;11;22;22;22;28;23;255;255;255;0;0;0;0;0;0;0
2653;0;1;1;3;2;4;4;10;9;8;12;3;52;11;64;11;40;13;88;13;16;19;64;19;40;36;90;36;14;31;52;43;52;0;1;1;3;2;5;5;10;9;11;12;3;52;11;64;11;40;13;88;13;16;24;68;24;36;36;90;36;14;35;52;43;52;0;1;1;3;2;4;4;7;6;8;12;3;52;11;64;11;40;13;88;13;16;19;64;19;40;29;91;29;13;34;51;43;52;0;0;1;0;8;2;1;0;1;2;5;2;0;5;0;12;0;0;0;0;0;0;0;0;1;1;3;2;4;4;7;6;5;12;3;52;11;64;11;40;13;88;13;16;19;64;19;40;31;88;31;16;25;51;43;52;0;1;1;3;2;4;4;7;6;5;12;3;52;11;64;11;40;13;88;13;16;19;64;19;40;31;88;31;16;25;51;43;52;0;1;1;3;2;4;4;7;6;5;12;3;52;11;64;11;40;13;88;13;16;19;64;19;40;31;88;31;16;25;51;43;52;0;0;1;0;8;2;1;0;1;2;5;3;0;5;0;12;0;0;0;0;0;0;0;0;1;1;3;2;4;4;10;9;8;12;3;52;11;64;11;40;13;88;13;16;19;64;19;40;36;90;36;14;31;52;43;52;0;1;1;3;2;5;5;10;9;11;12;3;52;11;64;11;40;13;88;13;16;24;68;24;36;36;90;36;14;35;52;43;52;0;1;1;3;2;4;4;7;6;8;12;3;52;11;64;11;40;13;88;13;16;19;64;19;40;29;91;29;13;34;51;43;52;0;0;1;0;8;2;1;0;1;2;5;2;0;5;0;12;0;0;0;0;0;0;0;0;6;2;11;10;14;12;20;19;16;24;1;3;5;8;9;15;18;13;21;17;22;23;4;7;25;26;27;28;29;30;31;32;33;34;35;36;37;38;39;6;16;16;16;16;24;24;255;255;255;0;0;0;0;0;0;0
2654;0;1;1;3;2;4;5;5;5;12;12;3;52;10;63;10;41;12;89;12;15;18;52;28;78;28;25;28;51;43;67;43;38;0;1;1;3;2;4;5;5;8;12;12;3;52;10;63;10;41;12;89;12;15;18;52;28;78;28;25;33;51;43;67;43;38;0;1;1;3;2;4;4;4;5;12;12;3;52;10;63;10;41;12;89;12;15;18;52;25;79;25;25;28;51;43;67;43;38;0;0;1;0;9;3;1;0;0;6;3;2;0;7;0;139637976727552;0;0;0;0;0;0;0;0;1;1;3;2;4;4;5;7;6;12;3;52;11;64;11;40;13;88;13;16;20;64;20;41;27;52;33;84;33;20;43;52;0;1;1;3;2;4;4;5;11;11;12;3;52;11;64;11;40;13;88;13;16;20;64;20;41;27;52;36;78;36;26;43;52;0;1;1;3;2;4;4;5;7;6;12;3;52;11;64;11;40;13;88;13;16;20;64;20;41;27;52;33;84;33;20;43;52;0;0;1;0;8;2;1;0;0;5;4;2;0;7;0;16;0;0;0;0;0;0;0;0;1;1;3;2;4;5;5;5;12;12;3;52;10;63;10;41;12;89;12;15;18;52;28;78;28;25;28;51;43;67;43;38;0;1;1;3;2;4;5;5;8;12;12;3;52;10;63;10;41;12;89;12;15;18;52;28;78;28;25;33;51;43;67;43;38;0;1;1;3;2;4;4;4;5;12;12;3;52;10;63;10;41;12;89;12;15;18;52;25;79;25;25;28;51;43;67;43;38;0;0;1;0;9;3;1;0;0;6;3;2;0;7;0;139637976727552;0;0;0;0;0;0;0;0;3;4;9;6;13;14;11;12;21;22;1;5;8;7;10;15;20;26;16;17;18;19;2;23;24;25;27;28;29;30;31;32;33;34;35;36;37;38;39;12;9;9;9;9;9;4;255;255;255;0;0;0;0;0;0;0
2657;0;1;1;3;2;4;4;5;10;9;12;3;52;10;63;10;41;12;89;12;15;18;64;18;40;26;52;36;87;36;16;43;52;0;1;1;3;2;4;4;8;11;11;12;3;52;10;63;10;41;12;89;12;15;18;64;18;40;31;52;38;78;38;25;43;52;0;1;1;3;2;4;4;5;10;9;12;3;52;10;63;10;41;12;89;12;15;18;64;18;40;31;52;36;86;36;18;43;52;0;0;1;0;4;2;1;0;0;7;8;2;0;5;0;12;0;0;0;0;0;0;0;0;1;1;3;2;4;4;5;7;6;12;3;52;10;63;10;41;12;89;12;15;18;64;18;40;31;52;33;91;33;13;43;52;0;1;1;3;2;4;4;5;10;9;12;3;52;10;63;10;41;12;89;12;15;18;64;18;40;31;52;39;90;39;14;43;52;0;1;1;3;2;4;4;5;7;6;12;3;52;10;63;10;41;12;89;12;15;18;64;18;40;31;52;27;91;27;14;43;52;0;0;1;1;5;2;1;0;0;6;7;3;0;5;0;12;0;0;0;0;0;0;0;0;1;1;3;2;4;4;5;10;9;12;3;52;10;63;10;41;12;89;12;15;18;64;18;40;26;52;36;87;36;16;43;52;0;1;1;3;2;4;4;8;11;11;12;3;52;10;63;10;41;12;89;12;15;18;64;18;40;31;52;38;78;38;25;43;52;0;1;1;3;2;4;4;5;10;9;12;3;52;10;63;10;41;12;89;12;15;18;64;18;40;31;52;36;86;36;18;43;52;0;0;1;0;4;2;1;0;0;7;8;2;0;5;0;12;0;0;0;0;0;0;0;0;5;2;8;6;14;16;17;26;27;24;1;3;4;7;10;13;15;19;20;9;21;23;11;12;18;22;25;28;29;30;31;32;33;34;35;36;37;38;39;24;27;16;27;27;24;24;255;255;255;0;0;0;0;0;0;0
2658;0;1;1;3;2;4;4;8;10;9;12;3;52;10;63;10;41;12;89;12;15;18;64;18;40;32;52;36;90;36;15;43;52;0;1;1;3;2;5;5;8;10;9;12;3;52;10;63;10;41;12;89;12;15;23;70;23;34;32;52;36;90;36;15;43;52;0;1;1;3;2;4;4;8;7;6;12;3;52;10;63;10;41;12;89;12;15;18;64;18;40;32;52;34;87;34;17;43;52;1;0;1;1;8;2;0;1;1;5;7;2;0;0;0;0;0;0;0;0;0;0;0;0;1;1;3;2;4;4;5;7;6;12;3;52;10;63;10;41;12;89;12;15;20;66;20;38;27;51;32;90;32;14;43;52;0;1;1;3;2;4;4;5;7;6;12;3;52;10;63;10;41;12;89;12;15;20;66;20;38;27;51;32;90;32;14;43;52;0;1;1;3;2;4;4;5;7;6;12;3;52;10;63;10;41;12;89;12;15;20;66;20;38;27;51;32;90;32;14;43;52;1;0;1;1;5;1;0;1;1;3;5;2;0;0;0;0;0;0;0;0;0;0;0;0;1;1;3;2;4;4;8;10;9;12;3;52;10;63;10;41;12;89;12;15;18;64;18;40;32;52;36;90;36;15;43;52;0;1;1;3;2;5;5;8;10;9;12;3;52;10;63;10;41;12;89;12;15;23;70;23;34;32;52;36;90;36;15;43;52;0;1;1;3;2;4;4;8;7;6;12;3;52;10;63;10;41;12;89;12;15;18;64;18;40;32;52;34;87;34;17;43;52;1;0;1;1;8;2;0;1;1;5;7;2;0;0;0;0;0;0;0;0;0;0;0;0;5;4;9;6;13;14;15;20;18;21;1;2;3;12;7;19;8;10;11;16;17;22;23;24;25;26;27;28;29;30;31;32;33;34;35;36;37;38;39;5;9;9;9;9;9;5;255;255;255;0;0;0;0;0;0;0
2659;0;1;1;3;2;4;5;5;7;6;12;3;52;10;63;10;41;12;89;12;15;18;52;24;69;24;32;32;90;32;14;43;52;0;1;1;3;2;4;5;5;10;9;12;3;52;10;63;10;41;12;89;12;15;18;52;24;69;24;32;36;89;36;16;43;52;0;1;1;3;2;4;5;5;7;6;12;3;52;10;63;10;41;12;89;12;15;18;52;24;69;24;32;32;90;32;14;43;52;0;0;1;0;8;2;1;0;0;8;3;2;0;0;0;0;0;0;0;0;0;0;0;0;1;1;3;2;4;4;4;7;6;12;3;52;10;63;10;41;12;89;12;15;18;52;22;70;22;33;27;94;27;10;43;52;0;1;1;3;2;4;4;4;7;6;12;3;52;10;63;10;41;12;89;12;15;18;52;22;70;22;33;27;94;27;10;43;52;0;1;1;3;2;4;4;4;7;6;12;3;52;10;63;10;41;12;89;12;15;18;52;22;70;22;33;27;94;27;10;43;52;0;1;1;0;5;1;1;0;0;2;4;2;0;0;0;0;0;0;0;0;0;0;0;0;1;1;3;2;4;5;5;7;6;12;3;52;10;63;10;41;12;89;12;15;18;52;24;69;24;32;32;90;32;14;43;52;0;1;1;3;2;4;5;5;10;9;12;3;52;10;63;10;41;12;89;12;15;18;52;24;69;24;32;36;89;36;16;43;52;0;1;1;3;2;4;5;5;7;6;12;3;52;10;63;10;41;12;89;12;15;18;52;24;69;24;32;32;90;32;14;43;52;0;0;1;0;8;2;1;0;0;8;3;2;0;0;0;0;0;0;0;0;0;0;0;22;4;3;18;7;9;12;13;19;14;21;0;1;2;5;6;8;10;17;11;16;15;20;23;24;25;26;27;28;29;30;31;32;33;34;35;36;37;38;39;7;9;9;9;9;9;13;255;255;255;0;0;0;0;0;0;0
2696;0;1;1;3;2;4;4;7;6;8;12;3;52;9;64;9;40;13;89;13;15;21;63;21;40;28;90;28;14;31;52;41;52;0;1;1;3;2;4;4;7;6;8;12;3;52;9;64;9;40;13;89;13;15;21;63;21;40;28;90;28;14;31;52;41;52;0;1;1;3;2;4;4;7;6;8;12;3;52;9;64;9;40;13;89;13;15;21;63;21;40;28;90;28;14;31;52;41;52;0;0;1;0;10;3;1;1;1;1;5;2;0;0;0;0;0;0;0;0;0;0;0;0;1;1;3;2;4;4;7;6;8;12;3;52;9;64;9;40;12;89;12;15;21;64;21;40;29;88;29;16;31;52;41;52;0;1;1;3;2;4;4;7;6;8;12;3;52;9;64;9;40;12;89;12;15;21;64;21;40;29;88;29;16;31;52;41;52;0;1;1;3;2;4;4;7;6;8;12;3;52;9;64;9;40;12;89;12;15;21;64;21;40;29;88;29;16;31;52;41;52;0;0;1;0;9;1;1;1;1;1;7;2;0;0;0;0;0;0;0;0;0;0;0;0;1;1;3;2;4;4;7;6;8;12;3;52;9;64;9;40;13;89;13;15;21;63;21;40;28;90;28;14;31;52;41;52;0;1;1;3;2;4;4;7;6;8;12;3;52;9;64;9;40;13;89;13;15;21;63;21;40;28;90;28;14;31;52;41;52;0;1;1;3;2;4;4;7;6;8;12;3;52;9;64;9;40;13;89;13;15;21;63;21;40;28;90;28;14;31;52;41;52;0;0;1;0;10;3;1;1;1;1;5;2;0;0;0;0;0;0;0;0;0;0;0;0;1;2;3;4;5;6;7;8;9;10;11;12;13;14;15;16;17;18;19;20;21;22;23;24;25;26;27;28;29;30;31;32;33;34;35;36;37;38;39;0;9;9;9;9;9;2;255;255;255;0;0;0;0;0;0;0
2699;0;1;1;1;4;4;7;6;8;8;12;3;52;10;52;10;73;10;31;18;64;18;40;26;86;26;17;34;65;34;39;43;52;0;1;1;1;4;4;7;6;11;11;12;3;52;10;52;10;73;10;31;18;64;18;40;26;86;26;17;36;70;36;34;43;52;0;1;1;1;4;4;3;2;8;8;12;3;52;10;52;10;73;10;31;18;64;18;40;15;91;15;13;34;65;34;39;43;52;0;1;1;0;5;2;1;1;0;2;7;2;0;0;0;0;0;0;0;0;0;0;0;0;1;1;1;3;2;4;4;7;6;12;3;52;10;52;10;73;10;31;15;89;15;15;20;64;20;40;34;86;34;18;43;52;0;1;1;1;5;5;4;4;7;6;12;3;52;10;52;10;73;10;31;20;89;20;15;20;64;20;40;34;86;34;18;43;52;0;1;1;1;3;2;4;4;7;6;12;3;52;10;52;10;73;10;31;15;89;15;15;20;64;20;40;34;86;34;18;43;52;0;0;1;0;6;2;1;1;1;1;4;3;0;0;0;0;0;0;0;0;0;0;0;0;1;1;1;4;4;7;6;8;8;12;3;52;10;52;10;73;10;31;18;64;18;40;26;86;26;17;34;65;34;39;43;52;0;1;1;1;4;4;7;6;11;11;12;3;52;10;52;10;73;10;31;18;64;18;40;26;86;26;17;36;70;36;34;43;52;0;1;1;1;4;4;3;2;8;8;12;3;52;10;52;10;73;10;31;18;64;18;40;15;91;15;13;34;65;34;39;43;52;0;1;1;0;5;2;1;1;0;2;7;2;0;0;0;0;0;0;0;0;0;0;0;0;6;4;3;11;12;21;19;16;17;23;1;7;25;8;5;9;10;15;13;18;22;24;2;26;14;20;27;28;29;30;31;32;33;34;35;36;37;38;39;3;21;3;16;16;23;4;255;255;255;0;0;0;0;0;0;0
2707;0;1;1;3;2;4;5;5;11;11;12;3;52;10;63;10;41;12;89;12;15;18;52;24;77;24;27;36;79;36;25;43;52;0;1;1;3;2;4;5;5;11;11;12;3;52;10;63;10;41;12;89;12;15;18;52;29;77;29;27;37;68;37;35;43;52;0;1;1;3;2;4;5;5;8;8;12;3;52;10;63;10;41;12;89;12;15;18;52;24;77;24;27;34;81;34;24;43;52;1;1;1;0;4;3;0;0;1;4;6;2;0;0;0;0;0;0;0;0;0;0;0;0;1;1;3;2;4;5;5;8;11;12;3;52;10;63;10;41;12;89;12;15;18;52;24;77;24;27;31;51;39;67;43;37;0;1;1;3;2;4;5;5;8;12;12;3;52;10;63;10;41;12;89;12;15;18;52;24;77;24;27;31;51;43;67;43;37;0;1;1;3;2;4;5;5;5;11;12;3;52;10;63;10;41;12;89;12;15;18;52;24;77;24;27;31;51;39;67;43;37;1;1;1;1;4;2;0;0;1;5;2;3;0;0;0;0;0;0;0;0;0;0;0;0;1;1;3;2;4;5;5;11;11;12;3;52;10;63;10;41;12;89;12;15;18;52;24;77;24;27;36;79;36;25;43;52;0;1;1;3;2;4;5;5;11;11;12;3;52;10;63;10;41;12;89;12;15;18;52;29;77;29;27;37;68;37;35;43;52;0;1;1;3;2;4;5;5;8;8;12;3;52;10;63;10;41;12;89;12;15;18;52;24;77;24;27;34;81;34;24;43;52;1;1;1;0;4;3;0;0;1;4;6;2;0;0;0;0;0;0;0;0;0;0;0;1;6;3;10;9;16;17;14;25;18;27;0;4;5;8;11;13;15;20;22;24;26;28;2;7;12;19;21;23;29;30;31;32;33;34;35;36;37;38;39;9;9;9;9;9;9;16;255;255;255;0;0;0;0;0;0;0
2717;0;1;1;3;2;4;5;5;10;9;12;3;52;10;63;10;41;12;89;12;15;18;52;25;73;25;30;37;84;37;20;43;52;0;1;1;3;2;4;5;5;10;9;12;3;52;10;63;10;41;12;89;12;15;18;52;27;70;27;33;42;85;42;19;43;52;0;1;1;3;2;4;5;5;7;6;12;3;52;10;63;10;41;12;89;12;15;18;52;25;75;25;28;34;87;34;17;43;52;0;0;1;0;7;2;1;1;0;5;3;2;0;0;0;0;0;0;0;0;0;0;0;0;1;1;3;2;4;5;5;7;6;12;3;52;10;63;10;41;12;89;12;15;18;52;24;79;24;25;33;89;33;16;43;52;0;1;1;3;2;4;5;5;7;6;12;3;52;10;63;10;41;12;89;12;15;18;52;29;69;29;34;34;94;34;10;43;52;0;1;1;3;2;4;4;4;7;6;12;3;52;10;63;10;41;12;89;12;15;18;52;23;73;23;30;33;92;33;12;43;52;1;1;1;1;4;2;1;1;1;2;6;2;0;0;0;0;0;0;0;0;0;0;0;0;1;1;3;2;4;5;5;10;9;12;3;52;10;63;10;41;12;89;12;15;18;52;25;73;25;30;37;84;37;20;43;52;0;1;1;3;2;4;5;5;10;9;12;3;52;10;63;10;41;12;89;12;15;18;52;27;70;27;33;42;85;42;19;43;52;0;1;1;3;2;4;5;5;7;6;12;3;52;10;63;10;41;12;89;12;15;18;52;25;75;25;28;34;87;34;17;43;52;0;0;1;0;7;2;1;1;0;5;3;2;0;0;0;0;0;0;0;0;0;0;0;0;5;3;10;9;13;20;16;23;22;28;1;4;6;8;11;14;15;18;21;25;24;27;2;7;32;12;17;31;19;33;26;29;30;34;35;36;37;38;39;9;9;9;9;9;9;28;255;255;255;0;0;0;0;0;0;0
2719;0;1;1;3;2;5;8;8;10;9;12;3;52;10;63;10;41;12;89;12;15;23;52;29;78;29;26;38;89;38;16;43;52;0;1;1;3;2;5;8;8;10;9;12;3;52;10;63;10;41;12;89;12;15;23;52;29;78;29;26;38;89;38;16;43;52;0;1;1;3;2;4;5;5;10;9;12;3;52;10;63;10;41;12;89;12;15;19;52;29;78;29;26;38;89;38;16;43;52;0;0;1;0;7;3;1;1;0;6;4;2;0;7;0;12;0;0;0;0;0;0;0;0;1;1;3;2;4;5;5;10;9;12;3;52;10;63;10;41;12;89;12;15;20;52;28;66;28;37;38;89;38;16;43;52;0;1;1;3;2;4;8;8;10;9;12;3;52;10;63;10;41;12;89;12;15;20;52;31;67;31;37;38;89;38;16;43;52;0;1;1;3;2;4;5;5;10;9;12;3;52;10;63;10;41;12;89;12;15;20;52;28;66;28;37;38;89;38;16;43;52;0;0;1;1;8;2;1;1;0;5;5;3;0;7;0;12;0;0;0;0;0;0;0;0;1;1;3;2;5;8;8;10;9;12;3;52;10;63;10;41;12;89;12;15;23;52;29;78;29;26;38;89;38;16;43;52;0;1;1;3;2;5;8;8;10;9;12;3;52;10;63;10;41;12;89;12;15;23;52;29;78;29;26;38;89;38;16;43;52;0;1;1;3;2;4;5;5;10;9;12;3;52;10;63;10;41;12;89;12;15;19;52;29;78;29;26;38;89;38;16;43;52;0;0;1;0;7;3;1;1;0;6;4;2;0;7;0;12;0;0;0;0;0;0;0;0;5;3;19;7;13;21;20;24;22;28;1;4;6;11;12;15;16;23;18;27;25;30;2;31;8;9;10;14;17;32;26;29;33;34;35;36;37;38;39;5;20;20;20;20;28;7;255;255;255;0;0;0;0;0;0;0
2722;0;1;1;3;2;4;5;5;10;9;12;3;52;10;63;10;41;12;89;12;15;23;52;27;78;27;25;42;94;42;10;43;52;0;1;1;3;2;4;8;8;10;9;12;3;52;10;63;10;41;12;89;12;15;22;52;32;70;32;34;42;85;42;19;43;52;0;1;1;3;2;4;5;5;7;6;12;3;52;10;63;10;41;12;89;12;15;22;52;25;77;25;27;32;94;32;10;43;52;1;1;1;0;5;3;1;1;0;3;4;2;0;2;0;0;0;0;0;0;0;0;0;0;1;1;3;2;4;4;5;10;9;12;3;52;10;63;10;41;12;89;12;15;22;64;22;38;30;51;37;88;37;16;43;52;0;1;1;3;2;4;4;5;10;9;12;3;52;10;63;10;41;12;89;12;15;22;64;22;38;30;51;37;88;37;16;43;52;0;1;1;3;2;4;4;5;10;9;12;3;52;10;63;10;41;12;89;12;15;22;64;22;38;30;51;37;88;37;16;43;52;1;1;1;0;6;2;1;1;0;2;5;2;0;2;0;0;0;0;0;0;0;0;0;0;1;1;3;2;4;5;5;10;9;12;3;52;10;63;10;41;12;89;12;15;23;52;27;78;27;25;42;94;42;10;43;52;0;1;1;3;2;4;8;8;10;9;12;3;52;10;63;10;41;12;89;12;15;22;52;32;70;32;34;42;85;42;19;43;52;0;1;1;3;2;4;5;5;7;6;12;3;52;10;63;10;41;12;89;12;15;22;52;25;77;25;27;32;94;32;10;43;52;1;1;1;0;5;3;1;1;0;3;4;2;0;2;0;0;0;0;0;0;0;0;0;1;4;3;10;8;12;13;15;22;20;24;0;5;6;9;11;14;16;23;17;25;26;27;2;7;29;31;18;19;21;30;28;32;33;34;35;36;37;38;39;20;15;15;15;15;20;4;255;255;255;0;0;0;0;0;0;0
2726;0;1;1;3;2;4;5;5;7;6;12;3;52;11;64;11;40;13;88;13;16;19;52;25;68;25;36;33;84;33;20;43;52;0;1;1;3;2;4;5;5;10;9;12;3;52;11;64;11;40;13;88;13;16;19;52;25;68;25;36;36;87;36;17;43;52;0;1;1;3;2;4;4;4;7;6;12;3;52;11;64;11;40;13;88;13;16;19;52;25;68;25;36;33;84;33;20;43;52;0;1;1;0;5;2;1;1;1;6;4;2;0;0;0;0;0;0;0;0;0;0;0;0;1;1;3;2;4;4;4;7;6;12;3;52;11;64;11;40;13;88;13;16;19;52;21;71;21;32;33;84;33;20;43;52;0;1;1;3;2;4;5;5;10;9;12;3;52;11;64;11;40;13;88;13;16;19;52;21;71;21;32;35;85;35;18;43;52;0;1;1;3;2;4;4;4;7;6;12;3;52;11;64;11;40;13;88;13;16;19;52;21;71;21;32;33;84;33;20;43;52;0;0;1;0;6;2;1;1;1;3;5;3;0;0;0;0;0;0;0;0;0;0;0;0;1;1;3;2;4;5;5;7;6;12;3;52;11;64;11;40;13;88;13;16;19;52;25;68;25;36;33;84;33;20;43;52;0;1;1;3;2;4;5;5;10;9;12;3;52;11;64;11;40;13;88;13;16;19;52;25;68;25;36;36;87;36;17;43;52;0;1;1;3;2;4;4;4;7;6;12;3;52;11;64;11;40;13;88;13;16;19;52;25;68;25;36;33;84;33;20;43;52;0;1;1;0;5;2;1;1;1;6;4;2;0;0;0;0;0;0;0;0;0;0;0;1;7;3;10;9;12;20;15;21;19;26;2;4;5;6;11;14;16;13;25;23;24;28;0;8;30;17;18;22;27;29;31;32;33;34;35;36;37;38;39;7;9;9;9;9;9;10;255;255;255;0;0;0;0;0;0;0
2727;0;1;1;1;4;4;7;6;8;8;12;3;52;10;52;10;73;10;31;18;64;18;40;26;86;26;17;34;65;34;39;43;52;0;1;1;1;4;4;7;6;8;8;12;3;52;10;52;10;73;10;31;18;64;18;40;26;86;26;17;34;65;34;39;43;52;0;1;1;1;4;4;3;2;5;5;12;3;52;10;52;10;73;10;31;18;64;18;40;15;90;15;14;34;65;34;39;43;52;0;0;0;1;8;2;1;0;1;7;3;2;0;0;0;0;0;0;0;0;0;0;0;0;1;1;1;4;4;3;2;8;8;12;3;52;10;52;10;73;10;31;18;64;18;40;15;88;15;16;34;65;34;39;43;52;0;1;1;1;4;4;7;6;8;8;12;3;52;10;52;10;73;10;31;18;64;18;40;23;87;23;16;34;65;34;39;43;52;0;1;1;1;4;4;3;2;8;8;12;3;52;10;52;10;73;10;31;18;64;18;40;15;88;15;16;34;65;34;39;43;52;0;0;0;1;4;2;1;0;1;8;4;2;0;0;0;0;0;0;0;0;0;0;0;0;1;1;1;4;4;7;6;8;8;12;3;52;10;52;10;73;10;31;18;64;18;40;26;86;26;17;34;65;34;39;43;52;0;1;1;1;4;4;7;6;8;8;12;3;52;10;52;10;73;10;31;18;64;18;40;26;86;26;17;34;65;34;39;43;52;0;1;1;1;4;4;3;2;5;5;12;3;52;10;52;10;73;10;31;18;64;18;40;15;90;15;14;34;65;34;39;43;52;0;0;0;1;8;2;1;0;1;7;3;2;0;0;0;0;0;0;0;0;0;0;0;0;4;5;3;13;16;21;24;15;17;30;1;6;7;32;9;10;11;12;19;23;27;28;2;8;33;14;31;20;18;22;25;26;29;34;35;36;37;38;39;5;21;21;21;21;30;17;255;255;255;0;0;0;0;0;0;0
2730;0;1;1;3;2;4;5;5;8;8;12;3;52;10;63;10;41;12;89;12;15;18;52;27;78;27;26;34;69;34;38;43;53;0;1;1;3;2;4;5;5;11;11;12;3;52;10;63;10;41;12;89;12;15;18;52;27;78;27;26;36;68;36;34;43;52;0;1;1;3;2;4;5;5;8;8;12;3;52;10;63;10;41;12;89;12;15;18;52;25;79;25;25;32;70;32;34;43;52;0;1;1;1;5;3;0;1;0;5;2;2;0;0;0;0;0;0;0;0;0;0;0;0;1;1;3;2;4;4;5;5;12;12;3;52;10;63;10;41;12;89;12;15;20;64;20;40;30;77;30;26;43;66;43;38;0;1;1;3;2;4;4;8;8;12;12;3;52;10;63;10;41;12;89;12;15;20;64;20;40;34;79;34;25;43;66;43;38;0;1;1;3;2;4;4;5;5;12;12;3;52;10;63;10;41;12;89;12;15;20;64;20;40;30;77;30;26;43;66;43;38;0;1;1;1;5;2;0;0;0;7;3;2;0;0;0;0;0;0;0;0;0;0;0;0;1;1;3;2;4;5;5;8;8;12;3;52;10;63;10;41;12;89;12;15;18;52;27;78;27;26;34;69;34;38;43;53;0;1;1;3;2;4;5;5;11;11;12;3;52;10;63;10;41;12;89;12;15;18;52;27;78;27;26;36;68;36;34;43;52;0;1;1;3;2;4;5;5;8;8;12;3;52;10;63;10;41;12;89;12;15;18;52;25;79;25;25;32;70;32;34;43;52;0;1;1;1;5;3;0;1;0;5;2;2;0;0;0;0;0;0;0;0;0;0;0;0;2;5;12;9;15;16;14;20;21;29;1;3;4;7;8;13;17;34;23;19;27;28;35;6;10;11;18;22;24;25;26;30;31;32;33;36;37;38;39;5;9;9;9;9;9;5;255;255;255;0;0;0;0;0;0;0
3095;0;1;1;1;3;2;4;4;8;8;12;3;52;10;52;10;73;10;31;15;89;15;15;20;64;20;40;32;78;32;26;43;52;0;1;1;1;7;6;4;4;11;11;12;3;52;10;52;10;73;10;31;19;90;19;14;20;64;20;40;36;79;36;25;43;52;0;1;1;1;3;2;4;4;5;5;12;3;52;10;52;10;73;10;31;15;89;15;15;20;64;20;40;30;80;30;25;43;52;0;0;1;1;5;3;1;1;1;4;7;2;0;0;0;0;0;0;0;0;0;0;0;0;1;1;1;3;2;4;4;7;6;12;3;52;10;52;10;73;10;31;15;89;15;15;20;64;20;40;34;86;34;18;43;52;0;1;1;1;3;2;5;5;10;9;12;3;52;10;52;10;73;10;31;15;89;15;15;24;64;24;40;36;87;36;19;43;52;0;1;1;1;3;2;4;4;7;6;12;3;52;10;52;10;73;10;31;15;89;15;15;20;64;20;40;34;86;34;18;43;52;0;0;0;0;5;2;1;0;1;3;8;2;0;0;0;0;0;0;0;0;0;0;0;0;1;1;1;3;2;4;4;8;8;12;3;52;10;52;10;73;10;31;15;89;15;15;20;64;20;40;32;78;32;26;43;52;0;1;1;1;7;6;4;4;11;11;12;3;52;10;52;10;73;10;31;19;90;19;14;20;64;20;40;36;79;36;25;43;52;0;1;1;1;3;2;4;4;5;5;12;3;52;10;52;10;73;10;31;15;89;15;15;20;64;20;40;30;80;30;25;43;52;0;0;1;1;5;3;1;1;1;4;7;2;0;0;0;0;0;0;0;0;0;0;0;0;7;6;4;10;8;13;11;12;18;21;1;3;5;25;9;15;14;16;17;19;22;23;2;20;24;26;27;28;29;30;31;32;33;34;35;36;37;38;39;0;8;13;13;13;21;18;255;255;255;0;0;0;0;0;0;0
3099;0;1;1;1;3;2;4;4;5;12;12;3;52;10;52;10;73;10;31;15;89;15;15;20;64;20;40;28;52;43;66;43;38;0;1;1;1;7;6;5;5;8;12;12;3;52;10;52;10;73;10;31;20;89;20;15;20;64;20;40;30;52;43;66;43;38;0;1;1;1;3;2;4;4;5;11;12;3;52;10;52;10;73;10;31;15;89;15;15;20;64;20;40;28;52;38;66;43;38;1;1;1;0;4;2;1;1;1;5;5;2;0;0;0;0;0;0;0;0;0;0;0;0;1;1;1;3;2;4;4;5;12;12;3;52;10;52;10;73;10;31;15;89;15;15;20;64;20;40;27;52;43;66;43;38;0;1;1;1;3;2;4;4;8;12;12;3;52;10;52;10;73;10;31;15;89;15;15;20;64;20;40;32;52;43;66;43;38;0;1;1;1;3;2;4;4;5;12;12;3;52;10;52;10;73;10;31;15;89;15;15;20;64;20;40;28;52;43;66;43;38;1;1;1;0;5;2;1;0;1;4;6;3;0;0;0;0;0;0;0;0;0;0;0;0;1;1;1;3;2;4;4;5;12;12;3;52;10;52;10;73;10;31;15;89;15;15;20;64;20;40;28;52;43;66;43;38;0;1;1;1;7;6;5;5;8;12;12;3;52;10;52;10;73;10;31;20;89;20;15;20;64;20;40;30;52;43;66;43;38;0;1;1;1;3;2;4;4;5;11;12;3;52;10;52;10;73;10;31;15;89;15;15;20;64;20;40;28;52;38;66;43;38;1;1;1;0;4;2;1;1;1;5;5;2;0;0;0;0;0;0;0;0;0;0;0;1;4;9;6;12;11;14;16;15;26;25;0;7;8;5;19;13;17;22;10;21;23;24;2;3;18;20;27;28;29;30;31;32;33;34;35;36;37;38;39;6;9;9;9;9;9;6;255;255;255;0;0;0;0;0;0;0
4071;0;1;1;3;2;4;5;5;7;6;12;3;52;10;63;10;41;12;89;12;15;18;52;27;70;27;34;34;93;34;11;43;52;0;1;1;3;2;5;5;5;10;9;12;3;52;10;63;10;41;12;89;12;15;22;51;27;70;27;34;39;90;39;15;43;52;0;1;1;3;2;4;5;5;7;6;12;3;52;10;63;10;41;12;89;12;15;18;52;27;70;27;34;34;93;34;11;43;52;0;1;0;0;4;3;1;1;1;5;4;2;0;4;0;12;0;0;0;0;0;0;0;0;1;1;3;2;4;4;8;7;6;12;3;52;9;63;9;40;11;89;11;14;20;64;20;40;28;52;29;91;29;14;41;51;0;1;1;3;2;5;5;11;7;6;12;3;52;9;63;9;40;11;89;11;14;20;64;20;40;35;51;29;91;29;14;41;51;0;1;1;3;2;4;4;8;7;6;12;3;52;9;63;9;40;11;89;11;14;20;64;20;40;28;52;29;91;29;14;41;51;0;1;0;0;5;2;1;0;1;4;5;3;0;4;0;12;0;0;0;0;0;0;0;0;1;1;3;2;4;5;5;7;6;12;3;52;10;63;10;41;12;89;12;15;18;52;27;70;27;34;34;93;34;11;43;52;0;1;1;3;2;5;5;5;10;9;12;3;52;10;63;10;41;12;89;12;15;22;51;27;70;27;34;39;90;39;15;43;52;0;1;1;3;2;4;5;5;7;6;12;3;52;10;63;10;41;12;89;12;15;18;52;27;70;27;34;34;93;34;11;43;52;0;1;0;0;4;3;1;1;1;5;4;2;0;4;0;12;0;0;0;0;0;0;0;0;3;4;11;8;12;13;15;17;18;22;2;5;6;9;10;14;16;19;20;21;23;25;1;29;7;28;27;26;24;30;31;32;33;34;35;36;37;38;39;11;15;13;15;15;22;8;255;255;255;0;0;0;0;0;0;0
4092;0;1;1;3;2;5;5;7;6;8;12;3;52;11;64;11;40;13;88;13;16;21;68;21;36;31;88;31;16;31;52;43;52;0;1;1;3;2;5;5;10;9;8;12;3;52;11;64;11;40;13;88;13;16;21;68;21;36;35;87;35;17;31;52;43;52;0;1;1;3;2;4;4;7;6;8;12;3;52;11;64;11;40;13;88;13;16;21;68;21;36;31;88;31;16;31;52;43;52;0;0;0;0;4;2;1;1;0;7;5;2;0;1;0;11;0;0;0;0;0;0;0;0;1;1;3;2;4;4;7;6;8;12;3;52;11;64;11;40;13;88;13;16;21;68;21;36;31;88;31;16;31;52;43;52;0;1;1;3;2;4;4;7;6;8;12;3;52;11;64;11;40;13;88;13;16;21;68;21;36;31;88;31;16;31;52;43;52;0;1;1;3;2;4;4;7;6;8;12;3;52;11;64;11;40;13;88;13;16;21;68;21;36;31;88;31;16;31;52;43;52;0;0;0;0;5;2;1;1;0;6;6;2;0;1;0;11;0;0;0;0;0;0;0;0;1;1;3;2;5;5;7;6;8;12;3;52;11;64;11;40;13;88;13;16;21;68;21;36;31;88;31;16;31;52;43;52;0;1;1;3;2;5;5;10;9;8;12;3;52;11;64;11;40;13;88;13;16;21;68;21;36;35;87;35;17;31;52;43;52;0;1;1;3;2;4;4;7;6;8;12;3;52;11;64;11;40;13;88;13;16;21;68;21;36;31;88;31;16;31;52;43;52;0;0;0;0;4;2;1;1;0;7;5;2;0;1;0;11;0;0;0;0;0;0;0;1;4;3;10;7;16;17;21;18;13;22;0;2;5;8;9;6;11;12;14;15;19;20;23;24;25;26;27;28;29;30;31;32;33;34;35;36;37;38;39;3;18;4;17;17;18;16;255;255;255;0;0;0;0;0;0;0
4094;0;1;1;3;2;5;5;8;10;9;12;3;52;11;64;11;40;13;88;13;16;22;67;22;36;29;52;39;84;39;20;43;52;0;1;1;3;2;5;5;11;10;9;12;3;52;11;64;11;40;13;88;13;16;22;67;22;36;35;52;39;84;39;20;43;52;0;1;1;3;2;5;5;8;7;6;12;3;52;11;64;11;40;13;88;13;16;22;67;22;36;29;52;34;88;34;17;43;52;1;1;1;1;6;3;1;0;0;4;5;2;0;2;0;11;0;0;0;0;0;0;0;0;1;1;3;2;4;4;8;10;9;12;3;52;11;64;11;40;13;88;13;16;20;63;20;41;29;52;39;84;39;20;43;52;0;1;1;3;2;4;4;8;10;9;12;3;52;11;64;11;40;13;88;13;16;20;63;20;41;29;52;39;84;39;20;43;52;0;1;1;3;2;4;4;8;10;9;12;3;52;11;64;11;40;13;88;13;16;20;63;20;41;29;52;39;84;39;20;43;52;1;1;1;1;7;2;1;0;0;3;6;2;0;2;0;11;0;0;0;0;0;0;0;0;1;1;3;2;5;5;8;10;9;12;3;52;11;64;11;40;13;88;13;16;22;67;22;36;29;52;39;84;39;20;43;52;0;1;1;3;2;5;5;11;10;9;12;3;52;11;64;11;40;13;88;13;16;22;67;22;36;35;52;39;84;39;20;43;52;0;1;1;3;2;5;5;8;7;6;12;3;52;11;64;11;40;13;88;13;16;22;67;22;36;29;52;34;88;34;17;43;52;1;1;1;1;6;3;1;0;0;4;5;2;0;2;0;11;0;0;0;0;0;0;0;0;5;3;12;7;13;18;16;24;21;26;1;4;6;10;11;14;17;19;20;25;23;27;2;8;9;29;15;22;28;30;31;32;33;34;35;36;37;38;39;24;16;18;16;16;26;7;255;255;255;0;0;0;0;0;0;0
4108;0;1;1;3;2;4;5;5;7;6;12;3;52;10;63;10;41;12;89;12;15;18;52;24;67;24;36;34;89;34;15;43;52;0;1;1;3;2;4;8;8;10;9;12;3;52;10;63;10;41;12;89;12;15;18;52;29;68;29;36;36;89;36;15;43;52;0;1;1;3;2;4;5;5;7;6;12;3;52;10;63;10;41;12;89;12;15;18;52;24;67;24;36;28;94;28;10;43;52;0;0;0;0;8;2;1;1;1;3;5;2;0;1;0;0;0;0;0;0;0;0;0;0;1;1;3;2;4;4;7;6;8;12;3;52;11;64;11;40;13;88;13;16;19;64;19;40;31;88;31;16;28;52;43;52;0;1;1;3;2;4;4;10;9;8;12;3;52;11;64;11;40;13;88;13;16;19;64;19;40;36;89;36;15;28;52;43;52;0;1;1;3;2;4;4;7;6;8;12;3;52;11;64;11;40;13;88;13;16;19;64;19;40;31;88;31;16;28;52;43;52;0;0;0;0;9;2;1;1;1;2;6;3;0;1;0;0;0;0;0;0;0;0;0;0;1;1;3;2;4;5;5;7;6;12;3;52;10;63;10;41;12;89;12;15;18;52;24;67;24;36;34;89;34;15;43;52;0;1;1;3;2;4;8;8;10;9;12;3;52;10;63;10;41;12;89;12;15;18;52;29;68;29;36;36;89;36;15;43;52;0;1;1;3;2;4;5;5;7;6;12;3;52;10;63;10;41;12;89;12;15;18;52;24;67;24;36;28;94;28;10;43;52;0;0;0;0;8;2;1;1;1;3;5;2;0;1;0;0;0;0;0;0;0;0;0;0;2;6;12;9;18;16;17;30;28;31;1;3;4;10;13;19;26;20;24;25;32;29;5;7;8;14;21;11;15;22;23;27;33;34;35;36;37;38;39;6;9;9;9;9;9;30;255;255;255;0;0;0;0;0;0;0
4115;0;1;1;3;2;4;5;5;10;9;12;3;52;10;63;10;41;12;89;12;15;18;52;27;68;27;36;39;89;39;15;43;52;0;1;1;3;2;5;5;7;6;12;12;3;52;10;63;10;41;12;89;12;15;20;64;20;40;30;87;30;18;43;64;43;38;0;1;1;3;2;4;5;5;7;6;12;3;52;10;63;10;41;12;89;12;15;18;52;27;68;27;36;31;94;31;10;43;52;1;0;0;0;7;2;1;0;1;4;4;2;0;0;0;0;0;0;0;0;0;0;0;0;1;1;3;2;4;5;5;7;6;12;3;52;10;63;10;41;12;89;12;15;19;52;25;70;25;33;28;94;28;10;43;52;0;1;1;3;2;4;5;5;7;6;12;3;52;10;63;10;41;12;89;12;15;19;52;25;70;25;33;28;94;28;10;43;52;0;1;1;3;2;4;5;5;7;6;12;3;52;10;63;10;41;12;89;12;15;19;52;25;70;25;33;28;94;28;10;43;52;0;0;0;0;5;2;0;0;1;6;7;3;0;0;0;0;0;0;0;0;0;0;0;0;1;1;3;2;4;5;5;10;9;12;3;52;10;63;10;41;12;89;12;15;18;52;27;68;27;36;39;89;39;15;43;52;0;1;1;3;2;5;5;7;6;12;12;3;52;10;63;10;41;12;89;12;15;20;64;20;40;30;87;30;18;43;64;43;38;0;1;1;3;2;4;5;5;7;6;12;3;52;10;63;10;41;12;89;12;15;18;52;27;68;27;36;31;94;31;10;43;52;1;0;0;0;7;2;1;0;1;4;4;2;0;0;0;0;0;0;0;0;0;0;0;0;3;2;6;4;8;10;9;15;13;19;1;7;5;21;16;11;12;14;17;18;20;22;23;24;25;26;27;28;29;30;31;32;33;34;35;36;37;38;39;10;9;9;9;9;9;10;255;255;255;0;0;0;0;0;0;0
4123;0;1;1;3;2;5;5;8;10;9;12;3;52;10;63;10;41;12;89;12;15;22;65;22;39;32;52;37;90;37;14;43;52;0;1;1;3;2;5;5;8;10;9;12;3;52;10;63;10;41;15;88;15;16;25;69;25;36;32;52;37;90;37;14;43;52;0;1;1;3;2;4;4;8;7;6;12;3;52;10;63;10;41;12;89;12;15;22;65;22;39;32;52;32;90;32;14;43;52;1;0;1;0;7;2;1;0;1;4;6;2;0;7;0;12;0;0;0;0;0;0;0;0;1;1;3;2;4;4;5;10;9;12;3;52;11;64;11;40;13;88;13;16;21;63;21;41;28;52;39;84;39;20;43;52;0;1;1;3;2;4;4;8;10;9;12;3;52;11;64;11;40;13;88;13;16;21;63;21;41;32;53;39;84;39;20;43;52;0;1;1;3;2;4;4;5;10;9;12;3;52;11;64;11;40;13;88;13;16;21;63;21;41;28;52;39;84;39;20;43;52;1;0;1;0;8;2;1;0;1;1;7;3;0;7;0;12;0;0;0;0;0;0;0;0;1;1;3;2;5;5;8;10;9;12;3;52;10;63;10;41;12;89;12;15;22;65;22;39;32;52;37;90;37;14;43;52;0;1;1;3;2;5;5;8;10;9;12;3;52;10;63;10;41;15;88;15;16;25;69;25;36;32;52;37;90;37;14;43;52;0;1;1;3;2;4;4;8;7;6;12;3;52;10;63;10;41;12;89;12;15;22;65;22;39;32;52;32;90;32;14;43;52;1;0;1;0;7;2;1;0;1;4;6;2;0;7;0;12;0;0;0;0;0;0;0;0;6;4;10;7;16;13;21;22;20;24;1;3;9;11;5;15;17;18;19;23;25;26;2;27;8;14;12;28;29;30;31;32;33;34;35;36;37;38;39;10;22;16;21;21;24;6;255;255;255;0;0;0;0;0;0;0
4124;0;1;1;1;3;2;4;5;5;8;12;3;52;10;52;10;73;10;31;15;89;15;15;19;54;27;78;27;27;34;53;43;52;0;1;1;1;7;6;4;5;5;8;12;3;52;10;52;10;73;10;31;16;89;16;15;19;54;28;77;28;26;34;53;43;52;0;1;1;1;3;2;4;5;5;5;12;3;52;10;52;10;73;10;31;15;89;15;15;19;54;27;78;27;27;29;51;43;52;1;1;1;0;7;2;1;1;0;4;7;2;0;0;0;0;0;0;0;0;0;0;0;0;1;1;1;3;2;4;4;8;8;12;3;52;10;52;10;73;10;31;15;89;15;15;20;64;20;40;34;79;34;25;43;52;0;1;1;1;3;2;5;5;8;8;12;3;52;10;52;10;73;10;31;15;89;15;15;23;66;23;39;34;79;34;25;43;52;0;1;1;1;3;2;4;4;8;8;12;3;52;10;52;10;73;10;31;15;89;15;15;20;64;20;40;34;79;34;25;43;52;0;1;1;0;5;2;1;1;0;6;8;3;0;0;0;0;0;0;0;0;0;0;0;0;1;1;1;3;2;4;5;5;8;12;3;52;10;52;10;73;10;31;15;89;15;15;19;54;27;78;27;27;34;53;43;52;0;1;1;1;7;6;4;5;5;8;12;3;52;10;52;10;73;10;31;16;89;16;15;19;54;28;77;28;26;34;53;43;52;0;1;1;1;3;2;4;5;5;5;12;3;52;10;52;10;73;10;31;15;89;15;15;19;54;27;78;27;27;29;51;43;52;1;1;1;0;7;2;1;1;0;4;7;2;0;0;0;0;0;0;0;0;0;0;0;1;5;8;6;13;10;14;19;18;23;26;0;4;3;11;12;15;16;20;21;24;25;27;2;7;9;17;22;28;29;30;31;32;33;34;35;36;37;38;39;8;26;14;23;23;26;23;255;255;255;0;0;0;0;0;0;0
4126;0;1;1;3;2;4;5;5;10;9;12;3;52;10;63;10;41;12;89;12;15;18;52;27;69;27;35;36;93;36;11;40;51;0;1;1;3;2;4;8;8;10;9;12;3;52;10;63;10;41;12;89;12;15;18;52;31;78;31;26;43;88;43;16;40;51;0;1;1;3;2;4;5;5;10;9;12;3;52;10;63;10;41;12;89;12;15;18;52;23;76;23;28;36;93;36;11;40;51;1;0;0;1;8;2;0;0;1;6;6;2;0;0;0;0;0;0;0;0;0;0;0;0;1;1;3;2;4;4;8;7;6;12;3;52;9;63;9;40;11;89;11;14;19;66;19;39;31;52;28;92;28;13;42;52;0;1;1;3;2;5;5;8;10;9;12;3;52;9;63;9;40;11;89;11;14;19;66;19;39;31;52;35;92;35;12;42;52;0;1;1;3;2;4;4;8;7;6;12;3;52;9;63;9;40;11;89;11;14;19;66;19;39;31;52;28;92;28;13;42;52;1;0;0;0;5;2;0;0;1;7;5;2;0;0;0;0;0;0;0;0;0;0;0;0;1;1;3;2;4;5;5;10;9;12;3;52;10;63;10;41;12;89;12;15;18;52;27;69;27;35;36;93;36;11;40;51;0;1;1;3;2;4;8;8;10;9;12;3;52;10;63;10;41;12;89;12;15;18;52;31;78;31;26;43;88;43;16;40;51;0;1;1;3;2;4;5;5;10;9;12;3;52;10;63;10;41;12;89;12;15;18;52;23;76;23;28;36;93;36;11;40;51;1;0;0;1;8;2;0;0;1;6;6;2;0;0;0;0;0;0;0;0;0;0;0;0;6;5;11;9;12;13;15;25;19;18;1;4;7;8;10;14;16;17;20;21;22;23;2;3;24;26;27;28;29;30;31;32;33;34;35;36;37;38;39;0;18;13;12;12;18;19;255;255;255;0;0;0;0;0;0;0
4137;0;1;1;3;2;4;4;5;10;9;12;3;52;10;63;10;41;12;89;12;15;22;65;22;39;29;51;37;90;37;14;43;52;0;1;1;3;2;4;4;8;10;9;12;3;52;10;63;10;41;12;89;12;15;22;65;22;39;34;52;37;90;37;14;43;52;0;1;1;3;2;4;4;5;10;9;12;3;52;10;63;10;41;12;89;12;15;22;65;22;39;29;51;36;90;36;14;43;52;0;0;1;1;7;2;0;1;1;9;4;2;0;0;0;0;0;0;0;0;0;0;0;0;1;1;3;2;4;4;5;5;5;12;3;52;10;63;10;41;12;89;12;15;20;66;20;39;27;52;26;83;25;17;43;52;0;1;1;3;2;4;4;5;5;5;12;3;52;10;63;10;41;12;89;12;15;20;66;20;39;27;52;26;83;25;17;43;52;0;1;1;3;2;4;4;5;5;5;12;3;52;10;63;10;41;12;89;12;15;20;66;20;39;27;52;26;83;25;17;43;52;0;0;0;0;6;1;1;0;0;4;6;3;0;0;0;0;0;0;0;0;0;0;0;0;1;1;3;2;4;4;5;10;9;12;3;52;10;63;10;41;12;89;12;15;22;65;22;39;29;51;37;90;37;14;43;52;0;1;1;3;2;4;4;8;10;9;12;3;52;10;63;10;41;12;89;12;15;22;65;22;39;34;52;37;90;37;14;43;52;0;1;1;3;2;4;4;5;10;9;12;3;52;10;63;10;41;12;89;12;15;22;65;22;39;29;51;36;90;36;14;43;52;0;0;1;1;7;2;0;1;1;9;4;2;0;0;0;0;0;0;0;0;0;0;0;0;7;3;17;10;12;13;16;21;18;24;1;4;5;6;9;11;14;15;19;20;25;27;2;8;22;23;26;28;29;30;31;32;33;34;35;36;37;38;39;0;21;16;16;16;18;10;255;255;255;0;0;0;0;0;0;0
4139;0;1;1;1;3;2;4;4;5;12;12;3;52;10;52;10;73;10;31;15;89;15;15;22;67;22;36;32;52;43;66;43;38;0;1;1;1;7;6;4;4;8;12;12;3;52;10;52;10;73;10;31;26;89;26;15;22;67;22;36;34;52;43;66;43;38;0;1;1;1;3;2;4;4;8;11;12;3;52;10;52;10;73;10;31;15;89;15;15;22;67;22;36;32;52;39;73;43;38;0;0;1;1;3;2;1;1;0;8;4;2;0;0;0;0;0;0;0;0;0;0;0;0;1;1;1;3;2;4;4;8;12;12;3;52;10;52;10;73;10;31;15;89;15;15;22;67;22;36;32;52;43;66;43;38;0;1;1;1;3;2;4;4;11;12;12;3;52;10;52;10;73;10;31;15;89;15;15;22;67;22;36;35;52;43;66;43;38;0;1;1;1;3;2;4;4;8;12;12;3;52;10;52;10;73;10;31;15;89;15;15;22;67;22;36;32;52;43;66;43;38;0;0;1;1;3;2;1;1;1;6;6;2;0;0;0;0;0;0;0;0;0;0;0;0;1;1;1;3;2;4;4;5;12;12;3;52;10;52;10;73;10;31;15;89;15;15;22;67;22;36;32;52;43;66;43;38;0;1;1;1;7;6;4;4;8;12;12;3;52;10;52;10;73;10;31;26;89;26;15;22;67;22;36;34;52;43;66;43;38;0;1;1;1;3;2;4;4;8;11;12;3;52;10;52;10;73;10;31;15;89;15;15;22;67;22;36;32;52;39;73;43;38;0;0;1;1;3;2;1;1;0;8;4;2;0;0;0;0;0;0;0;0;0;0;0;1;15;7;4;13;10;17;19;20;25;23;3;5;6;8;11;14;16;18;22;12;24;26;0;2;9;29;27;28;21;30;31;32;33;34;35;36;37;38;39;20;19;17;19;19;23;7;255;255;255;0;0;0;0;0;0;0
4140;0;1;1;1;4;4;7;6;8;8;12;3;52;10;52;10;73;10;31;18;64;18;40;26;89;26;15;32;70;32;34;43;52;0;1;1;1;4;4;7;6;11;11;12;3;52;10;52;10;73;10;31;18;64;18;40;26;89;26;15;35;71;35;33;43;52;0;1;1;1;4;4;3;2;8;8;12;3;52;10;52;10;73;10;31;18;64;18;40;15;94;15;10;32;70;32;34;43;52;1;1;0;1;4;2;1;1;1;4;8;2;0;0;0;0;0;0;0;0;0;0;0;0;1;1;1;4;4;3;2;8;8;12;3;52;10;52;10;73;10;31;18;64;18;40;15;89;15;15;32;70;32;34;43;52;0;1;1;1;4;4;7;6;8;8;12;3;52;10;52;10;73;10;31;18;64;18;40;26;89;26;15;32;70;32;34;43;52;0;1;1;1;4;4;3;2;8;8;12;3;52;10;52;10;73;10;31;18;64;18;40;15;92;15;12;32;70;32;34;43;52;1;0;0;0;3;2;1;1;1;4;8;3;0;0;0;0;0;0;0;0;0;0;0;0;1;1;1;4;4;7;6;8;8;12;3;52;10;52;10;73;10;31;18;64;18;40;26;89;26;15;32;70;32;34;43;52;0;1;1;1;4;4;7;6;11;11;12;3;52;10;52;10;73;10;31;18;64;18;40;26;89;26;15;35;71;35;33;43;52;0;1;1;1;4;4;3;2;8;8;12;3;52;10;52;10;73;10;31;18;64;18;40;15;94;15;10;32;70;32;34;43;52;1;1;0;1;4;2;1;1;1;4;8;2;0;0;0;0;0;0;0;0;0;0;0;0;4;3;5;12;11;10;13;16;15;21;1;6;7;8;9;14;18;19;22;23;17;20;2;24;25;26;27;28;29;30;31;32;33;34;35;36;37;38;39;10;10;10;10;10;16;16;255;255;255;0;0;0;0;0;0;0
4141;0;1;1;1;3;2;4;5;5;11;12;3;52;10;52;10;73;10;31;15;89;15;15;20;52;27;70;27;33;40;66;43;38;0;1;1;1;3;2;4;8;8;11;12;3;52;10;52;10;73;10;31;15;89;15;15;20;52;31;72;31;32;40;66;43;38;0;1;1;1;3;2;4;5;5;11;12;3;52;10;52;10;73;10;31;15;89;15;15;20;52;27;70;27;33;40;66;43;38;0;1;1;1;2;2;1;0;0;3;7;3;0;0;0;0;0;0;0;0;0;0;0;0;1;1;1;3;2;4;5;5;11;12;3;52;10;52;10;73;10;31;15;89;15;15;20;52;27;70;27;33;40;66;43;38;0;1;1;1;7;6;4;5;5;11;12;3;52;10;52;10;73;10;31;17;90;17;14;20;52;27;70;27;33;40;66;43;38;0;1;1;1;3;2;4;5;5;11;12;3;52;10;52;10;73;10;31;15;89;15;15;20;52;27;70;27;33;40;66;43;38;0;1;1;1;4;2;1;1;0;2;8;2;0;0;0;0;0;0;0;0;0;0;0;0;1;1;1;3;2;4;5;5;11;12;3;52;10;52;10;73;10;31;15;89;15;15;20;52;27;70;27;33;40;66;43;38;0;1;1;1;3;2;4;8;8;11;12;3;52;10;52;10;73;10;31;15;89;15;15;20;52;31;72;31;32;40;66;43;38;0;1;1;1;3;2;4;5;5;11;12;3;52;10;52;10;73;10;31;15;89;15;15;20;52;27;70;27;33;40;66;43;38;0;1;1;1;2;2;1;0;0;3;7;3;0;0;0;0;0;0;0;0;0;0;0;2;8;6;5;12;11;15;20;19;23;26;3;9;7;10;13;16;14;17;18;24;27;29;0;1;4;22;25;21;28;30;31;32;33;34;35;36;37;38;39;5;26;20;26;26;26;15;255;255;255;0;0;0;0;0;0;0
4143;0;1;1;3;2;4;4;7;6;12;12;3;52;10;63;10;41;12;92;12;13;22;68;22;37;29;92;29;10;41;65;41;40;0;1;1;3;2;4;4;10;9;12;12;3;52;10;63;10;41;12;92;12;13;22;68;22;37;35;87;35;17;41;65;41;40;0;1;1;3;2;4;4;7;6;11;12;3;52;10;63;10;41;12;92;12;13;22;68;22;37;29;92;29;10;36;65;41;40;1;0;0;0;4;2;1;1;0;6;6;2;0;0;0;0;0;0;0;0;0;0;0;0;1;1;3;2;4;4;7;6;8;12;3;52;11;65;11;40;12;94;12;14;22;67;22;38;28;91;28;14;29;52;41;52;0;1;1;3;2;4;4;7;6;8;12;3;52;11;65;11;40;12;94;12;14;22;67;22;38;28;91;28;14;29;52;41;52;0;1;1;3;2;4;4;7;6;8;12;3;52;11;65;11;40;12;94;12;14;22;67;22;38;28;91;28;14;29;52;41;52;1;0;0;0;7;2;1;1;0;4;7;2;0;0;0;0;0;0;0;0;0;0;0;0;1;1;3;2;4;4;7;6;12;12;3;52;10;63;10;41;12;92;12;13;22;68;22;37;29;92;29;10;41;65;41;40;0;1;1;3;2;4;4;10;9;12;12;3;52;10;63;10;41;12;92;12;13;22;68;22;37;35;87;35;17;41;65;41;40;0;1;1;3;2;4;4;7;6;11;12;3;52;10;63;10;41;12;92;12;13;22;68;22;37;29;92;29;10;36;65;41;40;1;0;0;0;4;2;1;1;0;6;6;2;0;0;0;0;0;0;0;0;0;0;0;0;6;3;12;10;14;15;24;11;22;27;1;4;5;7;13;18;17;19;20;23;25;26;2;8;9;16;21;28;29;30;31;32;33;34;35;36;37;38;39;6;10;10;10;10;15;15;255;255;255;0;0;0;0;0;0;0
4145;0;1;1;3;2;4;5;5;8;12;12;3;52;10;63;10;41;12;89;12;15;18;52;24;76;24;28;32;52;43;66;43;38;0;1;1;3;2;4;8;8;8;12;12;3;52;10;63;10;41;12;89;12;15;18;52;28;77;28;26;32;52;43;66;43;38;0;1;1;3;2;4;5;5;8;11;12;3;52;10;63;10;41;12;89;12;15;18;52;24;76;24;28;32;52;40;68;43;38;1;1;1;1;7;2;1;1;0;5;6;2;0;4;0;0;0;0;0;0;0;0;0;0;1;1;3;2;4;5;5;8;8;12;3;52;10;63;10;41;12;89;12;15;18;52;24;78;24;26;32;70;32;34;43;52;0;1;1;3;2;4;5;5;11;11;12;3;52;10;63;10;41;12;89;12;15;18;52;24;78;24;26;35;72;35;31;43;52;0;1;1;3;2;4;4;4;8;8;12;3;52;10;63;10;41;12;89;12;15;18;52;24;78;24;26;32;70;32;34;43;52;1;0;1;1;8;2;1;1;1;4;7;2;0;4;0;0;0;0;0;0;0;0;0;0;1;1;3;2;4;5;5;8;12;12;3;52;10;63;10;41;12;89;12;15;18;52;24;76;24;28;32;52;43;66;43;38;0;1;1;3;2;4;8;8;8;12;12;3;52;10;63;10;41;12;89;12;15;18;52;28;77;28;26;32;52;43;66;43;38;0;1;1;3;2;4;5;5;8;11;12;3;52;10;63;10;41;12;89;12;15;18;52;24;76;24;28;32;52;40;68;43;38;1;1;1;1;7;2;1;1;0;5;6;2;0;4;0;0;0;0;0;0;0;0;0;0;4;2;7;8;9;14;11;12;21;19;1;3;28;5;6;10;13;15;16;20;22;23;24;25;18;29;26;17;30;27;31;32;33;34;35;36;37;38;39;0;9;9;9;9;21;12;255;255;255;0;0;0;0;0;0;0
4146;0;1;1;3;2;4;7;6;8;8;12;3;52;10;63;10;41;12;89;12;15;18;52;30;86;30;18;27;66;27;38;43;52;0;1;1;3;2;4;10;9;8;8;12;3;52;10;63;10;41;12;89;12;15;18;52;36;88;36;16;27;66;27;38;43;52;0;1;1;3;2;4;7;6;5;5;12;3;52;10;63;10;41;12;89;12;15;18;52;30;86;30;18;24;71;24;33;43;52;0;0;1;0;8;2;0;1;0;7;6;2;0;4;0;16;0;0;0;0;0;0;0;0;1;1;3;2;4;4;7;6;8;12;3;52;10;63;10;41;12;89;12;15;20;64;20;40;30;86;30;18;32;51;43;51;0;1;1;3;2;4;4;10;9;8;12;3;52;10;63;10;41;12;89;12;15;20;64;20;40;35;90;35;14;32;51;43;51;0;1;1;3;2;4;4;7;6;8;12;3;52;10;63;10;41;12;89;12;15;20;64;20;40;30;86;30;18;32;51;43;51;0;0;1;0;8;2;0;1;1;6;8;3;0;4;0;16;0;0;0;0;0;0;0;0;1;1;3;2;4;7;6;8;8;12;3;52;10;63;10;41;12;89;12;15;18;52;30;86;30;18;27;66;27;38;43;52;0;1;1;3;2;4;10;9;8;8;12;3;52;10;63;10;41;12;89;12;15;18;52;36;88;36;16;27;66;27;38;43;52;0;1;1;3;2;4;7;6;5;5;12;3;52;10;63;10;41;12;89;12;15;18;52;30;86;30;18;24;71;24;33;43;52;0;0;1;0;8;2;0;1;0;7;6;2;0;4;0;16;0;0;0;0;0;0;0;0;5;4;9;6;11;20;17;15;16;21;1;2;3;7;8;10;13;14;19;18;22;26;23;25;24;12;29;30;28;27;31;32;33;34;35;36;37;38;39;5;9;9;9;9;9;5;255;255;255;0;0;0;0;0;0;0
4148;0;1;1;3;2;4;5;5;7;6;12;3;52;10;63;10;41;12;89;12;15;18;52;27;69;27;35;30;91;30;13;40;51;0;1;1;3;2;4;5;5;10;9;12;3;52;10;63;10;41;12;89;12;15;18;52;27;69;27;35;35;88;35;16;44;52;0;1;1;3;2;4;5;5;7;6;12;3;52;10;63;10;41;12;89;12;15;18;52;27;69;27;35;30;91;30;13;40;51;1;0;1;0;4;3;0;1;1;4;6;2;0;0;0;0;0;0;0;0;0;0;0;0;1;1;3;2;4;5;5;7;6;12;3;52;10;63;10;41;12;89;12;15;18;52;27;70;27;34;34;93;34;11;43;52;0;1;1;3;2;4;8;8;7;6;12;3;52;10;63;10;41;12;89;12;15;18;52;30;70;30;33;34;93;34;11;43;52;0;1;1;3;2;4;5;5;7;6;12;3;52;10;63;10;41;12;89;12;15;18;52;27;70;27;34;34;93;34;11;43;52;1;0;1;0;7;2;0;0;1;8;3;2;0;0;0;0;0;0;0;0;0;0;0;0;1;1;3;2;4;5;5;7;6;12;3;52;10;63;10;41;12;89;12;15;18;52;27;69;27;35;30;91;30;13;40;51;0;1;1;3;2;4;5;5;10;9;12;3;52;10;63;10;41;12;89;12;15;18;52;27;69;27;35;35;88;35;16;44;52;0;1;1;3;2;4;5;5;7;6;12;3;52;10;63;10;41;12;89;12;15;18;52;27;69;27;35;30;91;30;13;40;51;1;0;1;0;4;3;0;1;1;4;6;2;0;0;0;0;0;0;0;0;0;0;0;0;5;3;11;10;13;15;14;17;21;26;1;6;29;9;12;19;16;18;22;23;24;28;2;4;7;8;25;20;27;30;31;32;33;34;35;36;37;38;39;3;14;14;14;14;21;21;255;255;255;0;0;0;0;0;0;0
4151;0;1;1;3;2;5;5;8;7;6;12;3;52;10;63;10;41;12;89;12;15;22;68;22;36;31;52;31;91;31;13;43;52;0;1;1;3;2;5;5;11;7;6;12;3;52;10;63;10;41;12;89;12;15;22;68;22;36;35;52;31;91;31;13;43;52;0;1;1;3;2;4;4;8;7;6;12;3;52;10;63;10;41;12;89;12;15;19;65;19;39;31;52;31;91;31;13;43;52;1;1;0;0;6;3;1;1;0;7;2;2;0;0;0;0;0;0;0;0;0;0;0;0;1;1;3;2;4;4;8;7;6;12;3;52;10;63;10;41;12;89;12;15;21;66;21;36;32;52;26;94;26;10;43;52;0;1;1;3;2;4;4;11;7;6;12;3;52;10;63;10;41;12;89;12;15;21;66;21;36;35;52;26;94;26;10;43;52;0;1;1;3;2;4;4;8;7;6;12;3;52;10;63;10;41;12;89;12;15;21;66;21;36;32;52;26;94;26;10;43;52;1;1;0;1;4;2;1;1;1;4;1;3;0;0;0;0;0;0;0;0;0;0;0;0;1;1;3;2;5;5;8;7;6;12;3;52;10;63;10;41;12;89;12;15;22;68;22;36;31;52;31;91;31;13;43;52;0;1;1;3;2;5;5;11;7;6;12;3;52;10;63;10;41;12;89;12;15;22;68;22;36;35;52;31;91;31;13;43;52;0;1;1;3;2;4;4;8;7;6;12;3;52;10;63;10;41;12;89;12;15;19;65;19;39;31;52;31;91;31;13;43;52;1;1;0;0;6;3;1;1;0;7;2;2;0;0;0;0;0;0;0;0;0;0;0;0;6;5;9;4;15;14;23;20;22;28;1;7;11;8;10;16;18;21;17;25;26;27;2;3;12;19;24;13;29;30;31;32;33;34;35;36;37;38;39;6;9;9;9;9;9;5;255;255;255;0;0;0;0;0;0;0
4153;0;1;1;1;4;4;7;6;8;8;12;3;52;10;52;10;73;10;31;18;64;18;40;25;88;25;15;32;70;32;34;43;52;0;1;1;1;4;4;7;6;11;11;12;3;52;10;52;10;73;10;31;18;64;18;40;25;88;25;15;36;77;36;27;43;52;0;1;1;1;4;4;3;2;8;8;12;3;52;10;52;10;73;10;31;18;64;18;40;15;90;15;14;32;70;32;34;43;52;0;1;0;1;7;2;1;0;1;2;4;2;0;0;0;0;0;0;0;0;0;0;0;0;1;1;1;3;2;4;4;8;8;12;3;52;10;52;10;73;10;31;15;89;15;15;20;64;20;40;34;79;34;25;43;52;0;1;1;1;3;2;5;5;10;9;12;3;52;10;52;10;73;10;31;15;89;15;15;20;64;20;40;35;86;35;17;43;52;0;1;1;1;3;2;4;4;8;8;12;3;52;10;52;10;73;10;31;15;89;15;15;20;64;20;40;34;79;34;25;43;52;0;1;0;1;3;2;1;1;1;2;3;2;0;0;0;0;0;0;0;0;0;0;0;0;1;1;1;4;4;7;6;8;8;12;3;52;10;52;10;73;10;31;18;64;18;40;25;88;25;15;32;70;32;34;43;52;0;1;1;1;4;4;7;6;11;11;12;3;52;10;52;10;73;10;31;18;64;18;40;25;88;25;15;36;77;36;27;43;52;0;1;1;1;4;4;3;2;8;8;12;3;52;10;52;10;73;10;31;18;64;18;40;15;90;15;14;32;70;32;34;43;52;0;1;0;1;7;2;1;0;1;2;4;2;0;0;0;0;0;0;0;0;0;0;0;0;3;5;4;14;15;21;27;17;16;28;2;6;7;11;12;13;19;20;18;25;23;29;1;8;9;10;22;24;26;30;31;32;33;34;35;36;37;38;39;4;21;17;21;21;28;27;255;255;255;0;0;0;0;0;0;0
4155;0;1;1;3;2;4;5;5;10;9;12;3;52;10;63;10;41;12;89;12;15;18;52;27;68;27;36;36;84;36;20;43;52;0;1;1;3;2;4;5;5;10;9;12;3;52;10;63;10;41;12;89;12;15;18;52;27;68;27;36;36;84;36;20;43;52;0;1;1;3;2;4;5;5;7;6;12;3;52;10;63;10;41;12;89;12;15;18;52;27;68;27;36;34;90;34;14;43;52;1;1;1;0;8;2;0;1;0;7;6;2;0;0;0;0;0;0;0;0;0;0;0;0;1;1;3;2;4;5;5;7;6;12;3;52;10;63;10;41;12;89;12;15;18;52;27;68;27;36;32;94;32;10;43;52;0;1;1;3;2;4;5;5;10;9;12;3;52;10;63;10;41;12;89;12;15;18;52;27;68;27;36;36;87;36;17;43;52;0;1;1;3;2;4;5;5;7;6;12;3;52;10;63;10;41;12;89;12;15;18;52;27;68;27;36;32;94;32;10;43;52;1;1;0;1;5;1;0;1;0;4;4;2;0;0;0;0;0;0;0;0;0;0;0;0;1;1;3;2;4;5;5;10;9;12;3;52;10;63;10;41;12;89;12;15;18;52;27;68;27;36;36;84;36;20;43;52;0;1;1;3;2;4;5;5;10;9;12;3;52;10;63;10;41;12;89;12;15;18;52;27;68;27;36;36;84;36;20;43;52;0;1;1;3;2;4;5;5;7;6;12;3;52;10;63;10;41;12;89;12;15;18;52;27;68;27;36;34;90;34;14;43;52;1;1;1;0;8;2;0;1;0;7;6;2;0;0;0;0;0;0;0;0;0;0;0;1;7;3;12;9;16;4;18;25;24;26;0;5;6;10;13;15;17;19;22;21;23;27;2;8;11;14;20;28;29;30;31;32;33;34;35;36;37;38;39;7;9;9;9;9;9;12;255;255;255;0;0;0;0;0;0;0
4156;0;1;1;3;2;4;5;5;10;9;12;3;52;10;63;10;41;12;89;12;15;18;52;27;69;27;35;35;89;35;16;40;51;0;1;1;3;2;4;8;8;10;9;12;3;52;10;63;10;41;12;89;12;15;18;52;27;69;27;35;35;89;35;16;40;51;0;1;1;3;2;4;5;5;7;6;12;3;52;10;63;10;41;12;89;12;15;18;52;27;69;27;35;34;89;34;15;40;51;0;0;1;1;7;3;1;0;0;4;3;2;0;0;0;0;0;0;0;0;0;0;0;0;1;1;3;2;4;5;5;7;6;12;3;52;10;63;10;41;12;89;12;15;18;52;27;69;27;35;34;91;34;13;40;51;0;1;1;3;2;4;5;5;10;9;12;3;52;10;63;10;41;12;89;12;15;18;52;27;69;27;35;35;89;35;16;40;51;0;1;1;3;2;4;4;4;7;6;12;3;52;10;63;10;41;12;89;12;15;18;52;24;70;24;34;32;90;32;14;40;51;0;1;0;1;8;2;1;0;0;2;6;2;0;0;0;0;0;0;0;0;0;0;0;0;1;1;3;2;4;5;5;10;9;12;3;52;10;63;10;41;12;89;12;15;18;52;27;69;27;35;35;89;35;16;40;51;0;1;1;3;2;4;8;8;10;9;12;3;52;10;63;10;41;12;89;12;15;18;52;27;69;27;35;35;89;35;16;40;51;0;1;1;3;2;4;5;5;7;6;12;3;52;10;63;10;41;12;89;12;15;18;52;27;69;27;35;34;89;34;15;40;51;0;0;1;1;7;3;1;0;0;4;3;2;0;0;0;0;0;0;0;0;0;0;0;1;2;3;9;7;12;14;8;22;17;24;0;4;5;10;11;13;15;16;23;21;25;26;6;18;19;20;27;28;29;30;31;32;33;34;35;36;37;38;39;2;9;9;9;9;9;8;255;255;255;0;0;0;0;0;0;0
4157;0;1;1;3;2;5;5;8;10;9;12;3;52;10;63;10;41;12;89;12;15;23;67;23;36;32;52;37;91;37;13;43;52;0;1;1;3;2;5;5;8;10;9;12;3;52;10;63;10;41;12;89;12;15;23;67;23;36;32;52;37;91;37;13;43;52;0;1;1;3;2;5;5;8;7;6;12;3;52;10;63;10;41;12;89;12;15;23;67;23;36;32;52;32;92;32;13;43;52;1;1;0;0;9;2;1;1;0;5;2;2;0;0;0;0;0;0;0;0;0;0;0;0;1;1;3;2;4;4;8;7;6;12;3;52;10;63;10;41;12;89;12;15;23;67;23;36;32;52;33;92;33;12;43;52;0;1;1;3;2;4;4;8;10;9;12;3;52;10;63;10;41;12;89;12;15;23;67;23;36;32;52;37;91;37;13;43;52;0;1;1;3;2;4;4;5;7;6;12;3;52;10;63;10;41;12;89;12;15;23;67;23;36;32;52;30;90;30;14;43;52;1;1;0;0;4;2;1;0;0;3;7;2;0;0;0;0;0;0;0;0;0;0;0;0;1;1;3;2;5;5;8;10;9;12;3;52;10;63;10;41;12;89;12;15;23;67;23;36;32;52;37;91;37;13;43;52;0;1;1;3;2;5;5;8;10;9;12;3;52;10;63;10;41;12;89;12;15;23;67;23;36;32;52;37;91;37;13;43;52;0;1;1;3;2;5;5;8;7;6;12;3;52;10;63;10;41;12;89;12;15;23;67;23;36;32;52;32;92;32;13;43;52;1;1;0;0;9;2;1;1;0;5;2;2;0;0;0;0;0;0;0;0;0;0;0;0;3;7;12;10;15;16;18;22;21;25;1;4;5;11;13;14;17;20;23;19;24;26;2;6;8;9;27;28;29;30;31;32;33;34;35;36;37;38;39;7;25;16;16;16;25;10;255;255;255;0;0;0;0;0;0;0
4158;0;1;1;3;2;4;4;7;6;12;12;3;52;10;63;10;41;12;89;12;15;18;64;18;40;30;86;30;18;43;63;43;41;0;1;1;3;2;5;5;7;6;12;12;3;52;10;63;10;41;12;89;12;15;18;64;18;40;30;86;30;18;43;65;43;39;0;1;1;3;2;4;4;7;6;11;12;3;52;10;63;10;41;12;89;12;15;18;64;18;40;30;86;30;18;35;52;43;52;1;1;0;1;4;3;0;0;1;4;7;2;0;0;0;0;0;0;0;0;0;0;0;0;1;1;3;2;4;4;7;6;12;12;3;52;10;63;10;41;12;89;12;15;18;64;18;40;30;86;30;18;42;64;42;41;0;1;1;3;2;5;5;7;6;11;12;3;52;10;63;10;41;12;89;12;15;18;64;18;40;30;86;30;18;37;52;43;52;0;1;1;3;2;4;4;7;6;8;12;3;52;10;63;10;41;12;89;12;15;18;64;18;40;30;86;30;18;30;52;43;52;1;1;0;0;2;2;0;0;1;2;4;3;0;0;0;0;0;0;0;0;0;0;0;0;1;1;3;2;4;4;7;6;12;12;3;52;10;63;10;41;12;89;12;15;18;64;18;40;30;86;30;18;43;63;43;41;0;1;1;3;2;5;5;7;6;12;12;3;52;10;63;10;41;12;89;12;15;18;64;18;40;30;86;30;18;43;65;43;39;0;1;1;3;2;4;4;7;6;11;12;3;52;10;63;10;41;12;89;12;15;18;64;18;40;30;86;30;18;35;52;43;52;1;1;0;1;4;3;0;0;1;4;7;2;0;0;0;0;0;0;0;0;0;0;0;0;4;5;8;6;12;11;22;18;17;24;1;7;9;10;14;15;16;20;19;23;25;27;2;3;13;21;26;28;29;30;31;32;33;34;35;36;37;38;39;5;18;18;18;18;18;6;255;255;255;0;0;0;0;0;0;0
4160;0;1;1;3;2;4;5;5;10;9;12;3;52;10;63;10;41;12;89;12;15;18;52;27;69;27;35;35;89;35;16;40;51;0;1;1;3;2;4;8;8;10;9;12;3;52;10;63;10;41;12;89;12;15;18;52;29;68;29;35;35;89;35;16;40;51;0;1;1;3;2;4;5;5;7;6;12;3;52;10;63;10;41;12;89;12;15;18;52;27;69;27;35;34;90;34;14;40;51;1;1;0;0;5;2;0;1;1;4;7;2;0;0;0;0;0;0;0;0;0;0;0;0;1;1;3;2;4;5;5;7;6;12;3;52;10;63;10;41;12;89;12;15;18;52;27;69;27;35;34;91;34;12;40;51;0;1;1;3;2;4;5;5;10;9;12;3;52;10;63;10;41;12;89;12;15;18;52;27;69;27;35;35;89;35;16;40;51;0;1;1;3;2;4;5;5;7;6;12;3;52;10;63;10;41;12;89;12;15;18;52;27;69;27;35;29;94;29;10;40;51;1;1;0;0;4;2;1;1;1;3;4;3;0;0;0;0;0;0;0;0;0;0;0;0;1;1;3;2;4;5;5;10;9;12;3;52;10;63;10;41;12;89;12;15;18;52;27;69;27;35;35;89;35;16;40;51;0;1;1;3;2;4;8;8;10;9;12;3;52;10;63;10;41;12;89;12;15;18;52;29;68;29;35;35;89;35;16;40;51;0;1;1;3;2;4;5;5;7;6;12;3;52;10;63;10;41;12;89;12;15;18;52;27;69;27;35;34;90;34;14;40;51;1;1;0;0;5;2;0;1;1;4;7;2;0;0;0;0;0;0;0;0;0;0;0;0;6;3;10;8;13;17;15;20;18;24;1;4;5;9;11;14;7;19;22;16;21;23;2;12;25;26;27;28;29;30;31;32;33;34;35;36;37;38;39;10;8;15;8;8;20;20;255;255;255;0;0;0;0;0;0;0
4162;0;1;1;3;2;4;5;5;10;9;12;3;52;10;63;10;41;12;89;12;15;18;52;26;70;26;35;36;90;36;14;43;52;0;1;1;3;2;4;8;8;10;9;12;3;52;10;63;10;41;12;89;12;15;18;52;28;70;28;34;36;90;36;14;43;52;0;1;1;3;2;4;5;5;7;6;12;3;52;10;63;10;41;12;89;12;15;18;52;26;70;26;35;34;90;34;14;43;52;0;0;1;0;7;2;1;0;0;2;4;2;0;0;0;0;0;0;0;0;0;0;0;0;1;1;3;2;4;5;5;8;8;12;3;52;10;63;10;41;12;89;12;15;18;52;25;78;25;26;33;65;33;39;43;52;0;1;1;3;2;4;5;5;10;9;12;3;52;10;63;10;41;12;89;12;15;18;52;25;78;25;26;36;91;36;13;43;52;0;1;1;3;2;4;4;4;8;8;12;3;52;10;63;10;41;12;89;12;15;18;52;25;78;25;26;33;65;33;39;43;52;0;0;1;0;4;2;1;1;0;5;2;2;0;0;0;0;0;0;0;0;0;0;0;0;1;1;3;2;4;5;5;10;9;12;3;52;10;63;10;41;12;89;12;15;18;52;26;70;26;35;36;90;36;14;43;52;0;1;1;3;2;4;8;8;10;9;12;3;52;10;63;10;41;12;89;12;15;18;52;28;70;28;34;36;90;36;14;43;52;0;1;1;3;2;4;5;5;7;6;12;3;52;10;63;10;41;12;89;12;15;18;52;26;70;26;35;34;90;34;14;43;52;0;0;1;0;7;2;1;0;0;2;4;2;0;0;0;0;0;0;0;0;0;0;0;0;4;5;11;8;12;17;19;25;24;26;1;6;7;9;10;13;15;16;18;20;21;23;2;3;14;22;27;28;29;30;31;32;33;34;35;36;37;38;39;24;17;17;19;19;26;19;255;255;255;0;0;0;0;0;0;0
4163;0;1;1;3;2;4;5;5;10;9;12;3;52;10;63;10;41;12;89;12;15;18;52;27;69;27;35;35;89;35;16;40;51;0;1;1;3;2;5;5;5;10;9;12;3;52;10;63;10;41;12;89;12;15;22;52;27;69;27;35;35;89;35;16;40;51;0;1;1;3;2;4;5;5;7;6;12;3;52;10;63;10;41;12;89;12;15;18;52;27;69;27;35;33;90;33;14;40;51;0;1;1;0;7;3;1;1;1;8;5;2;0;0;0;0;0;0;0;0;0;0;0;0;1;1;3;2;4;4;5;10;9;12;3;52;10;63;10;41;12;89;12;15;18;64;18;40;28;53;37;90;37;14;43;52;0;1;1;3;2;4;4;8;10;9;12;3;52;10;63;10;41;12;89;12;15;18;64;18;40;32;52;37;90;37;14;43;52;0;1;1;3;2;4;4;5;10;9;12;3;52;10;63;10;41;12;89;12;15;18;64;18;40;28;53;37;90;37;14;43;52;0;1;1;0;5;2;1;1;0;5;2;3;0;0;0;0;0;0;0;0;0;0;0;0;1;1;3;2;4;5;5;10;9;12;3;52;10;63;10;41;12;89;12;15;18;52;27;69;27;35;35;89;35;16;40;51;0;1;1;3;2;5;5;5;10;9;12;3;52;10;63;10;41;12;89;12;15;22;52;27;69;27;35;35;89;35;16;40;51;0;1;1;3;2;4;5;5;7;6;12;3;52;10;63;10;41;12;89;12;15;18;52;27;69;27;35;33;90;33;14;40;51;0;1;1;0;7;3;1;1;1;8;5;2;0;0;0;0;0;0;0;0;0;0;0;1;3;4;9;8;15;13;14;19;23;22;0;5;7;10;11;12;21;16;18;20;24;25;2;6;17;26;27;28;29;30;31;32;33;34;35;36;37;38;39;4;9;9;9;9;9;19;255;255;255;0;0;0;0;0;0;0
4164;0;1;1;3;2;4;5;5;10;9;12;3;52;10;63;10;41;12;89;12;15;18;52;25;69;25;36;36;89;36;15;43;52;0;1;1;3;2;4;8;8;10;9;12;3;52;10;63;10;41;12;89;12;15;18;52;31;66;31;38;42;85;42;19;43;52;0;1;1;3;2;4;5;5;7;6;12;3;52;10;63;10;41;12;89;12;15;18;52;25;69;25;36;31;88;31;16;43;52;0;1;1;1;2;2;1;0;1;2;6;2;0;0;0;0;0;0;0;0;0;0;0;0;1;1;3;2;4;5;5;7;6;12;3;52;10;63;10;41;12;89;12;15;18;52;26;70;26;35;32;94;32;10;43;52;0;1;1;3;2;4;5;5;10;9;12;3;52;10;63;10;41;12;89;12;15;18;52;26;70;26;35;35;94;35;10;43;52;0;1;1;3;2;4;5;5;7;6;12;3;52;10;63;10;41;12;89;12;15;18;52;26;70;26;35;32;94;32;10;43;52;0;0;1;1;7;2;1;0;1;2;4;3;0;0;0;0;0;0;0;0;0;0;0;0;1;1;3;2;4;5;5;10;9;12;3;52;10;63;10;41;12;89;12;15;18;52;25;69;25;36;36;89;36;15;43;52;0;1;1;3;2;4;8;8;10;9;12;3;52;10;63;10;41;12;89;12;15;18;52;31;66;31;38;42;85;42;19;43;52;0;1;1;3;2;4;5;5;7;6;12;3;52;10;63;10;41;12;89;12;15;18;52;25;69;25;36;31;88;31;16;43;52;0;1;1;1;2;2;1;0;1;2;6;2;0;0;0;0;0;0;0;0;0;0;0;1;5;4;9;15;14;16;10;19;20;21;0;2;3;6;7;8;11;12;13;17;18;22;23;24;25;26;27;28;29;30;31;32;33;34;35;36;37;38;39;19;9;9;9;9;9;19;255;255;255;0;0;0;0;0;0;0
4166;0;1;1;3;2;4;4;8;10;9;12;3;52;10;63;10;41;12;89;12;15;21;65;21;39;32;52;37;94;37;10;43;52;0;1;1;3;2;5;5;11;10;9;12;3;52;10;63;10;41;12;89;12;15;21;65;21;39;35;52;37;94;37;10;43;52;0;1;1;3;2;4;4;8;7;6;12;3;52;10;63;10;41;12;89;12;15;21;65;21;39;32;52;34;94;34;10;43;52;1;1;1;1;4;3;0;0;1;4;2;2;0;0;0;0;0;0;0;0;0;0;0;0;1;1;3;2;4;4;7;6;5;12;3;52;10;63;10;41;12;89;12;15;20;64;20;40;30;87;30;18;30;51;43;52;0;1;1;3;2;4;4;7;6;11;12;3;52;10;63;10;41;12;89;12;15;20;64;20;40;30;87;30;18;35;52;43;52;0;1;1;3;2;4;4;7;6;5;12;3;52;10;63;10;41;12;89;12;15;20;64;20;40;30;87;30;18;30;51;43;52;1;1;1;0;6;2;0;0;1;7;5;2;0;0;0;0;0;0;0;0;0;0;0;0;1;1;3;2;4;4;8;10;9;12;3;52;10;63;10;41;12;89;12;15;21;65;21;39;32;52;37;94;37;10;43;52;0;1;1;3;2;5;5;11;10;9;12;3;52;10;63;10;41;12;89;12;15;21;65;21;39;35;52;37;94;37;10;43;52;0;1;1;3;2;4;4;8;7;6;12;3;52;10;63;10;41;12;89;12;15;21;65;21;39;32;52;34;94;34;10;43;52;1;1;1;1;4;3;0;0;1;4;2;2;0;0;0;0;0;0;0;0;0;0;0;0;5;4;11;9;14;13;19;25;22;26;1;3;6;8;10;16;17;23;15;20;24;27;2;7;29;12;18;21;28;30;31;32;33;34;35;36;37;38;39;26;9;9;9;9;9;26;255;255;255;0;0;0;0;0;0;0
4168;0;1;1;3;2;4;4;7;6;8;12;3;52;11;64;11;40;13;88;13;16;20;65;20;39;31;94;31;13;28;52;43;52;0;1;1;3;2;5;5;10;9;8;12;3;52;11;64;11;40;13;88;13;16;20;65;20;39;35;92;35;12;28;52;43;52;0;1;1;3;2;4;4;7;6;8;12;3;52;11;64;11;40;13;88;13;16;20;65;20;39;31;94;31;13;28;52;43;52;0;1;0;1;4;3;1;1;1;3;5;2;0;7;0;11;0;0;0;0;0;0;0;0;1;1;3;2;4;4;7;6;5;12;3;52;11;64;11;40;13;88;13;16;21;68;21;36;31;88;31;16;31;52;43;52;0;1;1;3;2;4;4;7;6;5;12;3;52;11;64;11;40;13;88;13;16;21;68;21;36;31;88;31;16;31;52;43;52;0;1;1;3;2;4;4;7;6;5;12;3;52;11;64;11;40;13;88;13;16;21;68;21;36;31;88;31;16;31;52;43;52;0;1;0;1;5;1;1;1;1;2;6;3;0;7;0;11;0;0;0;0;0;0;0;0;1;1;3;2;4;4;7;6;8;12;3;52;11;64;11;40;13;88;13;16;20;65;20;39;31;94;31;13;28;52;43;52;0;1;1;3;2;5;5;10;9;8;12;3;52;11;64;11;40;13;88;13;16;20;65;20;39;35;92;35;12;28;52;43;52;0;1;1;3;2;4;4;7;6;8;12;3;52;11;64;11;40;13;88;13;16;20;65;20;39;31;94;31;13;28;52;43;52;0;1;0;1;4;3;1;1;1;3;5;2;0;7;0;11;0;0;0;0;0;0;0;1;5;3;11;9;14;12;22;21;17;24;2;4;7;10;13;26;23;18;15;19;25;27;0;6;8;20;16;28;29;30;31;32;33;34;35;36;37;38;39;1;9;9;9;9;9;24;255;255;255;0;0;0;0;0;0;0
4171;0;1;1;1;3;2;4;4;5;12;12;3;52;10;52;10;73;10;31;15;89;15;15;20;64;20;40;29;52;43;67;43;38;0;1;1;1;7;6;4;4;8;12;12;3;52;10;52;10;73;10;31;20;90;20;15;20;64;20;40;29;52;43;67;43;38;0;1;1;1;3;2;4;4;5;12;12;3;52;10;52;10;73;10;31;15;89;15;15;20;64;20;40;29;52;43;67;43;38;0;0;0;1;4;2;0;0;0;4;3;2;0;0;0;0;0;0;0;0;0;0;0;0;1;1;3;2;4;5;5;7;6;12;3;52;10;63;10;41;12;89;12;15;18;52;27;77;27;27;33;94;33;10;43;52;0;1;1;3;2;4;5;5;10;9;12;3;52;10;63;10;41;12;89;12;15;18;52;27;77;27;27;35;94;35;10;43;52;0;1;1;1;3;2;4;4;5;12;12;3;52;10;52;10;73;10;31;15;89;15;15;20;64;20;40;29;52;43;67;43;38;0;0;0;0;3;2;1;0;0;5;6;2;0;0;0;0;0;0;0;0;0;0;0;0;1;1;1;3;2;4;4;5;12;12;3;52;10;52;10;73;10;31;15;89;15;15;20;64;20;40;29;52;43;67;43;38;0;1;1;1;7;6;4;4;8;12;12;3;52;10;52;10;73;10;31;20;90;20;15;20;64;20;40;29;52;43;67;43;38;0;1;1;1;3;2;4;4;5;12;12;3;52;10;52;10;73;10;31;15;89;15;15;20;64;20;40;29;52;43;67;43;38;0;0;0;1;4;2;0;0;0;4;3;2;0;0;0;0;0;0;0;0;0;0;0;1;7;5;6;11;8;18;16;13;25;24;2;9;10;12;14;15;17;21;19;20;26;27;0;3;4;22;23;28;29;30;31;32;33;34;35;36;37;38;39;24;16;16;16;16;24;8;255;255;255;0;0;0;0;0;0;0
4180;0;1;1;3;2;4;4;5;10;9;12;3;52;10;63;10;41;12;89;12;15;19;41;19;65;27;52;37;92;37;12;43;52;0;1;1;3;2;4;4;8;10;9;12;3;52;10;63;10;41;12;89;12;15;21;41;21;65;32;53;41;94;41;10;43;52;0;1;1;3;2;4;4;5;7;6;12;3;52;10;63;10;41;12;89;12;15;19;37;19;69;24;52;34;89;34;16;43;52;1;0;0;1;3;3;0;1;1;4;5;2;0;1;0;12;0;0;0;0;0;0;0;0;1;1;3;2;4;4;5;7;6;12;3;52;10;63;10;41;12;89;12;15;18;64;18;40;26;52;33;86;33;18;43;52;0;1;1;3;2;4;4;5;10;9;12;3;52;10;63;10;41;12;89;12;15;18;64;18;40;26;52;36;87;36;17;43;52;0;1;1;3;2;4;4;5;7;6;12;3;52;10;63;10;41;12;89;12;15;18;64;18;40;26;52;34;87;34;17;43;52;0;1;1;1;4;2;0;1;1;3;4;2;0;1;0;12;0;0;0;0;0;0;0;0;1;1;3;2;4;4;5;10;9;12;3;52;10;63;10;41;12;89;12;15;19;41;19;65;27;52;37;92;37;12;43;52;0;1;1;3;2;4;4;8;10;9;12;3;52;10;63;10;41;12;89;12;15;21;41;21;65;32;53;41;94;41;10;43;52;0;1;1;3;2;4;4;5;7;6;12;3;52;10;63;10;41;12;89;12;15;19;37;19;69;24;52;34;89;34;16;43;52;1;0;0;1;3;3;0;1;1;4;5;2;0;1;0;12;0;0;0;0;0;0;0;0;6;4;9;8;12;11;14;21;20;24;1;5;7;16;10;13;15;17;19;22;25;26;2;3;27;28;18;23;29;30;31;32;33;34;35;36;37;38;39;4;14;14;14;14;24;21;255;255;255;0;0;0;0;0;0;0
4183;0;1;1;3;2;5;5;5;10;9;12;3;52;10;63;10;41;12;89;12;15;23;51;25;77;25;26;36;88;36;16;43;52;0;1;1;3;2;5;8;8;10;9;12;3;52;10;63;10;41;12;89;12;15;23;51;28;78;28;26;36;88;36;16;43;52;0;1;1;3;2;4;5;5;10;9;12;3;52;10;63;10;41;12;89;12;15;19;51;25;77;25;26;36;88;36;16;43;52;0;0;1;0;5;2;1;0;0;3;7;2;0;0;0;0;0;0;0;0;0;0;0;0;1;1;3;2;4;5;5;7;6;12;3;52;10;63;10;41;12;89;12;15;23;51;25;77;25;26;34;87;34;18;43;52;0;1;1;3;2;5;5;5;10;9;12;3;52;10;63;10;41;12;89;12;15;23;51;25;77;25;26;36;88;36;16;43;52;0;1;1;3;2;4;5;5;7;6;12;3;52;10;63;10;41;12;89;12;15;20;52;25;77;25;26;34;89;34;17;43;52;0;0;0;1;7;2;1;0;1;2;9;2;0;0;0;0;0;0;0;0;0;0;0;0;1;1;3;2;5;5;5;10;9;12;3;52;10;63;10;41;12;89;12;15;23;51;25;77;25;26;36;88;36;16;43;52;0;1;1;3;2;5;8;8;10;9;12;3;52;10;63;10;41;12;89;12;15;23;51;28;78;28;26;36;88;36;16;43;52;0;1;1;3;2;4;5;5;10;9;12;3;52;10;63;10;41;12;89;12;15;19;51;25;77;25;26;36;88;36;16;43;52;0;0;1;0;5;2;1;0;0;3;7;2;0;0;0;0;0;0;0;0;0;0;0;1;4;3;10;7;15;13;12;19;18;23;0;5;6;9;11;14;16;17;20;21;22;24;2;26;8;25;27;28;29;30;31;32;33;34;35;36;37;38;39;1;12;12;12;12;23;7;255;255;255;0;0;0;0;0;0;0
4192;0;1;1;1;3;2;5;5;8;8;12;3;52;10;52;10;73;10;31;15;89;15;15;23;67;23;37;34;79;34;25;43;52;0;1;1;1;7;6;5;5;11;11;12;3;52;10;52;10;73;10;31;23;94;23;10;23;67;23;37;35;78;35;26;43;52;0;1;1;1;3;2;4;5;8;8;12;3;52;10;52;10;73;10;31;15;89;15;15;18;52;25;52;34;79;34;25;43;52;0;0;0;0;7;3;1;1;0;8;8;2;0;7;0;11;0;0;0;0;0;0;0;0;1;1;1;5;5;3;2;8;11;12;3;52;10;52;10;73;10;31;20;65;20;38;13;94;13;10;32;52;39;65;43;38;0;1;1;1;5;5;3;2;11;11;12;3;52;10;52;10;73;10;31;20;65;20;38;13;94;13;10;37;34;37;70;43;51;0;1;1;1;5;5;3;2;8;11;12;3;52;10;52;10;73;10;31;20;65;20;38;13;94;13;10;32;52;39;65;43;38;0;0;0;0;7;2;1;1;0;7;7;2;0;7;0;11;0;0;0;0;0;0;0;0;1;1;1;3;2;5;5;8;8;12;3;52;10;52;10;73;10;31;15;89;15;15;23;67;23;37;34;79;34;25;43;52;0;1;1;1;7;6;5;5;11;11;12;3;52;10;52;10;73;10;31;23;94;23;10;23;67;23;37;35;78;35;26;43;52;0;1;1;1;3;2;4;5;8;8;12;3;52;10;52;10;73;10;31;15;89;15;15;18;52;25;52;34;79;34;25;43;52;0;0;0;0;7;3;1;1;0;8;8;2;0;7;0;11;0;0;0;0;0;0;0;0;7;4;5;12;10;15;16;20;19;27;1;8;9;11;6;13;17;14;21;24;26;28;2;3;29;22;18;23;25;30;31;32;33;34;35;36;37;38;39;15;15;15;15;15;15;20;255;255;255;0;0;0;0;0;0;0
4194;0;1;1;3;2;4;5;5;8;12;12;3;52;10;65;10;38;12;91;12;13;17;52;25;77;25;26;33;52;43;64;43;40;0;1;1;3;2;4;8;8;8;12;12;3;52;10;65;10;38;12;91;12;13;17;52;32;79;32;25;32;52;43;64;43;40;0;1;1;3;2;4;5;5;5;12;12;3;52;10;65;10;38;12;91;12;13;17;52;25;52;25;81;25;23;43;64;43;40;0;0;0;0;8;2;0;1;1;7;8;2;0;7;0;139637976727552;0;0;0;0;0;0;0;0;1;1;3;2;4;4;5;5;12;12;3;52;11;63;11;40;13;88;13;16;20;63;20;42;25;76;25;28;43;65;43;39;0;1;1;3;2;4;4;8;8;12;12;3;52;11;63;11;40;13;88;13;16;20;63;20;42;28;75;28;28;43;65;43;39;0;1;1;3;2;4;4;5;5;12;12;3;52;11;63;11;40;13;88;13;16;20;63;20;42;25;76;25;28;43;65;43;39;0;0;0;1;6;2;0;1;1;6;8;3;0;7;0;139637976727552;0;0;0;0;0;0;0;0;1;1;3;2;4;5;5;8;12;12;3;52;10;65;10;38;12;91;12;13;17;52;25;77;25;26;33;52;43;64;43;40;0;1;1;3;2;4;8;8;8;12;12;3;52;10;65;10;38;12;91;12;13;17;52;32;79;32;25;32;52;43;64;43;40;0;1;1;3;2;4;5;5;5;12;12;3;52;10;65;10;38;12;91;12;13;17;52;25;52;25;81;25;23;43;64;43;40;0;0;0;0;8;2;0;1;1;7;8;2;0;7;0;139637976727552;0;0;0;0;0;0;0;0;6;4;10;7;14;22;17;25;29;27;1;3;5;9;11;15;16;18;24;26;28;30;2;31;8;13;32;12;20;21;23;19;33;34;35;36;37;38;39;4;7;14;7;7;29;22;255;255;255;0;0;0;0;0;0;0
4200;0;1;1;3;2;4;5;5;8;12;12;3;52;10;63;10;41;12;89;12;15;18;52;27;78;27;26;32;52;43;66;43;38;0;1;1;3;2;4;8;8;8;12;12;3;52;10;63;10;41;12;89;12;15;18;52;30;82;30;22;32;52;43;66;43;38;0;1;1;3;2;4;5;5;8;12;12;3;52;10;63;10;41;12;89;12;15;18;52;27;78;27;26;32;52;43;66;43;38;0;0;1;0;5;2;1;0;1;4;7;3;0;1;0;12;0;0;0;0;0;0;0;0;1;1;3;2;4;5;5;7;6;12;3;52;10;63;10;41;12;89;12;15;20;52;25;70;25;33;29;89;29;15;43;52;0;1;1;3;2;4;5;5;10;9;12;3;52;10;63;10;41;12;89;12;15;20;52;25;70;25;33;35;87;35;17;43;52;0;1;1;3;2;4;5;5;7;6;12;3;52;10;63;10;41;12;89;12;15;20;52;25;70;25;33;29;89;29;15;43;52;0;0;1;0;6;2;1;0;1;3;8;3;0;1;0;12;0;0;0;0;0;0;0;0;1;1;3;2;4;5;5;8;12;12;3;52;10;63;10;41;12;89;12;15;18;52;27;78;27;26;32;52;43;66;43;38;0;1;1;3;2;4;8;8;8;12;12;3;52;10;63;10;41;12;89;12;15;18;52;30;82;30;22;32;52;43;66;43;38;0;1;1;3;2;4;5;5;8;12;12;3;52;10;63;10;41;12;89;12;15;18;52;27;78;27;26;32;52;43;66;43;38;0;0;1;0;5;2;1;0;1;4;7;3;0;1;0;12;0;0;0;0;0;0;0;0;3;2;4;6;12;18;14;21;25;24;1;8;7;9;10;11;13;17;19;22;5;26;15;29;30;16;23;20;27;28;31;32;33;34;35;36;37;38;39;6;18;18;18;18;18;6;255;255;255;0;0;0;0;0;0;0
4201;0;1;1;1;3;2;4;4;5;12;12;3;52;10;52;10;73;10;31;15;89;15;15;22;67;22;36;32;52;43;66;43;38;0;1;1;1;7;6;4;4;8;12;12;3;52;10;52;10;73;10;31;19;91;19;13;22;67;22;36;32;52;43;66;43;38;0;1;1;1;3;2;4;4;5;12;12;3;52;10;52;10;73;10;31;15;89;15;15;22;67;22;36;32;52;43;66;43;38;1;0;0;1;7;2;0;1;0;3;6;2;0;0;0;0;0;0;0;0;0;0;0;0;1;1;1;3;2;4;4;5;12;12;3;52;10;52;10;73;10;31;15;89;15;15;20;64;20;40;27;52;43;66;43;38;0;1;1;1;3;2;4;4;8;12;12;3;52;10;52;10;73;10;31;15;89;15;15;20;64;20;40;33;51;43;66;43;38;0;1;1;1;3;2;4;4;5;12;12;3;52;10;52;10;73;10;31;15;89;15;15;20;64;20;40;27;52;43;66;43;38;1;0;0;1;8;2;0;1;0;2;7;3;0;0;0;0;0;0;0;0;0;0;0;0;1;1;1;3;2;4;4;5;12;12;3;52;10;52;10;73;10;31;15;89;15;15;22;67;22;36;32;52;43;66;43;38;0;1;1;1;7;6;4;4;8;12;12;3;52;10;52;10;73;10;31;19;91;19;13;22;67;22;36;32;52;43;66;43;38;0;1;1;1;3;2;4;4;5;12;12;3;52;10;52;10;73;10;31;15;89;15;15;22;67;22;36;32;52;43;66;43;38;1;0;0;1;7;2;0;1;0;3;6;2;0;0;0;0;0;0;0;0;0;0;0;1;6;5;4;11;9;17;15;16;24;22;2;7;10;8;13;14;18;21;19;20;26;25;0;3;12;23;27;28;29;30;31;32;33;34;35;36;37;38;39;16;9;9;9;9;9;6;255;255;255;0;0;0;0;0;0;0
4206;0;1;1;3;2;4;5;5;10;9;12;3;52;10;63;10;41;12;89;12;15;20;52;27;75;27;30;36;88;36;16;43;52;0;1;1;3;2;4;5;5;10;9;12;3;52;10;63;10;41;12;89;12;15;20;52;30;68;30;35;36;88;36;16;43;52;0;1;1;3;2;4;5;5;7;6;12;3;52;10;63;10;41;12;89;12;15;20;52;27;75;27;30;34;90;34;14;43;52;0;0;1;0;6;2;1;0;1;2;8;2;0;0;0;0;0;0;0;0;0;0;0;0;1;1;3;2;4;5;5;7;6;12;3;52;10;63;10;41;12;89;12;15;20;52;27;75;27;30;34;94;34;10;43;52;0;1;1;3;2;4;5;5;10;9;12;3;52;10;63;10;41;12;89;12;15;20;52;27;75;27;30;36;88;36;16;43;52;0;1;1;3;2;4;5;5;7;6;12;3;52;10;63;10;41;12;89;12;15;20;52;27;75;27;30;34;89;34;16;43;52;0;0;1;0;7;2;1;0;1;1;7;3;0;0;0;0;0;0;0;0;0;0;0;0;1;1;3;2;4;5;5;10;9;12;3;52;10;63;10;41;12;89;12;15;20;52;27;75;27;30;36;88;36;16;43;52;0;1;1;3;2;4;5;5;10;9;12;3;52;10;63;10;41;12;89;12;15;20;52;30;68;30;35;36;88;36;16;43;52;0;1;1;3;2;4;5;5;7;6;12;3;52;10;63;10;41;12;89;12;15;20;52;27;75;27;30;34;90;34;14;43;52;0;0;1;0;6;2;1;0;1;2;8;2;0;0;0;0;0;0;0;0;0;0;0;1;4;6;10;7;14;16;17;24;27;26;0;3;5;9;11;13;15;20;18;22;21;28;2;8;12;19;23;25;29;30;31;32;33;34;35;36;37;38;39;4;16;16;16;16;26;10;255;255;255;0;0;0;0;0;0;0
4211;0;1;1;1;3;2;5;5;8;12;12;3;52;10;52;10;73;10;31;15;89;15;15;25;71;25;34;31;52;43;66;43;38;0;1;1;1;7;6;5;5;8;12;12;3;52;10;52;10;73;10;31;20;91;20;13;25;71;25;34;31;52;43;66;43;38;0;1;1;1;3;2;4;4;8;12;12;3;52;10;52;10;73;10;31;15;89;15;15;22;66;22;37;31;52;43;66;43;38;1;0;1;0;6;3;1;1;1;7;6;2;0;139637976727552;0;11;0;0;0;0;0;0;0;0;1;1;1;3;2;4;4;8;12;12;3;52;10;52;10;73;10;31;15;89;15;15;25;71;25;34;31;52;43;66;43;38;0;1;1;1;3;2;5;5;8;12;12;3;52;10;52;10;73;10;31;15;89;15;15;25;71;25;34;33;52;43;66;43;38;0;1;1;1;3;2;4;4;8;12;12;3;52;10;52;10;73;10;31;15;89;15;15;25;71;25;34;31;52;43;66;43;38;1;0;1;0;7;1;1;1;1;6;7;2;0;4;0;11;0;0;0;0;0;0;0;0;1;1;1;3;2;5;5;8;12;12;3;52;10;52;10;73;10;31;15;89;15;15;25;71;25;34;31;52;43;66;43;38;0;1;1;1;7;6;5;5;8;12;12;3;52;10;52;10;73;10;31;20;91;20;13;25;71;25;34;31;52;43;66;43;38;0;1;1;1;3;2;4;4;8;12;12;3;52;10;52;10;73;10;31;15;89;15;15;22;66;22;37;31;52;43;66;43;38;1;0;1;0;6;3;1;1;1;7;6;2;0;139637976727552;0;11;0;0;0;0;0;0;0;1;7;4;3;11;9;16;13;22;28;29;0;6;5;8;10;12;14;15;18;23;27;30;2;20;17;19;21;24;25;26;31;32;33;34;35;36;37;38;39;7;29;13;13;13;29;13;255;255;255;0;0;0;0;0;0;0
4212;0;1;1;1;3;2;4;5;5;12;12;3;52;10;52;10;73;10;31;15;89;15;15;20;53;28;68;28;37;43;66;43;38;0;1;1;1;7;6;4;8;8;12;12;3;52;10;52;10;73;10;31;17;92;17;12;20;53;33;77;33;26;43;66;43;38;0;1;1;1;3;2;4;5;5;12;12;3;52;10;52;10;73;10;31;15;89;15;15;20;53;28;68;28;37;43;66;43;38;0;0;1;1;3;2;1;1;0;8;4;2;0;0;0;0;0;0;0;0;0;0;0;0;1;1;1;3;2;4;5;5;12;12;3;52;10;52;10;73;10;31;15;89;15;15;20;53;28;68;28;37;43;66;43;38;0;1;1;1;3;2;4;8;8;12;12;3;52;10;52;10;73;10;31;15;89;15;15;20;53;32;66;32;39;43;66;43;38;0;1;1;1;3;2;4;5;5;11;12;3;52;10;52;10;73;10;31;15;89;15;15;20;53;28;68;28;37;38;67;43;38;0;0;1;1;4;2;1;1;0;2;4;3;0;0;0;0;0;0;0;0;0;0;0;0;1;1;1;3;2;4;5;5;12;12;3;52;10;52;10;73;10;31;15;89;15;15;20;53;28;68;28;37;43;66;43;38;0;1;1;1;7;6;4;8;8;12;12;3;52;10;52;10;73;10;31;17;92;17;12;20;53;33;77;33;26;43;66;43;38;0;1;1;1;3;2;4;5;5;12;12;3;52;10;52;10;73;10;31;15;89;15;15;20;53;28;68;28;37;43;66;43;38;0;0;1;1;3;2;1;1;0;8;4;2;0;0;0;0;0;0;0;0;0;0;0;0;6;5;4;3;8;11;17;13;22;21;1;7;26;9;15;25;10;12;16;18;19;24;2;14;20;23;27;28;29;30;31;32;33;34;35;36;37;38;39;5;17;17;17;17;21;4;255;255;255;0;0;0;0;0;0;0
4213;0;1;1;3;2;4;4;5;10;9;12;3;52;10;63;10;41;12;89;12;15;18;64;18;40;25;51;36;88;36;16;43;52;0;1;1;3;2;5;5;8;10;9;12;3;52;10;63;10;41;12;89;12;15;22;68;22;35;29;52;36;88;36;16;43;52;0;1;1;3;2;4;4;5;7;6;12;3;52;10;63;10;41;12;89;12;15;18;64;18;40;25;51;31;89;31;15;43;52;1;1;1;0;9;2;1;0;0;5;7;2;0;4;0;12;0;0;0;0;0;0;0;0;1;1;3;2;4;5;5;8;8;12;3;52;11;64;11;40;13;88;13;16;19;52;23;72;23;32;31;37;31;66;42;51;0;1;1;3;2;4;5;5;11;11;12;3;52;11;64;11;40;13;88;13;16;19;52;23;72;23;32;36;25;36;79;42;51;0;1;1;3;2;4;5;5;8;8;12;3;52;11;64;11;40;13;88;13;16;19;52;23;72;23;32;31;37;31;66;42;51;0;0;1;0;8;2;1;0;0;4;7;2;0;4;0;12;0;0;0;0;0;0;0;0;1;1;3;2;4;4;5;10;9;12;3;52;10;63;10;41;12;89;12;15;18;64;18;40;25;51;36;88;36;16;43;52;0;1;1;3;2;5;5;8;10;9;12;3;52;10;63;10;41;12;89;12;15;22;68;22;35;29;52;36;88;36;16;43;52;0;1;1;3;2;4;4;5;7;6;12;3;52;10;63;10;41;12;89;12;15;18;64;18;40;25;51;31;89;31;15;43;52;1;1;1;0;9;2;1;0;0;5;7;2;0;4;0;12;0;0;0;0;0;0;0;0;4;3;8;7;13;9;12;17;18;22;2;5;6;26;10;14;15;16;19;20;23;24;1;29;11;28;25;27;21;30;31;32;33;34;35;36;37;38;39;7;9;9;9;9;9;7;255;255;255;0;0;0;0;0;0;0
4218;0;1;1;1;4;5;5;7;6;11;12;3;52;10;52;10;73;10;31;18;52;25;71;25;33;29;94;29;10;39;65;43;39;0;1;1;1;4;5;5;7;6;11;12;3;52;10;52;10;73;10;31;18;52;25;71;25;33;32;92;32;12;39;65;43;39;0;1;1;1;4;5;5;3;2;11;12;3;52;10;52;10;73;10;31;18;52;25;71;25;33;15;91;15;14;39;65;43;39;1;1;0;1;4;2;1;0;1;5;6;2;0;0;0;0;0;0;0;0;0;0;0;0;1;1;1;3;2;4;5;5;8;12;3;52;10;52;10;73;10;31;15;89;15;15;20;52;27;75;27;29;34;52;43;52;0;1;1;1;3;2;4;8;8;11;12;3;52;10;52;10;73;10;31;15;89;15;15;20;52;29;80;29;23;35;52;43;52;0;1;1;1;3;2;4;5;5;8;12;3;52;10;52;10;73;10;31;15;89;15;15;20;52;27;75;27;29;34;52;43;52;1;1;0;1;2;2;1;0;1;5;7;2;0;0;0;0;0;0;0;0;0;0;0;0;1;1;1;4;5;5;7;6;11;12;3;52;10;52;10;73;10;31;18;52;25;71;25;33;29;94;29;10;39;65;43;39;0;1;1;1;4;5;5;7;6;11;12;3;52;10;52;10;73;10;31;18;52;25;71;25;33;32;92;32;12;39;65;43;39;0;1;1;1;4;5;5;3;2;11;12;3;52;10;52;10;73;10;31;18;52;25;71;25;33;15;91;15;14;39;65;43;39;1;1;0;1;4;2;1;0;1;5;6;2;0;0;0;0;0;0;0;0;0;0;0;0;5;4;9;13;15;16;11;23;25;27;1;6;7;8;17;18;19;20;14;24;22;26;2;3;10;12;21;28;29;30;31;32;33;34;35;36;37;38;39;13;9;9;9;9;9;11;255;255;255;0;0;0;0;0;0;0
4219;0;1;1;3;2;4;7;6;5;5;12;3;52;10;63;10;41;12;89;12;15;18;52;26;90;26;14;32;70;32;34;43;52;0;1;1;3;2;4;7;6;8;8;12;3;52;10;63;10;41;12;89;12;15;18;52;26;90;26;14;34;70;34;34;43;52;0;1;1;3;2;4;7;6;5;5;12;3;52;10;63;10;41;12;89;12;15;18;52;21;88;21;16;32;70;32;34;43;52;1;1;0;1;6;2;0;1;0;4;6;2;0;0;0;0;0;0;0;0;0;0;0;0;1;1;3;2;4;7;6;5;5;12;3;52;10;63;10;41;12;89;12;15;18;52;26;90;26;14;32;70;32;34;43;52;0;1;1;3;2;4;7;6;8;8;12;3;52;10;63;10;41;12;89;12;15;18;52;26;90;26;14;32;70;32;34;43;52;0;1;1;3;2;4;7;6;5;5;12;3;52;10;63;10;41;12;89;12;15;18;52;26;90;26;14;32;70;32;34;43;52;1;0;0;1;5;2;0;1;0;3;6;3;0;0;0;0;0;0;0;0;0;0;0;0;1;1;3;2;4;7;6;5;5;12;3;52;10;63;10;41;12;89;12;15;18;52;26;90;26;14;32;70;32;34;43;52;0;1;1;3;2;4;7;6;8;8;12;3;52;10;63;10;41;12;89;12;15;18;52;26;90;26;14;34;70;34;34;43;52;0;1;1;3;2;4;7;6;5;5;12;3;52;10;63;10;41;12;89;12;15;18;52;21;88;21;16;32;70;32;34;43;52;1;1;0;1;6;2;0;1;0;4;6;2;0;0;0;0;0;0;0;0;0;0;0;0;7;6;17;10;14;24;22;20;15;26;4;5;8;9;12;30;28;19;16;21;23;25;1;2;3;27;11;13;29;18;31;32;33;34;35;36;37;38;39;7;20;14;20;20;26;6;255;255;255;0;0;0;0;0;0;0
4220;0;1;1;1;3;2;4;5;5;12;12;3;52;10;52;10;73;10;31;15;89;15;15;20;53;29;75;29;29;43;66;43;39;0;1;1;1;7;6;4;5;5;12;12;3;52;10;52;10;73;10;31;20;90;20;15;20;53;29;75;29;29;43;66;43;39;0;1;1;1;3;2;4;5;5;12;12;3;52;10;52;10;73;10;31;15;89;15;15;20;53;25;71;25;33;43;66;43;39;0;1;0;1;2;3;1;1;1;3;7;2;0;0;0;0;0;0;0;0;0;0;0;0;1;1;1;3;2;4;4;5;12;12;3;52;10;52;10;73;10;31;15;89;15;15;20;64;20;40;32;52;43;66;43;38;0;1;1;1;7;6;5;5;5;12;12;3;52;10;52;10;73;10;31;24;88;24;16;20;64;20;40;32;52;43;66;43;38;0;1;1;1;3;2;4;4;5;12;12;3;52;10;52;10;73;10;31;15;89;15;15;20;64;20;40;32;52;43;66;43;38;0;1;0;1;4;2;1;1;1;2;8;3;0;0;0;0;0;0;0;0;0;0;0;0;1;1;1;3;2;4;5;5;12;12;3;52;10;52;10;73;10;31;15;89;15;15;20;53;29;75;29;29;43;66;43;39;0;1;1;1;7;6;4;5;5;12;12;3;52;10;52;10;73;10;31;20;90;20;15;20;53;29;75;29;29;43;66;43;39;0;1;1;1;3;2;4;5;5;12;12;3;52;10;52;10;73;10;31;15;89;15;15;20;53;25;71;25;33;43;66;43;39;0;1;0;1;2;3;1;1;1;3;7;2;0;0;0;0;0;0;0;0;0;0;0;1;3;7;5;11;10;18;13;15;22;26;0;6;8;9;12;14;16;17;19;4;24;25;2;28;27;29;20;21;23;30;31;32;33;34;35;36;37;38;39;7;15;13;15;15;26;3;255;255;255;0;0;0;0;0;0;0
4225;0;1;1;1;3;2;4;5;5;12;12;3;52;10;52;10;73;10;31;15;89;15;15;20;53;28;69;28;34;43;66;43;38;0;1;1;1;7;6;4;8;8;12;12;3;52;10;52;10;73;10;31;18;90;18;14;20;53;30;70;30;34;43;66;43;38;0;1;1;1;3;2;4;5;5;12;12;3;52;10;52;10;73;10;31;15;89;15;15;20;53;28;69;28;34;43;66;43;38;0;0;0;0;3;3;1;0;1;2;4;2;0;0;0;0;0;0;0;0;0;0;0;0;1;1;1;3;2;4;5;5;12;12;3;52;10;52;10;73;10;31;15;89;15;15;20;53;28;69;28;34;43;66;43;38;0;1;1;1;3;2;4;8;8;12;12;3;52;10;52;10;73;10;31;15;89;15;15;20;53;32;69;32;36;43;66;43;38;0;1;1;1;3;2;4;5;5;12;12;3;52;10;52;10;73;10;31;15;89;15;15;20;53;28;69;28;34;43;66;43;38;0;0;0;0;4;2;1;0;1;4;6;3;0;0;0;0;0;0;0;0;0;0;0;0;1;1;1;3;2;4;5;5;12;12;3;52;10;52;10;73;10;31;15;89;15;15;20;53;28;69;28;34;43;66;43;38;0;1;1;1;7;6;4;8;8;12;12;3;52;10;52;10;73;10;31;18;90;18;14;20;53;30;70;30;34;43;66;43;38;0;1;1;1;3;2;4;5;5;12;12;3;52;10;52;10;73;10;31;15;89;15;15;20;53;28;69;28;34;43;66;43;38;0;0;0;0;3;3;1;0;1;2;4;2;0;0;0;0;0;0;0;0;0;0;0;0;7;6;4;14;11;19;20;26;32;31;1;5;8;10;9;12;13;15;18;16;29;33;2;3;17;21;22;23;24;25;28;27;30;34;35;36;37;38;39;7;26;26;26;26;31;19;255;255;255;0;0;0;0;0;0;0
4228;0;1;1;1;3;2;4;5;5;12;12;3;52;10;52;10;73;10;31;15;89;15;15;20;53;28;68;28;36;43;66;43;38;0;1;1;1;7;6;4;8;8;12;12;3;52;10;52;10;73;10;31;23;89;23;15;20;53;28;68;28;36;43;66;43;38;0;1;1;1;3;2;4;5;5;12;12;3;52;10;52;10;73;10;31;15;89;15;15;20;53;28;68;28;36;43;66;43;38;1;0;1;1;6;3;0;1;1;3;7;2;0;0;0;0;0;0;0;0;0;0;0;0;1;1;1;3;2;4;4;5;12;12;3;52;10;52;10;73;10;31;15;89;15;15;20;64;20;40;32;52;43;66;43;38;0;1;1;1;7;6;4;4;8;12;12;3;52;10;52;10;73;10;31;19;91;19;13;20;64;20;40;32;52;43;66;43;38;0;1;1;1;3;2;4;4;5;12;12;3;52;10;52;10;73;10;31;15;89;15;15;20;64;20;40;32;52;43;66;43;38;1;0;1;1;1;2;0;1;1;6;4;2;0;0;0;0;0;0;0;0;0;0;0;0;1;1;1;3;2;4;5;5;12;12;3;52;10;52;10;73;10;31;15;89;15;15;20;53;28;68;28;36;43;66;43;38;0;1;1;1;7;6;4;8;8;12;12;3;52;10;52;10;73;10;31;23;89;23;15;20;53;28;68;28;36;43;66;43;38;0;1;1;1;3;2;4;5;5;12;12;3;52;10;52;10;73;10;31;15;89;15;15;20;53;28;68;28;36;43;66;43;38;1;0;1;1;6;3;0;1;1;3;7;2;0;0;0;0;0;0;0;0;0;0;0;1;9;5;7;11;10;4;16;18;23;26;0;6;8;12;13;15;17;20;19;21;24;25;2;3;14;27;22;28;29;30;31;32;33;34;35;36;37;38;39;9;9;9;9;9;9;5;255;255;255;0;0;0;0;0;0;0
4229;0;1;1;1;4;5;5;5;7;6;12;3;52;10;52;10;73;10;31;18;52;24;83;24;21;27;52;33;94;33;10;43;52;0;1;1;1;4;5;5;8;10;9;12;3;52;10;52;10;73;10;31;18;52;24;83;24;21;33;52;43;91;43;13;43;52;0;1;1;1;4;5;5;5;7;6;12;3;52;10;52;10;73;10;31;18;52;24;83;24;21;27;52;33;94;33;10;43;52;0;0;0;1;4;2;0;1;1;8;5;2;0;7;0;16;0;0;0;0;0;0;0;0;1;1;1;3;2;4;5;8;8;12;3;52;10;52;10;73;10;31;15;89;15;15;20;52;27;52;34;78;34;26;43;52;0;1;1;1;3;2;4;5;10;9;12;3;52;10;52;10;73;10;31;15;89;15;15;20;52;27;52;36;89;36;16;43;52;0;1;1;1;3;2;4;5;8;8;12;3;52;10;52;10;73;10;31;15;89;15;15;20;52;27;52;34;78;34;26;43;52;0;0;0;1;5;2;0;1;0;3;6;2;0;7;0;139637976727552;0;0;0;0;0;0;0;0;1;1;1;4;5;5;5;7;6;12;3;52;10;52;10;73;10;31;18;52;24;83;24;21;27;52;33;94;33;10;43;52;0;1;1;1;4;5;5;8;10;9;12;3;52;10;52;10;73;10;31;18;52;24;83;24;21;33;52;43;91;43;13;43;52;0;1;1;1;4;5;5;5;7;6;12;3;52;10;52;10;73;10;31;18;52;24;83;24;21;27;52;33;94;33;10;43;52;0;0;0;1;4;2;0;1;1;8;5;2;0;7;0;16;0;0;0;0;0;0;0;0;4;7;5;10;18;16;19;23;22;26;1;6;9;11;13;14;12;17;20;21;27;28;2;3;8;15;25;24;29;30;31;32;33;34;35;36;37;38;39;0;18;16;18;18;26;10;255;255;255;0;0;0;0;0;0;0
4230;0;1;1;1;3;2;4;5;5;12;12;3;52;10;52;10;73;10;31;15;89;15;15;20;53;29;75;29;29;43;66;43;39;0;1;1;1;7;6;4;5;5;12;12;3;52;10;52;10;73;10;31;21;90;21;14;20;53;29;75;29;29;43;66;43;39;0;1;1;1;3;2;4;5;5;11;12;3;52;10;52;10;73;10;31;15;89;15;15;20;53;29;75;29;29;36;63;42;38;0;0;0;0;8;2;1;0;1;8;6;2;0;0;0;0;0;0;0;0;0;0;0;0;1;1;1;3;2;4;4;7;6;12;3;52;10;52;10;73;10;31;15;89;15;15;20;64;20;40;34;86;34;18;43;52;0;1;1;1;3;2;5;5;11;11;12;3;52;10;52;10;73;10;31;15;89;15;15;23;68;23;36;35;79;35;25;43;52;0;1;1;1;3;2;4;4;7;6;12;3;52;10;52;10;73;10;31;15;89;15;15;20;64;20;40;34;86;34;18;43;52;0;0;0;0;8;2;1;0;1;7;7;2;0;0;0;0;0;0;0;0;0;0;0;0;1;1;1;3;2;4;5;5;12;12;3;52;10;52;10;73;10;31;15;89;15;15;20;53;29;75;29;29;43;66;43;39;0;1;1;1;7;6;4;5;5;12;12;3;52;10;52;10;73;10;31;21;90;21;14;20;53;29;75;29;29;43;66;43;39;0;1;1;1;3;2;4;5;5;11;12;3;52;10;52;10;73;10;31;15;89;15;15;20;53;29;75;29;29;36;63;42;38;0;0;0;0;8;2;1;0;1;8;6;2;0;0;0;0;0;0;0;0;0;0;0;0;7;8;5;6;21;13;15;14;25;27;1;4;9;11;10;18;12;17;20;22;23;24;2;3;16;19;26;28;29;30;31;32;33;34;35;36;37;38;39;0;13;15;13;13;27;6;255;255;255;0;0;0;0;0;0;0
4233;0;1;1;1;3;2;4;4;5;11;12;3;52;10;52;10;73;10;31;15;89;15;15;21;65;21;39;30;51;39;68;43;38;0;1;1;1;7;6;4;4;8;12;12;3;52;10;52;10;73;10;31;17;89;17;15;21;65;21;39;34;52;44;70;44;34;0;1;1;1;3;2;4;4;5;11;12;3;52;10;52;10;73;10;31;15;89;15;15;21;65;21;39;28;52;37;61;42;44;0;0;0;0;4;2;1;1;1;2;4;3;0;0;0;0;0;0;0;0;0;0;0;0;1;1;1;3;2;4;4;5;12;12;3;52;10;52;10;73;10;31;15;89;15;15;20;64;20;40;32;52;43;66;43;38;0;1;1;1;3;2;5;5;8;12;12;3;52;10;52;10;73;10;31;15;89;15;15;20;64;20;40;34;52;43;66;43;38;0;1;1;1;3;2;4;4;5;12;12;3;52;10;52;10;73;10;31;15;89;15;15;20;64;20;40;32;52;43;66;43;38;0;0;0;0;5;2;1;1;1;1;7;3;0;0;0;0;0;0;0;0;0;0;0;0;1;1;1;3;2;4;4;5;11;12;3;52;10;52;10;73;10;31;15;89;15;15;21;65;21;39;30;51;39;68;43;38;0;1;1;1;7;6;4;4;8;12;12;3;52;10;52;10;73;10;31;17;89;17;15;21;65;21;39;34;52;44;70;44;34;0;1;1;1;3;2;4;4;5;11;12;3;52;10;52;10;73;10;31;15;89;15;15;21;65;21;39;28;52;37;61;42;44;0;0;0;0;4;2;1;1;1;2;4;3;0;0;0;0;0;0;0;0;0;0;0;0;9;5;8;12;6;15;14;17;24;26;1;4;10;13;18;7;11;25;21;23;20;27;2;3;29;16;22;19;28;30;31;32;33;34;35;36;37;38;39;8;9;9;9;9;9;14;255;255;255;0;0;0;0;0;0;0
4234;0;1;1;3;2;4;4;5;10;9;12;3;52;10;63;10;41;12;89;12;15;18;64;18;40;26;52;36;87;36;17;43;52;0;1;1;3;2;5;5;8;10;9;12;3;52;10;63;10;41;12;89;12;15;23;67;23;39;33;52;36;87;36;17;43;52;0;1;1;3;2;4;4;5;11;11;12;3;52;10;63;10;41;12;89;12;15;18;64;18;40;26;52;36;80;36;23;43;52;0;0;0;0;5;3;0;0;0;6;3;2;0;1;0;12;0;0;0;0;0;0;0;0;1;1;3;2;4;5;5;8;11;12;3;52;10;63;10;41;12;89;12;15;18;52;23;77;23;27;29;51;39;66;44;42;0;1;1;3;2;4;5;5;8;12;12;3;52;10;63;10;41;12;89;12;15;18;52;23;77;23;27;29;51;44;64;44;42;0;1;1;3;2;4;4;4;8;11;12;3;52;10;63;10;41;12;89;12;15;18;52;23;77;23;27;29;51;39;66;44;42;0;0;1;0;6;2;0;0;1;4;5;3;0;1;0;12;0;0;0;0;0;0;0;0;1;1;3;2;4;4;5;10;9;12;3;52;10;63;10;41;12;89;12;15;18;64;18;40;26;52;36;87;36;17;43;52;0;1;1;3;2;5;5;8;10;9;12;3;52;10;63;10;41;12;89;12;15;23;67;23;39;33;52;36;87;36;17;43;52;0;1;1;3;2;4;4;5;11;11;12;3;52;10;63;10;41;12;89;12;15;18;64;18;40;26;52;36;80;36;23;43;52;0;0;0;0;5;3;0;0;0;6;3;2;0;1;0;12;0;0;0;0;0;0;0;1;6;4;11;9;14;13;15;23;22;26;2;7;8;10;18;17;20;19;21;24;25;29;0;31;3;5;12;16;27;28;30;32;33;34;35;36;37;38;39;1;9;9;9;9;9;13;255;255;255;0;0;0;0;0;0;0
4237;0;1;1;3;2;4;5;5;7;6;12;3;52;11;64;11;40;13;88;13;16;20;52;23;72;23;32;34;89;34;16;43;52;0;1;1;3;2;4;5;5;10;9;12;3;52;11;64;11;40;13;88;13;16;20;52;23;72;23;32;44;89;44;16;43;52;0;1;1;3;2;4;5;5;7;6;12;3;52;11;64;11;40;13;88;13;16;20;52;23;72;23;32;34;89;34;15;43;52;0;1;1;1;5;2;1;0;0;2;8;2;0;0;0;0;0;0;0;0;0;0;0;0;1;1;3;2;4;5;5;8;8;12;3;52;11;64;11;40;13;88;13;16;19;51;23;72;23;32;31;66;31;38;42;53;0;1;1;3;2;4;5;5;10;9;12;3;52;11;64;11;40;13;88;13;16;19;51;23;72;23;32;35;84;35;19;42;53;0;1;1;3;2;4;4;4;8;8;12;3;52;11;64;11;40;13;88;13;16;19;51;23;72;23;32;31;66;31;38;42;53;0;1;1;1;2;2;0;0;0;1;5;2;0;0;0;0;0;0;0;0;0;0;0;0;1;1;3;2;4;5;5;7;6;12;3;52;11;64;11;40;13;88;13;16;20;52;23;72;23;32;34;89;34;16;43;52;0;1;1;3;2;4;5;5;10;9;12;3;52;11;64;11;40;13;88;13;16;20;52;23;72;23;32;44;89;44;16;43;52;0;1;1;3;2;4;5;5;7;6;12;3;52;11;64;11;40;13;88;13;16;20;52;23;72;23;32;34;89;34;15;43;52;0;1;1;1;5;2;1;0;0;2;8;2;0;0;0;0;0;0;0;0;0;0;0;0;5;6;11;9;12;16;15;22;24;27;1;7;8;10;13;18;19;20;30;21;25;26;2;3;4;28;29;31;14;17;23;32;33;34;35;36;37;38;39;0;15;15;15;15;27;22;255;255;255;0;0;0;0;0;0;0
4241;0;1;1;1;4;5;5;6;7;12;12;3;52;10;52;10;73;10;31;18;52;25;36;25;68;27;10;27;94;43;65;43;38;0;1;1;1;4;8;8;6;7;12;12;3;52;10;52;10;73;10;31;18;52;27;36;27;68;27;10;27;94;43;65;43;38;0;1;1;1;4;5;5;2;3;12;12;3;52;10;52;10;73;10;31;18;52;25;36;25;68;15;13;15;91;43;65;43;38;0;0;1;0;7;3;1;0;0;5;5;2;0;0;0;0;0;0;0;0;0;0;0;0;1;1;1;4;5;5;2;3;12;12;3;52;10;52;10;73;10;31;18;52;25;36;25;68;14;10;14;93;43;65;43;38;0;1;1;1;4;8;8;2;3;12;12;3;52;10;52;10;73;10;31;18;52;29;35;29;69;14;10;14;93;43;65;43;38;0;1;1;1;4;5;5;2;3;12;12;3;52;10;52;10;73;10;31;18;52;25;36;25;68;14;10;14;93;43;65;43;38;0;0;1;0;9;2;1;0;0;4;7;3;0;0;0;0;0;0;0;0;0;0;0;0;1;1;1;4;5;5;6;7;12;12;3;52;10;52;10;73;10;31;18;52;25;36;25;68;27;10;27;94;43;65;43;38;0;1;1;1;4;8;8;6;7;12;12;3;52;10;52;10;73;10;31;18;52;27;36;27;68;27;10;27;94;43;65;43;38;0;1;1;1;4;5;5;2;3;12;12;3;52;10;52;10;73;10;31;18;52;25;36;25;68;15;13;15;91;43;65;43;38;0;0;1;0;7;3;1;0;0;5;5;2;0;0;0;0;0;0;0;0;0;0;0;0;8;3;6;10;15;12;22;18;28;27;1;4;5;7;11;14;16;17;24;19;25;26;2;9;20;13;21;23;29;30;31;32;33;34;35;36;37;38;39;8;18;18;18;18;27;3;255;255;255;0;0;0;0;0;0;0
4247;0;1;1;3;2;4;5;5;10;9;12;3;52;10;63;10;41;12;89;12;15;18;52;23;77;23;27;36;90;36;15;43;52;0;1;1;3;2;4;8;8;10;9;12;3;52;10;63;10;41;15;88;15;16;18;52;26;77;26;28;36;90;36;15;43;52;0;1;1;3;2;4;5;5;7;6;12;3;52;10;63;10;41;12;89;12;15;18;52;23;77;23;27;33;88;33;16;43;52;0;0;0;0;7;2;0;0;1;6;4;2;0;0;0;0;0;0;0;0;0;0;0;0;1;1;3;2;4;5;5;8;8;12;3;52;10;63;10;41;12;89;12;15;18;52;25;69;25;34;34;77;34;27;43;52;0;1;1;3;2;4;5;5;10;9;12;3;52;10;63;10;41;12;89;12;15;18;52;25;69;25;34;36;86;36;17;43;52;0;1;1;3;2;4;5;5;8;8;12;3;52;10;63;10;41;12;89;12;15;18;52;25;69;25;34;34;78;34;26;43;52;0;0;1;0;8;2;0;0;1;5;5;2;0;0;0;0;0;0;0;0;0;0;0;0;1;1;3;2;4;5;5;10;9;12;3;52;10;63;10;41;12;89;12;15;18;52;23;77;23;27;36;90;36;15;43;52;0;1;1;3;2;4;8;8;10;9;12;3;52;10;63;10;41;15;88;15;16;18;52;26;77;26;28;36;90;36;15;43;52;0;1;1;3;2;4;5;5;7;6;12;3;52;10;63;10;41;12;89;12;15;18;52;23;77;23;27;33;88;33;16;43;52;0;0;0;0;7;2;0;0;1;6;4;2;0;0;0;0;0;0;0;0;0;0;0;0;13;2;7;4;9;8;12;20;18;19;1;3;25;5;6;11;10;14;21;22;23;24;27;28;26;15;16;17;29;30;31;32;33;34;35;36;37;38;39;13;9;9;9;9;9;8;255;255;255;0;0;0;0;0;0;0
4252;0;1;1;3;2;5;5;8;10;9;12;3;52;10;63;10;41;12;89;12;15;22;67;22;35;32;52;38;94;38;10;43;52;0;1;1;3;2;5;5;8;10;9;12;3;52;10;63;10;41;12;89;12;15;22;67;22;35;32;52;42;94;42;10;43;52;0;1;1;3;2;4;4;8;10;9;12;3;52;10;63;10;41;12;89;12;15;19;67;19;37;32;52;36;89;36;15;43;52;0;0;0;1;8;3;0;1;1;4;5;2;0;3;0;11;0;0;0;0;0;0;0;0;1;1;3;2;4;4;5;10;9;12;3;52;10;63;10;41;12;89;12;15;22;67;22;35;32;52;38;94;38;10;43;52;0;1;1;3;2;5;5;8;10;9;12;3;52;10;63;10;41;12;89;12;15;22;67;22;35;33;52;38;94;38;10;43;52;0;1;1;3;2;4;4;5;10;9;12;3;52;10;63;10;41;12;89;12;15;22;67;22;35;32;52;38;94;38;10;43;52;0;0;0;0;4;2;1;0;1;4;5;3;0;3;0;11;0;0;0;0;0;0;0;0;1;1;3;2;5;5;8;10;9;12;3;52;10;63;10;41;12;89;12;15;22;67;22;35;32;52;38;94;38;10;43;52;0;1;1;3;2;5;5;8;10;9;12;3;52;10;63;10;41;12;89;12;15;22;67;22;35;32;52;42;94;42;10;43;52;0;1;1;3;2;4;4;8;10;9;12;3;52;10;63;10;41;12;89;12;15;19;67;19;37;32;52;36;89;36;15;43;52;0;0;0;1;8;3;0;1;1;4;5;2;0;3;0;11;0;0;0;0;0;0;0;0;8;3;11;10;16;14;20;22;26;21;1;4;9;5;12;13;15;17;19;23;24;25;2;6;7;18;27;28;29;30;31;32;33;34;35;36;37;38;39;3;11;16;11;11;20;10;255;255;255;0;0;0;0;0;0;0
4260;0;1;1;3;2;4;4;5;10;9;12;3;52;11;64;11;40;13;88;13;16;21;64;21;40;29;52;38;91;38;14;43;52;0;1;1;3;2;5;5;8;10;9;12;3;52;11;64;11;40;13;88;13;16;21;64;21;40;33;52;38;91;38;14;43;52;0;1;1;3;2;4;4;5;7;6;12;3;52;11;64;11;40;13;88;13;16;21;64;21;40;29;52;34;90;34;14;43;52;0;0;0;0;6;2;0;0;1;3;8;2;0;1;0;12;0;0;0;0;0;0;0;0;1;1;3;2;4;4;5;7;6;12;3;52;11;64;11;40;13;88;13;16;21;64;21;40;30;52;28;91;28;12;41;52;0;1;1;3;2;4;4;5;10;9;12;3;52;11;64;11;40;13;88;13;16;21;64;21;40;30;52;35;92;35;13;41;52;0;1;1;3;2;4;4;5;7;6;12;3;52;11;64;11;40;13;88;13;16;21;64;21;40;30;52;28;91;28;12;41;52;0;0;0;0;7;2;0;1;1;2;7;2;0;1;0;12;0;0;0;0;0;0;0;0;1;1;3;2;4;4;5;10;9;12;3;52;11;64;11;40;13;88;13;16;21;64;21;40;29;52;38;91;38;14;43;52;0;1;1;3;2;5;5;8;10;9;12;3;52;11;64;11;40;13;88;13;16;21;64;21;40;33;52;38;91;38;14;43;52;0;1;1;3;2;4;4;5;7;6;12;3;52;11;64;11;40;13;88;13;16;21;64;21;40;29;52;34;90;34;14;43;52;0;0;0;0;6;2;0;0;1;3;8;2;0;1;0;12;0;0;0;0;0;0;0;0;3;2;8;6;11;10;15;21;18;22;1;4;5;7;9;12;14;13;20;19;31;23;28;26;27;29;30;16;17;25;24;32;33;34;35;36;37;38;39;15;11;11;11;11;15;15;255;255;255;0;0;0;0;0;0;0
4272;0;1;1;3;2;4;5;5;10;9;12;3;52;10;63;10;41;12;89;12;15;20;52;27;78;27;26;36;92;36;12;43;52;0;1;1;3;2;4;8;8;10;9;12;3;52;10;63;10;41;12;89;12;15;20;52;32;65;32;40;36;92;36;12;43;52;0;1;1;3;2;4;5;5;10;9;12;3;52;10;63;10;41;12;89;12;15;20;52;27;78;27;26;36;92;36;12;43;52;0;1;0;0;6;2;0;0;1;4;8;2;0;7;0;11;0;0;0;0;0;0;0;0;1;1;3;2;4;4;5;7;6;12;3;52;11;64;11;40;13;88;13;16;21;64;21;40;28;52;30;89;30;14;41;52;0;1;1;3;2;5;5;8;10;9;12;3;52;11;64;11;40;13;88;13;16;21;64;21;40;28;52;35;89;35;16;41;52;0;1;1;3;2;4;4;5;7;6;12;3;52;11;64;11;40;13;88;13;16;21;64;21;40;28;52;28;93;28;12;41;52;0;0;0;0;7;2;0;0;1;4;6;2;0;7;0;11;0;0;0;0;0;0;0;0;1;1;3;2;4;5;5;10;9;12;3;52;10;63;10;41;12;89;12;15;20;52;27;78;27;26;36;92;36;12;43;52;0;1;1;3;2;4;8;8;10;9;12;3;52;10;63;10;41;12;89;12;15;20;52;32;65;32;40;36;92;36;12;43;52;0;1;1;3;2;4;5;5;10;9;12;3;52;10;63;10;41;12;89;12;15;20;52;27;78;27;26;36;92;36;12;43;52;0;1;0;0;6;2;0;0;1;4;8;2;0;7;0;11;0;0;0;0;0;0;0;0;5;2;8;7;10;12;13;15;17;21;1;4;6;24;9;11;14;16;18;20;22;23;27;3;28;31;29;30;19;26;25;32;33;34;35;36;37;38;39;8;17;12;8;8;13;8;255;255;255;0;0;0;0;0;0;0
4276;0;1;1;3;2;4;5;5;10;9;12;3;52;10;63;10;41;12;89;12;15;18;52;25;71;25;34;38;90;38;13;43;52;0;1;1;3;2;4;8;8;10;9;12;3;52;10;63;10;41;12;89;12;15;18;52;28;71;28;34;38;90;38;13;43;52;0;1;1;3;2;4;5;5;7;6;12;3;52;10;63;10;41;12;89;12;15;18;52;25;71;25;34;34;88;34;16;43;52;0;0;1;1;5;3;0;1;1;5;4;2;0;0;0;0;0;0;0;0;0;0;0;0;1;1;3;2;5;5;7;6;8;12;3;52;10;63;10;41;12;89;12;15;20;63;20;41;30;89;30;15;30;52;42;52;0;1;1;3;2;5;5;10;9;8;12;3;52;10;63;10;41;12;89;12;15;20;63;20;41;35;91;35;13;30;52;42;52;0;1;1;3;2;5;5;7;6;8;12;3;52;10;63;10;41;12;89;12;15;20;63;20;41;30;89;30;15;30;52;42;52;1;1;1;0;6;2;0;1;0;4;5;2;0;0;0;0;0;0;0;0;0;0;0;0;1;1;3;2;4;5;5;10;9;12;3;52;10;63;10;41;12;89;12;15;18;52;25;71;25;34;38;90;38;13;43;52;0;1;1;3;2;4;8;8;10;9;12;3;52;10;63;10;41;12;89;12;15;18;52;28;71;28;34;38;90;38;13;43;52;0;1;1;3;2;4;5;5;7;6;12;3;52;10;63;10;41;12;89;12;15;18;52;25;71;25;34;34;88;34;16;43;52;0;0;1;1;5;3;0;1;1;5;4;2;0;0;0;0;0;0;0;0;0;0;0;0;3;2;7;5;12;13;10;8;16;23;1;4;25;6;9;14;15;11;21;20;22;24;27;26;19;17;18;28;29;30;31;32;33;34;35;36;37;38;39;10;16;8;16;16;16;5;255;255;255;0;0;0;0;0;0;0
4302;0;1;1;1;3;2;5;5;8;12;12;3;52;10;52;10;73;10;31;15;89;15;15;24;71;24;33;32;52;43;66;43;38;0;1;1;1;7;6;5;5;11;12;12;3;52;10;52;10;73;10;31;19;89;19;15;24;71;24;33;35;51;43;66;43;38;0;1;1;1;3;2;5;5;8;12;12;3;52;10;52;10;73;10;31;15;89;15;15;24;71;24;33;32;52;43;66;43;38;1;0;0;1;4;2;1;0;0;6;5;2;0;139637976727552;0;12;0;0;0;0;0;0;0;0;1;1;1;3;2;4;4;5;12;12;3;52;10;52;10;73;10;31;15;89;15;15;20;68;20;37;28;52;43;66;43;38;0;1;1;1;3;2;5;5;8;12;12;3;52;10;52;10;73;10;31;15;89;15;15;24;68;24;36;33;51;43;66;43;38;0;1;1;1;3;2;4;4;5;12;12;3;52;10;52;10;73;10;31;15;89;15;15;20;68;20;37;28;52;43;66;43;38;1;0;0;1;3;2;1;0;0;7;8;2;0;4;0;12;0;0;0;0;0;0;0;0;1;1;1;3;2;5;5;8;12;12;3;52;10;52;10;73;10;31;15;89;15;15;24;71;24;33;32;52;43;66;43;38;0;1;1;1;7;6;5;5;11;12;12;3;52;10;52;10;73;10;31;19;89;19;15;24;71;24;33;35;51;43;66;43;38;0;1;1;1;3;2;5;5;8;12;12;3;52;10;52;10;73;10;31;15;89;15;15;24;71;24;33;32;52;43;66;43;38;1;0;0;1;4;2;1;0;0;6;5;2;0;139637976727552;0;12;0;0;0;0;0;0;0;0;4;3;2;10;6;16;13;14;23;24;1;5;8;7;9;11;12;15;19;20;22;25;26;28;29;18;27;30;17;21;31;32;33;34;35;36;37;38;39;6;13;13;13;13;23;16;255;255;255;0;0;0;0;0;0;0
4308;0;1;1;3;2;5;5;7;6;12;12;3;52;11;64;11;40;13;88;13;16;24;66;24;38;31;88;31;16;41;64;41;40;0;1;1;3;2;5;5;10;9;12;12;3;52;11;64;11;40;15;89;15;15;24;64;24;40;35;91;35;14;41;64;41;40;0;1;1;3;2;4;4;7;6;12;12;3;52;11;64;11;40;13;88;13;16;19;64;19;40;31;88;31;16;42;64;42;38;1;1;0;1;8;2;1;1;0;4;5;2;0;7;0;16;0;0;0;0;0;0;0;0;1;1;3;2;5;5;7;6;8;12;3;52;11;64;11;40;13;88;13;16;19;64;19;40;31;88;31;16;34;53;43;53;0;1;1;3;2;5;5;7;6;11;12;3;52;11;64;11;40;13;88;13;16;19;64;19;40;31;88;31;16;35;53;43;53;0;1;1;3;2;4;4;7;6;8;12;3;52;11;64;11;40;13;88;13;16;19;64;19;40;31;88;31;16;34;54;43;53;1;1;0;1;5;2;1;1;1;3;6;2;0;7;0;16;0;0;0;0;0;0;0;0;1;1;3;2;5;5;7;6;12;12;3;52;11;64;11;40;13;88;13;16;24;66;24;38;31;88;31;16;41;64;41;40;0;1;1;3;2;5;5;10;9;12;12;3;52;11;64;11;40;15;89;15;15;24;64;24;40;35;91;35;14;41;64;41;40;0;1;1;3;2;4;4;7;6;12;12;3;52;11;64;11;40;13;88;13;16;19;64;19;40;31;88;31;16;42;64;42;38;1;1;0;1;8;2;1;1;0;4;5;2;0;7;0;16;0;0;0;0;0;0;0;1;5;2;9;3;13;11;17;19;23;26;0;4;6;7;10;14;15;20;21;18;24;25;27;29;30;8;28;12;16;22;31;32;33;34;35;36;37;38;39;9;9;9;9;9;9;5;255;255;255;0;0;0;0;0;0;0
4326;0;1;1;3;2;5;5;8;10;9;12;3;52;10;63;10;41;12;89;12;15;18;64;18;40;32;52;37;92;37;12;43;52;0;1;1;3;2;5;5;8;10;9;12;3;52;10;63;10;41;12;89;12;15;24;76;24;28;32;52;37;92;37;12;43;52;0;1;1;3;2;4;4;5;8;8;12;3;52;10;63;10;41;12;89;12;15;18;64;18;40;30;50;34;80;34;24;43;52;0;1;1;0;1;3;1;1;1;3;2;2;0;0;0;0;0;0;0;0;0;0;0;0;1;1;3;2;4;4;8;7;6;12;3;52;10;63;10;41;12;89;12;15;18;64;18;40;31;52;27;90;27;14;43;52;0;1;1;3;2;4;4;8;7;6;12;3;52;10;63;10;41;12;89;12;15;18;64;18;40;31;52;27;90;27;14;43;52;0;1;1;3;2;4;4;8;7;6;12;3;52;10;63;10;41;12;89;12;15;18;64;18;40;31;52;27;90;27;14;43;52;0;1;1;0;5;1;1;0;1;3;7;2;0;0;0;0;0;0;0;0;0;0;0;0;1;1;3;2;5;5;8;10;9;12;3;52;10;63;10;41;12;89;12;15;18;64;18;40;32;52;37;92;37;12;43;52;0;1;1;3;2;5;5;8;10;9;12;3;52;10;63;10;41;12;89;12;15;24;76;24;28;32;52;37;92;37;12;43;52;0;1;1;3;2;4;4;5;8;8;12;3;52;10;63;10;41;12;89;12;15;18;64;18;40;30;50;34;80;34;24;43;52;0;1;1;0;1;3;1;1;1;3;2;2;0;0;0;0;0;0;0;0;0;0;0;1;4;7;12;9;16;14;13;22;17;21;0;2;3;5;6;10;11;18;15;19;8;20;23;24;25;26;27;28;29;30;31;32;33;34;35;36;37;38;39;7;9;9;9;9;9;16;255;255;255;0;0;0;0;0;0;0
4344;0;1;1;3;2;4;5;5;10;9;12;3;52;10;63;10;41;12;89;12;15;18;52;27;76;27;28;36;90;36;14;43;52;0;1;1;3;2;4;8;8;10;9;12;3;52;10;63;10;41;12;89;12;15;18;52;27;76;27;28;36;90;36;14;43;52;0;1;1;3;2;4;5;5;7;6;12;3;52;10;63;10;41;12;89;12;15;18;52;27;76;27;28;34;89;34;16;43;52;0;0;1;1;4;2;0;0;1;6;2;2;0;0;0;0;0;0;0;0;0;0;0;0;1;1;3;2;4;4;8;10;9;12;3;52;10;63;10;41;12;89;12;15;20;63;20;41;30;51;37;85;37;18;43;52;0;1;1;3;2;4;4;8;10;9;12;3;52;10;63;10;41;12;89;12;15;20;63;20;41;30;51;37;85;37;18;43;52;0;1;1;3;2;4;4;8;10;9;12;3;52;10;63;10;41;12;89;12;15;20;63;20;41;30;51;37;85;37;18;43;52;1;1;1;0;7;3;1;0;1;4;7;1;0;0;0;0;0;0;0;0;0;0;0;0;1;1;3;2;4;5;5;10;9;12;3;52;10;63;10;41;12;89;12;15;18;52;27;76;27;28;36;90;36;14;43;52;0;1;1;3;2;4;8;8;10;9;12;3;52;10;63;10;41;12;89;12;15;18;52;27;76;27;28;36;90;36;14;43;52;0;1;1;3;2;4;5;5;7;6;12;3;52;10;63;10;41;12;89;12;15;18;52;27;76;27;28;34;89;34;16;43;52;0;0;1;1;4;2;0;0;1;6;2;2;0;0;0;0;0;0;0;0;0;0;0;0;4;7;10;8;11;14;13;18;16;20;1;2;3;5;6;9;12;15;17;19;21;22;23;24;25;26;27;28;29;30;31;32;33;34;35;36;37;38;39;7;18;11;11;11;20;8;255;255;255;0;0;0;0;0;0;0
4347;0;1;1;3;2;4;4;10;9;8;12;3;52;11;64;11;40;13;88;13;16;19;64;19;40;36;87;36;17;31;52;43;52;0;1;1;3;2;4;4;10;9;8;12;3;52;11;64;11;40;13;88;13;16;19;64;19;40;39;87;39;16;31;52;43;52;0;1;1;3;2;4;4;7;6;8;12;3;52;11;64;11;40;13;88;13;16;19;64;19;40;31;88;31;16;34;52;43;52;0;0;0;0;5;2;0;0;1;5;5;2;0;0;0;0;0;0;0;0;0;0;0;0;1;1;3;2;4;5;7;6;5;12;3;52;11;64;11;40;13;88;13;16;19;53;24;69;31;88;31;16;24;34;43;52;0;1;1;3;2;4;5;7;6;5;12;3;52;11;64;11;40;13;88;13;16;19;53;24;69;31;88;31;16;24;34;43;52;0;1;1;3;2;4;5;7;6;5;12;3;52;11;64;11;40;13;88;13;16;19;53;24;69;31;88;31;16;24;34;43;52;0;0;0;0;4;1;0;0;1;4;7;3;0;0;0;0;0;0;0;0;0;0;0;0;1;1;3;2;4;4;10;9;8;12;3;52;11;64;11;40;13;88;13;16;19;64;19;40;36;87;36;17;31;52;43;52;0;1;1;3;2;4;4;10;9;8;12;3;52;11;64;11;40;13;88;13;16;19;64;19;40;39;87;39;16;31;52;43;52;0;1;1;3;2;4;4;7;6;8;12;3;52;11;64;11;40;13;88;13;16;19;64;19;40;31;88;31;16;34;52;43;52;0;0;0;0;5;2;0;0;1;5;5;2;0;0;0;0;0;0;0;0;0;0;0;0;5;7;9;8;12;3;15;24;13;22;1;2;4;6;10;11;14;16;17;19;21;23;18;20;25;26;27;28;29;30;31;32;33;34;35;36;37;38;39;3;9;9;9;9;9;8;255;255;255;0;0;0;0;0;0;0
4355;0;1;1;3;2;4;5;5;10;9;12;3;52;10;63;10;41;12;89;12;15;18;52;27;79;27;25;39;90;39;14;43;52;0;1;1;3;2;4;8;8;10;9;12;3;52;10;63;10;41;12;89;12;15;18;52;30;69;30;35;39;90;39;14;43;52;0;1;1;3;2;4;5;5;11;11;12;3;52;10;63;10;41;12;89;12;15;18;52;27;79;27;25;37;71;37;35;43;52;0;0;1;1;6;2;1;0;0;2;2;2;0;0;0;0;0;0;0;0;0;0;0;0;1;1;3;2;4;4;7;6;8;12;3;52;10;63;10;41;12;89;12;15;22;68;22;36;30;89;30;15;30;52;42;52;0;1;1;3;2;4;4;7;6;8;12;3;52;10;63;10;41;12;89;12;15;22;68;22;36;30;89;30;15;30;52;42;52;0;1;1;3;2;4;4;7;6;8;12;3;52;10;63;10;41;12;89;12;15;22;68;22;36;30;89;30;15;30;52;42;52;0;0;1;0;7;2;1;0;0;2;7;1;0;0;0;0;0;0;0;0;0;0;0;0;1;1;3;2;4;5;5;10;9;12;3;52;10;63;10;41;12;89;12;15;18;52;27;79;27;25;39;90;39;14;43;52;0;1;1;3;2;4;8;8;10;9;12;3;52;10;63;10;41;12;89;12;15;18;52;30;69;30;35;39;90;39;14;43;52;0;1;1;3;2;4;5;5;11;11;12;3;52;10;63;10;41;12;89;12;15;18;52;27;79;27;25;37;71;37;35;43;52;0;0;1;1;6;2;1;0;0;2;2;2;0;0;0;0;0;0;0;0;0;0;0;1;6;3;10;8;16;14;15;22;20;24;0;4;5;11;26;12;17;18;19;21;23;25;2;7;9;13;27;28;29;30;31;32;33;34;35;36;37;38;39;1;16;8;8;8;24;8;255;255;255;0;0;0;0;0;0;0
4365;0;1;1;3;2;5;5;8;10;9;12;3;52;10;63;10;41;12;89;12;15;24;76;24;27;28;51;36;89;36;15;43;52;0;1;1;3;2;5;5;8;10;9;12;3;52;10;63;10;41;12;89;12;15;24;76;24;27;33;53;36;89;36;15;43;52;0;1;1;3;2;5;5;8;7;6;12;3;52;10;63;10;41;12;89;12;15;24;76;24;27;28;51;34;88;34;17;43;52;1;1;1;1;3;3;0;1;0;7;3;2;0;0;0;0;0;0;0;0;0;0;0;0;1;1;3;2;5;5;8;7;6;12;3;52;10;63;10;41;12;89;12;15;24;76;24;27;28;51;34;90;34;15;43;52;0;1;1;3;2;5;5;8;10;9;12;3;52;10;63;10;41;12;89;12;15;24;76;24;27;28;51;38;87;38;17;43;52;0;1;1;3;2;5;5;8;7;6;12;3;52;10;63;10;41;12;89;12;15;24;76;24;27;28;51;34;90;34;15;43;52;1;1;1;1;4;2;0;1;0;6;4;2;0;0;0;0;0;0;0;0;0;0;0;0;1;1;3;2;5;5;8;10;9;12;3;52;10;63;10;41;12;89;12;15;24;76;24;27;28;51;36;89;36;15;43;52;0;1;1;3;2;5;5;8;10;9;12;3;52;10;63;10;41;12;89;12;15;24;76;24;27;33;53;36;89;36;15;43;52;0;1;1;3;2;5;5;8;7;6;12;3;52;10;63;10;41;12;89;12;15;24;76;24;27;28;51;34;88;34;17;43;52;1;1;1;1;3;3;0;1;0;7;3;2;0;0;0;0;0;0;0;0;0;0;0;0;5;8;13;11;15;18;31;32;23;33;1;6;7;14;12;16;17;26;21;24;29;27;2;3;4;9;10;19;20;22;28;30;25;34;35;36;37;38;39;11;31;0;11;11;33;23;255;255;255;0;0;0;0;0;0;0
4370;0;1;1;3;2;5;5;7;6;12;12;3;52;10;63;10;41;12;89;12;15;20;64;20;40;30;87;30;18;43;66;43;38;0;1;1;3;2;8;8;7;6;12;12;3;52;10;63;10;41;12;89;12;15;26;64;26;40;30;87;30;18;43;66;43;38;0;1;1;3;2;5;5;7;6;12;12;3;52;10;63;10;41;12;89;12;15;20;64;20;40;30;87;30;18;43;66;43;38;0;1;0;1;8;2;1;0;0;5;6;2;0;0;0;0;0;0;0;0;0;0;0;0;1;1;3;2;4;4;7;6;11;12;3;52;10;63;10;41;12;89;12;15;20;64;20;40;30;87;30;18;39;62;43;38;0;1;1;3;2;5;5;7;6;12;12;3;52;10;63;10;41;12;89;12;15;20;64;20;40;30;87;30;18;43;66;43;38;0;1;1;3;2;4;4;7;6;11;12;3;52;10;63;10;41;12;89;12;15;20;64;20;40;30;87;30;18;39;62;43;38;0;1;0;1;9;2;1;1;0;4;7;3;0;0;0;0;0;0;0;0;0;0;0;0;1;1;3;2;5;5;7;6;12;12;3;52;10;63;10;41;12;89;12;15;20;64;20;40;30;87;30;18;43;66;43;38;0;1;1;3;2;8;8;7;6;12;12;3;52;10;63;10;41;12;89;12;15;26;64;26;40;30;87;30;18;43;66;43;38;0;1;1;3;2;5;5;7;6;12;12;3;52;10;63;10;41;12;89;12;15;20;64;20;40;30;87;30;18;43;66;43;38;0;1;0;1;8;2;1;0;0;5;6;2;0;0;0;0;0;0;0;0;0;0;0;1;6;3;10;7;14;13;16;17;21;20;2;4;5;8;9;11;12;15;19;18;22;23;0;24;25;26;27;28;29;30;31;32;33;34;35;36;37;38;39;7;17;14;13;13;13;10;255;255;255;0;0;0;0;0;0;0
4372;0;1;1;1;3;2;5;5;8;12;12;3;52;10;52;10;73;10;31;15;89;15;15;23;66;23;38;32;51;43;66;43;38;0;1;1;1;7;6;5;5;8;12;12;3;52;10;52;10;73;10;31;20;90;20;15;23;66;23;38;32;51;43;66;43;38;0;1;1;1;3;2;4;4;8;12;12;3;52;10;52;10;73;10;31;15;89;15;15;19;66;19;38;32;51;43;66;43;38;0;0;0;0;8;2;1;0;1;6;4;3;0;0;0;0;0;0;0;0;0;0;0;0;1;1;1;3;2;5;5;8;8;12;3;52;10;52;10;73;10;31;15;89;15;15;20;64;20;40;34;78;34;25;43;52;0;1;1;1;3;2;5;5;10;9;12;3;52;10;52;10;73;10;31;15;89;15;15;20;64;20;40;36;84;36;19;43;52;0;1;1;1;3;2;4;4;8;8;12;3;52;10;52;10;73;10;31;15;89;15;15;20;64;20;40;34;78;34;25;43;52;0;0;0;1;8;2;1;1;1;4;6;3;0;0;0;0;0;0;0;0;0;0;0;0;1;1;1;3;2;5;5;8;12;12;3;52;10;52;10;73;10;31;15;89;15;15;23;66;23;38;32;51;43;66;43;38;0;1;1;1;7;6;5;5;8;12;12;3;52;10;52;10;73;10;31;20;90;20;15;23;66;23;38;32;51;43;66;43;38;0;1;1;1;3;2;4;4;8;12;12;3;52;10;52;10;73;10;31;15;89;15;15;19;66;19;38;32;51;43;66;43;38;0;0;0;0;8;2;1;0;1;6;4;3;0;0;0;0;0;0;0;0;0;0;0;0;5;6;4;9;3;11;12;14;21;23;1;7;16;13;15;17;8;19;18;22;24;25;2;10;20;26;27;28;29;30;31;32;33;34;35;36;37;38;39;3;9;9;9;9;9;11;255;255;255;0;0;0;0;0;0;0
4379;0;1;1;1;3;2;5;5;8;8;12;3;52;10;52;10;73;10;31;15;89;15;15;24;66;24;38;34;80;34;25;43;52;0;1;1;1;7;6;5;5;11;11;12;3;52;10;52;10;73;10;31;20;89;20;15;24;66;24;38;35;78;35;26;43;52;0;1;1;1;3;2;4;4;8;8;12;3;52;10;52;10;73;10;31;15;89;15;15;22;66;22;37;34;80;34;25;43;52;0;0;0;1;8;3;1;1;1;2;4;2;0;0;0;0;0;0;0;0;0;0;0;0;1;1;1;3;2;4;4;5;11;12;3;52;10;52;10;73;10;31;15;89;15;15;20;65;20;38;29;51;39;68;42;38;0;1;1;1;3;2;5;5;8;12;12;3;52;10;52;10;73;10;31;15;89;15;15;20;65;20;38;32;52;42;66;42;38;0;1;1;1;3;2;4;4;5;11;12;3;52;10;52;10;73;10;31;15;89;15;15;20;65;20;38;29;51;39;68;42;38;0;0;0;1;9;1;1;1;1;1;6;2;0;0;0;0;0;0;0;0;0;0;0;0;1;1;1;3;2;5;5;8;8;12;3;52;10;52;10;73;10;31;15;89;15;15;24;66;24;38;34;80;34;25;43;52;0;1;1;1;7;6;5;5;11;11;12;3;52;10;52;10;73;10;31;20;89;20;15;24;66;24;38;35;78;35;26;43;52;0;1;1;1;3;2;4;4;8;8;12;3;52;10;52;10;73;10;31;15;89;15;15;22;66;22;37;34;80;34;25;43;52;0;0;0;1;8;3;1;1;1;2;4;2;0;0;0;0;0;0;0;0;0;0;0;0;18;5;7;12;8;15;17;20;21;26;1;4;6;9;10;11;19;16;25;22;27;28;2;3;13;14;24;23;29;30;31;32;33;34;35;36;37;38;39;21;18;18;18;18;18;5;255;255;255;0;0;0;0;0;0;0
4395;0;1;1;3;2;4;5;5;10;9;12;3;52;10;63;10;41;12;89;12;15;18;52;24;77;24;27;36;94;36;10;43;52;0;1;1;3;2;4;8;8;10;9;12;3;52;10;63;10;41;12;89;12;15;18;52;27;71;27;34;42;85;42;19;43;52;0;1;1;3;2;4;5;5;7;6;12;3;52;10;63;10;41;12;89;12;15;18;52;24;77;24;27;34;86;34;17;43;52;0;0;0;1;4;3;0;0;0;5;2;2;0;0;0;0;0;0;0;0;0;0;0;0;1;1;3;2;4;5;5;7;6;12;3;52;10;63;10;41;12;89;12;15;18;52;24;77;24;27;34;88;34;16;43;52;0;1;1;3;2;4;5;5;11;11;12;3;52;10;63;10;41;12;89;12;15;18;52;24;77;24;27;36;77;36;26;43;52;0;1;1;3;2;4;5;5;7;6;12;3;52;10;63;10;41;12;89;12;15;18;52;24;77;24;27;34;85;34;18;43;52;0;0;0;0;7;2;0;0;0;3;5;2;0;0;0;0;0;0;0;0;0;0;0;0;1;1;3;2;4;5;5;10;9;12;3;52;10;63;10;41;12;89;12;15;18;52;24;77;24;27;36;94;36;10;43;52;0;1;1;3;2;4;8;8;10;9;12;3;52;10;63;10;41;12;89;12;15;18;52;27;71;27;34;42;85;42;19;43;52;0;1;1;3;2;4;5;5;7;6;12;3;52;10;63;10;41;12;89;12;15;18;52;24;77;24;27;34;86;34;17;43;52;0;0;0;1;4;3;0;0;0;5;2;2;0;0;0;0;0;0;0;0;0;0;0;1;3;4;8;7;9;16;10;13;18;21;0;2;24;5;6;12;11;14;17;19;20;22;25;26;27;15;23;28;29;30;31;32;33;34;35;36;37;38;39;9;9;9;9;9;9;13;255;255;255;0;0;0;0;0;0;0
4914;0;1;1;1;4;5;5;7;6;8;12;3;52;10;52;10;73;10;30;18;52;23;72;23;33;29;94;29;10;33;51;41;52;0;1;1;1;4;5;5;7;6;8;12;3;52;10;52;10;73;10;30;18;52;23;72;23;33;33;88;33;17;34;52;43;52;0;1;1;1;4;5;5;3;2;8;12;3;52;10;52;10;73;10;30;18;52;23;72;23;33;15;94;15;10;30;52;43;51;1;1;1;1;6;3;0;1;1;5;7;2;0;0;0;0;0;0;0;0;0;0;0;0;1;1;1;4;5;5;3;2;8;12;3;52;9;52;10;71;10;33;16;52;23;69;23;35;13;93;13;11;29;52;43;52;0;1;1;1;4;5;5;7;6;8;12;3;52;9;52;10;71;10;33;16;52;23;69;23;35;19;91;19;13;29;52;43;52;0;1;1;1;4;5;5;3;2;8;12;3;52;9;52;10;71;10;33;16;52;23;69;23;35;13;93;13;11;29;52;43;52;1;0;1;1;3;2;0;1;0;4;4;3;0;0;0;0;0;0;0;0;0;0;0;0;1;1;1;4;5;5;7;6;8;12;3;52;10;52;10;73;10;30;18;52;23;72;23;33;29;94;29;10;33;51;41;52;0;1;1;1;4;5;5;7;6;8;12;3;52;10;52;10;73;10;30;18;52;23;72;23;33;33;88;33;17;34;52;43;52;0;1;1;1;4;5;5;3;2;8;12;3;52;10;52;10;73;10;30;18;52;23;72;23;33;15;94;15;10;30;52;43;51;1;1;1;1;6;3;0;1;1;5;7;2;0;0;0;0;0;0;0;0;0;0;0;0;6;5;4;14;16;15;17;22;19;26;1;3;7;8;11;13;31;20;21;23;24;28;2;30;9;10;18;12;29;32;33;25;27;34;35;36;37;38;39;14;15;14;15;15;14;4;255;255;255;0;0;0;0;0;0;0
4941;0;1;1;3;2;4;5;5;10;9;12;3;52;10;63;10;41;12;89;12;15;18;52;27;74;27;30;37;87;37;17;43;52;0;1;1;3;2;4;8;8;10;9;12;3;52;10;63;10;41;12;89;12;15;18;52;31;67;31;39;36;90;36;15;43;52;0;1;1;3;2;4;5;5;10;9;12;3;52;10;63;10;41;12;89;12;15;18;52;25;66;25;38;36;90;36;15;43;52;1;0;1;1;7;3;1;1;0;2;4;2;0;0;0;0;0;0;0;0;0;0;0;0;1;1;3;2;4;5;5;7;6;12;3;52;10;63;10;41;12;89;12;15;18;52;25;66;25;38;25;94;25;10;43;52;0;1;1;3;2;4;5;5;7;6;12;3;52;10;63;10;41;12;89;12;15;18;52;25;66;25;38;25;94;25;10;43;52;0;1;1;3;2;4;5;5;7;6;12;3;52;10;63;10;41;12;89;12;15;18;52;25;66;25;38;25;94;25;10;43;52;1;1;1;1;8;1;1;1;1;1;5;3;0;0;0;0;0;0;0;0;0;0;0;0;1;1;3;2;4;5;5;10;9;12;3;52;10;63;10;41;12;89;12;15;18;52;27;74;27;30;37;87;37;17;43;52;0;1;1;3;2;4;8;8;10;9;12;3;52;10;63;10;41;12;89;12;15;18;52;31;67;31;39;36;90;36;15;43;52;0;1;1;3;2;4;5;5;10;9;12;3;52;10;63;10;41;12;89;12;15;18;52;25;66;25;38;36;90;36;15;43;52;1;0;1;1;7;3;1;1;0;2;4;2;0;0;0;0;0;0;0;0;0;0;0;0;3;5;14;9;15;20;17;23;21;24;2;4;6;12;13;16;18;19;22;25;26;28;1;7;8;10;11;27;29;30;31;32;33;34;35;36;37;38;39;23;9;9;9;9;9;17;255;255;255;0;0;0;0;0;0;0
4959;0;1;1;1;4;4;5;5;11;11;12;3;52;10;52;10;73;10;31;18;64;18;40;24;82;24;22;36;77;36;27;43;52;0;1;1;1;4;4;5;5;11;11;12;3;52;10;52;10;73;10;31;18;64;18;40;24;82;24;22;36;77;36;27;43;52;0;1;1;1;4;4;5;5;8;8;12;3;52;10;52;10;73;10;31;18;64;18;40;24;82;24;22;34;77;34;28;43;52;1;0;0;1;5;3;0;1;1;4;1;2;0;0;0;0;0;0;0;0;0;0;0;0;1;1;1;4;4;5;5;8;8;12;3;52;10;52;10;73;10;31;18;64;18;40;24;82;24;22;32;70;32;34;43;52;0;1;1;1;4;4;5;5;8;8;12;3;52;10;52;10;73;10;31;18;64;18;40;24;82;24;22;32;70;32;34;43;52;0;1;1;1;4;4;5;5;8;8;12;3;52;10;52;10;73;10;31;18;64;18;40;24;82;24;22;32;70;32;34;43;52;1;0;0;0;7;2;0;0;1;4;2;2;0;0;0;0;0;0;0;0;0;0;0;0;1;1;1;4;4;5;5;11;11;12;3;52;10;52;10;73;10;31;18;64;18;40;24;82;24;22;36;77;36;27;43;52;0;1;1;1;4;4;5;5;11;11;12;3;52;10;52;10;73;10;31;18;64;18;40;24;82;24;22;36;77;36;27;43;52;0;1;1;1;4;4;5;5;8;8;12;3;52;10;52;10;73;10;31;18;64;18;40;24;82;24;22;34;77;34;28;43;52;1;0;0;1;5;3;0;1;1;4;1;2;0;0;0;0;0;0;0;0;0;0;0;0;1;2;3;4;5;6;7;8;9;10;11;12;13;14;15;16;17;18;19;20;21;22;23;24;25;26;27;28;29;30;31;32;33;34;35;36;37;38;39;0;9;9;9;9;9;7;255;255;255;0;0;0;0;0;0;0
4965;0;1;1;1;4;5;5;7;6;8;12;3;52;10;52;10;73;10;31;18;53;24;71;24;33;28;94;28;10;32;52;43;52;0;1;1;1;4;8;8;7;6;11;12;3;52;10;52;10;73;10;31;18;53;26;71;26;32;28;94;28;10;35;52;43;52;0;1;1;1;4;5;5;7;6;8;12;3;52;10;52;10;73;10;31;18;53;25;71;25;34;20;94;20;10;32;52;43;52;0;0;0;0;8;3;1;0;1;6;7;2;0;7;0;11;0;0;0;0;0;0;0;0;1;1;1;4;5;5;3;2;8;12;3;52;10;52;10;73;10;31;18;53;24;71;24;33;15;94;15;10;32;52;43;52;0;1;1;1;4;5;5;7;6;8;12;3;52;10;52;10;73;10;31;18;53;24;71;24;33;29;94;29;10;32;52;43;52;0;1;1;1;4;5;5;3;2;8;12;3;52;10;52;10;73;10;31;18;53;24;71;24;33;15;94;15;10;32;52;43;52;1;0;0;0;6;2;1;0;0;5;8;3;0;7;0;11;0;0;0;0;0;0;0;0;1;1;1;4;5;5;7;6;8;12;3;52;10;52;10;73;10;31;18;53;24;71;24;33;28;94;28;10;32;52;43;52;0;1;1;1;4;8;8;7;6;11;12;3;52;10;52;10;73;10;31;18;53;26;71;26;32;28;94;28;10;35;52;43;52;0;1;1;1;4;5;5;7;6;8;12;3;52;10;52;10;73;10;31;18;53;25;71;25;34;20;94;20;10;32;52;43;52;0;0;0;0;8;3;1;0;1;6;7;2;0;7;0;11;0;0;0;0;0;0;0;1;4;6;5;16;13;15;24;18;20;26;0;7;8;9;11;14;17;23;19;21;22;25;2;3;10;12;27;28;29;30;31;32;33;34;35;36;37;38;39;1;16;16;16;16;16;4;255;255;255;0;0;0;0;0;0;0
4971;0;1;1;3;2;4;4;7;6;8;12;3;52;11;64;11;40;13;88;13;16;19;64;19;40;31;88;31;16;31;52;43;52;0;1;1;3;2;4;4;7;6;8;12;3;52;11;64;11;40;13;88;13;16;19;64;19;40;31;88;31;16;31;52;43;52;0;1;1;3;2;4;4;7;6;8;12;3;52;11;64;11;40;13;88;13;16;19;64;19;40;31;88;31;16;31;52;43;52;1;1;1;1;3;3;0;1;1;7;8;3;0;0;0;0;0;0;0;0;0;0;0;0;1;1;3;2;4;4;7;6;8;12;3;52;11;64;11;40;13;88;13;16;19;64;19;40;31;88;31;16;31;52;43;52;0;1;1;3;2;4;4;7;6;8;12;3;52;11;64;11;40;13;88;13;16;19;64;19;40;31;88;31;16;31;52;43;52;0;1;1;3;2;4;4;7;6;8;12;3;52;11;64;11;40;13;88;13;16;19;64;19;40;31;88;31;16;31;52;43;52;1;0;0;1;4;2;0;1;0;5;7;2;0;0;0;0;0;0;0;0;0;0;0;0;1;1;3;2;4;4;7;6;8;12;3;52;11;64;11;40;13;88;13;16;19;64;19;40;31;88;31;16;31;52;43;52;0;1;1;3;2;4;4;7;6;8;12;3;52;11;64;11;40;13;88;13;16;19;64;19;40;31;88;31;16;31;52;43;52;0;1;1;3;2;4;4;7;6;8;12;3;52;11;64;11;40;13;88;13;16;19;64;19;40;31;88;31;16;31;52;43;52;1;1;1;1;3;3;0;1;1;7;8;3;0;0;0;0;0;0;0;0;0;0;0;255;255;255;255;255;255;255;255;255;255;255;255;255;255;255;255;255;255;255;255;255;255;255;255;255;255;255;255;255;255;255;255;255;255;255;255;255;255;255;255;255;255;255;255;255;255;255;255;255;255;0;0;0;0;0;0;0
4995;0;1;1;1;3;2;4;4;8;12;12;3;52;10;52;10;73;10;31;15;89;15;15;20;68;20;37;32;52;43;66;43;38;0;1;1;1;7;6;5;5;8;12;12;3;52;10;52;10;73;10;31;20;91;20;13;20;68;20;37;32;52;43;66;43;38;0;1;1;1;3;2;4;4;5;12;12;3;52;10;52;10;73;10;31;15;89;15;15;20;68;20;37;29;52;43;66;43;38;0;0;1;0;8;2;0;0;0;4;7;2;0;0;0;0;0;0;0;0;0;0;0;0;1;1;1;3;2;4;4;8;12;12;3;52;10;52;10;73;10;31;15;89;15;15;20;68;20;37;27;52;43;66;43;38;0;1;1;1;3;2;5;5;8;12;12;3;52;10;52;10;73;10;31;15;89;15;15;20;68;20;37;33;53;43;66;43;38;0;1;1;1;3;2;4;4;8;12;12;3;52;10;52;10;73;10;31;15;89;15;15;20;68;20;37;27;52;43;66;43;38;0;0;1;0;8;2;0;0;0;3;7;2;0;0;0;0;0;0;0;0;0;0;0;0;1;1;1;3;2;4;4;8;12;12;3;52;10;52;10;73;10;31;15;89;15;15;20;68;20;37;32;52;43;66;43;38;0;1;1;1;7;6;5;5;8;12;12;3;52;10;52;10;73;10;31;20;91;20;13;20;68;20;37;32;52;43;66;43;38;0;1;1;1;3;2;4;4;5;12;12;3;52;10;52;10;73;10;31;15;89;15;15;20;68;20;37;29;52;43;66;43;38;0;0;1;0;8;2;0;0;0;4;7;2;0;0;0;0;0;0;0;0;0;0;0;0;4;2;3;9;8;15;12;17;23;22;26;5;6;7;11;13;16;14;10;20;18;21;1;24;19;25;27;28;29;30;31;32;33;34;35;36;37;38;39;9;9;9;9;9;9;17;255;255;255;0;0;0;0;0;0;0
5009;0;1;1;3;2;4;4;8;7;6;12;3;52;10;63;10;41;13;89;13;16;21;67;21;38;31;51;34;87;34;17;43;52;0;1;1;3;2;5;5;8;10;9;12;3;52;10;63;10;41;13;89;13;16;21;67;21;38;31;51;36;87;36;17;43;52;0;1;1;3;2;4;4;8;7;6;12;3;52;10;63;10;41;13;89;13;16;21;67;21;38;31;51;34;87;34;17;43;52;0;0;0;0;7;3;0;0;1;7;6;2;0;0;0;0;0;0;0;0;0;0;0;0;1;1;3;2;4;5;5;7;6;12;3;52;10;63;10;41;12;89;12;15;18;52;27;69;27;36;30;94;29;10;43;52;0;1;1;3;2;4;5;5;10;9;12;3;52;10;63;10;41;12;89;12;15;18;52;27;69;27;36;35;94;35;10;43;52;0;1;1;3;2;4;5;5;7;6;12;3;52;10;63;10;41;12;89;12;15;18;52;27;69;27;36;30;94;29;10;43;52;0;0;0;0;4;2;0;0;1;5;4;3;0;0;0;0;0;0;0;0;0;0;0;0;1;1;3;2;4;4;8;7;6;12;3;52;10;63;10;41;13;89;13;16;21;67;21;38;31;51;34;87;34;17;43;52;0;1;1;3;2;5;5;8;10;9;12;3;52;10;63;10;41;13;89;13;16;21;67;21;38;31;51;36;87;36;17;43;52;0;1;1;3;2;4;4;8;7;6;12;3;52;10;63;10;41;13;89;13;16;21;67;21;38;31;51;34;87;34;17;43;52;0;0;0;0;7;3;0;0;1;7;6;2;0;0;0;0;0;0;0;0;0;0;0;0;5;8;10;6;12;11;17;20;18;24;1;4;3;7;9;13;14;15;16;19;23;25;2;21;22;26;27;28;29;30;31;32;33;34;35;36;37;38;39;5;17;17;17;17;24;11;255;255;255;0;0;0;0;0;0;0
5010;0;1;1;3;2;5;5;8;10;9;12;3;52;10;63;10;41;12;89;12;15;24;76;24;27;28;51;38;87;38;17;43;52;0;1;1;3;2;5;5;8;10;9;12;3;52;10;63;10;41;12;89;12;15;24;76;24;27;32;52;38;87;38;17;43;52;0;1;1;3;2;5;5;5;8;8;12;3;52;10;63;10;41;12;89;12;15;24;76;24;27;26;51;34;81;34;23;43;52;0;0;1;1;4;2;0;0;1;8;6;2;0;0;0;0;0;0;0;0;0;0;0;0;1;1;3;2;4;5;5;8;8;12;3;52;10;63;10;41;12;89;12;15;18;52;24;69;24;35;34;78;34;25;43;52;0;1;1;3;2;4;5;5;10;9;12;3;52;10;63;10;41;12;89;12;15;18;52;24;69;24;35;36;85;36;19;43;52;0;1;1;3;2;4;5;5;8;8;12;3;52;10;63;10;41;12;89;12;15;18;52;24;69;24;35;33;80;33;25;43;52;0;0;1;1;6;2;0;0;1;4;3;2;0;0;0;0;0;0;0;0;0;0;0;0;1;1;3;2;5;5;8;10;9;12;3;52;10;63;10;41;12;89;12;15;24;76;24;27;28;51;38;87;38;17;43;52;0;1;1;3;2;5;5;8;10;9;12;3;52;10;63;10;41;12;89;12;15;24;76;24;27;32;52;38;87;38;17;43;52;0;1;1;3;2;5;5;5;8;8;12;3;52;10;63;10;41;12;89;12;15;24;76;24;27;26;51;34;81;34;23;43;52;0;0;1;1;4;2;0;0;1;8;6;2;0;0;0;0;0;0;0;0;0;0;0;1;3;5;6;7;14;15;16;18;20;24;0;4;9;10;11;12;13;17;19;21;23;25;2;8;26;22;27;28;29;30;31;32;33;34;35;36;37;38;39;7;7;7;7;7;24;18;255;255;255;0;0;0;0;0;0;0
5028;0;1;1;3;2;5;5;8;10;9;12;3;52;10;63;10;41;12;89;12;15;24;76;24;27;28;51;38;87;38;17;43;52;0;1;1;3;2;8;8;8;10;9;12;3;52;10;63;10;41;12;89;12;15;27;79;27;25;28;51;38;87;38;17;43;52;0;1;1;3;2;5;5;8;10;9;12;3;52;10;63;10;41;12;89;12;15;24;76;24;27;28;51;35;87;35;15;43;52;0;0;1;0;5;2;1;0;1;4;3;2;0;0;0;0;0;0;0;0;0;0;0;0;1;1;3;2;5;5;7;6;8;12;3;52;11;64;11;40;13;88;13;16;20;64;20;40;25;88;25;16;29;52;42;51;0;1;1;3;2;5;5;10;9;8;12;3;52;11;64;11;40;13;88;13;16;20;64;20;40;35;90;35;14;29;52;42;51;0;1;1;3;2;4;4;7;6;8;12;3;52;11;64;11;40;13;88;13;16;20;64;20;40;25;88;25;16;29;52;42;51;1;1;1;1;6;2;0;0;1;3;4;2;0;0;0;0;0;0;0;0;0;0;0;0;1;1;3;2;5;5;8;10;9;12;3;52;10;63;10;41;12;89;12;15;24;76;24;27;28;51;38;87;38;17;43;52;0;1;1;3;2;8;8;8;10;9;12;3;52;10;63;10;41;12;89;12;15;27;79;27;25;28;51;38;87;38;17;43;52;0;1;1;3;2;5;5;8;10;9;12;3;52;10;63;10;41;12;89;12;15;24;76;24;27;28;51;35;87;35;15;43;52;0;0;1;0;5;2;1;0;1;4;3;2;0;0;0;0;0;0;0;0;0;0;0;1;2;3;10;8;14;13;15;16;20;23;0;4;6;9;12;25;21;17;18;22;19;24;30;5;29;7;27;26;11;28;31;32;33;34;35;36;37;38;39;3;3;8;10;10;3;10;255;255;255;0;0;0;0;0;0;0
5046;0;1;1;3;2;4;4;7;6;11;12;3;52;10;63;10;41;12;89;12;15;20;64;20;40;30;87;30;18;40;66;43;38;0;1;1;3;2;4;4;10;9;11;12;3;52;10;63;10;41;12;89;12;15;20;64;20;40;35;87;35;16;40;66;43;38;0;1;1;3;2;4;4;7;6;11;12;3;52;10;63;10;41;12;89;12;15;20;64;20;40;30;87;30;18;40;66;43;38;1;1;0;0;4;3;1;1;0;7;5;2;0;9;0;16;0;0;0;0;0;0;0;0;1;1;3;2;4;4;7;6;11;12;3;52;10;63;10;41;12;89;12;15;20;64;20;40;30;87;30;18;38;64;43;37;0;1;1;3;2;4;4;7;6;12;12;3;52;10;63;10;41;12;89;12;15;20;64;20;40;30;87;30;18;43;68;43;37;0;1;1;3;2;4;4;7;6;11;12;3;52;10;63;10;41;12;89;12;15;20;64;20;40;30;87;30;18;38;64;43;37;0;0;0;0;5;2;1;1;0;6;6;2;0;9;0;16;0;0;0;0;0;0;0;0;1;1;3;2;4;4;7;6;11;12;3;52;10;63;10;41;12;89;12;15;20;64;20;40;30;87;30;18;40;66;43;38;0;1;1;3;2;4;4;10;9;11;12;3;52;10;63;10;41;12;89;12;15;20;64;20;40;35;87;35;16;40;66;43;38;0;1;1;3;2;4;4;7;6;11;12;3;52;10;63;10;41;12;89;12;15;20;64;20;40;30;87;30;18;40;66;43;38;1;1;0;0;4;3;1;1;0;7;5;2;0;9;0;16;0;0;0;0;0;0;0;0;5;6;12;10;14;17;25;29;24;28;1;3;7;9;11;15;16;20;22;27;23;30;2;4;8;13;19;18;21;26;31;32;33;34;35;36;37;38;39;6;28;5;5;5;28;5;255;255;255;0;0;0;0;0;0;0
5048;0;1;1;3;2;4;4;5;10;9;12;3;52;10;63;10;41;12;89;12;15;18;64;18;40;26;52;42;85;42;19;43;52;0;1;1;3;2;4;4;5;10;9;12;3;52;10;63;10;41;12;89;12;15;18;64;18;40;26;52;42;85;42;19;43;52;0;1;1;3;2;4;4;5;10;9;12;3;52;10;63;10;41;12;89;12;15;18;64;18;40;26;52;42;85;42;19;43;52;1;1;1;1;1;2;1;1;1;1;1;2;0;0;0;0;0;0;0;0;0;0;0;0;1;1;3;2;4;8;8;10;9;12;3;52;10;63;10;41;12;89;12;15;18;52;32;70;32;34;42;85;42;19;43;52;0;1;1;3;2;4;8;8;10;9;12;3;52;10;63;10;41;12;89;12;15;18;52;32;70;32;34;42;85;42;19;43;52;0;1;1;3;2;4;8;8;10;9;12;3;52;10;63;10;41;12;89;12;15;18;52;32;70;32;34;42;85;42;19;43;52;1;1;1;1;1;2;1;1;1;1;1;2;0;0;0;0;0;0;0;0;0;0;0;0;1;1;3;2;4;4;5;10;9;12;3;52;10;63;10;41;12;89;12;15;18;64;18;40;26;52;42;85;42;19;43;52;0;1;1;3;2;4;4;5;10;9;12;3;52;10;63;10;41;12;89;12;15;18;64;18;40;26;52;42;85;42;19;43;52;0;1;1;3;2;4;4;5;10;9;12;3;52;10;63;10;41;12;89;12;15;18;64;18;40;26;52;42;85;42;19;43;52;1;1;1;1;1;2;1;1;1;1;1;2;0;0;0;0;0;0;0;0;0;0;0;1;5;3;8;2;10;11;12;18;13;16;0;4;6;7;9;15;17;14;19;20;21;22;23;24;25;26;27;28;29;30;31;32;33;34;35;36;37;38;39;16;16;11;18;18;16;5;255;255;255;0;0;0;0;0;0;0
5061;0;1;1;3;2;4;4;5;10;9;12;3;52;10;63;10;41;12;89;12;15;21;70;21;33;28;51;38;87;38;17;43;52;0;1;1;3;2;5;5;8;10;9;12;3;52;10;63;10;41;12;89;12;15;21;70;21;33;34;52;38;87;38;17;43;52;0;1;1;3;2;4;4;5;7;6;12;3;52;10;63;10;41;12;89;12;15;21;70;21;33;28;51;33;94;33;10;43;52;0;1;1;0;7;2;1;1;0;5;8;2;0;0;0;0;0;0;0;0;0;0;0;0;1;1;3;2;4;5;5;7;6;12;3;52;10;63;10;41;12;89;12;15;18;52;23;74;23;28;32;89;32;15;43;52;0;1;1;3;2;4;5;5;10;9;12;3;52;10;63;10;41;12;89;12;15;18;52;23;74;23;28;35;92;35;13;43;52;0;1;1;3;2;4;5;5;7;6;12;3;52;10;63;10;41;12;89;12;15;18;52;23;74;23;28;32;89;32;15;43;52;0;1;1;0;5;2;1;0;0;2;3;2;0;0;0;0;0;0;0;0;0;0;0;0;1;1;3;2;4;4;5;10;9;12;3;52;10;63;10;41;12;89;12;15;21;70;21;33;28;51;38;87;38;17;43;52;0;1;1;3;2;5;5;8;10;9;12;3;52;10;63;10;41;12;89;12;15;21;70;21;33;34;52;38;87;38;17;43;52;0;1;1;3;2;4;4;5;7;6;12;3;52;10;63;10;41;12;89;12;15;21;70;21;33;28;51;33;94;33;10;43;52;0;1;1;0;7;2;1;1;0;5;8;2;0;0;0;0;0;0;0;0;0;0;0;0;5;4;11;9;13;14;15;26;24;27;2;6;16;10;17;18;21;22;23;25;28;29;1;3;7;8;12;20;19;30;31;32;33;34;35;36;37;38;39;4;9;9;9;9;9;5;255;255;255;0;0;0;0;0;0;0
5062;0;1;1;3;2;4;4;5;10;9;12;3;52;10;63;10;41;12;89;12;15;21;70;21;33;28;51;38;87;38;17;43;52;0;1;1;3;2;4;4;8;10;9;12;3;52;10;63;10;41;12;89;12;15;21;70;21;33;32;51;38;87;38;17;43;52;0;1;1;3;2;4;4;5;7;6;12;3;52;10;63;10;41;12;89;12;15;21;70;21;33;28;51;34;88;34;16;43;52;0;0;1;1;4;2;0;1;1;7;5;2;0;0;0;0;0;0;0;0;0;0;0;0;1;1;3;2;4;5;5;7;6;12;3;52;10;63;10;41;12;89;12;15;20;52;23;72;23;32;29;91;29;14;43;52;0;1;1;3;2;4;5;5;10;9;12;3;52;10;63;10;41;12;89;12;15;20;52;23;72;23;32;36;87;36;17;43;52;0;1;1;3;2;4;5;5;7;6;12;3;52;10;63;10;41;12;89;12;15;20;52;23;72;23;32;29;91;29;14;43;52;0;0;1;1;4;2;1;1;1;3;2;2;0;0;0;0;0;0;0;0;0;0;0;0;1;1;3;2;4;4;5;10;9;12;3;52;10;63;10;41;12;89;12;15;21;70;21;33;28;51;38;87;38;17;43;52;0;1;1;3;2;4;4;8;10;9;12;3;52;10;63;10;41;12;89;12;15;21;70;21;33;32;51;38;87;38;17;43;52;0;1;1;3;2;4;4;5;7;6;12;3;52;10;63;10;41;12;89;12;15;21;70;21;33;28;51;34;88;34;16;43;52;0;0;1;1;4;2;0;1;1;7;5;2;0;0;0;0;0;0;0;0;0;0;0;0;2;3;6;4;13;10;8;19;16;21;1;5;7;9;11;12;18;14;17;22;20;15;23;24;25;26;27;28;29;30;31;32;33;34;35;36;37;38;39;10;19;19;19;19;19;13;255;255;255;0;0;0;0;0;0;0
5086;0;1;1;3;2;4;4;8;10;9;12;3;52;10;63;10;41;12;89;12;15;20;66;20;36;32;52;36;94;36;10;43;52;0;1;1;3;2;5;5;8;10;9;12;3;52;10;63;10;41;12;89;12;15;24;69;24;35;32;52;36;94;36;10;43;52;0;1;1;3;2;4;4;8;7;6;12;3;52;10;63;10;41;12;89;12;15;20;66;20;36;32;52;32;94;32;10;43;52;0;1;0;1;4;3;1;1;0;2;7;2;0;0;0;0;0;0;0;0;0;0;0;0;1;1;3;2;4;5;5;7;6;12;3;52;10;63;10;41;12;89;12;15;18;52;22;77;22;26;32;90;32;15;43;52;0;1;1;3;2;4;5;5;10;9;12;3;52;10;63;10;41;12;89;12;15;18;52;22;77;22;26;35;89;35;14;43;52;0;1;1;3;2;4;5;5;7;6;12;3;52;10;63;10;41;12;89;12;15;18;52;22;77;22;26;32;90;32;15;43;52;0;1;0;1;7;2;1;1;1;3;7;3;0;0;0;0;0;0;0;0;0;0;0;0;1;1;3;2;4;4;8;10;9;12;3;52;10;63;10;41;12;89;12;15;20;66;20;36;32;52;36;94;36;10;43;52;0;1;1;3;2;5;5;8;10;9;12;3;52;10;63;10;41;12;89;12;15;24;69;24;35;32;52;36;94;36;10;43;52;0;1;1;3;2;4;4;8;7;6;12;3;52;10;63;10;41;12;89;12;15;20;66;20;36;32;52;32;94;32;10;43;52;0;1;0;1;4;3;1;1;0;2;7;2;0;0;0;0;0;0;0;0;0;0;0;0;4;5;11;10;14;16;21;23;24;31;1;6;7;12;13;17;15;18;22;26;29;30;2;3;8;9;19;25;27;20;28;32;33;34;35;36;37;38;39;0;16;16;16;16;31;23;255;255;255;0;0;0;0;0;0;0
5099;0;1;1;3;2;4;5;5;10;9;12;3;52;10;63;10;41;12;89;12;15;20;52;25;70;25;33;37;85;37;18;43;52;0;1;1;3;2;4;8;8;10;9;12;3;52;10;63;10;41;12;89;12;15;20;52;30;69;30;34;42;89;42;16;43;52;0;1;1;3;2;4;5;5;7;6;12;3;52;10;63;10;41;12;89;12;15;20;52;25;70;25;33;34;89;34;15;43;52;0;0;1;0;7;2;1;1;1;6;4;2;0;0;0;0;0;0;0;0;0;0;0;0;1;1;3;2;4;5;5;7;6;12;3;52;10;63;10;41;12;89;12;15;20;52;25;70;25;33;31;94;31;10;43;52;0;1;1;3;2;4;5;5;10;9;12;3;52;10;63;10;41;12;89;12;15;20;52;25;70;25;33;36;89;36;16;43;52;0;1;1;3;2;4;5;5;7;6;12;3;52;10;63;10;41;12;89;12;15;20;52;25;70;25;33;31;94;31;10;43;52;0;0;1;1;7;2;1;1;1;4;5;3;0;0;0;0;0;0;0;0;0;0;0;0;1;1;3;2;4;5;5;10;9;12;3;52;10;63;10;41;12;89;12;15;20;52;25;70;25;33;37;85;37;18;43;52;0;1;1;3;2;4;8;8;10;9;12;3;52;10;63;10;41;12;89;12;15;20;52;30;69;30;34;42;89;42;16;43;52;0;1;1;3;2;4;5;5;7;6;12;3;52;10;63;10;41;12;89;12;15;20;52;25;70;25;33;34;89;34;15;43;52;0;0;1;0;7;2;1;1;1;6;4;2;0;0;0;0;0;0;0;0;0;0;0;1;4;2;9;7;3;14;13;18;19;21;0;5;6;8;10;12;15;11;16;17;20;22;23;24;25;26;27;28;29;30;31;32;33;34;35;36;37;38;39;4;9;9;9;9;9;4;255;255;255;0;0;0;0;0;0;0
5129;0;1;1;3;2;4;4;7;6;8;12;3;52;10;63;10;41;12;89;12;15;18;64;18;40;30;86;30;18;32;52;43;52;0;1;1;3;2;4;4;7;6;8;12;3;52;10;63;10;41;12;89;12;15;18;64;18;40;30;86;30;18;32;52;43;52;0;1;1;3;2;4;4;7;6;8;12;3;52;10;63;10;41;12;89;12;15;18;64;18;40;30;86;30;18;32;52;43;52;1;1;1;1;5;2;0;1;1;5;5;2;0;0;0;0;0;0;0;0;0;0;0;0;1;1;3;2;4;4;7;6;8;12;3;52;11;64;11;40;13;88;13;16;19;64;19;40;31;88;31;16;31;52;43;52;0;1;1;3;2;4;4;7;6;8;12;3;52;11;64;11;40;13;88;13;16;19;64;19;40;31;88;31;16;31;52;43;52;0;1;1;3;2;4;4;7;6;8;12;3;52;11;64;11;40;13;88;13;16;19;64;19;40;31;88;31;16;31;52;43;52;1;0;0;1;6;1;0;1;0;4;7;2;0;0;0;0;0;0;0;0;0;0;0;0;1;1;3;2;4;4;7;6;8;12;3;52;10;63;10;41;12;89;12;15;18;64;18;40;30;86;30;18;32;52;43;52;0;1;1;3;2;4;4;7;6;8;12;3;52;10;63;10;41;12;89;12;15;18;64;18;40;30;86;30;18;32;52;43;52;0;1;1;3;2;4;4;7;6;8;12;3;52;10;63;10;41;12;89;12;15;18;64;18;40;30;86;30;18;32;52;43;52;0;0;0;0;5;2;0;0;0;5;5;2;0;0;0;0;0;0;0;0;0;0;0;255;255;255;255;255;255;255;255;255;255;255;255;255;255;255;255;255;255;255;255;255;255;255;255;255;255;255;255;255;255;255;255;255;255;255;255;255;255;255;255;255;255;255;255;255;255;255;255;255;255;0;0;0;0;0;0;0
5137;0;1;1;3;2;4;4;7;6;8;12;3;52;10;63;10;41;12;89;12;15;18;64;18;40;30;86;30;18;32;52;43;52;0;1;1;3;2;5;5;7;6;11;12;3;52;10;63;10;41;12;89;12;15;18;64;18;40;30;86;30;18;35;52;43;52;0;1;1;3;2;4;4;7;6;8;12;3;52;10;63;10;41;12;89;12;15;18;64;18;40;30;86;30;18;32;52;43;52;1;1;1;0;9;3;1;0;0;5;1;2;0;0;0;0;0;0;0;0;0;0;0;0;1;1;3;2;4;4;4;8;8;12;3;52;11;64;11;40;13;88;13;16;18;52;23;71;23;32;31;80;31;24;43;52;0;1;1;3;2;4;4;4;8;8;12;3;52;11;64;11;40;13;88;13;16;18;52;23;71;23;32;31;80;31;24;43;52;0;1;1;3;2;4;4;4;8;8;12;3;52;11;64;11;40;13;88;13;16;18;52;23;71;23;32;31;80;31;24;43;52;1;1;1;0;7;2;1;0;0;4;2;2;0;0;0;0;0;0;0;0;0;0;0;0;1;1;3;2;4;4;7;6;8;12;3;52;10;63;10;41;12;89;12;15;18;64;18;40;30;86;30;18;32;52;43;52;0;1;1;3;2;5;5;7;6;11;12;3;52;10;63;10;41;12;89;12;15;18;64;18;40;30;86;30;18;35;52;43;52;0;1;1;3;2;4;4;7;6;8;12;3;52;10;63;10;41;12;89;12;15;18;64;18;40;30;86;30;18;32;52;43;52;1;1;1;0;9;3;1;0;0;5;1;2;0;0;0;0;0;0;0;0;0;0;0;0;7;4;11;9;17;13;22;20;18;24;1;5;6;8;10;12;15;16;14;19;21;23;2;3;25;26;27;28;29;30;31;32;33;34;35;36;37;38;39;7;9;9;9;9;9;17;255;255;255;0;0;0;0;0;0;0
5139;0;1;1;3;2;4;5;5;11;11;12;3;52;10;63;10;41;12;89;12;15;18;52;24;67;24;36;36;78;36;26;43;52;0;1;1;3;2;4;8;8;11;11;12;3;52;10;63;10;41;12;89;12;15;18;52;31;65;31;39;41;80;41;24;43;52;0;1;1;3;2;4;5;5;8;8;12;3;52;10;63;10;41;12;89;12;15;18;52;24;67;24;36;34;80;34;24;43;52;0;1;0;1;5;2;1;1;0;6;8;2;0;0;0;0;0;0;0;0;0;0;0;0;1;1;1;4;4;7;6;8;8;12;3;52;10;52;10;73;10;31;18;64;18;40;26;94;26;10;32;70;32;34;43;52;0;1;1;1;4;4;7;6;8;8;12;3;52;10;52;10;73;10;31;18;64;18;40;26;94;26;10;32;70;32;34;43;52;0;1;1;1;4;4;7;6;8;8;12;3;52;10;52;10;73;10;31;18;64;18;40;26;94;26;10;32;70;32;34;43;52;0;1;0;1;3;2;1;1;0;7;2;3;0;0;0;0;0;0;0;0;0;0;0;0;1;1;3;2;4;5;5;11;11;12;3;52;10;63;10;41;12;89;12;15;18;52;24;67;24;36;36;78;36;26;43;52;0;1;1;3;2;4;8;8;11;11;12;3;52;10;63;10;41;12;89;12;15;18;52;31;65;31;39;41;80;41;24;43;52;0;1;1;3;2;4;5;5;8;8;12;3;52;10;63;10;41;12;89;12;15;18;52;24;67;24;36;34;80;34;24;43;52;0;1;0;1;5;2;1;1;0;6;8;2;0;0;0;0;0;0;0;0;0;0;0;0;3;2;8;6;10;11;12;16;15;18;1;4;17;19;5;7;9;13;14;20;21;22;23;24;25;26;27;28;29;30;31;32;33;34;35;36;37;38;39;8;16;11;6;6;16;6;255;255;255;0;0;0;0;0;0;0
5142;0;1;1;3;2;5;5;7;6;8;12;3;52;11;64;11;40;13;88;13;16;19;64;19;40;31;88;31;16;31;52;43;52;0;1;1;3;2;5;5;10;9;11;12;3;52;11;64;11;40;13;88;13;16;19;64;19;40;35;87;35;17;35;52;43;52;0;1;1;3;2;4;4;7;6;8;12;3;52;11;64;11;40;13;88;13;16;19;64;19;40;31;88;31;16;31;52;43;52;0;0;0;0;3;3;0;1;0;8;6;2;0;0;0;0;0;0;0;0;0;0;0;0;1;1;3;2;4;4;7;6;8;12;3;52;11;64;11;40;13;88;13;16;19;64;19;40;31;88;31;16;31;52;43;52;0;1;1;3;2;4;4;7;6;8;12;3;52;11;64;11;40;13;88;13;16;19;64;19;40;31;88;31;16;31;52;43;52;0;1;1;3;2;4;4;7;6;8;12;3;52;11;64;11;40;13;88;13;16;19;64;19;40;31;88;31;16;31;52;43;52;0;0;0;0;4;1;0;1;0;7;7;2;0;0;0;0;0;0;0;0;0;0;0;0;1;1;3;2;5;5;7;6;8;12;3;52;11;64;11;40;13;88;13;16;19;64;19;40;31;88;31;16;31;52;43;52;0;1;1;3;2;5;5;10;9;11;12;3;52;11;64;11;40;13;88;13;16;19;64;19;40;35;87;35;17;35;52;43;52;0;1;1;3;2;4;4;7;6;8;12;3;52;11;64;11;40;13;88;13;16;19;64;19;40;31;88;31;16;31;52;43;52;0;0;0;0;3;3;0;1;0;8;6;2;0;0;0;0;0;0;0;0;0;0;0;0;2;3;9;7;11;13;19;14;17;16;1;4;5;6;8;10;12;15;18;20;21;22;23;24;25;26;27;28;29;30;31;32;33;34;35;36;37;38;39;9;9;9;9;9;9;7;255;255;255;0;0;0;0;0;0;0
5143;0;1;1;3;2;4;5;5;7;6;12;3;52;10;63;10;41;12;89;12;15;18;52;25;67;25;37;32;91;32;13;43;52;0;1;1;3;2;4;5;5;10;9;12;3;52;10;63;10;41;12;89;12;15;18;52;25;67;25;37;35;84;35;20;43;52;0;1;1;3;2;4;5;5;7;6;12;3;52;10;63;10;41;12;89;12;15;18;52;25;67;25;37;31;92;31;13;43;52;1;1;1;0;6;2;1;1;1;3;3;2;0;0;0;0;0;0;0;0;0;0;0;0;1;1;3;2;4;4;7;6;8;12;3;52;11;64;11;40;13;88;13;16;19;64;19;40;31;88;31;16;31;52;43;52;0;1;1;3;2;4;4;10;9;8;12;3;52;11;64;11;40;13;88;13;16;19;64;19;40;35;88;35;16;31;52;43;52;0;1;1;3;2;4;4;7;6;8;12;3;52;11;64;11;40;13;88;13;16;19;64;19;40;31;88;31;16;31;52;43;52;1;1;1;1;6;2;1;1;1;3;2;3;0;0;0;0;0;0;0;0;0;0;0;0;1;1;3;2;4;5;5;7;6;12;3;52;10;63;10;41;12;89;12;15;18;52;25;67;25;37;32;91;32;13;43;52;0;1;1;3;2;4;5;5;10;9;12;3;52;10;63;10;41;12;89;12;15;18;52;25;67;25;37;35;84;35;20;43;52;0;1;1;3;2;4;5;5;7;6;12;3;52;10;63;10;41;12;89;12;15;18;52;25;67;25;37;31;92;31;13;43;52;1;1;1;0;6;2;1;1;1;3;3;2;0;0;0;0;0;0;0;0;0;0;0;1;6;4;9;8;12;16;14;19;20;25;3;5;7;10;11;13;15;17;18;21;23;24;0;2;22;26;27;28;29;30;31;32;33;34;35;36;37;38;39;1;9;9;9;9;9;16;255;255;255;0;0;0;0;0;0;0
5145;0;1;1;3;2;4;4;7;6;11;12;3;52;10;63;10;41;12;89;12;15;20;64;20;40;30;87;30;18;38;64;43;38;0;1;1;3;2;5;5;10;9;12;12;3;52;10;63;10;41;12;89;12;15;20;64;20;40;36;90;36;15;43;67;43;38;0;1;1;3;2;4;4;7;6;12;12;3;52;10;63;10;41;12;89;12;15;20;64;20;40;30;87;30;18;43;67;43;38;1;1;1;0;3;2;1;0;0;2;5;2;0;0;0;0;0;0;0;0;0;0;0;0;1;1;3;2;4;4;7;6;12;12;3;52;10;63;10;41;12;89;12;15;20;64;20;40;30;87;30;18;43;67;43;38;0;1;1;3;2;5;5;7;6;12;12;3;52;10;63;10;41;12;89;12;15;20;64;20;40;30;87;30;18;43;67;43;38;0;1;1;3;2;4;4;7;6;12;12;3;52;10;63;10;41;12;89;12;15;20;64;20;40;30;87;30;18;43;67;43;38;1;1;1;0;4;2;1;0;0;1;6;2;0;0;0;0;0;0;0;0;0;0;0;0;1;1;3;2;4;4;7;6;11;12;3;52;10;63;10;41;12;89;12;15;20;64;20;40;30;87;30;18;38;64;43;38;0;1;1;3;2;5;5;10;9;12;12;3;52;10;63;10;41;12;89;12;15;20;64;20;40;36;90;36;15;43;67;43;38;0;1;1;3;2;4;4;7;6;12;12;3;52;10;63;10;41;12;89;12;15;20;64;20;40;30;87;30;18;43;67;43;38;1;1;1;0;3;2;1;0;0;2;5;2;0;0;0;0;0;0;0;0;0;0;0;0;5;32;35;10;17;15;27;20;24;33;1;3;8;11;12;13;16;19;23;31;26;34;2;4;6;7;9;18;14;21;22;25;28;29;30;36;37;38;39;5;27;17;17;17;24;10;255;255;255;0;0;0;0;0;0;0
5148;0;1;1;3;2;5;8;8;10;9;12;3;52;10;63;10;41;12;89;12;15;18;52;27;72;27;32;36;91;36;13;43;52;0;1;1;3;2;5;8;8;10;9;12;3;52;10;63;10;41;12;89;12;15;21;52;28;76;28;27;36;91;36;13;43;52;0;1;1;3;2;4;5;5;8;8;12;3;52;10;63;10;41;12;89;12;15;18;52;24;76;24;27;34;81;34;23;43;52;0;1;1;0;2;3;1;0;1;7;9;2;0;0;0;0;0;0;0;0;0;0;0;0;1;1;3;2;4;5;5;7;6;12;3;52;10;63;10;41;12;89;12;15;23;51;26;72;26;31;33;94;33;10;43;52;0;1;1;3;2;4;5;5;7;6;12;3;52;10;63;10;41;12;89;12;15;23;51;26;72;26;31;33;94;33;10;43;52;0;1;1;3;2;4;5;5;7;6;12;3;52;10;63;10;41;12;89;12;15;23;51;26;72;26;31;33;94;33;10;43;52;0;1;1;0;4;2;1;0;1;6;2;3;0;0;0;0;0;0;0;0;0;0;0;0;1;1;3;2;5;8;8;10;9;12;3;52;10;63;10;41;12;89;12;15;18;52;27;72;27;32;36;91;36;13;43;52;0;1;1;3;2;5;8;8;10;9;12;3;52;10;63;10;41;12;89;12;15;21;52;28;76;28;27;36;91;36;13;43;52;0;1;1;3;2;4;5;5;8;8;12;3;52;10;63;10;41;12;89;12;15;18;52;24;76;24;27;34;81;34;23;43;52;0;1;1;0;2;3;1;0;1;7;9;2;0;0;0;0;0;0;0;0;0;0;0;0;1;2;3;4;5;6;7;8;9;10;11;12;13;14;15;16;17;18;19;20;21;22;23;24;25;26;27;28;29;30;31;32;33;34;35;36;37;38;39;0;9;9;9;9;9;4;255;255;255;0;0;0;0;0;0;0
5171;0;1;1;3;2;4;4;5;10;9;12;3;52;10;63;10;41;12;89;12;15;22;70;22;32;31;52;38;92;38;12;43;52;0;1;1;3;2;4;4;8;10;9;12;3;52;10;63;10;41;12;89;12;15;22;70;22;32;34;52;38;92;38;12;43;52;0;1;1;3;2;4;4;5;7;6;12;3;52;10;63;10;41;12;89;12;15;22;70;22;32;31;52;34;88;34;16;43;52;0;0;0;0;8;2;1;1;0;6;8;2;0;4;0;12;0;0;0;0;0;0;0;0;1;1;1;3;2;4;4;7;6;12;3;52;11;52;11;72;11;32;15;88;15;16;23;64;23;40;29;84;29;20;41;52;0;1;1;1;3;2;4;4;7;6;12;3;52;11;52;11;72;11;32;15;88;15;16;23;64;23;40;29;84;29;20;41;52;0;1;1;1;3;2;4;4;7;6;12;3;52;11;52;11;72;11;32;15;88;15;16;23;64;23;40;29;84;29;20;41;52;0;0;0;0;5;2;1;1;0;2;5;3;0;4;0;12;0;0;0;0;0;0;0;0;1;1;3;2;4;4;5;10;9;12;3;52;10;63;10;41;12;89;12;15;22;70;22;32;31;52;38;92;38;12;43;52;0;1;1;3;2;4;4;8;10;9;12;3;52;10;63;10;41;12;89;12;15;22;70;22;32;34;52;38;92;38;12;43;52;0;1;1;3;2;4;4;5;7;6;12;3;52;10;63;10;41;12;89;12;15;22;70;22;32;31;52;34;88;34;16;43;52;0;0;0;0;8;2;1;1;0;6;8;2;0;4;0;12;0;0;0;0;0;0;0;0;6;4;10;5;15;12;17;22;19;26;1;7;9;11;13;16;18;21;24;25;20;23;2;3;8;14;27;28;29;30;31;32;33;34;35;36;37;38;39;5;19;12;19;19;26;4;255;255;255;0;0;0;0;0;0;0
5173;0;1;1;3;2;5;5;7;6;8;12;3;52;11;64;11;40;13;88;13;16;21;64;21;41;29;89;29;14;29;52;43;52;0;1;1;3;2;5;5;8;8;8;12;3;52;11;64;11;40;13;88;13;16;21;64;21;41;34;80;34;25;29;52;43;52;0;1;1;3;2;4;4;7;6;8;12;3;52;11;64;11;40;13;88;13;16;21;64;21;41;29;89;29;14;29;52;43;52;0;0;1;0;8;3;1;1;1;6;7;2;0;7;0;11;0;0;0;0;0;0;0;0;1;1;3;2;4;5;7;6;5;12;3;52;11;64;11;40;13;88;13;16;20;52;25;72;28;94;29;11;25;34;43;52;0;1;1;3;2;4;5;7;6;5;12;3;52;11;64;11;40;13;88;13;16;20;52;25;72;28;94;29;11;25;34;43;52;0;1;1;3;2;4;5;7;6;5;12;3;52;11;64;11;40;13;88;13;16;20;52;25;72;28;94;29;11;25;34;43;52;0;0;1;0;8;2;1;1;1;5;6;2;0;7;0;11;0;0;0;0;0;0;0;0;1;1;3;2;5;5;7;6;8;12;3;52;11;64;11;40;13;88;13;16;21;64;21;41;29;89;29;14;29;52;43;52;0;1;1;3;2;5;5;8;8;8;12;3;52;11;64;11;40;13;88;13;16;21;64;21;41;34;80;34;25;29;52;43;52;0;1;1;3;2;4;4;7;6;8;12;3;52;11;64;11;40;13;88;13;16;21;64;21;41;29;89;29;14;29;52;43;52;0;0;1;0;8;3;1;1;1;6;7;2;0;7;0;11;0;0;0;0;0;0;0;1;3;4;8;7;12;18;23;21;20;24;0;5;6;9;10;11;13;17;19;22;25;26;2;28;14;15;16;29;27;30;31;32;33;34;35;36;37;38;39;8;23;12;21;21;23;7;255;255;255;0;0;0;0;0;0;0
5175;0;1;1;1;3;2;4;7;6;8;12;3;52;11;52;11;73;11;30;13;94;13;10;20;52;27;91;27;14;29;52;42;52;0;1;1;1;3;2;4;10;9;8;12;3;52;11;52;11;73;11;30;13;94;13;10;20;52;35;92;35;13;29;52;42;52;0;1;1;1;3;2;4;7;6;5;12;3;52;11;52;11;73;11;30;13;94;13;10;20;52;27;91;27;14;29;52;42;52;1;0;0;1;7;2;1;1;0;7;5;2;0;1;0;11;0;0;0;0;0;0;0;0;1;1;1;3;2;4;7;6;5;12;3;52;10;52;10;73;10;31;13;94;13;10;20;52;30;89;29;16;28;52;43;52;0;1;1;1;3;2;4;7;6;5;12;3;52;10;52;10;73;10;31;13;94;13;10;20;52;30;89;29;16;28;52;43;52;0;1;1;1;3;2;4;7;6;5;12;3;52;10;52;10;73;10;31;13;94;13;10;20;52;30;89;29;16;28;52;43;52;1;0;0;0;8;2;1;1;0;6;6;1;0;1;0;11;0;0;0;0;0;0;0;0;1;1;1;3;2;4;7;6;8;12;3;52;11;52;11;73;11;30;13;94;13;10;20;52;27;91;27;14;29;52;42;52;0;1;1;1;3;2;4;10;9;8;12;3;52;11;52;11;73;11;30;13;94;13;10;20;52;35;92;35;13;29;52;42;52;0;1;1;1;3;2;4;7;6;5;12;3;52;11;52;11;73;11;30;13;94;13;10;20;52;27;91;27;14;29;52;42;52;1;0;0;1;7;2;1;1;0;7;5;2;0;1;0;11;0;0;0;0;0;0;0;0;4;3;5;8;7;13;16;12;14;19;1;2;9;15;10;11;17;18;6;20;21;22;23;24;25;26;27;28;29;30;31;32;33;34;35;36;37;38;39;7;14;13;14;14;19;7;255;255;255;0;0;0;0;0;0;0
5180;0;1;1;3;2;4;5;5;8;8;12;3;52;10;63;10;41;12;89;12;15;18;52;24;73;24;30;33;63;33;38;43;52;0;1;1;3;2;4;5;5;11;11;12;3;52;10;63;10;41;12;89;12;15;18;52;24;73;24;30;35;64;35;39;43;52;0;1;1;3;2;4;4;4;8;8;12;3;52;10;63;10;41;12;89;12;15;18;52;24;73;24;30;33;63;33;38;43;52;0;1;0;1;7;2;1;1;1;4;2;2;0;0;0;0;0;0;0;0;0;0;0;0;1;1;3;2;4;4;4;8;8;12;3;52;10;63;10;41;12;89;12;15;18;52;21;74;21;28;32;66;32;35;43;52;0;1;1;3;2;4;4;4;8;8;12;3;52;10;63;10;41;12;89;12;15;18;52;21;74;21;28;32;66;32;35;43;52;0;1;1;3;2;4;4;4;8;8;12;3;52;10;63;10;41;12;89;12;15;18;52;21;74;21;28;32;66;32;35;43;52;0;1;0;1;4;1;1;1;1;3;3;3;0;0;0;0;0;0;0;0;0;0;0;0;1;1;3;2;4;5;5;8;8;12;3;52;10;63;10;41;12;89;12;15;18;52;24;73;24;30;33;63;33;38;43;52;0;1;1;3;2;4;5;5;11;11;12;3;52;10;63;10;41;12;89;12;15;18;52;24;73;24;30;35;64;35;39;43;52;0;1;1;3;2;4;4;4;8;8;12;3;52;10;63;10;41;12;89;12;15;18;52;24;73;24;30;33;63;33;38;43;52;0;1;0;1;7;2;1;1;1;4;2;2;0;0;0;0;0;0;0;0;0;0;0;0;21;2;6;5;8;11;9;13;12;16;1;3;4;7;10;17;14;19;15;18;20;22;23;24;25;26;27;28;29;30;31;32;33;34;35;36;37;38;39;11;9;9;9;9;9;8;255;255;255;0;0;0;0;0;0;0
5181;0;1;1;3;2;4;5;5;10;9;12;3;52;10;63;10;41;12;89;12;15;18;52;24;76;24;27;42;85;42;19;43;52;0;1;1;3;2;4;8;8;10;9;12;3;52;10;63;10;41;12;89;12;15;18;52;27;77;27;26;42;85;42;19;43;52;0;1;1;3;2;4;5;5;7;6;12;3;52;10;63;10;41;12;89;12;15;18;52;24;76;24;27;34;89;34;16;43;52;1;0;0;1;3;2;0;1;1;7;6;2;0;0;0;0;0;0;0;0;0;0;0;0;1;1;3;2;4;4;4;10;9;12;3;52;10;63;10;41;12;89;12;15;18;52;23;74;23;29;42;85;42;19;43;52;0;1;1;3;2;4;4;4;10;9;12;3;52;10;63;10;41;12;89;12;15;18;52;23;74;23;29;42;85;42;19;43;52;0;1;1;3;2;4;4;4;10;9;12;3;52;10;63;10;41;12;89;12;15;18;52;23;74;23;29;42;85;42;19;43;52;1;0;0;1;3;1;0;0;1;4;5;2;0;0;0;0;0;0;0;0;0;0;0;0;1;1;3;2;4;5;5;10;9;12;3;52;10;63;10;41;12;89;12;15;18;52;24;76;24;27;42;85;42;19;43;52;0;1;1;3;2;4;8;8;10;9;12;3;52;10;63;10;41;12;89;12;15;18;52;27;77;27;26;42;85;42;19;43;52;0;1;1;3;2;4;5;5;7;6;12;3;52;10;63;10;41;12;89;12;15;18;52;24;76;24;27;34;89;34;16;43;52;1;0;0;1;3;2;0;1;1;7;6;2;0;0;0;0;0;0;0;0;0;0;0;1;4;3;11;9;13;14;16;17;18;22;0;5;6;7;8;10;12;15;19;20;21;23;2;24;25;26;27;28;29;30;31;32;33;34;35;36;37;38;39;14;17;13;17;17;17;16;255;255;255;0;0;0;0;0;0;0
5184;0;1;1;3;2;4;5;5;10;9;12;3;52;11;64;11;40;13;88;13;16;20;52;25;76;25;28;39;84;39;20;43;52;0;1;1;3;2;4;5;5;10;9;12;3;52;11;64;11;40;13;88;13;16;20;52;25;76;25;28;39;84;39;20;43;52;0;1;1;3;2;4;4;4;10;9;12;3;52;11;64;11;40;13;88;13;16;20;52;22;78;22;26;39;84;39;20;43;52;0;0;1;0;8;2;1;1;0;6;8;2;0;0;0;0;0;0;0;0;0;0;0;0;1;1;3;2;4;4;5;10;9;12;3;52;11;64;11;40;13;88;13;16;20;62;20;42;28;52;39;84;39;20;43;52;0;1;1;3;2;4;4;5;10;9;12;3;52;11;64;11;40;13;88;13;16;20;62;20;42;28;52;39;84;39;20;43;52;0;1;1;3;2;4;4;5;10;9;12;3;52;11;64;11;40;13;88;13;16;20;62;20;42;28;52;39;84;39;20;43;52;0;0;1;0;6;1;1;1;0;5;4;2;0;0;0;0;0;0;0;0;0;0;0;0;1;1;3;2;4;5;5;10;9;12;3;52;11;64;11;40;13;88;13;16;20;52;25;76;25;28;39;84;39;20;43;52;0;1;1;3;2;4;5;5;10;9;12;3;52;11;64;11;40;13;88;13;16;20;52;25;76;25;28;39;84;39;20;43;52;0;1;1;3;2;4;4;4;10;9;12;3;52;11;64;11;40;13;88;13;16;20;52;22;78;22;26;39;84;39;20;43;52;0;0;1;0;8;2;1;1;0;6;8;2;0;0;0;0;0;0;0;0;0;0;0;20;4;3;7;8;10;14;13;22;17;18;0;1;2;6;5;9;11;12;21;16;15;19;23;24;25;26;27;28;29;30;31;32;33;34;35;36;37;38;39;10;14;8;14;14;10;10;255;255;255;0;0;0;0;0;0;0
5185;0;1;1;3;2;5;5;7;6;8;12;3;52;11;64;11;40;13;88;13;16;21;68;21;36;31;88;31;16;31;52;43;52;0;1;1;3;2;5;5;10;9;8;12;3;52;11;64;11;40;13;88;13;16;21;68;21;36;35;88;35;17;31;52;43;52;0;1;1;3;2;4;4;7;6;8;12;3;52;11;64;11;40;13;88;13;16;21;68;21;36;31;88;31;16;31;52;43;52;0;0;1;0;6;2;1;1;1;4;7;2;0;0;0;0;0;0;0;0;0;0;0;0;1;1;3;2;4;4;7;6;8;12;3;52;11;64;11;40;13;88;13;16;21;68;21;36;31;88;31;16;31;52;43;52;0;1;1;3;2;4;4;7;6;8;12;3;52;11;64;11;40;13;88;13;16;21;68;21;36;31;88;31;16;31;52;43;52;0;1;1;3;2;4;4;7;6;8;12;3;52;11;64;11;40;13;88;13;16;21;68;21;36;31;88;31;16;31;52;43;52;0;0;1;0;7;1;1;1;1;3;8;2;0;0;0;0;0;0;0;0;0;0;0;0;1;1;3;2;5;5;7;6;8;12;3;52;11;64;11;40;13;88;13;16;21;68;21;36;31;88;31;16;31;52;43;52;0;1;1;3;2;5;5;10;9;8;12;3;52;11;64;11;40;13;88;13;16;21;68;21;36;35;88;35;17;31;52;43;52;0;1;1;3;2;4;4;7;6;8;12;3;52;11;64;11;40;13;88;13;16;21;68;21;36;31;88;31;16;31;52;43;52;0;0;1;0;6;2;1;1;1;4;7;2;0;0;0;0;0;0;0;0;0;0;0;24;23;19;27;7;13;25;22;14;12;17;0;5;18;20;8;9;21;11;10;15;16;28;1;2;3;4;6;26;29;30;31;32;33;34;35;36;37;38;39;19;17;14;14;14;12;22;255;255;255;0;0;0;0;0;0;0
5189;0;1;1;3;2;4;4;5;10;9;12;3;52;10;63;10;41;12;89;12;15;21;68;21;37;28;51;37;85;37;18;43;52;0;1;1;3;2;5;5;8;10;9;12;3;52;10;63;10;41;12;89;12;15;21;68;21;37;33;52;37;85;37;18;43;52;0;1;1;3;2;4;4;5;7;6;12;3;52;10;63;10;41;12;89;12;15;21;68;21;37;28;51;34;88;34;16;43;52;0;0;0;0;6;2;0;1;1;4;8;2;0;7;0;12;0;0;0;0;0;0;0;0;1;1;3;2;4;5;5;10;9;12;3;52;10;63;10;41;12;89;12;15;20;51;25;70;25;33;37;85;37;18;43;52;0;1;1;3;2;4;5;5;10;9;12;3;52;10;63;10;41;12;89;12;15;20;51;25;70;25;33;37;85;37;18;43;52;0;1;1;3;2;4;5;5;10;9;12;3;52;10;63;10;41;12;89;12;15;20;51;25;70;25;33;37;85;37;18;43;52;0;0;0;0;7;1;0;1;1;5;6;3;0;7;0;12;0;0;0;0;0;0;0;0;1;1;3;2;4;4;5;10;9;12;3;52;10;63;10;41;12;89;12;15;21;68;21;37;28;51;37;85;37;18;43;52;0;1;1;3;2;5;5;8;10;9;12;3;52;10;63;10;41;12;89;12;15;21;68;21;37;33;52;37;85;37;18;43;52;0;1;1;3;2;4;4;5;7;6;12;3;52;10;63;10;41;12;89;12;15;21;68;21;37;28;51;34;88;34;16;43;52;0;0;0;0;6;2;0;1;1;4;8;2;0;7;0;12;0;0;0;0;0;0;0;0;4;3;7;9;14;13;17;20;19;21;2;5;6;23;8;10;11;12;15;16;18;22;1;24;25;26;27;28;29;30;31;32;33;34;35;36;37;38;39;7;9;9;9;9;9;13;255;255;255;0;0;0;0;0;0;0
5191;0;1;1;1;5;5;7;6;8;8;12;3;52;10;52;10;73;10;31;21;66;21;37;24;94;24;10;32;70;32;34;43;52;0;1;1;1;5;5;7;6;8;8;12;3;52;10;52;10;73;10;31;21;66;21;37;29;94;29;10;34;70;34;34;43;52;0;1;1;1;5;5;3;2;8;8;12;3;52;10;52;10;73;10;31;21;66;21;37;15;94;15;10;32;70;32;34;43;52;0;0;1;1;6;3;0;1;0;7;7;2;0;7;0;11;0;0;0;0;0;0;0;0;1;1;1;4;4;3;2;5;12;12;3;52;11;52;11;72;11;32;19;64;19;40;13;95;13;11;27;52;43;64;43;40;0;1;1;1;4;4;3;2;8;12;12;3;52;11;52;11;72;11;32;19;64;19;40;13;95;13;11;31;53;43;64;43;40;0;1;1;1;4;4;3;2;5;12;12;3;52;11;52;11;72;11;32;19;64;19;40;13;95;13;11;27;52;43;64;43;40;0;0;0;0;8;2;1;0;1;6;8;2;0;7;0;11;0;0;0;0;0;0;0;0;1;1;1;5;5;7;6;8;8;12;3;52;10;52;10;73;10;31;21;66;21;37;24;94;24;10;32;70;32;34;43;52;0;1;1;1;5;5;7;6;8;8;12;3;52;10;52;10;73;10;31;21;66;21;37;29;94;29;10;34;70;34;34;43;52;0;1;1;1;5;5;3;2;8;8;12;3;52;10;52;10;73;10;31;21;66;21;37;15;94;15;10;32;70;32;34;43;52;0;0;1;1;6;3;0;1;0;7;7;2;0;7;0;11;0;0;0;0;0;0;0;0;6;8;5;16;13;24;20;27;15;28;1;3;4;10;9;12;29;17;19;23;22;30;2;7;11;14;18;21;32;26;25;31;33;34;35;36;37;38;39;0;27;27;27;27;27;15;255;255;255;0;0;0;0;0;0;0
5194;0;1;1;3;2;5;5;7;6;8;12;3;52;10;63;10;41;12;89;12;15;21;68;21;37;30;86;30;18;32;52;43;52;0;1;1;3;2;5;5;10;9;8;12;3;52;10;63;10;41;12;89;12;15;21;68;21;37;35;88;35;16;32;52;43;52;0;1;1;3;2;5;5;7;6;8;12;3;52;10;63;10;41;12;89;12;15;21;68;21;37;30;86;30;18;32;52;43;52;1;1;1;1;4;3;1;0;1;3;4;2;0;7;0;12;0;0;0;0;0;0;0;0;1;1;3;2;4;4;7;6;8;12;3;52;10;63;10;41;12;89;12;15;21;68;21;37;30;86;30;18;32;52;43;52;0;1;1;3;2;5;5;7;6;11;12;3;52;10;63;10;41;12;89;12;15;21;68;21;37;30;86;30;18;35;52;43;52;0;1;1;3;2;4;4;7;6;8;12;3;52;10;63;10;41;12;89;12;15;21;68;21;37;30;86;30;18;32;52;43;52;0;0;0;0;5;2;1;0;1;2;5;2;0;7;0;12;0;0;0;0;0;0;0;0;1;1;3;2;5;5;7;6;8;12;3;52;10;63;10;41;12;89;12;15;21;68;21;37;30;86;30;18;32;52;43;52;0;1;1;3;2;5;5;10;9;8;12;3;52;10;63;10;41;12;89;12;15;21;68;21;37;35;88;35;16;32;52;43;52;0;1;1;3;2;5;5;7;6;8;12;3;52;10;63;10;41;12;89;12;15;21;68;21;37;30;86;30;18;32;52;43;52;1;1;1;1;4;3;1;0;1;3;4;2;0;7;0;12;0;0;0;0;0;0;0;0;5;6;11;10;15;16;23;9;18;25;1;3;4;7;13;12;14;20;19;21;17;24;2;8;26;22;27;28;29;30;31;32;33;34;35;36;37;38;39;0;9;9;9;9;9;10;255;255;255;0;0;0;0;0;0;0
5196;0;1;1;3;2;5;5;7;6;8;12;3;52;11;64;11;40;13;88;13;16;19;40;19;64;31;88;31;16;31;52;43;52;0;1;1;3;2;5;5;7;6;11;12;3;52;11;64;11;40;13;88;13;16;19;40;19;64;31;88;31;16;35;52;43;52;0;1;1;3;2;4;4;7;6;8;12;3;52;11;64;11;40;13;88;13;16;19;40;19;64;31;88;31;16;31;52;43;52;0;0;1;1;7;2;1;0;1;4;7;2;0;5;0;12;0;0;0;0;0;0;0;0;1;1;3;2;4;4;7;6;5;12;3;52;11;64;11;40;13;88;13;16;19;40;19;64;31;88;31;16;28;52;41;52;0;1;1;3;2;4;4;7;6;5;12;3;52;11;64;11;40;13;88;13;16;19;40;19;64;31;88;31;16;28;52;41;52;0;1;1;3;2;4;4;7;6;5;12;3;52;11;64;11;40;13;88;13;16;19;40;19;64;31;88;31;16;28;52;41;52;0;0;1;1;4;2;1;0;0;3;9;2;0;5;0;12;0;0;0;0;0;0;0;0;1;1;3;2;5;5;7;6;8;12;3;52;11;64;11;40;13;88;13;16;19;40;19;64;31;88;31;16;31;52;43;52;0;1;1;3;2;5;5;7;6;11;12;3;52;11;64;11;40;13;88;13;16;19;40;19;64;31;88;31;16;35;52;43;52;0;1;1;3;2;4;4;7;6;8;12;3;52;11;64;11;40;13;88;13;16;19;40;19;64;31;88;31;16;31;52;43;52;0;0;1;1;7;2;1;0;1;4;7;2;0;5;0;12;0;0;0;0;0;0;0;0;7;5;10;8;15;14;17;22;18;26;1;3;6;9;11;13;16;19;20;21;23;25;2;4;12;24;27;28;29;30;31;32;33;34;35;36;37;38;39;14;14;14;14;14;26;10;255;255;255;0;0;0;0;0;0;0
5202;0;1;1;1;7;6;5;5;8;12;12;3;52;10;52;10;73;10;31;20;94;20;10;22;67;22;37;30;52;43;67;43;38;0;1;1;1;7;6;5;5;8;12;12;3;52;10;52;10;73;10;31;20;91;20;14;22;67;22;37;33;52;43;67;43;38;0;1;1;1;3;2;4;4;8;12;12;3;52;10;52;10;73;10;31;15;89;15;15;22;67;22;37;30;52;43;67;43;38;0;0;0;0;6;3;0;1;1;5;9;2;0;7;0;11;0;0;0;0;0;0;0;0;1;1;1;3;2;4;4;8;12;12;3;52;10;52;10;73;10;31;15;89;15;15;22;67;22;37;30;52;43;67;43;38;0;1;1;1;3;2;5;5;11;12;12;3;52;10;52;10;73;10;31;15;89;15;15;22;67;22;37;35;52;43;67;43;38;0;1;1;1;3;2;4;4;8;12;12;3;52;10;52;10;73;10;31;15;89;15;15;22;67;22;37;30;52;43;67;43;38;0;0;0;0;7;2;0;1;1;4;8;2;0;7;0;11;0;0;0;0;0;0;0;0;1;1;1;7;6;5;5;8;12;12;3;52;10;52;10;73;10;31;20;94;20;10;22;67;22;37;30;52;43;67;43;38;0;1;1;1;7;6;5;5;8;12;12;3;52;10;52;10;73;10;31;20;91;20;14;22;67;22;37;33;52;43;67;43;38;0;1;1;1;3;2;4;4;8;12;12;3;52;10;52;10;73;10;31;15;89;15;15;22;67;22;37;30;52;43;67;43;38;0;0;0;0;6;3;0;1;1;5;9;2;0;7;0;11;0;0;0;0;0;0;0;1;4;5;6;22;17;10;9;19;24;21;0;2;3;27;7;13;8;12;14;15;18;25;28;29;16;26;23;11;20;30;31;32;33;34;35;36;37;38;39;5;9;9;9;9;9;19;255;255;255;0;0;0;0;0;0;0
5203;0;1;1;1;3;2;4;8;8;12;12;3;52;10;52;10;73;10;31;15;89;15;15;21;53;28;77;28;28;43;67;43;36;0;1;1;1;7;6;4;8;8;12;12;3;52;10;52;10;73;10;31;19;90;19;14;18;52;30;78;30;27;43;65;43;39;0;1;1;1;3;2;4;8;8;11;12;3;52;10;52;10;73;10;31;15;89;15;15;19;52;27;69;27;35;38;68;43;36;0;1;1;0;3;2;1;1;0;3;7;2;0;7;0;12;0;0;0;0;0;0;0;0;1;1;1;3;2;4;4;7;6;12;3;52;10;52;10;73;10;31;15;89;15;15;20;64;20;40;34;86;34;18;43;52;0;1;1;1;3;2;5;5;10;9;12;3;52;10;52;10;73;10;31;15;89;15;15;20;64;20;40;35;86;35;19;43;52;0;1;1;1;3;2;4;4;7;6;12;3;52;10;52;10;73;10;31;15;89;15;15;20;64;20;40;34;86;34;18;43;52;0;1;1;0;6;2;1;1;0;2;7;3;0;7;0;12;0;0;0;0;0;0;0;0;1;1;1;3;2;4;8;8;12;12;3;52;10;52;10;73;10;31;15;89;15;15;21;53;28;77;28;28;43;67;43;36;0;1;1;1;7;6;4;8;8;12;12;3;52;10;52;10;73;10;31;19;90;19;14;18;52;30;78;30;27;43;65;43;39;0;1;1;1;3;2;4;8;8;11;12;3;52;10;52;10;73;10;31;15;89;15;15;19;52;27;69;27;35;38;68;43;36;0;1;1;0;3;2;1;1;0;3;7;2;0;7;0;12;0;0;0;0;0;0;0;0;6;5;3;4;10;9;20;19;22;21;1;7;16;17;14;15;25;11;12;18;13;23;2;8;24;26;27;28;29;30;31;32;33;34;35;36;37;38;39;20;9;9;9;9;9;10;255;255;255;0;0;0;0;0;0;0
5204;0;1;1;3;2;5;5;8;10;9;12;3;52;11;64;11;40;13;88;13;16;22;66;22;37;31;52;38;92;38;13;43;52;0;1;1;3;2;5;5;8;10;9;12;3;52;11;64;11;40;13;88;13;16;24;66;24;38;33;52;38;92;38;13;43;52;0;1;1;3;2;4;4;5;10;9;12;3;52;11;64;11;40;13;88;13;16;19;64;19;40;28;52;38;92;38;13;43;52;1;1;1;0;4;2;1;1;1;6;6;3;0;7;0;11;0;0;0;0;0;0;0;0;1;1;3;2;4;4;5;10;9;12;3;52;11;64;11;40;13;88;13;16;19;64;19;40;25;51;38;90;38;15;43;52;0;1;1;3;2;4;4;8;10;9;12;3;52;11;64;11;40;13;88;13;16;19;64;19;40;30;51;38;90;38;15;43;52;0;1;1;3;2;4;4;5;10;9;12;3;52;11;64;11;40;13;88;13;16;19;64;19;40;25;51;38;90;38;15;43;52;1;1;1;0;5;2;1;0;1;5;7;3;0;7;0;11;0;0;0;0;0;0;0;0;1;1;3;2;5;5;8;10;9;12;3;52;11;64;11;40;13;88;13;16;22;66;22;37;31;52;38;92;38;13;43;52;0;1;1;3;2;5;5;8;10;9;12;3;52;11;64;11;40;13;88;13;16;24;66;24;38;33;52;38;92;38;13;43;52;0;1;1;3;2;4;4;5;10;9;12;3;52;11;64;11;40;13;88;13;16;19;64;19;40;28;52;38;92;38;13;43;52;1;1;1;0;4;2;1;1;1;6;6;3;0;7;0;11;0;0;0;0;0;0;0;1;5;4;3;10;16;22;20;27;21;28;0;6;7;9;11;15;18;17;12;23;26;24;2;8;30;14;31;13;19;25;29;32;33;34;35;36;37;38;39;10;20;20;20;20;22;10;255;255;255;0;0;0;0;0;0;0
5207;0;1;1;3;2;4;4;5;10;9;12;3;52;10;63;10;41;12;89;12;15;20;64;20;40;29;52;37;85;37;18;43;52;0;1;1;3;2;5;5;8;10;9;12;3;52;10;63;10;41;12;89;12;15;20;64;20;40;34;52;37;85;37;18;43;52;0;1;1;3;2;4;4;5;10;9;12;3;52;10;63;10;41;12;89;12;15;20;64;20;40;29;52;35;92;35;11;43;52;0;1;1;0;3;2;0;0;0;5;9;2;0;4;0;11;0;0;0;0;0;0;0;0;1;1;3;2;4;4;5;7;6;12;3;52;10;63;10;41;12;89;12;15;20;68;20;39;28;51;30;94;30;10;43;52;0;1;1;3;2;4;4;8;10;9;12;3;52;10;63;10;41;12;89;12;15;20;68;20;39;28;51;35;94;35;10;43;52;0;1;1;3;2;4;4;5;7;6;12;3;52;10;63;10;41;12;89;12;15;20;68;20;39;28;51;30;94;30;10;43;52;0;1;0;1;4;2;0;0;0;4;7;2;0;4;0;11;0;0;0;0;0;0;0;0;1;1;3;2;4;4;5;10;9;12;3;52;10;63;10;41;12;89;12;15;20;64;20;40;29;52;37;85;37;18;43;52;0;1;1;3;2;5;5;8;10;9;12;3;52;10;63;10;41;12;89;12;15;20;64;20;40;34;52;37;85;37;18;43;52;0;1;1;3;2;4;4;5;10;9;12;3;52;10;63;10;41;12;89;12;15;20;64;20;40;29;52;35;92;35;11;43;52;0;1;1;0;3;2;0;0;0;5;9;2;0;4;0;11;0;0;0;0;0;0;0;0;3;5;10;9;15;11;14;21;19;24;1;2;4;6;7;12;16;26;13;20;18;22;28;8;17;27;23;25;29;30;31;32;33;34;35;36;37;38;39;5;9;9;9;9;9;5;255;255;255;0;0;0;0;0;0;0
5208;0;1;1;3;2;5;5;8;10;9;12;3;52;10;63;10;41;12;89;12;15;23;72;23;33;32;52;39;90;39;14;43;52;0;1;1;3;2;5;5;8;10;9;12;3;52;10;63;10;41;12;89;12;15;23;72;23;33;32;52;39;90;39;14;43;52;0;1;1;3;2;4;4;8;10;9;12;3;52;10;63;10;41;12;89;12;15;20;66;20;36;32;52;39;90;39;14;43;52;0;1;0;1;3;2;0;0;1;7;3;2;0;7;0;12;0;0;0;0;0;0;0;0;1;1;3;2;4;4;8;10;9;12;3;52;10;63;10;41;12;89;12;15;21;70;21;33;32;52;39;90;39;14;43;52;0;1;1;3;2;5;5;8;10;9;12;3;52;10;63;10;41;12;89;12;15;23;72;23;33;32;52;39;90;39;14;43;52;0;1;1;3;2;4;4;8;7;6;12;3;52;10;63;10;41;12;89;12;15;20;66;20;40;32;52;34;92;34;13;43;52;0;1;0;1;4;2;0;0;1;6;4;3;0;7;0;12;0;0;0;0;0;0;0;0;1;1;3;2;5;5;8;10;9;12;3;52;10;63;10;41;12;89;12;15;23;72;23;33;32;52;39;90;39;14;43;52;0;1;1;3;2;5;5;8;10;9;12;3;52;10;63;10;41;12;89;12;15;23;72;23;33;32;52;39;90;39;14;43;52;0;1;1;3;2;4;4;8;10;9;12;3;52;10;63;10;41;12;89;12;15;20;66;20;36;32;52;39;90;39;14;43;52;0;1;0;1;3;2;0;0;1;7;3;2;0;7;0;12;0;0;0;0;0;0;0;0;1;4;7;6;9;10;15;18;14;21;25;2;3;5;8;13;23;16;17;19;20;22;24;11;12;26;27;28;29;30;31;32;33;34;35;36;37;38;39;6;9;9;9;9;9;10;255;255;255;0;0;0;0;0;0;0
5217;0;1;1;1;4;5;5;7;6;8;12;3;52;10;52;10;73;10;31;18;52;23;69;23;34;26;94;26;10;34;52;43;52;0;1;1;1;4;5;5;7;6;11;12;3;52;10;52;10;73;10;31;18;52;23;69;23;34;26;94;26;10;35;52;43;52;0;1;1;1;4;5;5;3;2;8;12;3;52;10;52;10;73;10;31;18;52;23;69;23;34;15;91;15;13;34;52;43;52;1;1;0;0;6;3;0;1;0;5;6;2;0;0;0;0;0;0;0;0;0;0;0;0;1;1;1;3;2;4;4;8;8;12;3;52;10;52;10;73;10;31;15;89;15;15;20;64;20;40;34;78;34;25;43;52;0;1;1;1;3;2;5;5;8;8;12;3;52;10;52;10;73;10;31;15;89;15;15;20;64;20;40;34;78;34;25;43;52;0;1;1;1;3;2;4;4;8;8;12;3;52;10;52;10;73;10;31;15;89;15;15;20;64;20;40;34;78;34;25;43;52;1;1;0;0;6;2;0;1;0;7;4;2;0;0;0;0;0;0;0;0;0;0;0;0;1;1;1;4;5;5;7;6;8;12;3;52;10;52;10;73;10;31;18;52;23;69;23;34;26;94;26;10;34;52;43;52;0;1;1;1;4;5;5;7;6;11;12;3;52;10;52;10;73;10;31;18;52;23;69;23;34;26;94;26;10;35;52;43;52;0;1;1;1;4;5;5;3;2;8;12;3;52;10;52;10;73;10;31;18;52;23;69;23;34;15;91;15;13;34;52;43;52;1;1;0;0;6;3;0;1;0;5;6;2;0;0;0;0;0;0;0;0;0;0;0;0;7;5;4;14;15;16;22;10;21;25;1;6;8;29;12;28;17;30;19;20;24;27;2;3;9;11;13;18;31;23;26;32;33;34;35;36;37;38;39;0;14;14;14;14;25;10;255;255;255;0;0;0;0;0;0;0
5220;0;1;1;1;4;5;5;6;7;12;12;3;52;10;52;10;73;10;31;18;52;23;35;23;69;32;15;32;89;43;65;43;38;0;1;1;1;4;8;8;6;7;12;12;3;52;10;52;10;73;10;31;18;52;28;36;28;67;32;15;32;89;43;65;43;38;0;1;1;1;4;5;5;6;7;12;12;3;52;10;52;10;73;10;31;18;52;23;35;23;69;32;15;32;89;42;66;42;39;0;0;1;1;5;2;1;0;1;3;8;2;0;0;0;0;0;0;0;0;0;0;0;0;1;1;1;5;5;3;2;8;12;12;3;52;10;52;10;73;10;31;22;66;22;39;15;88;15;16;32;52;43;66;43;38;0;1;1;1;5;5;7;6;8;12;12;3;52;10;52;10;73;10;31;22;66;22;39;22;90;22;14;32;52;43;66;43;38;0;1;1;1;5;5;3;2;8;12;12;3;52;10;52;10;73;10;31;22;66;22;39;15;88;15;16;32;52;43;66;43;38;0;0;0;0;6;2;1;0;1;2;5;2;0;0;0;0;0;0;0;0;0;0;0;0;1;1;1;4;5;5;6;7;12;12;3;52;10;52;10;73;10;31;18;52;23;35;23;69;32;15;32;89;43;65;43;38;0;1;1;1;4;8;8;6;7;12;12;3;52;10;52;10;73;10;31;18;52;28;36;28;67;32;15;32;89;43;65;43;38;0;1;1;1;4;5;5;6;7;12;12;3;52;10;52;10;73;10;31;18;52;23;35;23;69;32;15;32;89;42;66;42;39;0;0;1;1;5;2;1;0;1;3;8;2;0;0;0;0;0;0;0;0;0;0;0;0;5;7;6;12;14;15;18;24;23;21;3;8;9;4;10;11;13;20;16;19;25;26;1;2;27;17;22;28;29;30;31;32;33;34;35;36;37;38;39;0;15;12;15;15;15;14;255;255;255;0;0;0;0;0;0;0
5221;0;1;1;3;2;4;4;7;6;12;12;3;52;10;63;10;41;12;89;12;15;20;64;20;40;30;87;30;18;43;66;43;38;0;1;1;3;2;5;5;7;6;12;12;3;52;10;63;10;41;12;89;12;15;23;64;23;39;30;87;30;18;43;66;43;38;0;1;1;3;2;4;4;7;6;11;12;3;52;10;63;10;41;12;89;12;15;20;64;20;40;30;87;30;18;37;64;43;38;0;0;1;1;6;2;1;0;0;7;3;2;0;0;0;0;0;0;0;0;0;0;0;0;1;1;3;2;4;5;5;8;11;12;3;52;10;63;10;41;12;89;12;15;18;52;24;66;24;37;32;52;39;69;43;37;0;1;1;3;2;4;5;5;8;12;12;3;52;10;63;10;41;12;89;12;15;18;52;24;66;24;37;32;52;43;66;43;37;0;1;1;3;2;4;5;5;8;11;12;3;52;10;63;10;41;12;89;12;15;18;52;24;66;24;37;32;52;39;69;43;37;0;0;1;1;4;2;1;0;0;3;2;2;0;0;0;0;0;0;0;0;0;0;0;0;1;1;3;2;4;4;7;6;12;12;3;52;10;63;10;41;12;89;12;15;20;64;20;40;30;87;30;18;43;66;43;38;0;1;1;3;2;5;5;7;6;12;12;3;52;10;63;10;41;12;89;12;15;23;64;23;39;30;87;30;18;43;66;43;38;0;1;1;3;2;4;4;7;6;11;12;3;52;10;63;10;41;12;89;12;15;20;64;20;40;30;87;30;18;37;64;43;38;0;0;1;1;6;2;1;0;0;7;3;2;0;0;0;0;0;0;0;0;0;0;0;0;9;3;11;10;13;15;17;22;19;25;1;4;5;8;12;18;23;16;20;24;26;28;2;6;7;14;21;27;29;30;31;32;33;34;35;36;37;38;39;0;9;9;9;9;9;10;255;255;255;0;0;0;0;0;0;0
5225;0;1;1;3;2;4;5;5;8;12;12;3;52;10;63;10;41;12;89;12;15;18;52;27;82;27;22;30;52;43;66;43;38;0;1;1;3;2;4;8;8;8;12;12;3;52;10;63;10;41;12;89;12;15;18;52;30;79;30;24;30;52;43;66;43;38;0;1;1;3;2;4;5;5;5;12;12;3;52;10;63;10;41;12;89;12;15;18;52;27;82;27;22;27;52;43;66;43;38;0;0;1;0;5;3;0;0;0;6;9;2;0;139637976727552;0;11;0;0;0;0;0;0;0;0;1;1;3;2;4;4;7;6;8;12;3;52;11;64;11;40;13;88;13;16;23;64;23;40;23;84;23;20;33;52;43;52;0;1;1;3;2;4;4;7;6;11;12;3;52;11;64;11;40;13;88;13;16;23;64;23;40;23;84;23;20;35;51;43;52;0;1;1;3;2;4;4;7;6;8;12;3;52;11;64;11;40;13;88;13;16;23;64;23;40;23;84;23;20;33;52;43;52;0;0;1;0;6;2;0;0;1;4;8;3;0;9;0;11;0;0;0;0;0;0;0;0;1;1;3;2;4;5;5;8;12;12;3;52;10;63;10;41;12;89;12;15;18;52;27;82;27;22;30;52;43;66;43;38;0;1;1;3;2;4;8;8;8;12;12;3;52;10;63;10;41;12;89;12;15;18;52;30;79;30;24;30;52;43;66;43;38;0;1;1;3;2;4;5;5;5;12;12;3;52;10;63;10;41;12;89;12;15;18;52;27;82;27;22;27;52;43;66;43;38;0;0;1;0;5;3;0;0;0;6;9;2;0;139637976727552;0;11;0;0;0;0;0;0;0;1;5;4;10;9;21;13;17;20;22;23;0;3;6;7;8;11;12;14;15;18;19;24;2;16;25;26;27;28;29;30;31;32;33;34;35;36;37;38;39;1;9;9;9;9;9;20;255;255;255;0;0;0;0;0;0;0
5226;0;1;1;3;2;4;5;5;8;12;12;3;52;10;63;10;41;12;89;12;15;18;52;27;78;27;26;32;52;43;67;43;38;0;1;1;3;2;4;8;8;8;12;12;3;52;10;63;10;41;12;89;12;15;18;52;30;82;30;22;34;52;43;67;43;38;0;1;1;3;2;4;5;5;5;12;12;3;52;10;63;10;41;12;89;12;15;18;52;27;78;27;26;27;52;43;67;43;38;0;1;1;0;6;2;1;0;1;5;7;2;0;139637976727552;0;11;0;0;0;0;0;0;0;0;1;1;3;2;4;5;5;7;6;12;3;52;11;64;11;40;13;88;13;16;20;52;25;72;25;32;29;90;29;14;41;52;0;1;1;3;2;4;5;5;10;9;12;3;52;11;64;11;40;13;88;13;16;20;52;25;72;25;32;35;92;35;12;41;52;0;1;1;3;2;4;5;5;7;6;12;3;52;11;64;11;40;13;88;13;16;20;52;25;72;25;32;29;90;29;14;41;52;0;1;1;0;6;2;1;0;1;4;8;2;0;9;0;11;0;0;0;0;0;0;0;0;1;1;3;2;4;5;5;8;12;12;3;52;10;63;10;41;12;89;12;15;18;52;27;78;27;26;32;52;43;67;43;38;0;1;1;3;2;4;8;8;8;12;12;3;52;10;63;10;41;12;89;12;15;18;52;30;82;30;22;34;52;43;67;43;38;0;1;1;3;2;4;5;5;5;12;12;3;52;10;63;10;41;12;89;12;15;18;52;27;78;27;26;27;52;43;67;43;38;0;1;1;0;6;2;1;0;1;5;7;2;0;139637976727552;0;11;0;0;0;0;0;0;0;1;4;2;10;6;12;13;14;18;20;21;0;3;5;7;8;11;15;16;22;19;17;9;23;24;25;26;27;28;29;30;31;32;33;34;35;36;37;38;39;1;18;13;14;14;20;6;255;255;255;0;0;0;0;0;0;0
5229;0;1;1;3;2;5;5;8;10;9;12;3;52;10;63;10;41;12;89;12;15;22;67;22;37;32;52;36;87;36;17;43;52;0;1;1;3;2;5;5;11;10;9;12;3;52;10;63;10;41;12;89;12;15;22;67;22;37;36;52;36;87;36;17;43;52;0;1;1;3;2;4;4;8;11;11;12;3;52;10;63;10;41;12;89;12;15;22;67;22;37;32;52;36;78;36;26;43;52;1;1;0;1;5;2;1;1;0;2;4;2;0;0;0;0;0;0;0;0;0;0;0;0;1;1;3;2;5;5;7;6;8;12;3;52;10;63;10;41;12;89;12;15;20;64;20;40;30;87;30;18;32;52;42;52;0;1;1;3;2;5;5;10;9;8;12;3;52;10;63;10;41;12;89;12;15;20;64;20;40;35;92;35;13;32;52;42;52;0;1;1;3;2;4;4;7;6;8;12;3;52;10;63;10;41;12;89;12;15;20;64;20;40;30;87;30;18;32;52;42;52;1;1;0;0;7;2;1;1;0;4;2;3;0;0;0;0;0;0;0;0;0;0;0;0;1;1;3;2;5;5;8;10;9;12;3;52;10;63;10;41;12;89;12;15;22;67;22;37;32;52;36;87;36;17;43;52;0;1;1;3;2;5;5;11;10;9;12;3;52;10;63;10;41;12;89;12;15;22;67;22;37;36;52;36;87;36;17;43;52;0;1;1;3;2;4;4;8;11;11;12;3;52;10;63;10;41;12;89;12;15;22;67;22;37;32;52;36;78;36;26;43;52;1;1;0;1;5;2;1;1;0;2;4;2;0;0;0;0;0;0;0;0;0;0;0;1;4;3;11;9;18;15;19;22;20;23;0;5;6;8;10;12;7;16;21;24;25;26;2;13;14;17;27;28;29;30;31;32;33;34;35;36;37;38;39;9;9;9;9;9;9;18;255;255;255;0;0;0;0;0;0;0
5235;0;1;1;3;2;5;5;8;10;9;12;3;52;10;63;10;41;12;89;12;15;22;67;22;37;32;52;36;87;36;17;43;52;0;1;1;3;2;5;5;11;10;9;12;3;52;10;63;10;41;12;89;12;15;22;67;22;37;35;52;36;87;36;17;43;52;0;1;1;3;2;5;5;8;7;6;12;3;52;10;63;10;41;12;89;12;15;22;67;22;37;32;52;34;88;34;16;43;52;1;1;0;1;7;3;1;1;1;5;3;2;0;0;0;0;0;0;0;0;0;0;0;0;1;1;3;2;4;4;7;6;12;12;3;52;10;63;10;41;12;89;12;15;20;64;20;40;30;87;30;18;43;66;43;38;0;1;1;3;2;5;5;7;6;12;12;3;52;10;63;10;41;12;89;12;15;20;64;20;40;30;87;30;18;43;66;43;38;0;1;1;3;2;4;4;7;6;11;12;3;52;10;63;10;41;12;89;12;15;20;64;20;40;30;87;30;18;38;65;43;38;1;0;0;1;4;2;1;1;0;7;5;3;0;0;0;0;0;0;0;0;0;0;0;0;1;1;3;2;5;5;8;10;9;12;3;52;10;63;10;41;12;89;12;15;22;67;22;37;32;52;36;87;36;17;43;52;0;1;1;3;2;5;5;11;10;9;12;3;52;10;63;10;41;12;89;12;15;22;67;22;37;35;52;36;87;36;17;43;52;0;1;1;3;2;5;5;8;7;6;12;3;52;10;63;10;41;12;89;12;15;22;67;22;37;32;52;34;88;34;16;43;52;1;1;0;1;7;3;1;1;1;5;3;2;0;0;0;0;0;0;0;0;0;0;0;0;3;5;10;9;14;16;21;24;22;27;1;4;7;8;11;13;15;26;19;20;23;25;2;6;29;12;17;18;28;30;31;32;33;34;35;36;37;38;39;0;9;9;9;9;9;16;255;255;255;0;0;0;0;0;0;0
5237;0;1;1;3;2;4;5;5;10;9;12;3;52;11;64;11;40;13;88;13;16;20;52;25;72;25;32;39;84;39;20;43;52;0;1;1;3;2;4;8;8;10;9;12;3;52;11;64;11;40;13;88;13;16;20;52;29;68;29;35;39;84;39;20;43;52;0;1;1;3;2;4;5;5;7;6;12;3;52;11;64;11;40;13;88;13;16;20;52;25;72;25;32;34;87;34;17;43;52;0;1;1;0;7;2;1;0;1;4;3;2;0;0;0;0;0;0;0;0;0;0;0;0;1;1;3;2;4;5;5;7;6;12;3;52;11;64;11;40;13;88;13;16;20;52;25;72;25;32;30;94;30;10;43;52;0;1;1;3;2;4;5;5;10;9;12;3;52;11;64;11;40;13;88;13;16;20;52;25;72;25;32;35;92;35;13;43;52;0;1;1;3;2;4;4;4;7;6;12;3;52;11;64;11;40;13;88;13;16;20;52;25;72;25;32;30;94;30;10;43;52;0;1;1;0;8;2;1;0;1;3;4;3;0;0;0;0;0;0;0;0;0;0;0;0;1;1;3;2;4;5;5;10;9;12;3;52;11;64;11;40;13;88;13;16;20;52;25;72;25;32;39;84;39;20;43;52;0;1;1;3;2;4;8;8;10;9;12;3;52;11;64;11;40;13;88;13;16;20;52;29;68;29;35;39;84;39;20;43;52;0;1;1;3;2;4;5;5;7;6;12;3;52;11;64;11;40;13;88;13;16;20;52;25;72;25;32;34;87;34;17;43;52;0;1;1;0;7;2;1;0;1;4;3;2;0;0;0;0;0;0;0;0;0;0;0;0;3;4;2;7;11;22;8;17;19;20;1;5;6;9;10;12;13;14;15;18;21;23;16;24;25;26;27;28;29;30;31;32;33;34;35;36;37;38;39;0;11;3;11;11;11;2;255;255;255;0;0;0;0;0;0;0
5242;0;1;1;1;4;4;7;6;8;12;12;3;52;10;52;10;73;10;31;18;64;18;40;30;86;30;18;32;52;43;66;43;38;0;1;1;1;5;5;7;6;8;12;12;3;52;10;52;10;73;10;31;18;64;18;40;30;86;30;18;32;52;43;66;43;38;0;1;1;1;4;4;3;2;8;12;12;3;52;10;52;10;73;10;31;18;64;18;40;15;92;15;12;32;52;43;66;43;38;1;1;0;1;5;3;0;0;1;2;8;2;0;0;0;0;0;0;0;0;0;0;0;0;1;1;1;4;4;3;2;8;12;12;3;52;10;52;10;73;10;31;18;64;18;40;14;91;14;13;32;52;43;66;43;38;0;1;1;1;4;4;3;2;8;12;12;3;52;10;52;10;73;10;31;18;64;18;40;14;91;14;13;32;52;43;66;43;38;0;1;1;1;4;4;3;2;8;12;12;3;52;10;52;10;73;10;31;18;64;18;40;14;91;14;13;32;52;43;66;43;38;1;1;0;1;7;2;0;0;1;2;4;3;0;0;0;0;0;0;0;0;0;0;0;0;1;1;1;4;4;7;6;8;12;12;3;52;10;52;10;73;10;31;18;64;18;40;30;86;30;18;32;52;43;66;43;38;0;1;1;1;5;5;7;6;8;12;12;3;52;10;52;10;73;10;31;18;64;18;40;30;86;30;18;32;52;43;66;43;38;0;1;1;1;4;4;3;2;8;12;12;3;52;10;52;10;73;10;31;18;64;18;40;15;92;15;12;32;52;43;66;43;38;1;1;0;1;5;3;0;0;1;2;8;2;0;0;0;0;0;0;0;0;0;0;0;0;5;4;3;10;9;13;15;12;16;18;1;2;6;7;8;11;14;19;17;20;21;22;23;24;25;26;27;28;29;30;31;32;33;34;35;36;37;38;39;9;9;9;9;9;9;3;255;255;255;0;0;0;0;0;0;0
5253;0;1;1;3;2;4;5;5;10;9;12;3;52;10;63;10;41;12;89;12;15;18;52;28;71;28;34;42;85;42;19;43;52;0;1;1;3;2;4;8;8;10;9;12;3;52;10;63;10;41;12;89;12;15;18;52;32;70;32;34;42;85;42;19;43;52;0;1;1;3;2;4;5;5;10;9;12;3;52;10;63;10;41;12;89;12;15;18;52;23;82;23;22;42;85;42;19;43;52;1;1;1;1;4;2;1;1;1;3;5;2;0;0;0;0;0;0;0;0;0;0;0;0;1;1;3;2;4;5;5;10;9;12;3;52;10;63;10;41;12;89;12;15;18;52;23;73;23;31;42;85;42;19;43;52;0;1;1;3;2;4;8;8;10;9;12;3;52;10;63;10;41;12;89;12;15;18;52;32;70;32;34;42;85;42;19;43;52;0;1;1;3;2;4;4;4;7;6;12;3;52;10;63;10;41;12;89;12;15;18;52;23;71;23;33;32;85;32;18;43;52;1;1;1;1;1;2;1;1;1;1;1;2;0;0;0;0;0;0;0;0;0;0;0;0;1;1;3;2;4;5;5;10;9;12;3;52;10;63;10;41;12;89;12;15;18;52;28;71;28;34;42;85;42;19;43;52;0;1;1;3;2;4;8;8;10;9;12;3;52;10;63;10;41;12;89;12;15;18;52;32;70;32;34;42;85;42;19;43;52;0;1;1;3;2;4;5;5;10;9;12;3;52;10;63;10;41;12;89;12;15;18;52;23;82;23;22;42;85;42;19;43;52;1;1;1;1;4;2;1;1;1;3;5;2;0;0;0;0;0;0;0;0;0;0;0;0;3;4;6;16;7;12;8;13;14;18;1;2;5;9;11;10;15;20;17;19;21;22;23;24;25;26;27;28;29;30;31;32;33;34;35;36;37;38;39;7;12;12;12;12;12;8;255;255;255;0;0;0;0;0;0;0
5269;0;1;1;3;2;4;4;7;6;12;12;3;52;10;63;10;41;12;89;12;15;20;64;20;40;30;87;30;18;43;66;43;38;0;1;1;3;2;5;5;7;6;12;12;3;52;10;63;10;41;12;89;12;15;27;64;27;39;30;87;30;18;43;66;43;38;0;1;1;3;2;4;4;7;6;12;12;3;52;10;63;10;41;12;89;12;15;20;64;20;40;30;87;30;18;43;66;43;38;1;1;0;1;3;2;0;1;1;4;2;1;0;0;0;0;0;0;0;0;0;0;0;0;1;1;1;4;4;3;2;5;12;12;3;52;10;52;10;73;10;31;18;64;18;40;15;92;15;13;26;52;43;65;43;38;0;1;1;1;4;4;7;6;5;12;12;3;52;10;52;10;73;10;31;18;64;18;40;30;86;30;18;26;52;43;65;43;38;0;1;1;1;4;4;3;2;5;12;12;3;52;10;52;10;73;10;31;18;64;18;40;13;92;13;12;26;52;43;65;43;38;1;1;0;1;6;2;0;1;1;5;7;3;0;0;0;0;0;0;0;0;0;0;0;0;1;1;3;2;4;4;7;6;12;12;3;52;10;63;10;41;12;89;12;15;20;64;20;40;30;87;30;18;43;66;43;38;0;1;1;3;2;5;5;7;6;12;12;3;52;10;63;10;41;12;89;12;15;27;64;27;39;30;87;30;18;43;66;43;38;0;1;1;3;2;4;4;7;6;12;12;3;52;10;63;10;41;12;89;12;15;20;64;20;40;30;87;30;18;43;66;43;38;1;1;0;1;3;2;0;1;1;4;2;1;0;0;0;0;0;0;0;0;0;0;0;1;2;3;18;7;11;9;17;19;22;20;0;4;5;6;8;12;10;13;14;16;15;21;23;24;25;26;27;28;29;30;31;32;33;34;35;36;37;38;39;2;9;9;9;9;9;7;255;255;255;0;0;0;0;0;0;0
5288;0;1;1;1;4;4;7;6;8;8;12;3;52;10;52;10;73;10;31;18;64;18;40;26;91;26;13;32;70;32;34;43;52;0;1;1;1;4;4;7;6;11;11;12;3;52;10;52;10;73;10;31;18;64;18;40;26;91;26;13;35;69;35;35;43;52;0;1;1;1;4;4;3;2;8;8;12;3;52;10;52;10;73;10;31;18;64;18;40;15;91;15;13;32;70;32;34;43;52;0;0;1;0;7;3;1;1;0;3;8;2;0;0;0;0;0;0;0;0;0;0;0;0;1;1;3;2;4;4;7;6;8;12;3;52;11;64;11;40;13;88;13;16;21;40;21;64;31;88;31;16;31;52;43;52;0;1;1;3;2;5;5;7;6;11;12;3;52;11;64;11;40;13;88;13;16;21;40;21;64;31;88;31;16;35;52;43;52;0;1;1;3;2;4;4;7;6;8;12;3;52;11;64;11;40;13;88;13;16;21;40;21;64;31;88;31;16;31;52;43;52;0;0;1;0;8;2;1;1;0;2;7;2;0;0;0;0;0;0;0;0;0;0;0;0;1;1;1;4;4;7;6;8;8;12;3;52;10;52;10;73;10;31;18;64;18;40;26;91;26;13;32;70;32;34;43;52;0;1;1;1;4;4;7;6;11;11;12;3;52;10;52;10;73;10;31;18;64;18;40;26;91;26;13;35;69;35;35;43;52;0;1;1;1;4;4;3;2;8;8;12;3;52;10;52;10;73;10;31;18;64;18;40;15;91;15;13;32;70;32;34;43;52;0;0;1;0;7;3;1;1;0;3;8;2;0;0;0;0;0;0;0;0;0;0;0;1;2;4;3;8;7;11;16;14;17;18;0;5;6;10;12;9;15;13;19;20;21;22;23;24;25;26;27;28;29;30;31;32;33;34;35;36;37;38;39;3;7;7;7;7;18;16;255;255;255;0;0;0;0;0;0;0
5295;0;1;1;3;2;5;5;7;6;8;12;3;52;10;63;10;41;12;89;12;15;23;64;23;39;30;86;30;18;32;52;43;52;0;1;1;3;2;8;8;7;6;8;12;3;52;10;63;10;41;12;89;12;15;26;68;26;35;30;86;30;18;32;52;43;52;0;1;1;3;2;5;5;8;8;8;12;3;52;10;63;10;41;12;89;12;15;23;64;23;39;30;81;30;23;32;52;43;52;0;0;1;1;3;3;1;0;1;7;5;2;0;0;0;0;0;0;0;0;0;0;0;0;1;1;1;4;4;3;2;8;8;12;3;52;10;52;10;73;10;31;22;65;22;39;13;94;13;10;33;77;33;26;43;52;0;1;1;1;4;4;3;2;10;9;12;3;52;10;52;10;73;10;31;22;65;22;39;13;94;13;10;36;86;36;17;43;52;0;1;1;1;4;4;3;2;8;8;12;3;52;10;52;10;73;10;31;22;65;22;39;13;94;13;10;33;77;33;26;43;52;0;0;1;1;5;2;1;0;1;3;7;2;0;0;0;0;0;0;0;0;0;0;0;0;1;1;3;2;5;5;7;6;8;12;3;52;10;63;10;41;12;89;12;15;23;64;23;39;30;86;30;18;32;52;43;52;0;1;1;3;2;8;8;7;6;8;12;3;52;10;63;10;41;12;89;12;15;26;68;26;35;30;86;30;18;32;52;43;52;0;1;1;3;2;5;5;8;8;8;12;3;52;10;63;10;41;12;89;12;15;23;64;23;39;30;81;30;23;32;52;43;52;0;0;1;1;3;3;1;0;1;7;5;2;0;0;0;0;0;0;0;0;0;0;0;0;3;5;11;9;14;15;19;18;20;23;1;4;6;7;10;12;16;17;21;22;24;25;2;8;13;26;27;28;29;30;31;32;33;34;35;36;37;38;39;5;9;9;9;9;9;18;255;255;255;0;0;0;0;0;0;0
5296;0;1;1;3;2;4;5;10;9;8;12;3;52;11;64;11;40;13;88;13;16;19;64;19;40;36;91;36;13;31;52;43;52;0;1;1;3;2;5;5;10;9;8;12;3;52;11;64;11;40;13;88;13;16;19;64;19;40;36;91;36;13;31;52;43;52;0;1;1;3;2;4;4;7;6;8;12;3;52;11;64;11;40;13;88;13;16;19;64;19;40;31;93;31;11;31;52;43;52;0;0;0;1;7;3;1;0;0;1;7;2;0;0;0;0;0;0;0;0;0;0;0;0;1;1;3;2;4;4;7;6;8;12;3;52;11;64;11;40;13;88;13;16;19;64;19;40;31;88;31;16;33;52;43;52;0;1;1;3;2;4;4;10;9;8;12;3;52;11;64;11;40;13;88;13;16;19;64;19;40;35;94;35;10;33;52;43;52;0;1;1;3;2;4;4;7;6;5;12;3;52;11;64;11;40;13;88;13;16;19;64;19;40;31;88;31;16;33;52;43;52;0;0;0;1;8;2;1;0;0;1;8;3;0;0;0;0;0;0;0;0;0;0;0;0;1;1;3;2;4;5;10;9;8;12;3;52;11;64;11;40;13;88;13;16;19;64;19;40;36;91;36;13;31;52;43;52;0;1;1;3;2;5;5;10;9;8;12;3;52;11;64;11;40;13;88;13;16;19;64;19;40;36;91;36;13;31;52;43;52;0;1;1;3;2;4;4;7;6;8;12;3;52;11;64;11;40;13;88;13;16;19;64;19;40;31;93;31;11;31;52;43;52;0;0;0;1;7;3;1;0;0;1;7;2;0;0;0;0;0;0;0;0;0;0;0;1;3;2;9;7;12;13;23;19;16;27;0;4;5;8;10;15;17;18;20;21;25;26;6;11;14;22;24;28;29;30;31;32;33;34;35;36;37;38;39;1;9;9;9;9;9;7;255;255;255;0;0;0;0;0;0;0
5300;0;1;1;1;3;2;4;4;8;8;12;3;52;10;52;10;73;10;31;15;89;15;15;20;64;20;40;34;80;34;25;43;52;0;1;1;1;3;2;4;4;10;9;12;3;52;10;52;10;73;10;31;15;89;15;15;20;64;20;40;35;84;35;20;43;52;0;1;1;1;3;2;4;4;8;8;12;3;52;10;52;10;73;10;31;15;89;15;15;20;64;20;40;34;80;34;25;43;52;0;1;1;1;3;2;1;1;1;6;3;2;0;0;0;0;0;0;0;0;0;0;0;0;1;1;1;3;2;5;5;8;8;12;3;52;10;52;10;73;10;31;15;89;15;15;20;64;20;40;34;78;34;25;43;52;0;1;1;1;3;2;5;5;10;9;12;3;52;10;52;10;73;10;31;15;89;15;15;20;64;20;40;35;87;35;16;43;52;0;1;1;1;3;2;5;5;8;8;12;3;52;10;52;10;73;10;31;15;89;15;15;20;64;20;40;34;78;34;25;43;52;1;0;0;1;4;2;1;1;0;10;4;2;0;0;0;0;0;0;0;0;0;0;0;0;1;1;1;3;2;4;4;8;8;12;3;52;10;52;10;73;10;31;15;89;15;15;20;64;20;40;34;80;34;25;43;52;0;1;1;1;3;2;4;4;10;9;12;3;52;10;52;10;73;10;31;15;89;15;15;20;64;20;40;35;84;35;20;43;52;0;1;1;1;3;2;4;4;8;8;12;3;52;10;52;10;73;10;31;15;89;15;15;20;64;20;40;34;80;34;25;43;52;0;1;1;1;3;2;1;1;1;6;3;2;0;0;0;0;0;0;0;0;0;0;0;0;5;4;2;9;7;14;13;19;18;25;1;3;6;10;11;12;15;16;17;20;22;26;8;21;23;24;27;28;29;30;31;32;33;34;35;36;37;38;39;2;9;9;9;9;9;2;255;255;255;0;0;0;0;0;0;0
5301;0;1;1;1;7;6;4;4;8;12;12;3;52;10;52;10;73;10;31;27;89;27;15;20;64;20;40;32;52;43;65;43;38;0;1;1;1;7;6;5;5;8;12;12;3;52;10;52;10;73;10;31;27;89;27;15;20;64;20;40;32;52;43;65;43;38;0;1;1;1;3;2;4;4;5;12;12;3;52;10;52;10;73;10;31;15;88;15;15;20;64;20;40;26;52;43;65;43;38;0;1;1;0;7;2;1;0;0;2;4;2;0;0;0;0;0;0;0;0;0;0;0;0;1;1;1;3;2;4;4;8;12;12;3;52;10;52;10;73;10;31;14;90;14;14;20;64;20;40;32;52;43;65;43;38;0;1;1;1;7;6;5;5;8;12;12;3;52;10;52;10;73;10;31;20;91;20;13;20;64;20;40;32;52;43;65;43;38;0;1;1;1;3;2;4;4;8;12;12;3;52;10;52;10;73;10;31;14;91;14;13;20;64;20;40;32;52;43;65;43;38;0;1;1;1;5;2;1;0;0;2;2;2;0;0;0;0;0;0;0;0;0;0;0;0;1;1;1;7;6;4;4;8;12;12;3;52;10;52;10;73;10;31;27;89;27;15;20;64;20;40;32;52;43;65;43;38;0;1;1;1;7;6;5;5;8;12;12;3;52;10;52;10;73;10;31;27;89;27;15;20;64;20;40;32;52;43;65;43;38;0;1;1;1;3;2;4;4;5;12;12;3;52;10;52;10;73;10;31;15;88;15;15;20;64;20;40;26;52;43;65;43;38;0;1;1;0;7;2;1;0;0;2;4;2;0;0;0;0;0;0;0;0;0;0;0;1;3;7;5;17;19;16;12;18;21;26;0;4;6;10;11;13;14;15;20;22;25;27;2;8;9;28;23;24;29;30;31;32;33;34;35;36;37;38;39;3;18;12;18;18;18;3;255;255;255;0;0;0;0;0;0;0
5317;0;1;1;3;2;4;4;7;6;12;12;3;52;10;63;10;41;12;89;12;15;20;64;20;40;30;87;30;18;43;66;43;38;0;1;1;3;2;5;5;7;6;12;12;3;52;10;63;10;41;12;89;12;15;24;67;24;37;34;89;34;15;43;66;43;38;0;1;1;3;2;4;4;7;6;11;12;3;52;10;63;10;41;12;89;12;15;20;64;20;40;30;87;30;18;39;65;43;38;0;0;1;0;3;3;1;0;1;2;4;2;0;0;0;0;0;0;0;0;0;0;0;0;1;1;3;2;4;4;5;7;6;12;3;52;10;63;10;41;12;89;12;15;20;64;20;40;27;52;29;91;29;13;41;52;0;1;1;3;2;5;5;11;7;6;12;3;52;10;63;10;41;12;89;12;15;20;64;20;40;35;53;29;91;29;13;41;52;0;1;1;3;2;4;4;5;7;6;12;3;52;10;63;10;41;12;89;12;15;20;64;20;40;27;52;29;91;29;13;41;52;0;0;1;0;4;2;1;0;1;3;5;3;0;0;0;0;0;0;0;0;0;0;0;0;1;1;3;2;4;4;7;6;12;12;3;52;10;63;10;41;12;89;12;15;20;64;20;40;30;87;30;18;43;66;43;38;0;1;1;3;2;5;5;7;6;12;12;3;52;10;63;10;41;12;89;12;15;24;67;24;37;34;89;34;15;43;66;43;38;0;1;1;3;2;4;4;7;6;11;12;3;52;10;63;10;41;12;89;12;15;20;64;20;40;30;87;30;18;39;65;43;38;0;0;1;0;3;3;1;0;1;2;4;2;0;0;0;0;0;0;0;0;0;0;0;1;5;3;10;9;12;11;14;15;25;22;2;4;6;7;8;16;13;19;17;21;23;24;0;18;20;26;27;28;29;30;31;32;33;34;35;36;37;38;39;25;9;9;9;9;9;15;255;255;255;0;0;0;0;0;0;0
5319;0;1;1;3;2;4;4;8;7;6;12;3;52;10;63;10;41;12;89;12;15;21;70;21;33;28;51;34;91;34;13;43;52;0;1;1;3;2;5;5;8;10;9;12;3;52;10;63;10;41;12;89;12;15;21;70;21;33;28;51;36;89;36;16;43;52;0;1;1;3;2;4;4;8;8;8;12;3;52;10;63;10;41;12;89;12;15;21;70;21;33;28;51;34;79;34;23;43;52;0;0;0;0;4;3;1;0;1;5;7;2;0;0;0;0;0;0;0;0;0;0;0;0;1;1;3;2;4;5;5;7;6;12;3;52;10;63;10;41;12;89;12;15;18;52;27;71;27;33;34;94;34;10;43;52;0;1;1;3;2;4;5;5;10;9;12;3;52;10;63;10;41;12;89;12;15;18;52;27;71;27;33;36;88;36;16;43;52;0;1;1;3;2;4;5;5;7;6;12;3;52;10;63;10;41;12;89;12;15;18;52;27;71;27;33;34;94;34;10;43;52;0;0;0;0;5;2;1;0;1;4;8;2;0;0;0;0;0;0;0;0;0;0;0;0;1;1;3;2;4;4;8;7;6;12;3;52;10;63;10;41;12;89;12;15;21;70;21;33;28;51;34;91;34;13;43;52;0;1;1;3;2;5;5;8;10;9;12;3;52;10;63;10;41;12;89;12;15;21;70;21;33;28;51;36;89;36;16;43;52;0;1;1;3;2;4;4;8;8;8;12;3;52;10;63;10;41;12;89;12;15;21;70;21;33;28;51;34;79;34;23;43;52;0;0;0;0;4;3;1;0;1;5;7;2;0;0;0;0;0;0;0;0;0;0;0;0;4;3;7;6;10;9;13;21;15;24;1;5;8;11;12;17;14;18;19;22;25;26;2;16;20;23;27;28;29;30;31;32;33;34;35;36;37;38;39;4;9;9;9;9;9;6;255;255;255;0;0;0;0;0;0;0
5325;0;1;1;3;2;4;4;7;6;12;12;3;52;10;63;10;41;12;89;12;15;20;64;20;40;30;87;30;18;43;66;43;38;0;1;1;3;2;5;5;7;6;12;12;3;52;10;63;10;41;12;89;12;15;24;66;24;37;30;87;30;18;43;66;43;38;0;1;1;3;2;4;4;7;6;12;12;3;52;10;63;10;41;12;89;12;15;20;64;20;40;30;87;30;18;43;66;43;38;0;0;0;0;8;3;1;0;0;3;8;2;0;0;0;0;0;0;0;0;0;0;0;0;1;1;3;2;4;4;5;7;6;12;3;52;10;63;10;41;12;89;12;15;18;64;18;40;32;52;32;90;31;13;43;52;0;1;1;3;2;5;5;11;7;6;12;3;52;10;63;10;41;12;89;12;15;18;64;18;40;35;53;32;90;31;13;43;52;0;1;1;3;2;4;4;5;7;6;12;3;52;10;63;10;41;12;89;12;15;18;64;18;40;32;52;32;90;31;13;43;52;0;0;0;0;6;2;1;0;0;2;6;3;0;0;0;0;0;0;0;0;0;0;0;0;1;1;3;2;4;4;7;6;12;12;3;52;10;63;10;41;12;89;12;15;20;64;20;40;30;87;30;18;43;66;43;38;0;1;1;3;2;5;5;7;6;12;12;3;52;10;63;10;41;12;89;12;15;24;66;24;37;30;87;30;18;43;66;43;38;0;1;1;3;2;4;4;7;6;12;12;3;52;10;63;10;41;12;89;12;15;20;64;20;40;30;87;30;18;43;66;43;38;0;0;0;0;8;3;1;0;0;3;8;2;0;0;0;0;0;0;0;0;0;0;0;1;3;5;8;6;19;9;10;13;18;7;0;2;4;11;12;14;15;16;17;20;21;22;23;24;25;26;27;28;29;30;31;32;33;34;35;36;37;38;39;6;9;9;9;9;9;8;255;255;255;0;0;0;0;0;0;0
5354;0;1;1;3;2;5;5;8;10;9;12;3;52;11;64;11;40;13;88;13;16;21;64;21;40;28;52;39;91;39;14;42;52;0;1;1;3;2;5;5;8;10;9;12;3;52;11;64;11;40;13;88;13;16;21;64;21;40;32;51;41;89;41;15;42;52;0;1;1;3;2;4;4;8;7;6;12;3;52;11;64;11;40;13;88;13;16;21;64;21;40;28;52;34;89;34;16;42;52;0;0;1;0;4;3;1;1;1;3;5;2;0;0;0;0;0;0;0;0;0;0;0;0;1;1;3;2;4;4;8;7;6;12;3;52;11;64;11;40;13;88;13;16;21;64;21;41;33;52;28;92;28;11;41;52;0;1;1;3;2;5;5;8;10;9;12;3;52;11;64;11;40;13;88;13;16;21;64;21;41;31;52;35;94;35;10;41;52;0;1;1;3;2;4;4;8;7;6;12;3;52;11;64;11;40;13;88;13;16;21;64;21;41;33;52;28;92;28;11;41;52;0;0;1;0;5;2;1;0;1;1;6;3;0;0;0;0;0;0;0;0;0;0;0;0;1;1;3;2;5;5;8;10;9;12;3;52;11;64;11;40;13;88;13;16;21;64;21;40;28;52;39;91;39;14;42;52;0;1;1;3;2;5;5;8;10;9;12;3;52;11;64;11;40;13;88;13;16;21;64;21;40;32;51;41;89;41;15;42;52;0;1;1;3;2;4;4;8;7;6;12;3;52;11;64;11;40;13;88;13;16;21;64;21;40;28;52;34;89;34;16;42;52;0;0;1;0;4;3;1;1;1;3;5;2;0;0;0;0;0;0;0;0;0;0;0;0;4;6;10;9;13;16;14;20;17;23;1;3;5;7;8;11;12;15;18;19;21;22;2;24;25;26;27;28;29;30;31;32;33;34;35;36;37;38;39;9;9;9;9;9;9;13;255;255;255;0;0;0;0;0;0;0
5356;0;1;1;3;2;4;5;5;8;12;12;3;52;10;63;10;41;12;89;12;15;18;52;27;78;27;25;32;52;43;66;43;38;0;1;1;3;2;4;8;8;8;12;12;3;52;10;63;10;41;12;89;12;15;18;52;32;78;32;26;32;52;43;66;43;38;0;1;1;3;2;4;5;5;5;11;12;3;52;10;63;10;41;12;89;12;15;18;52;27;78;27;25;29;51;37;67;43;38;0;1;1;0;9;3;0;1;1;8;7;2;0;0;0;0;0;0;0;0;0;0;0;0;1;1;3;2;4;4;4;7;6;12;3;52;11;64;11;40;13;88;13;16;18;51;23;67;23;36;28;92;28;12;42;52;0;1;1;3;2;4;5;5;10;9;12;3;52;11;64;11;40;13;88;13;16;18;51;23;67;23;36;35;93;35;10;42;52;0;1;1;3;2;4;4;4;7;6;12;3;52;11;64;11;40;13;88;13;16;18;51;23;67;23;36;28;92;28;12;42;52;0;1;1;0;7;2;1;1;1;6;8;2;0;0;0;0;0;0;0;0;0;0;0;0;1;1;3;2;4;5;5;8;12;12;3;52;10;63;10;41;12;89;12;15;18;52;27;78;27;25;32;52;43;66;43;38;0;1;1;3;2;4;8;8;8;12;12;3;52;10;63;10;41;12;89;12;15;18;52;32;78;32;26;32;52;43;66;43;38;0;1;1;3;2;4;5;5;5;11;12;3;52;10;63;10;41;12;89;12;15;18;52;27;78;27;25;29;51;37;67;43;38;0;1;1;0;9;3;0;1;1;8;7;2;0;0;0;0;0;0;0;0;0;0;0;1;3;2;9;7;12;13;15;16;23;22;0;4;5;6;8;11;14;17;25;18;19;24;10;21;20;26;27;28;29;30;31;32;33;34;35;36;37;38;39;9;9;9;9;9;9;7;255;255;255;0;0;0;0;0;0;0
5361;0;1;1;3;2;4;5;5;10;9;12;3;52;10;63;10;41;12;89;12;15;18;52;24;71;24;33;36;90;36;14;43;52;0;1;1;3;2;4;5;5;10;9;12;3;52;10;63;10;41;12;89;12;15;18;52;28;68;28;36;36;90;36;14;43;52;0;1;1;3;2;4;5;5;8;8;12;3;52;10;63;10;41;12;89;12;15;18;52;24;71;24;33;34;80;34;24;43;52;1;1;0;1;5;3;0;1;1;3;3;2;0;0;0;0;0;0;0;0;0;0;0;0;1;1;3;2;4;5;5;8;11;12;3;52;10;63;10;41;12;89;12;15;18;52;24;76;24;27;30;52;39;64;42;39;0;1;1;3;2;4;7;6;8;12;12;3;52;10;63;10;41;12;89;12;15;18;52;31;88;31;16;30;52;42;66;42;39;0;1;1;3;2;4;5;5;8;11;12;3;52;10;63;10;41;12;89;12;15;18;52;24;76;24;27;30;52;39;64;42;39;1;1;0;1;3;2;0;1;1;6;5;2;0;0;0;0;0;0;0;0;0;0;0;0;1;1;3;2;4;5;5;10;9;12;3;52;10;63;10;41;12;89;12;15;18;52;24;71;24;33;36;90;36;14;43;52;0;1;1;3;2;4;5;5;10;9;12;3;52;10;63;10;41;12;89;12;15;18;52;28;68;28;36;36;90;36;14;43;52;0;1;1;3;2;4;5;5;8;8;12;3;52;10;63;10;41;12;89;12;15;18;52;24;71;24;33;34;80;34;24;43;52;1;1;0;1;5;3;0;1;1;3;3;2;0;0;0;0;0;0;0;0;0;0;0;1;6;5;12;9;14;20;18;30;31;32;0;4;15;10;13;19;23;25;26;24;29;33;2;3;7;8;11;16;17;21;22;27;28;34;35;36;37;38;39;20;9;9;9;9;9;20;255;255;255;0;0;0;0;0;0;0
5366;0;1;1;1;3;2;4;5;5;12;12;3;52;10;52;10;73;10;31;15;89;15;15;21;52;30;68;30;36;43;67;43;38;0;1;1;1;7;6;4;8;8;12;12;3;52;10;52;10;73;10;31;17;87;17;17;21;52;34;74;34;31;43;67;43;38;0;1;1;1;3;2;4;5;5;11;12;3;52;10;52;10;73;10;31;15;89;15;15;21;52;30;68;30;36;38;67;43;38;1;1;1;0;5;3;1;1;1;1;5;2;0;0;0;0;0;0;0;0;0;0;0;0;1;1;1;3;2;4;4;8;12;12;3;52;10;52;10;73;10;31;15;89;15;15;20;64;20;40;32;52;43;66;43;38;0;1;1;1;3;2;5;5;11;12;12;3;52;10;52;10;73;10;31;15;89;15;15;20;64;20;40;35;52;43;66;43;38;0;1;1;1;3;2;4;4;8;12;12;3;52;10;52;10;73;10;31;15;89;15;15;20;64;20;40;32;52;43;66;43;38;1;1;1;0;6;1;1;1;1;4;6;2;0;0;0;0;0;0;0;0;0;0;0;0;1;1;1;3;2;4;5;5;12;12;3;52;10;52;10;73;10;31;15;89;15;15;21;52;30;68;30;36;43;67;43;38;0;1;1;1;7;6;4;8;8;12;12;3;52;10;52;10;73;10;31;17;87;17;17;21;52;34;74;34;31;43;67;43;38;0;1;1;1;3;2;4;5;5;11;12;3;52;10;52;10;73;10;31;15;89;15;15;21;52;30;68;30;36;38;67;43;38;1;1;1;0;5;3;1;1;1;1;5;2;0;0;0;0;0;0;0;0;0;0;0;0;4;3;2;10;7;14;15;19;25;28;1;5;6;8;9;11;13;17;18;20;26;27;31;32;33;12;16;24;21;22;23;29;30;34;35;36;37;38;39;4;15;15;10;10;28;10;255;255;255;0;0;0;0;0;0;0
5370;0;1;1;3;2;4;4;5;10;9;12;3;52;10;63;10;41;12;89;12;15;18;64;18;40;29;52;36;86;36;18;43;52;0;1;1;3;2;5;5;8;10;9;12;3;52;10;63;10;41;12;89;12;15;26;74;26;29;34;52;36;86;36;18;43;52;0;1;1;3;2;4;4;5;7;6;12;3;52;10;63;10;41;12;89;12;15;18;64;18;40;32;52;32;94;32;10;43;52;0;0;1;0;5;2;0;0;0;7;5;2;0;0;0;0;0;0;0;0;0;0;0;0;1;1;3;2;4;4;5;10;9;12;3;52;10;63;10;41;12;89;12;15;18;64;18;40;32;52;36;86;36;18;43;52;0;1;1;3;2;5;5;8;10;9;12;3;52;10;63;10;41;12;89;12;15;18;64;18;40;32;52;36;86;36;18;43;52;0;1;1;3;2;4;4;5;7;6;12;3;52;10;63;10;41;12;89;12;15;18;64;18;40;32;52;33;91;33;13;43;52;0;0;1;0;6;2;0;0;0;6;6;3;0;0;0;0;0;0;0;0;0;0;0;0;1;1;3;2;4;4;5;10;9;12;3;52;10;63;10;41;12;89;12;15;18;64;18;40;29;52;36;86;36;18;43;52;0;1;1;3;2;5;5;8;10;9;12;3;52;10;63;10;41;12;89;12;15;26;74;26;29;34;52;36;86;36;18;43;52;0;1;1;3;2;4;4;5;7;6;12;3;52;10;63;10;41;12;89;12;15;18;64;18;40;32;52;32;94;32;10;43;52;0;0;1;0;5;2;0;0;0;7;5;2;0;0;0;0;0;0;0;0;0;0;0;0;4;5;9;7;13;12;16;21;20;23;1;3;6;10;11;26;14;15;19;22;24;25;2;8;18;17;27;28;29;30;31;32;33;34;35;36;37;38;39;9;9;9;9;9;9;20;255;255;255;0;0;0;0;0;0;0
5371;0;1;1;3;2;4;4;7;6;12;12;3;52;10;63;10;41;12;89;12;15;20;64;20;40;32;86;32;17;43;68;43;38;0;1;1;3;2;5;5;7;6;12;12;3;52;10;63;10;41;12;89;12;15;24;67;24;37;34;89;34;16;43;68;43;38;0;1;1;3;2;4;4;8;8;12;12;3;52;10;63;10;41;12;89;12;15;20;64;20;40;30;80;30;26;43;68;43;38;1;1;0;0;3;3;1;0;1;3;5;2;0;0;0;0;0;0;0;0;0;0;0;0;1;1;3;2;4;4;7;6;8;12;3;52;10;63;10;41;12;89;12;15;18;64;18;40;30;86;30;18;32;52;43;52;0;1;1;3;2;5;5;7;6;11;12;3;52;10;63;10;41;12;89;12;15;18;64;18;40;30;86;30;18;35;52;43;52;0;1;1;3;2;4;4;7;6;8;12;3;52;10;63;10;41;12;89;12;15;18;64;18;40;30;86;30;18;32;52;43;52;1;1;0;0;2;2;1;0;1;3;3;2;0;0;0;0;0;0;0;0;0;0;0;0;1;1;3;2;4;4;7;6;12;12;3;52;10;63;10;41;12;89;12;15;20;64;20;40;32;86;32;17;43;68;43;38;0;1;1;3;2;5;5;7;6;12;12;3;52;10;63;10;41;12;89;12;15;24;67;24;37;34;89;34;16;43;68;43;38;0;1;1;3;2;4;4;8;8;12;12;3;52;10;63;10;41;12;89;12;15;20;64;20;40;30;80;30;26;43;68;43;38;1;1;0;0;3;3;1;0;1;3;5;2;0;0;0;0;0;0;0;0;0;0;0;0;5;4;8;6;3;12;18;17;23;24;1;11;7;9;13;10;14;27;21;22;25;26;2;15;16;19;20;28;29;30;31;32;33;34;35;36;37;38;39;8;18;12;18;18;18;12;255;255;255;0;0;0;0;0;0;0
5373;0;1;1;3;2;4;5;5;10;9;12;3;52;11;64;11;40;13;88;13;16;19;52;25;68;25;36;39;84;39;20;43;52;0;1;1;3;2;4;5;5;10;9;12;3;52;11;64;11;40;13;88;13;16;19;52;25;68;25;36;39;84;39;20;43;52;0;1;1;3;2;4;5;5;7;6;12;3;52;11;64;11;40;13;88;13;16;19;52;25;68;25;36;34;87;34;17;43;52;0;0;1;0;7;3;1;1;0;4;5;2;0;0;0;0;0;0;0;0;0;0;0;0;1;1;3;2;4;5;5;7;6;12;3;52;11;64;11;40;13;88;13;16;19;52;25;68;25;36;29;92;28;11;43;52;0;1;1;3;2;4;5;5;10;9;12;3;52;11;64;11;40;13;88;13;16;19;52;25;68;25;36;35;94;35;10;43;52;0;1;1;3;2;4;4;4;7;6;12;3;52;11;64;11;40;13;88;13;16;19;52;25;68;25;36;29;92;28;11;43;52;0;0;1;0;4;2;1;1;0;3;6;2;0;0;0;0;0;0;0;0;0;0;0;0;1;1;3;2;4;5;5;10;9;12;3;52;11;64;11;40;13;88;13;16;19;52;25;68;25;36;39;84;39;20;43;52;0;1;1;3;2;4;5;5;10;9;12;3;52;11;64;11;40;13;88;13;16;19;52;25;68;25;36;39;84;39;20;43;52;0;1;1;3;2;4;5;5;7;6;12;3;52;11;64;11;40;13;88;13;16;19;52;25;68;25;36;34;87;34;17;43;52;0;0;1;0;7;3;1;1;0;4;5;2;0;0;0;0;0;0;0;0;0;0;0;0;4;5;9;8;13;17;16;20;18;24;1;3;6;7;10;11;12;15;19;21;22;23;2;14;25;26;27;28;29;30;31;32;33;34;35;36;37;38;39;5;9;9;9;9;9;16;255;255;255;0;0;0;0;0;0;0
5376;0;1;1;3;2;4;5;5;10;9;12;3;52;10;63;10;41;12;89;12;15;18;52;27;76;27;28;37;85;37;18;43;52;0;1;1;3;2;4;8;8;10;9;12;3;52;10;63;10;41;12;89;12;15;18;52;27;76;27;28;37;85;37;18;43;52;0;1;1;3;2;4;5;5;7;6;12;3;52;10;63;10;41;12;89;12;15;18;52;27;76;27;28;34;94;34;10;43;52;1;0;1;0;7;2;1;1;1;5;4;2;0;0;0;0;0;0;0;0;0;0;0;0;1;1;3;2;4;4;5;7;6;12;3;52;10;63;10;41;12;89;12;15;18;64;18;40;27;52;33;91;33;13;43;52;0;1;1;3;2;4;4;5;10;9;12;3;52;10;63;10;41;12;89;12;15;18;64;18;40;26;52;42;85;42;19;43;52;0;1;1;3;2;4;4;5;7;6;12;3;52;10;63;10;41;12;89;12;15;18;64;18;40;27;52;31;93;31;11;43;52;1;0;1;0;3;2;1;1;0;2;7;2;0;0;0;0;0;0;0;0;0;0;0;0;1;1;3;2;4;5;5;10;9;12;3;52;10;63;10;41;12;89;12;15;18;52;27;76;27;28;37;85;37;18;43;52;0;1;1;3;2;4;8;8;10;9;12;3;52;10;63;10;41;12;89;12;15;18;52;27;76;27;28;37;85;37;18;43;52;0;1;1;3;2;4;5;5;7;6;12;3;52;10;63;10;41;12;89;12;15;18;52;27;76;27;28;34;94;34;10;43;52;1;0;1;0;7;2;1;1;1;5;4;2;0;0;0;0;0;0;0;0;0;0;0;0;10;5;8;7;13;19;15;20;17;22;1;2;3;6;9;11;12;18;16;21;24;25;4;14;23;26;27;28;29;30;31;32;33;34;35;36;37;38;39;5;19;0;15;15;19;5;255;255;255;0;0;0;0;0;0;0
5433;0;1;1;3;2;5;5;8;10;9;12;3;52;11;64;11;40;13;88;13;16;20;64;20;39;28;52;35;84;35;20;43;52;0;1;1;3;2;5;5;8;10;9;12;3;52;11;64;11;40;13;88;13;16;20;64;20;39;28;52;35;84;35;20;43;52;0;1;1;3;2;4;4;5;8;8;12;3;52;11;64;11;40;13;88;13;16;20;64;20;39;28;52;33;80;33;24;43;52;0;0;1;0;9;2;1;0;0;5;8;2;0;0;0;0;0;0;0;0;0;0;0;0;1;1;3;2;4;5;5;10;9;12;3;52;11;64;11;40;13;88;13;16;19;52;25;68;25;36;35;84;35;20;43;52;0;1;1;3;2;4;5;5;10;9;12;3;52;11;64;11;40;13;88;13;16;19;52;25;68;25;36;35;84;35;20;43;52;0;1;1;3;2;4;5;5;10;9;12;3;52;11;64;11;40;13;88;13;16;19;52;25;68;25;36;35;84;35;20;43;52;0;0;1;0;9;2;1;0;0;4;7;2;0;0;0;0;0;0;0;0;0;0;0;0;1;1;3;2;5;5;8;10;9;12;3;52;11;64;11;40;13;88;13;16;20;64;20;39;28;52;35;84;35;20;43;52;0;1;1;3;2;5;5;8;10;9;12;3;52;11;64;11;40;13;88;13;16;20;64;20;39;28;52;35;84;35;20;43;52;0;1;1;3;2;4;4;5;8;8;12;3;52;11;64;11;40;13;88;13;16;20;64;20;39;28;52;33;80;33;24;43;52;0;0;1;0;9;2;1;0;0;5;8;2;0;0;0;0;0;0;0;0;0;0;0;0;2;3;11;5;13;12;14;16;22;19;1;4;9;7;8;15;17;6;10;18;20;21;23;24;25;26;27;28;29;30;31;32;33;34;35;36;37;38;39;19;14;5;14;14;14;5;255;255;255;0;0;0;0;0;0;0
5439;0;1;1;3;2;4;5;5;7;6;12;3;52;11;64;11;40;13;88;13;16;21;52;25;72;25;32;29;88;29;16;41;52;0;1;1;3;2;4;8;8;7;6;12;3;52;11;64;11;40;13;88;13;16;21;52;29;69;29;34;34;89;34;16;41;52;0;1;1;3;2;4;5;5;7;6;12;3;52;11;64;11;40;13;88;13;16;21;52;25;72;25;32;29;88;29;16;41;52;0;0;1;0;7;2;1;0;1;2;1;1;0;0;0;0;0;0;0;0;0;0;0;0;1;1;3;2;4;4;5;7;6;12;3;52;11;64;11;40;13;88;13;16;20;64;20;40;27;52;29;88;29;16;41;52;0;1;1;3;2;4;4;8;7;6;12;3;52;11;64;11;40;13;88;13;16;20;64;20;40;34;52;29;88;29;16;41;52;0;1;1;3;2;4;4;5;7;6;12;3;52;11;64;11;40;13;88;13;16;20;64;20;40;27;52;29;88;29;16;41;52;0;0;1;0;8;2;1;0;1;2;3;3;0;0;0;0;0;0;0;0;0;0;0;0;1;1;3;2;4;5;5;7;6;12;3;52;11;64;11;40;13;88;13;16;21;52;25;72;25;32;29;88;29;16;41;52;0;1;1;3;2;4;8;8;7;6;12;3;52;11;64;11;40;13;88;13;16;21;52;29;69;29;34;34;89;34;16;41;52;0;1;1;3;2;4;5;5;7;6;12;3;52;11;64;11;40;13;88;13;16;21;52;25;72;25;32;29;88;29;16;41;52;0;0;1;0;7;2;1;0;1;2;1;1;0;0;0;0;0;0;0;0;0;0;0;1;3;4;12;9;15;16;13;14;19;22;0;5;6;7;8;10;11;17;20;18;21;23;2;24;25;26;27;28;29;30;31;32;33;34;35;36;37;38;39;19;9;9;9;9;9;13;255;255;255;0;0;0;0;0;0;0
5440;0;1;1;3;2;4;5;7;6;8;12;3;52;11;64;11;40;13;88;13;16;19;64;19;40;31;88;31;16;31;52;43;52;0;1;1;3;2;5;5;10;9;8;12;3;52;11;64;11;40;13;88;13;16;19;64;19;40;35;90;35;14;31;52;43;52;0;1;1;3;2;4;4;7;6;8;12;3;52;11;64;11;40;13;88;13;16;19;64;19;40;31;88;31;16;31;52;43;52;0;0;1;0;6;2;1;1;1;4;9;1;0;0;0;0;0;0;0;0;0;0;0;0;1;1;3;2;4;4;7;6;5;12;3;52;11;64;11;40;13;88;13;16;19;64;19;40;31;88;31;16;26;51;43;52;0;1;1;3;2;4;4;7;6;5;12;3;52;11;64;11;40;13;88;13;16;19;64;19;40;31;88;31;16;26;51;43;52;0;1;1;3;2;4;4;7;6;5;12;3;52;11;64;11;40;13;88;13;16;19;64;19;40;31;88;31;16;26;51;43;52;0;0;1;0;7;1;1;1;1;2;8;3;0;0;0;0;0;0;0;0;0;0;0;0;1;1;3;2;4;5;7;6;8;12;3;52;11;64;11;40;13;88;13;16;19;64;19;40;31;88;31;16;31;52;43;52;0;1;1;3;2;5;5;10;9;8;12;3;52;11;64;11;40;13;88;13;16;19;64;19;40;35;90;35;14;31;52;43;52;0;1;1;3;2;4;4;7;6;8;12;3;52;11;64;11;40;13;88;13;16;19;64;19;40;31;88;31;16;31;52;43;52;0;0;1;0;6;2;1;1;1;4;9;1;0;0;0;0;0;0;0;0;0;0;0;0;4;3;9;7;10;11;21;22;17;25;1;5;6;8;13;12;15;16;18;19;20;23;2;14;24;26;27;28;29;30;31;32;33;34;35;36;37;38;39;7;9;9;9;9;9;17;255;255;255;0;0;0;0;0;0;0
5454;0;1;1;3;2;5;5;8;10;9;12;3;52;10;63;10;41;12;89;12;15;22;74;22;30;32;52;38;91;38;13;43;52;0;1;1;3;2;5;5;8;10;9;12;3;52;10;63;10;41;12;89;12;15;22;74;22;30;32;52;38;91;38;13;43;52;0;1;1;3;2;4;4;5;10;9;12;3;52;10;63;10;41;12;89;12;15;20;67;20;38;29;52;35;90;35;14;43;52;0;0;0;0;4;3;1;1;1;3;6;2;0;0;0;0;0;0;0;0;0;0;0;0;1;1;3;2;4;4;8;8;11;12;3;52;10;63;10;41;12;89;12;15;20;64;20;40;29;79;29;24;35;52;43;52;0;1;1;3;2;5;5;7;6;11;12;3;52;10;63;10;41;12;89;12;15;20;64;20;40;32;88;32;15;35;52;43;52;0;1;1;3;2;4;4;8;8;8;12;3;52;10;63;10;41;12;89;12;15;20;64;20;40;29;79;29;24;34;52;43;52;0;0;0;1;5;1;1;1;1;2;7;2;0;0;0;0;0;0;0;0;0;0;0;0;1;1;3;2;5;5;8;10;9;12;3;52;10;63;10;41;12;89;12;15;22;74;22;30;32;52;38;91;38;13;43;52;0;1;1;3;2;5;5;8;10;9;12;3;52;10;63;10;41;12;89;12;15;22;74;22;30;32;52;38;91;38;13;43;52;0;1;1;3;2;4;4;5;10;9;12;3;52;10;63;10;41;12;89;12;15;20;67;20;38;29;52;35;90;35;14;43;52;0;0;0;0;4;3;1;1;1;3;6;2;0;0;0;0;0;0;0;0;0;0;0;0;7;3;10;9;16;12;21;27;24;19;1;5;6;11;13;15;20;22;29;26;30;33;2;4;8;14;17;23;25;18;28;32;31;34;35;36;37;38;39;7;9;9;9;9;9;7;255;255;255;0;0;0;0;0;0;0
5458;0;1;1;1;3;2;4;4;8;8;12;3;52;10;52;10;73;10;31;15;89;15;15;20;64;20;40;34;77;34;27;43;52;0;1;1;1;3;2;5;5;10;9;12;3;52;10;52;10;73;10;31;15;89;15;15;20;64;20;40;36;87;36;17;43;52;0;1;1;1;3;2;4;4;8;8;12;3;52;10;52;10;73;10;31;15;89;15;15;20;64;20;40;34;78;34;25;43;52;0;0;0;0;4;3;0;0;0;7;2;2;0;0;0;0;0;0;0;0;0;0;0;0;1;1;1;3;2;4;4;7;6;12;3;52;10;52;10;73;10;31;15;89;15;15;20;64;20;40;34;86;34;18;43;52;0;1;1;1;3;2;4;4;10;9;12;3;52;10;52;10;73;10;31;15;89;15;15;20;64;20;40;35;88;35;17;43;52;0;1;1;1;3;2;4;4;7;6;12;3;52;10;52;10;73;10;31;15;89;15;15;20;64;20;40;34;86;34;18;43;52;0;0;0;0;7;2;0;0;0;2;6;3;0;0;0;0;0;0;0;0;0;0;0;0;1;1;1;3;2;4;4;8;8;12;3;52;10;52;10;73;10;31;15;89;15;15;20;64;20;40;34;77;34;27;43;52;0;1;1;1;3;2;5;5;10;9;12;3;52;10;52;10;73;10;31;15;89;15;15;20;64;20;40;36;87;36;17;43;52;0;1;1;1;3;2;4;4;8;8;12;3;52;10;52;10;73;10;31;15;89;15;15;20;64;20;40;34;78;34;25;43;52;0;0;0;0;4;3;0;0;0;7;2;2;0;0;0;0;0;0;0;0;0;0;0;0;2;3;5;21;6;10;11;13;14;18;1;4;7;8;9;12;15;16;20;17;19;22;23;24;25;26;27;28;29;30;31;32;33;34;35;36;37;38;39;5;18;13;13;13;18;2;255;255;255;0;0;0;0;0;0;0
5573;0;1;1;3;2;5;5;8;8;8;12;3;52;11;64;11;40;13;88;13;16;21;64;21;40;33;77;33;26;32;51;43;52;0;1;1;3;2;5;5;11;11;8;12;3;52;11;64;11;40;13;88;13;16;21;64;21;40;36;80;36;24;32;51;43;52;0;1;1;3;2;5;5;8;8;8;12;3;52;11;64;11;40;13;88;13;16;21;64;21;40;33;77;33;26;32;51;43;52;1;1;1;0;8;2;1;0;0;4;3;1;0;0;0;0;0;0;0;0;0;0;0;0;1;1;3;2;4;5;5;8;8;12;3;52;10;63;10;41;12;89;12;15;19;52;25;67;25;37;32;79;32;25;43;52;0;1;1;3;2;4;5;5;8;8;12;3;52;10;63;10;41;12;89;12;15;19;52;25;67;25;37;32;79;32;25;43;52;0;1;1;3;2;4;5;5;8;8;12;3;52;10;63;10;41;12;89;12;15;19;52;25;67;25;37;32;79;32;25;43;52;0;1;1;0;6;1;1;0;0;3;4;2;0;0;0;0;0;0;0;0;0;0;0;0;1;1;3;2;5;5;8;8;8;12;3;52;11;64;11;40;13;88;13;16;21;64;21;40;33;77;33;26;32;51;43;52;0;1;1;3;2;5;5;11;11;8;12;3;52;11;64;11;40;13;88;13;16;21;64;21;40;36;80;36;24;32;51;43;52;0;1;1;3;2;5;5;8;8;8;12;3;52;11;64;11;40;13;88;13;16;21;64;21;40;33;77;33;26;32;51;43;52;1;1;1;0;8;2;1;0;0;4;3;1;0;0;0;0;0;0;0;0;0;0;0;0;1;2;3;4;5;6;7;8;9;10;11;12;13;14;15;16;17;18;19;20;21;22;23;24;25;26;27;28;29;30;31;32;33;34;35;36;37;38;39;0;9;9;9;9;9;4;255;255;255;0;0;0;0;0;0;0
5586;0;1;1;3;2;5;5;7;6;12;12;3;52;11;64;11;40;13;88;13;16;23;64;23;40;31;88;31;16;43;68;43;36;0;1;1;3;2;5;5;7;6;12;12;3;52;11;64;11;40;13;88;13;16;23;64;23;40;31;88;31;16;43;68;43;36;0;1;1;3;2;4;4;7;6;12;12;3;52;11;64;11;40;13;88;13;16;23;64;23;40;31;88;31;16;43;68;43;36;0;1;1;0;3;2;1;1;1;5;3;2;0;0;0;0;0;0;0;0;0;0;0;0;1;1;3;2;4;4;7;6;12;12;3;52;11;64;11;40;13;88;13;16;23;64;23;40;31;88;31;16;43;68;43;36;0;1;1;3;2;4;4;7;6;12;12;3;52;11;64;11;40;13;88;13;16;23;64;23;40;31;88;31;16;43;68;43;36;0;1;1;3;2;4;4;7;6;12;12;3;52;11;64;11;40;13;88;13;16;23;64;23;40;31;88;31;16;43;68;43;36;0;1;1;0;5;2;0;1;1;6;6;3;0;0;0;0;0;0;0;0;0;0;0;0;1;1;3;2;5;5;7;6;12;12;3;52;11;64;11;40;13;88;13;16;23;64;23;40;31;88;31;16;43;68;43;36;0;1;1;3;2;5;5;7;6;12;12;3;52;11;64;11;40;13;88;13;16;23;64;23;40;31;88;31;16;43;68;43;36;0;1;1;3;2;4;4;7;6;12;12;3;52;11;64;11;40;13;88;13;16;23;64;23;40;31;88;31;16;43;68;43;36;0;1;1;0;3;2;1;1;1;5;3;2;0;0;0;0;0;0;0;0;0;0;0;1;3;4;8;6;15;13;19;23;21;24;0;5;7;9;11;12;14;17;16;18;20;22;2;10;25;26;27;28;29;30;31;32;33;34;35;36;37;38;39;4;15;13;15;15;13;13;255;255;255;0;0;0;0;0;0;0
5633;0;1;1;1;4;4;7;6;8;8;12;3;52;10;52;10;73;10;31;18;64;18;40;26;90;26;15;32;70;32;34;43;52;0;1;1;1;4;4;10;9;8;8;12;3;52;10;52;10;73;10;31;18;64;18;40;35;94;35;10;32;70;32;34;43;52;0;1;1;1;4;4;7;6;5;5;12;3;52;10;52;10;73;10;31;18;64;18;40;29;88;29;16;29;64;29;40;43;52;0;1;1;1;4;3;0;1;1;2;8;2;0;0;0;0;0;0;0;0;0;0;0;0;1;1;1;4;4;3;2;8;8;12;3;52;10;52;10;73;10;31;18;64;18;40;15;94;15;10;32;70;32;34;43;52;0;1;1;1;4;4;7;6;11;11;12;3;52;10;52;10;73;10;31;18;64;18;40;20;94;20;10;35;71;35;33;43;52;0;1;1;1;4;4;3;2;8;8;12;3;52;10;52;10;73;10;31;18;64;18;40;14;94;14;10;32;70;32;34;43;52;0;1;1;1;7;2;0;1;0;7;2;2;0;0;0;0;0;0;0;0;0;0;0;0;1;1;1;4;4;7;6;8;8;12;3;52;10;52;10;73;10;31;18;64;18;40;26;90;26;15;32;70;32;34;43;52;0;1;1;1;4;4;10;9;8;8;12;3;52;10;52;10;73;10;31;18;64;18;40;35;94;35;10;32;70;32;34;43;52;0;1;1;1;4;4;7;6;5;5;12;3;52;10;52;10;73;10;31;18;64;18;40;29;88;29;16;29;64;29;40;43;52;0;1;1;1;4;3;0;1;1;2;8;2;0;0;0;0;0;0;0;0;0;0;0;0;4;8;5;14;13;11;18;16;19;26;3;6;7;9;10;12;15;24;21;23;25;27;1;2;20;22;17;28;29;30;31;32;33;34;35;36;37;38;39;8;26;13;11;11;18;18;255;255;255;0;0;0;0;0;0;0
5644;0;1;1;3;2;5;5;8;10;9;12;3;52;10;63;10;41;12;89;12;15;22;74;22;30;32;52;38;91;38;13;43;52;0;1;1;3;2;5;5;8;10;9;12;3;52;10;63;10;41;12;89;12;15;22;74;22;30;32;52;38;91;38;13;43;52;0;1;1;3;2;4;4;8;10;9;12;3;52;10;63;10;41;12;89;12;15;20;64;20;41;32;52;38;91;38;13;43;52;1;1;1;1;8;2;0;0;1;8;4;2;0;0;0;0;0;0;0;0;0;0;0;0;1;1;3;2;4;5;5;7;6;12;3;52;10;63;10;41;12;89;12;15;18;52;26;71;26;32;33;94;33;10;43;52;0;1;1;3;2;4;5;5;10;9;12;3;52;10;63;10;41;12;89;12;15;18;52;26;71;26;32;37;88;37;16;43;52;0;1;1;3;2;4;5;5;7;6;12;3;52;10;63;10;41;12;89;12;15;18;52;26;71;26;32;30;94;30;10;43;52;1;1;1;1;9;2;0;0;1;7;5;2;0;0;0;0;0;0;0;0;0;0;0;0;1;1;3;2;5;5;8;10;9;12;3;52;10;63;10;41;12;89;12;15;22;74;22;30;32;52;38;91;38;13;43;52;0;1;1;3;2;5;5;8;10;9;12;3;52;10;63;10;41;12;89;12;15;22;74;22;30;32;52;38;91;38;13;43;52;0;1;1;3;2;4;4;8;10;9;12;3;52;10;63;10;41;12;89;12;15;20;64;20;41;32;52;38;91;38;13;43;52;1;1;1;1;8;2;0;0;1;8;4;2;0;0;0;0;0;0;0;0;0;0;0;1;6;3;10;7;12;14;22;21;23;26;0;4;5;8;9;11;15;19;20;18;24;25;2;13;17;16;27;28;29;30;31;32;33;34;35;36;37;38;39;6;7;14;7;7;7;21;255;255;255;0;0;0;0;0;0;0
5652;0;1;1;3;2;4;4;5;10;9;12;3;52;10;63;10;41;12;89;12;15;21;68;21;36;29;52;38;91;38;13;43;52;0;1;1;3;2;4;4;8;10;9;12;3;52;10;63;10;41;12;89;12;15;21;68;21;36;32;52;38;91;38;13;43;52;0;1;1;3;2;4;4;5;7;6;12;3;52;10;63;10;41;12;89;12;15;21;68;21;36;29;52;34;91;34;13;43;52;0;0;1;0;9;2;1;0;1;3;7;2;0;0;0;0;0;0;0;0;0;0;0;0;1;1;3;2;4;4;5;7;6;12;3;52;10;63;10;41;12;89;12;15;21;68;21;36;29;52;34;90;34;15;43;52;0;1;1;3;2;4;4;8;10;9;12;3;52;10;63;10;41;12;89;12;15;21;68;21;36;31;52;35;87;35;17;43;52;0;1;1;3;2;4;4;5;7;6;12;3;52;10;63;10;41;12;89;12;15;21;68;21;36;29;52;34;90;34;15;43;52;0;0;1;0;6;1;1;1;1;2;8;3;0;0;0;0;0;0;0;0;0;0;0;0;1;1;3;2;4;4;5;10;9;12;3;52;10;63;10;41;12;89;12;15;21;68;21;36;29;52;38;91;38;13;43;52;0;1;1;3;2;4;4;8;10;9;12;3;52;10;63;10;41;12;89;12;15;21;68;21;36;32;52;38;91;38;13;43;52;0;1;1;3;2;4;4;5;7;6;12;3;52;10;63;10;41;12;89;12;15;21;68;21;36;29;52;34;91;34;13;43;52;0;0;1;0;9;2;1;0;1;3;7;2;0;0;0;0;0;0;0;0;0;0;0;0;4;3;11;9;12;13;15;23;18;27;1;5;6;7;10;14;16;17;19;22;24;20;2;8;21;25;26;28;29;30;31;32;33;34;35;36;37;38;39;3;9;9;9;9;9;18;255;255;255;0;0;0;0;0;0;0
5657;0;1;1;1;3;2;5;8;8;12;12;3;52;10;52;10;73;10;31;15;89;15;15;20;52;27;68;27;35;43;67;43;38;0;1;1;1;7;6;5;8;8;12;12;3;52;10;52;10;73;10;31;25;94;25;10;20;52;31;67;31;38;43;67;43;38;0;1;1;1;3;2;4;8;8;12;12;3;52;10;52;10;73;10;31;15;89;15;15;20;52;27;68;27;35;43;67;43;38;1;1;0;1;9;3;0;0;1;4;7;2;0;0;0;0;0;0;0;0;0;0;0;0;1;1;1;3;2;4;4;8;8;12;3;52;10;52;10;73;10;31;15;89;15;15;20;64;20;40;34;79;34;25;43;52;0;1;1;1;3;2;5;5;8;8;12;3;52;10;52;10;73;10;31;15;89;15;15;24;64;24;40;34;79;34;25;43;52;0;1;1;1;3;2;4;4;8;8;12;3;52;10;52;10;73;10;31;15;89;15;15;20;64;20;40;34;79;34;25;43;52;1;1;0;1;4;2;0;0;1;5;2;3;0;0;0;0;0;0;0;0;0;0;0;0;1;1;1;3;2;5;8;8;12;12;3;52;10;52;10;73;10;31;15;89;15;15;20;52;27;68;27;35;43;67;43;38;0;1;1;1;7;6;5;8;8;12;12;3;52;10;52;10;73;10;31;25;94;25;10;20;52;31;67;31;38;43;67;43;38;0;1;1;1;3;2;4;8;8;12;12;3;52;10;52;10;73;10;31;15;89;15;15;20;52;27;68;27;35;43;67;43;38;1;1;0;1;9;3;0;0;1;4;7;2;0;0;0;0;0;0;0;0;0;0;0;1;4;6;3;10;9;18;20;17;27;25;0;5;7;8;11;12;13;16;19;21;26;28;2;14;15;22;23;24;29;30;31;32;33;34;35;36;37;38;39;6;9;9;9;9;9;20;255;255;255;0;0;0;0;0;0;0
5685;0;1;1;1;3;2;4;4;10;9;12;3;52;10;52;10;73;10;31;15;89;15;15;21;62;21;39;35;86;35;18;43;52;0;1;1;1;7;6;5;5;10;9;12;3;52;10;52;10;73;10;31;17;89;17;15;25;65;25;39;35;86;35;18;43;52;0;1;1;1;3;2;4;4;10;9;12;3;52;10;52;10;73;10;31;15;89;15;15;21;62;21;39;35;86;35;17;43;52;0;0;0;0;8;2;1;1;1;5;7;2;0;0;0;0;0;0;0;0;0;0;0;0;1;1;1;3;2;4;4;7;6;12;3;52;10;52;10;73;10;31;15;89;15;15;20;64;20;40;34;86;34;18;43;52;0;1;1;1;3;2;4;4;10;9;12;3;52;10;52;10;73;10;31;15;89;15;15;20;64;20;40;35;86;35;18;43;52;0;1;1;1;3;2;4;4;7;6;12;3;52;10;52;10;73;10;31;15;89;15;15;20;64;20;40;34;86;34;18;43;52;0;0;0;0;6;2;1;1;1;4;8;2;0;0;0;0;0;0;0;0;0;0;0;0;1;1;1;3;2;4;4;10;9;12;3;52;10;52;10;73;10;31;15;89;15;15;21;62;21;39;35;86;35;18;43;52;0;1;1;1;7;6;5;5;10;9;12;3;52;10;52;10;73;10;31;17;89;17;15;25;65;25;39;35;86;35;18;43;52;0;1;1;1;3;2;4;4;10;9;12;3;52;10;52;10;73;10;31;15;89;15;15;21;62;21;39;35;86;35;17;43;52;0;0;0;0;8;2;1;1;1;5;7;2;0;0;0;0;0;0;0;0;0;0;0;0;7;6;4;13;11;16;15;25;21;26;1;9;10;5;14;18;20;22;23;27;28;30;2;3;12;17;19;24;8;31;29;32;33;34;35;36;37;38;39;4;25;7;25;25;25;16;255;255;255;0;0;0;0;0;0;0
5736;0;1;1;3;2;4;5;5;10;9;12;3;52;10;63;10;41;12;89;12;15;18;52;27;71;27;32;37;84;37;20;43;52;0;1;1;3;2;4;8;8;10;9;12;3;52;10;63;10;41;12;89;12;15;18;52;29;67;29;37;37;84;37;20;43;52;0;1;1;3;2;4;5;5;10;9;12;3;52;10;63;10;41;12;89;12;15;18;52;27;71;27;32;37;84;37;20;43;52;1;1;1;0;5;2;0;1;1;6;3;2;0;0;0;0;0;0;0;0;0;0;0;0;1;1;3;2;4;5;5;10;9;12;3;52;10;63;10;41;12;89;12;15;18;52;27;71;27;32;36;92;36;13;43;52;0;1;1;3;2;4;5;5;10;9;12;3;52;10;63;10;41;12;89;12;15;18;52;27;71;27;32;36;92;36;13;43;52;0;1;1;3;2;4;4;4;7;6;12;3;52;10;63;10;41;12;89;12;15;18;52;24;71;24;32;34;91;34;13;43;52;1;1;1;0;4;2;1;1;1;2;2;3;0;0;0;0;0;0;0;0;0;0;0;0;1;1;3;2;4;5;5;10;9;12;3;52;10;63;10;41;12;89;12;15;18;52;27;71;27;32;37;84;37;20;43;52;0;1;1;3;2;4;8;8;10;9;12;3;52;10;63;10;41;12;89;12;15;18;52;29;67;29;37;37;84;37;20;43;52;0;1;1;3;2;4;5;5;10;9;12;3;52;10;63;10;41;12;89;12;15;18;52;27;71;27;32;37;84;37;20;43;52;1;1;1;0;5;2;0;1;1;6;3;2;0;0;0;0;0;0;0;0;0;0;0;1;2;3;10;7;11;14;13;24;23;26;0;4;5;6;8;15;16;20;21;19;22;25;9;12;17;18;27;28;29;30;31;32;33;34;35;36;37;38;39;1;24;1;24;24;24;7;255;255;255;0;0;0;0;0;0;0
5737;0;1;1;1;3;2;4;5;5;12;12;3;52;10;52;10;73;10;31;15;89;15;15;20;52;31;67;31;37;43;66;43;38;0;1;1;1;7;6;4;5;5;12;12;3;52;10;52;10;73;10;31;27;89;27;16;20;52;31;67;31;37;43;66;43;38;0;1;1;1;3;2;4;5;5;12;12;3;52;10;52;10;73;10;31;15;89;15;15;20;52;24;77;24;27;43;66;43;38;0;0;0;1;7;2;1;1;1;3;7;2;0;0;0;0;0;0;0;0;0;0;0;0;1;1;1;3;2;4;4;5;12;12;3;52;10;52;10;73;10;31;15;89;15;15;20;64;20;40;32;52;43;66;43;38;0;1;1;1;3;2;4;5;5;12;12;3;52;10;52;10;73;10;31;15;89;15;15;20;52;31;67;31;37;43;66;43;38;0;1;1;1;3;2;4;4;5;12;12;3;52;10;52;10;73;10;31;15;89;15;15;20;64;20;40;32;52;43;66;43;38;0;0;0;1;7;1;1;1;1;7;4;3;0;0;0;0;0;0;0;0;0;0;0;0;1;1;1;3;2;4;5;5;12;12;3;52;10;52;10;73;10;31;15;89;15;15;20;52;31;67;31;37;43;66;43;38;0;1;1;1;7;6;4;5;5;12;12;3;52;10;52;10;73;10;31;27;89;27;16;20;52;31;67;31;37;43;66;43;38;0;1;1;1;3;2;4;5;5;12;12;3;52;10;52;10;73;10;31;15;89;15;15;20;52;24;77;24;27;43;66;43;38;0;0;0;1;7;2;1;1;1;3;7;2;0;0;0;0;0;0;0;0;0;0;0;0;6;4;3;8;18;10;11;15;23;20;1;5;7;9;12;13;14;16;17;24;22;25;2;26;21;19;27;28;29;30;31;32;33;34;35;36;37;38;39;11;15;11;18;18;20;20;255;255;255;0;0;0;0;0;0;0
5738;0;1;1;3;2;4;4;5;10;9;12;3;52;10;63;10;41;12;89;12;15;24;67;24;37;32;52;36;88;36;16;43;52;0;1;1;3;2;4;4;8;10;9;12;3;52;10;63;10;41;12;89;12;15;22;68;22;36;34;52;37;92;37;13;43;52;0;1;1;3;2;4;4;5;11;11;12;3;52;10;63;10;41;12;89;12;15;21;67;21;37;31;52;36;79;36;25;43;52;1;1;0;0;4;2;0;1;1;7;5;2;0;0;0;0;0;0;0;0;0;0;0;0;1;1;3;2;4;5;5;8;8;12;3;52;10;63;10;41;12;89;12;15;18;52;25;72;25;32;34;79;34;25;43;52;0;1;1;3;2;4;5;5;11;11;12;3;52;10;63;10;41;12;89;12;15;18;52;26;74;26;29;39;74;39;29;43;52;0;1;1;3;2;4;5;5;8;8;12;3;52;10;63;10;41;12;89;12;15;18;52;26;68;26;35;34;79;34;25;43;52;1;1;1;0;7;2;0;1;1;4;3;2;0;0;0;0;0;0;0;0;0;0;0;0;1;1;3;2;4;4;5;10;9;12;3;52;10;63;10;41;12;89;12;15;24;67;24;37;32;52;36;88;36;16;43;52;0;1;1;3;2;4;4;8;10;9;12;3;52;10;63;10;41;12;89;12;15;22;68;22;36;34;52;37;92;37;13;43;52;0;1;1;3;2;4;4;5;11;11;12;3;52;10;63;10;41;12;89;12;15;21;67;21;37;31;52;36;79;36;25;43;52;1;1;0;0;4;2;0;1;1;7;5;2;0;0;0;0;0;0;0;0;0;0;0;0;5;3;10;8;12;13;15;20;18;23;1;6;7;9;4;11;14;16;21;17;19;22;2;24;25;26;27;28;29;30;31;32;33;34;35;36;37;38;39;20;20;15;20;20;20;8;255;255;255;0;0;0;0;0;0;0
5739;0;1;1;3;2;5;5;7;6;12;12;3;52;10;63;10;41;12;89;12;15;22;68;22;35;34;87;34;16;43;66;43;38;0;1;1;3;2;5;5;10;9;12;12;3;52;10;63;10;41;12;89;12;15;22;68;22;35;35;89;35;15;43;66;43;38;0;1;1;3;2;4;4;7;6;12;12;3;52;10;63;10;41;12;89;12;15;22;68;22;35;34;87;34;16;43;66;43;38;1;0;1;1;3;3;1;0;1;8;4;2;0;0;0;0;0;0;0;0;0;0;0;0;1;1;3;2;4;4;7;6;12;12;3;52;10;63;10;41;12;89;12;15;22;68;22;35;34;87;34;16;43;66;43;38;0;1;1;3;2;5;5;7;6;12;12;3;52;10;63;10;41;12;89;12;15;22;68;22;35;34;87;34;16;43;66;43;38;0;1;1;3;2;4;4;7;6;12;12;3;52;10;63;10;41;12;89;12;15;22;68;22;35;34;87;34;16;43;66;43;38;1;1;1;1;7;1;1;0;0;2;4;2;0;0;0;0;0;0;0;0;0;0;0;0;1;1;3;2;5;5;7;6;12;12;3;52;10;63;10;41;12;89;12;15;22;68;22;35;34;87;34;16;43;66;43;38;0;1;1;3;2;5;5;10;9;12;12;3;52;10;63;10;41;12;89;12;15;22;68;22;35;35;89;35;15;43;66;43;38;0;1;1;3;2;4;4;7;6;12;12;3;52;10;63;10;41;12;89;12;15;22;68;22;35;34;87;34;16;43;66;43;38;1;0;1;1;3;3;1;0;1;8;4;2;0;0;0;0;0;0;0;0;0;0;0;0;5;3;13;10;17;18;21;9;26;25;1;4;6;11;12;15;16;22;23;19;20;24;2;7;8;14;27;28;29;30;31;32;33;34;35;36;37;38;39;10;9;9;9;9;9;10;255;255;255;0;0;0;0;0;0;0
5740;0;1;1;3;2;4;5;5;10;9;12;3;52;10;63;10;41;12;89;12;15;20;52;27;36;27;68;36;89;36;15;43;52;0;1;1;3;2;5;5;5;10;9;12;3;52;10;63;10;41;12;89;12;15;21;52;28;35;28;69;36;89;36;15;43;52;0;1;1;3;2;4;5;5;7;6;12;3;52;10;63;10;41;12;89;12;15;18;51;23;32;23;71;31;90;31;16;43;52;0;0;0;1;5;3;1;0;1;3;4;2;0;0;0;0;0;0;0;0;0;0;0;0;1;1;3;2;4;4;8;7;6;12;3;52;10;63;10;41;12;89;12;15;18;64;18;40;32;52;29;90;29;14;43;52;0;1;1;3;2;5;5;11;8;8;12;3;52;10;63;10;41;12;89;12;15;18;64;18;40;35;53;32;79;32;24;43;52;0;1;1;3;2;4;4;8;7;6;12;3;52;10;63;10;41;12;89;12;15;18;64;18;40;32;52;29;90;29;14;43;52;0;0;0;1;3;2;1;1;1;7;3;3;0;0;0;0;0;0;0;0;0;0;0;0;1;1;3;2;4;5;5;10;9;12;3;52;10;63;10;41;12;89;12;15;20;52;27;36;27;68;36;89;36;15;43;52;0;1;1;3;2;5;5;5;10;9;12;3;52;10;63;10;41;12;89;12;15;21;52;28;35;28;69;36;89;36;15;43;52;0;1;1;3;2;4;5;5;7;6;12;3;52;10;63;10;41;12;89;12;15;18;51;23;32;23;71;31;90;31;16;43;52;0;0;0;1;5;3;1;0;1;3;4;2;0;0;0;0;0;0;0;0;0;0;0;0;3;2;9;10;12;16;14;23;21;24;1;4;5;6;8;15;7;13;22;20;19;25;11;26;17;27;18;28;29;30;31;32;33;34;35;36;37;38;39;2;9;9;9;9;9;21;255;255;255;0;0;0;0;0;0;0
5741;0;1;1;3;2;4;5;5;10;9;12;3;52;10;63;10;41;12;89;12;15;18;52;26;71;26;33;40;94;40;10;43;52;0;1;1;3;2;4;8;8;10;9;12;3;52;10;63;10;41;12;89;12;15;23;52;33;65;33;37;40;94;40;10;43;52;0;1;1;3;2;4;5;5;7;6;12;3;52;10;63;10;41;12;89;12;15;18;52;26;71;26;33;34;89;34;16;43;52;0;1;1;1;7;3;1;0;0;2;7;2;0;0;0;0;0;0;0;0;0;0;0;0;1;1;3;2;4;5;5;7;6;12;3;52;10;63;10;41;12;89;12;15;18;52;26;71;26;34;31;94;31;10;43;52;0;1;1;3;2;4;5;5;10;9;12;3;52;10;63;10;41;12;89;12;15;18;52;26;70;26;35;42;85;42;19;43;52;0;1;1;3;2;4;4;4;7;6;12;3;52;10;63;10;41;12;89;12;15;18;52;22;71;22;33;33;89;33;15;43;52;0;0;1;1;4;2;1;0;0;5;3;3;0;0;0;0;0;0;0;0;0;0;0;0;1;1;3;2;4;5;5;10;9;12;3;52;10;63;10;41;12;89;12;15;18;52;26;71;26;33;40;94;40;10;43;52;0;1;1;3;2;4;8;8;10;9;12;3;52;10;63;10;41;12;89;12;15;23;52;33;65;33;37;40;94;40;10;43;52;0;1;1;3;2;4;5;5;7;6;12;3;52;10;63;10;41;12;89;12;15;18;52;26;71;26;33;34;89;34;16;43;52;0;1;1;1;7;3;1;0;0;2;7;2;0;0;0;0;0;0;0;0;0;0;0;0;6;4;10;9;13;15;14;24;21;28;1;3;5;11;12;16;17;18;22;23;26;27;2;7;8;19;20;25;29;30;31;32;33;34;35;36;37;38;39;6;9;9;9;9;9;21;255;255;255;0;0;0;0;0;0;0
5750;0;1;1;1;3;2;5;5;10;9;12;3;52;10;52;10;73;10;31;15;89;15;15;23;64;23;39;35;85;35;18;43;52;0;1;1;1;3;2;8;8;10;9;12;3;52;10;52;10;73;10;31;15;89;15;15;27;65;27;38;35;85;35;18;43;52;0;1;1;1;3;2;5;5;7;6;12;3;52;10;52;10;73;10;31;15;89;15;15;23;64;23;39;34;86;34;17;43;52;0;1;1;0;7;2;1;0;1;4;6;2;0;0;0;0;0;0;0;0;0;0;0;0;1;1;1;3;2;4;4;7;6;12;3;52;10;52;10;73;10;31;15;89;15;15;23;64;23;39;34;87;34;17;43;52;0;1;1;1;3;2;4;4;7;6;12;3;52;10;52;10;73;10;31;15;89;15;15;23;64;23;39;34;87;34;17;43;52;0;1;1;1;3;2;4;4;7;6;12;3;52;10;52;10;73;10;31;15;89;15;15;23;64;23;39;34;87;34;17;43;52;0;1;1;0;5;2;1;1;1;5;6;2;0;0;0;0;0;0;0;0;0;0;0;0;1;1;1;3;2;5;5;10;9;12;3;52;10;52;10;73;10;31;15;89;15;15;23;64;23;39;35;85;35;18;43;52;0;1;1;1;3;2;8;8;10;9;12;3;52;10;52;10;73;10;31;15;89;15;15;27;65;27;38;35;85;35;18;43;52;0;1;1;1;3;2;5;5;7;6;12;3;52;10;52;10;73;10;31;15;89;15;15;23;64;23;39;34;86;34;17;43;52;0;1;1;0;7;2;1;0;1;4;6;2;0;0;0;0;0;0;0;0;0;0;0;0;7;4;3;11;9;15;17;18;19;24;1;5;6;10;12;13;14;20;16;21;23;22;2;8;25;26;27;28;29;30;31;32;33;34;35;36;37;38;39;7;9;9;9;9;9;3;255;255;255;0;0;0;0;0;0;0
5751;0;1;1;3;2;5;5;7;6;12;12;3;52;10;63;10;41;12;89;12;15;20;64;20;40;30;87;30;18;43;67;43;38;0;1;1;3;2;5;5;7;6;12;12;3;52;10;63;10;41;12;89;12;15;20;64;20;40;34;88;34;15;43;67;43;38;0;1;1;3;2;4;4;7;6;12;12;3;52;10;63;10;41;12;89;12;15;20;64;20;40;30;87;30;18;43;67;43;38;0;1;1;0;4;2;1;0;1;4;2;2;0;0;0;0;0;0;0;0;0;0;0;0;1;1;3;2;4;8;8;10;9;12;3;52;10;63;10;41;12;89;12;15;18;52;32;70;32;34;42;85;42;19;43;52;0;1;1;3;2;4;8;8;10;9;12;3;52;10;63;10;41;12;89;12;15;18;52;32;70;32;34;42;85;42;19;43;52;0;1;1;3;2;4;8;8;10;9;12;3;52;10;63;10;41;12;89;12;15;18;52;32;70;32;34;42;85;42;19;43;52;1;1;1;1;1;2;1;1;1;1;1;2;0;0;0;0;0;0;0;0;0;0;0;0;1;1;3;2;5;5;7;6;12;12;3;52;10;63;10;41;12;89;12;15;20;64;20;40;30;87;30;18;43;67;43;38;0;1;1;3;2;5;5;7;6;12;12;3;52;10;63;10;41;12;89;12;15;20;64;20;40;34;88;34;15;43;67;43;38;0;1;1;3;2;4;4;7;6;12;12;3;52;10;63;10;41;12;89;12;15;20;64;20;40;30;87;30;18;43;67;43;38;0;1;1;0;4;2;1;0;1;4;2;2;0;0;0;0;0;0;0;0;0;0;0;0;6;4;5;7;14;13;22;18;20;19;1;11;9;8;10;12;16;15;17;23;21;24;2;3;25;26;27;28;29;30;31;32;33;34;35;36;37;38;39;4;18;14;18;18;18;5;255;255;255;0;0;0;0;0;0;0
5757;0;1;1;3;2;5;5;7;6;12;12;3;52;11;64;11;40;13;88;13;16;19;64;19;40;31;88;31;16;41;68;41;35;0;1;1;3;2;5;5;10;9;12;12;3;52;11;64;11;40;13;88;13;16;19;64;19;40;36;88;36;17;42;67;42;39;0;1;1;3;2;4;4;7;6;12;12;3;52;11;64;11;40;13;88;13;16;19;64;19;40;27;90;27;14;41;64;41;39;1;1;0;0;8;2;0;0;0;6;7;2;0;0;0;0;0;0;0;0;0;0;0;0;1;1;3;2;4;4;7;6;8;12;3;52;11;64;11;40;13;88;13;16;19;64;19;40;31;88;31;16;31;52;43;52;0;1;1;3;2;4;4;7;6;8;12;3;52;11;64;11;40;13;88;13;16;19;64;19;40;31;88;31;16;31;52;43;52;0;1;1;3;2;4;4;7;6;8;12;3;52;11;64;11;40;13;88;13;16;19;64;19;40;31;88;31;16;31;52;43;52;1;1;0;1;7;2;0;1;0;6;7;2;0;0;0;0;0;0;0;0;0;0;0;0;1;1;3;2;5;5;7;6;12;12;3;52;11;64;11;40;13;88;13;16;19;64;19;40;31;88;31;16;41;68;41;35;0;1;1;3;2;5;5;10;9;12;12;3;52;11;64;11;40;13;88;13;16;19;64;19;40;36;88;36;17;42;67;42;39;0;1;1;3;2;4;4;7;6;12;12;3;52;11;64;11;40;13;88;13;16;19;64;19;40;27;90;27;14;41;64;41;39;1;1;0;0;8;2;0;0;0;6;7;2;0;0;0;0;0;0;0;0;0;0;0;0;5;3;8;4;14;13;21;20;19;18;1;6;10;7;9;11;15;17;16;23;24;25;2;12;22;26;27;28;29;30;31;32;33;34;35;36;37;38;39;8;14;20;14;14;5;8;255;255;255;0;0;0;0;0;0;0
5767;0;1;1;3;2;5;8;8;10;9;12;3;52;10;63;10;41;12;89;12;15;21;52;31;69;31;35;41;90;41;14;43;52;0;1;1;3;2;5;8;8;10;9;12;3;52;10;63;10;41;12;89;12;15;21;52;31;69;31;35;41;90;41;14;43;52;0;1;1;3;2;4;8;8;10;9;12;3;52;10;63;10;41;12;89;12;15;18;51;31;69;31;35;36;89;36;15;43;52;1;1;1;1;4;3;0;0;0;8;6;2;0;0;0;0;0;0;0;0;0;0;0;0;1;1;3;2;4;5;5;10;9;12;3;52;10;63;10;41;12;89;12;15;21;52;31;69;31;35;41;90;41;14;43;52;0;1;1;3;2;4;8;8;10;9;12;3;52;10;63;10;41;12;89;12;15;21;52;31;69;31;35;41;90;41;14;43;52;0;1;1;3;2;4;5;5;10;9;12;3;52;10;63;10;41;12;89;12;15;21;52;31;69;31;35;41;90;41;14;43;52;1;0;1;1;5;2;0;0;1;7;7;2;0;0;0;0;0;0;0;0;0;0;0;0;1;1;3;2;5;8;8;10;9;12;3;52;10;63;10;41;12;89;12;15;21;52;31;69;31;35;41;90;41;14;43;52;0;1;1;3;2;5;8;8;10;9;12;3;52;10;63;10;41;12;89;12;15;21;52;31;69;31;35;41;90;41;14;43;52;0;1;1;3;2;4;8;8;10;9;12;3;52;10;63;10;41;12;89;12;15;18;51;31;69;31;35;36;89;36;15;43;52;1;1;1;1;4;3;0;0;0;8;6;2;0;0;0;0;0;0;0;0;0;0;0;0;7;5;11;8;15;19;18;25;24;29;1;6;9;10;12;13;14;20;26;27;22;30;2;3;4;16;17;21;23;28;31;32;33;34;35;36;37;38;39;8;8;15;18;18;29;18;255;255;255;0;0;0;0;0;0;0
5768;0;1;1;1;3;2;4;4;10;9;12;3;52;10;52;10;73;10;31;15;89;15;15;20;64;20;40;35;85;35;19;43;52;0;1;1;1;7;6;5;5;11;11;12;3;52;10;52;10;73;10;31;24;94;24;12;24;65;24;39;36;77;36;27;43;52;0;1;1;1;3;2;4;4;8;8;12;3;52;10;52;10;73;10;31;15;89;15;15;20;64;20;40;34;79;34;24;43;52;0;1;1;1;2;3;1;1;0;7;4;2;0;0;0;0;0;0;0;0;0;0;0;0;1;1;1;3;2;4;4;5;5;12;3;52;10;52;10;73;10;31;15;89;15;15;20;64;20;40;32;76;32;28;41;53;0;1;1;1;3;2;5;5;10;9;12;3;52;10;52;10;73;10;31;15;89;15;15;20;64;20;40;36;87;36;18;41;53;0;1;1;1;3;2;4;4;5;5;12;3;52;10;52;10;73;10;31;15;89;15;15;20;64;20;40;32;76;32;28;41;53;0;1;1;1;7;2;1;1;0;4;2;2;0;0;0;0;0;0;0;0;0;0;0;0;1;1;1;3;2;4;4;10;9;12;3;52;10;52;10;73;10;31;15;89;15;15;20;64;20;40;35;85;35;19;43;52;0;1;1;1;7;6;5;5;11;11;12;3;52;10;52;10;73;10;31;24;94;24;12;24;65;24;39;36;77;36;27;43;52;0;1;1;1;3;2;4;4;8;8;12;3;52;10;52;10;73;10;31;15;89;15;15;20;64;20;40;34;79;34;24;43;52;0;1;1;1;2;3;1;1;0;7;4;2;0;0;0;0;0;0;0;0;0;0;0;1;5;3;6;10;24;12;11;15;19;22;2;4;7;8;9;14;16;13;18;20;21;23;0;17;25;26;27;28;29;30;31;32;33;34;35;36;37;38;39;5;24;12;12;12;19;5;255;255;255;0;0;0;0;0;0;0
5820;0;1;1;3;2;4;5;5;10;9;12;3;52;10;63;10;41;12;89;12;15;18;52;27;68;27;36;42;85;42;19;43;52;0;1;1;3;2;4;8;8;10;9;12;3;52;11;64;11;40;15;90;15;14;22;51;34;71;34;35;40;89;40;15;43;52;0;1;1;3;2;4;5;5;7;6;12;3;52;11;64;11;40;13;88;13;16;19;52;24;68;24;35;34;90;34;14;43;52;0;1;0;0;6;3;1;0;0;6;6;2;0;0;0;0;0;0;0;0;0;0;0;0;1;1;3;2;4;4;7;6;8;12;3;52;11;64;11;40;13;88;13;16;19;64;19;40;31;88;31;16;31;52;43;52;0;1;1;3;2;5;5;10;9;8;12;3;52;11;64;11;40;13;88;13;16;19;64;19;40;35;94;35;10;31;52;43;52;0;1;1;3;2;4;4;7;6;8;12;3;52;11;64;11;40;13;88;13;16;19;64;19;40;31;88;31;16;31;52;43;52;0;1;0;0;4;2;1;0;0;4;5;2;0;0;0;0;0;0;0;0;0;0;0;0;1;1;3;2;4;5;5;10;9;12;3;52;10;63;10;41;12;89;12;15;18;52;27;68;27;36;42;85;42;19;43;52;0;1;1;3;2;4;8;8;10;9;12;3;52;11;64;11;40;15;90;15;14;22;51;34;71;34;35;40;89;40;15;43;52;0;1;1;3;2;4;5;5;7;6;12;3;52;11;64;11;40;13;88;13;16;19;52;24;68;24;35;34;90;34;14;43;52;0;1;0;0;6;3;1;0;0;6;6;2;0;0;0;0;0;0;0;0;0;0;0;0;6;4;10;8;13;16;17;21;19;23;1;3;5;7;11;12;15;22;20;14;18;24;2;9;25;26;27;28;29;30;31;32;33;34;35;36;37;38;39;8;17;17;17;17;17;8;255;255;255;0;0;0;0;0;0;0
5821;0;1;1;3;2;4;5;5;10;9;12;3;52;10;63;10;41;12;89;12;15;19;52;26;70;26;34;38;93;38;12;43;52;0;1;1;3;2;4;8;8;10;9;12;3;52;10;63;10;41;12;89;12;15;19;52;32;69;32;34;38;93;38;12;43;52;0;1;1;3;2;4;5;5;10;9;12;3;52;10;63;10;41;12;89;12;15;19;52;25;70;25;33;36;86;36;17;43;52;0;0;0;1;6;2;0;1;1;4;4;2;0;0;0;0;0;0;0;0;0;0;0;0;1;1;3;2;4;5;5;7;6;12;3;52;10;63;10;41;12;89;12;15;19;52;25;70;25;33;28;94;28;10;43;52;0;1;1;3;2;4;5;5;10;9;12;3;52;10;63;10;41;12;89;12;15;19;52;25;70;25;33;35;86;35;18;43;52;0;1;1;3;2;4;4;4;7;6;12;3;52;10;63;10;41;12;89;12;15;19;52;25;70;25;33;28;94;28;10;43;52;1;1;0;0;7;1;1;1;0;8;6;2;0;0;0;0;0;0;0;0;0;0;0;0;1;1;3;2;4;5;5;10;9;12;3;52;10;63;10;41;12;89;12;15;19;52;26;70;26;34;38;93;38;12;43;52;0;1;1;3;2;4;8;8;10;9;12;3;52;10;63;10;41;12;89;12;15;19;52;32;69;32;34;38;93;38;12;43;52;0;1;1;3;2;4;5;5;10;9;12;3;52;10;63;10;41;12;89;12;15;19;52;25;70;25;33;36;86;36;17;43;52;0;0;0;1;6;2;0;1;1;4;4;2;0;0;0;0;0;0;0;0;0;0;0;0;4;5;18;6;10;12;14;17;20;22;2;3;8;7;9;11;13;15;16;19;23;24;1;21;25;26;27;28;29;30;31;32;33;34;35;36;37;38;39;0;22;10;12;12;22;12;255;255;255;0;0;0;0;0;0;0
5844;0;1;1;3;2;4;5;5;10;9;12;3;52;10;63;10;41;12;89;12;15;21;52;31;69;31;35;41;90;41;14;43;52;0;1;1;3;2;4;5;5;10;9;12;3;52;10;63;10;41;12;89;12;15;21;52;31;69;31;35;41;90;41;14;43;52;0;1;1;3;2;4;5;5;7;6;12;3;52;10;63;10;41;12;89;12;15;21;52;31;69;31;35;31;94;31;10;43;52;0;0;1;0;7;2;1;1;1;2;4;2;0;0;0;0;0;0;0;0;0;0;0;0;1;1;3;2;4;5;5;7;6;12;3;52;10;63;10;41;12;89;12;15;21;52;31;69;31;35;34;94;34;10;43;52;0;1;1;3;2;4;5;5;10;9;12;3;52;10;63;10;41;12;89;12;15;21;52;31;69;31;35;41;90;41;14;43;52;0;1;1;3;2;4;4;4;7;6;12;3;52;10;63;10;41;12;89;12;15;21;52;25;72;25;30;34;94;34;10;43;52;0;1;1;0;8;2;0;1;0;1;8;3;0;0;0;0;0;0;0;0;0;0;0;0;1;1;3;2;4;5;5;10;9;12;3;52;10;63;10;41;12;89;12;15;21;52;31;69;31;35;41;90;41;14;43;52;0;1;1;3;2;4;5;5;10;9;12;3;52;10;63;10;41;12;89;12;15;21;52;31;69;31;35;41;90;41;14;43;52;0;1;1;3;2;4;5;5;7;6;12;3;52;10;63;10;41;12;89;12;15;21;52;31;69;31;35;31;94;31;10;43;52;0;0;1;0;7;2;1;1;1;2;4;2;0;0;0;0;0;0;0;0;0;0;0;3;6;4;14;11;15;17;19;26;25;27;0;5;8;9;12;20;18;21;22;23;13;28;1;2;7;10;16;24;29;30;31;32;33;34;35;36;37;38;39;3;11;15;19;19;27;19;255;255;255;0;0;0;0;0;0;0
5845;0;1;1;1;3;2;4;4;10;9;12;3;52;10;52;10;73;10;31;15;89;15;15;20;64;20;40;35;87;35;16;43;52;0;1;1;1;3;2;5;5;10;9;12;3;52;10;52;10;73;10;31;15;89;15;15;25;62;25;41;35;87;35;16;43;52;0;1;1;1;3;2;4;4;7;6;12;3;52;10;52;10;73;10;31;15;89;15;15;20;64;20;40;34;85;34;18;43;52;0;0;1;0;8;2;1;1;0;4;5;2;0;0;0;0;0;0;0;0;0;0;0;0;1;1;1;3;2;4;4;7;6;12;3;52;10;52;10;73;10;31;15;89;15;15;20;64;20;40;34;85;34;18;43;52;0;1;1;1;3;2;4;4;11;11;12;3;52;10;52;10;73;10;31;15;89;15;15;20;64;20;40;36;82;36;24;43;52;0;1;1;1;3;2;4;4;7;6;12;3;52;10;52;10;73;10;31;15;89;15;15;20;64;20;40;34;85;34;18;43;52;0;0;1;0;7;2;1;1;0;3;6;3;0;0;0;0;0;0;0;0;0;0;0;0;1;1;1;3;2;4;4;10;9;12;3;52;10;52;10;73;10;31;15;89;15;15;20;64;20;40;35;87;35;16;43;52;0;1;1;1;3;2;5;5;10;9;12;3;52;10;52;10;73;10;31;15;89;15;15;25;62;25;41;35;87;35;16;43;52;0;1;1;1;3;2;4;4;7;6;12;3;52;10;52;10;73;10;31;15;89;15;15;20;64;20;40;34;85;34;18;43;52;0;0;1;0;8;2;1;1;0;4;5;2;0;0;0;0;0;0;0;0;0;0;0;1;4;5;7;11;9;14;13;22;21;28;3;6;8;10;32;15;16;20;24;25;26;27;0;2;30;31;18;12;17;23;19;29;33;34;35;36;37;38;39;7;9;9;9;9;9;4;255;255;255;0;0;0;0;0;0;0
5895;0;1;1;3;2;5;5;7;6;8;12;3;52;11;64;11;40;13;88;13;16;19;64;19;40;31;88;31;16;34;51;44;51;0;1;1;3;2;5;5;7;6;8;12;3;52;11;64;11;40;13;88;13;16;19;64;19;40;32;90;32;14;34;51;43;51;0;1;1;3;2;4;4;7;6;8;12;3;52;11;64;11;40;13;88;13;16;19;64;19;40;31;88;31;16;31;49;42;50;0;0;0;0;7;2;0;1;1;5;7;2;0;0;0;0;0;0;0;0;0;0;0;0;1;1;3;2;4;4;7;6;8;12;3;52;11;64;11;40;13;88;13;16;19;64;19;40;31;88;31;16;33;52;43;52;0;1;1;3;2;4;4;7;6;11;12;3;52;11;64;11;40;13;88;13;16;19;64;19;40;31;88;31;16;35;52;43;52;0;1;1;3;2;4;4;7;6;8;12;3;52;11;64;11;40;13;88;13;16;19;64;19;40;31;88;31;16;32;52;43;52;0;0;0;0;8;2;0;1;1;4;8;2;0;0;0;0;0;0;0;0;0;0;0;0;1;1;3;2;5;5;7;6;8;12;3;52;11;64;11;40;13;88;13;16;19;64;19;40;31;88;31;16;34;51;44;51;0;1;1;3;2;5;5;7;6;8;12;3;52;11;64;11;40;13;88;13;16;19;64;19;40;32;90;32;14;34;51;43;51;0;1;1;3;2;4;4;7;6;8;12;3;52;11;64;11;40;13;88;13;16;19;64;19;40;31;88;31;16;31;49;42;50;0;0;0;0;7;2;0;1;1;5;7;2;0;0;0;0;0;0;0;0;0;0;0;0;5;3;9;6;22;10;23;20;16;25;1;2;4;7;8;12;13;15;18;19;24;21;11;14;17;26;27;28;29;30;31;32;33;34;35;36;37;38;39;5;9;9;9;9;9;10;255;255;255;0;0;0;0;0;0;0
5909;0;1;1;3;2;4;5;7;6;8;12;3;52;11;64;11;40;13;88;13;16;19;64;19;40;31;88;31;16;31;52;43;52;0;1;1;3;2;4;5;10;9;8;12;3;52;11;64;11;40;13;88;13;16;19;64;19;40;36;88;36;16;31;52;43;52;0;1;1;3;2;4;5;7;6;8;12;3;52;11;64;11;40;13;88;13;16;19;64;19;40;31;88;31;16;31;52;43;52;1;0;1;0;7;2;1;0;0;5;7;2;0;0;0;0;0;0;0;0;0;0;0;0;1;1;3;2;4;5;7;6;5;12;3;52;11;64;11;40;13;88;13;16;18;53;24;67;31;88;31;16;24;38;43;52;0;1;1;3;2;4;5;7;6;5;12;3;52;11;64;11;40;13;88;13;16;18;53;24;67;31;88;31;16;24;38;43;52;0;1;1;3;2;4;5;7;6;5;12;3;52;11;64;11;40;13;88;13;16;18;53;24;67;31;88;31;16;24;38;43;52;0;0;1;0;8;2;1;0;0;4;8;3;0;0;0;0;0;0;0;0;0;0;0;0;1;1;3;2;4;5;7;6;8;12;3;52;11;64;11;40;13;88;13;16;19;64;19;40;31;88;31;16;31;52;43;52;0;1;1;3;2;4;5;10;9;8;12;3;52;11;64;11;40;13;88;13;16;19;64;19;40;36;88;36;16;31;52;43;52;0;1;1;3;2;4;5;7;6;8;12;3;52;11;64;11;40;13;88;13;16;19;64;19;40;31;88;31;16;31;52;43;52;1;0;1;0;7;2;1;0;0;5;7;2;0;0;0;0;0;0;0;0;0;0;0;0;2;5;8;6;22;10;16;23;13;18;1;4;7;9;11;12;14;15;17;19;21;20;3;24;25;26;27;28;29;30;31;32;33;34;35;36;37;38;39;2;23;13;13;13;13;13;255;255;255;0;0;0;0;0;0;0
5912;0;1;1;3;2;4;5;5;10;9;12;3;52;10;63;10;41;12;89;12;15;18;52;26;69;26;35;42;85;42;19;43;52;0;1;1;3;2;4;5;5;10;9;12;3;52;10;63;10;41;12;89;12;15;18;52;30;76;30;29;43;88;43;17;43;52;0;1;1;3;2;4;5;5;10;9;12;3;52;10;63;10;41;12;89;12;15;18;52;25;73;25;30;36;84;36;20;43;52;1;1;0;0;8;2;0;0;1;2;4;1;0;0;0;0;0;0;0;0;0;0;0;0;1;1;3;2;4;8;8;10;9;12;3;52;10;63;10;41;12;89;12;15;18;52;32;70;32;34;42;85;42;19;43;52;0;1;1;3;2;4;8;8;10;9;12;3;52;10;63;10;41;12;89;12;15;18;52;32;70;32;34;42;85;42;19;43;52;0;1;1;3;2;4;8;8;10;9;12;3;52;10;63;10;41;12;89;12;15;18;52;32;70;32;34;42;85;42;19;43;52;1;1;1;1;1;2;1;1;1;1;1;2;0;0;0;0;0;0;0;0;0;0;0;0;1;1;3;2;4;5;5;10;9;12;3;52;10;63;10;41;12;89;12;15;18;52;26;69;26;35;42;85;42;19;43;52;0;1;1;3;2;4;5;5;10;9;12;3;52;10;63;10;41;12;89;12;15;18;52;30;76;30;29;43;88;43;17;43;52;0;1;1;3;2;4;5;5;10;9;12;3;52;10;63;10;41;12;89;12;15;18;52;25;73;25;30;36;84;36;20;43;52;1;1;0;0;8;2;0;0;1;2;4;1;0;0;0;0;0;0;0;0;0;0;0;0;6;5;14;9;17;19;20;36;34;30;4;7;35;11;15;18;21;28;27;32;37;29;1;2;3;8;10;12;13;16;23;22;24;25;26;31;33;38;39;20;9;9;9;9;9;19;255;255;255;0;0;0;0;0;0;0
5954;0;1;1;3;2;4;5;5;10;9;12;3;52;10;63;10;41;12;89;12;15;18;52;25;67;25;37;39;87;39;16;43;52;0;1;1;3;2;4;8;8;10;9;12;3;52;10;63;10;41;12;89;12;15;18;52;27;68;27;35;39;87;39;16;43;52;0;1;1;3;2;4;5;5;11;11;12;3;52;10;63;10;41;12;89;12;15;18;52;25;67;25;37;36;77;36;27;43;52;1;1;0;1;4;2;1;1;1;4;3;2;0;0;0;0;0;0;0;0;0;0;0;0;1;1;3;2;4;4;4;7;6;12;3;52;10;63;10;41;12;89;12;15;18;52;21;75;21;28;33;94;33;10;43;52;0;1;1;3;2;4;4;4;10;9;12;3;52;10;63;10;41;12;89;12;15;18;52;21;75;21;28;39;87;39;16;43;52;0;1;1;3;2;4;4;4;7;6;12;3;52;10;63;10;41;12;89;12;15;18;52;21;75;21;28;33;90;33;14;43;52;1;1;0;1;5;2;1;0;0;3;4;3;0;0;0;0;0;0;0;0;0;0;0;0;1;1;3;2;4;5;5;10;9;12;3;52;10;63;10;41;12;89;12;15;18;52;25;67;25;37;39;87;39;16;43;52;0;1;1;3;2;4;8;8;10;9;12;3;52;10;63;10;41;12;89;12;15;18;52;27;68;27;35;39;87;39;16;43;52;0;1;1;3;2;4;5;5;11;11;12;3;52;10;63;10;41;12;89;12;15;18;52;25;67;25;37;36;77;36;27;43;52;1;1;0;1;4;2;1;1;1;4;3;2;0;0;0;0;0;0;0;0;0;0;0;0;4;7;11;9;13;15;12;19;17;21;2;3;6;10;8;14;16;18;20;22;23;24;1;5;25;26;27;28;29;30;31;32;33;34;35;36;37;38;39;7;9;9;9;9;9;7;255;255;255;0;0;0;0;0;0;0
5973;0;1;1;3;2;4;4;5;10;9;12;3;52;11;64;11;40;13;88;13;16;21;64;21;40;28;52;39;92;39;13;43;52;0;1;1;3;2;5;5;8;10;9;12;3;52;11;64;11;40;13;88;13;16;21;64;21;40;28;52;39;92;39;13;43;52;0;1;1;3;2;4;4;5;7;6;12;3;52;11;64;11;40;13;88;13;16;21;64;21;40;28;52;33;90;33;14;43;52;1;1;1;0;7;2;1;0;0;2;3;1;0;0;0;0;0;0;0;0;0;0;0;0;1;1;3;2;5;5;8;7;6;12;3;52;11;64;11;40;13;88;13;16;21;64;21;40;28;52;31;88;31;16;43;52;0;1;1;3;2;5;5;8;7;6;12;3;52;11;64;11;40;13;88;13;16;21;64;21;40;28;52;31;88;31;16;43;52;0;1;1;3;2;5;5;8;7;6;12;3;52;11;64;11;40;13;88;13;16;21;64;21;40;28;52;31;88;31;16;43;52;1;1;1;0;8;2;1;0;0;1;4;3;0;0;0;0;0;0;0;0;0;0;0;0;1;1;3;2;4;4;5;10;9;12;3;52;11;64;11;40;13;88;13;16;21;64;21;40;28;52;39;92;39;13;43;52;0;1;1;3;2;5;5;8;10;9;12;3;52;11;64;11;40;13;88;13;16;21;64;21;40;28;52;39;92;39;13;43;52;0;1;1;3;2;4;4;5;7;6;12;3;52;11;64;11;40;13;88;13;16;21;64;21;40;28;52;33;90;33;14;43;52;1;1;1;0;7;2;1;0;0;2;3;1;0;0;0;0;0;0;0;0;0;0;0;0;3;4;21;6;25;23;26;29;12;19;30;2;27;7;28;8;24;11;16;17;13;14;1;20;5;10;18;9;22;15;31;32;33;34;35;36;37;38;39;26;21;25;25;25;19;25;255;255;255;0;0;0;0;0;0;0
5980;0;1;1;3;2;4;4;5;10;9;12;3;52;10;63;10;41;12;89;12;15;20;64;20;40;28;52;38;93;38;12;42;52;0;1;1;3;2;4;4;8;10;9;12;3;52;10;63;10;41;12;89;12;15;20;64;20;40;33;52;38;93;38;12;42;52;0;1;1;3;2;4;4;5;7;6;12;3;52;10;63;10;41;12;89;12;15;20;64;20;40;28;52;28;94;28;10;42;52;0;1;1;1;5;3;0;0;0;7;3;2;0;0;0;0;0;0;0;0;0;0;0;0;1;1;3;2;4;4;5;7;6;12;3;52;10;63;10;41;12;89;12;15;20;64;20;40;28;52;33;89;33;15;41;52;0;1;1;3;2;4;4;5;10;9;12;3;52;10;63;10;41;12;89;12;15;20;64;20;40;28;52;35;90;35;15;41;52;0;1;1;3;2;4;4;5;7;6;12;3;52;10;63;10;41;12;89;12;15;20;64;20;40;28;52;33;89;33;15;41;52;0;1;1;1;6;2;0;0;0;6;4;2;0;0;0;0;0;0;0;0;0;0;0;0;1;1;3;2;4;4;5;10;9;12;3;52;10;63;10;41;12;89;12;15;20;64;20;40;28;52;38;93;38;12;42;52;0;1;1;3;2;4;4;8;10;9;12;3;52;10;63;10;41;12;89;12;15;20;64;20;40;33;52;38;93;38;12;42;52;0;1;1;3;2;4;4;5;7;6;12;3;52;10;63;10;41;12;89;12;15;20;64;20;40;28;52;28;94;28;10;42;52;0;1;1;1;5;3;0;0;0;7;3;2;0;0;0;0;0;0;0;0;0;0;0;0;3;2;7;5;11;10;9;17;15;16;1;4;6;12;13;8;14;18;19;20;21;22;23;24;25;26;27;28;29;30;31;32;33;34;35;36;37;38;39;5;9;9;9;9;9;5;255;255;255;0;0;0;0;0;0;0
5987;0;1;1;3;2;4;4;5;5;8;12;3;52;10;63;10;41;12;89;12;15;20;64;20;40;24;84;24;20;30;52;43;51;0;1;1;3;2;4;4;5;5;11;12;3;52;10;63;10;41;12;89;12;15;20;64;20;40;24;84;24;20;35;51;43;51;0;1;1;3;2;4;4;5;5;8;12;3;52;10;63;10;41;12;89;12;15;20;64;20;40;24;84;24;20;30;52;43;51;0;1;1;0;7;3;0;0;1;7;7;3;0;0;0;0;0;0;0;0;0;0;0;0;1;1;3;2;4;4;5;5;8;12;3;52;11;64;11;40;13;88;13;16;19;64;19;40;24;81;24;21;31;52;43;52;0;1;1;3;2;4;4;5;5;8;12;3;52;11;64;11;40;13;88;13;16;19;64;19;40;24;81;24;21;31;52;43;52;0;1;1;3;2;4;4;5;5;8;12;3;52;11;64;11;40;13;88;13;16;19;64;19;40;24;81;24;21;31;52;43;52;0;1;1;0;6;3;0;0;1;5;9;3;0;0;0;0;0;0;0;0;0;0;0;0;1;1;3;2;4;4;5;5;8;12;3;52;10;63;10;41;12;89;12;15;20;64;20;40;24;84;24;20;30;52;43;51;0;1;1;3;2;4;4;5;5;11;12;3;52;10;63;10;41;12;89;12;15;20;64;20;40;24;84;24;20;35;51;43;51;0;1;1;3;2;4;4;5;5;8;12;3;52;10;63;10;41;12;89;12;15;20;64;20;40;24;84;24;20;30;52;43;51;0;1;1;0;7;3;0;0;1;7;7;3;0;0;0;0;0;0;0;0;0;0;0;0;4;3;15;5;10;16;17;18;12;21;1;6;7;8;9;11;13;19;20;14;22;24;2;23;25;26;27;28;29;30;31;32;33;34;35;36;37;38;39;10;12;10;12;12;12;5;255;255;255;0;0;0;0;0;0;0
5988;0;1;1;3;2;4;8;8;7;6;12;3;52;10;63;10;41;12;89;12;15;21;52;30;65;30;36;30;94;30;10;43;52;0;1;1;3;2;4;8;8;10;9;12;3;52;10;63;10;41;12;89;12;15;21;52;30;65;30;36;37;93;37;11;43;52;0;1;1;3;2;4;8;8;7;6;12;3;52;10;63;10;41;12;89;12;15;21;52;30;65;30;36;30;94;30;10;43;52;1;1;0;0;6;2;0;1;0;5;4;1;0;0;0;0;0;0;0;0;0;0;0;0;1;1;3;2;4;5;5;7;6;12;3;52;10;63;10;41;12;89;12;15;18;52;24;67;24;35;29;94;29;10;43;52;0;1;1;3;2;4;5;5;7;6;12;3;52;10;63;10;41;12;89;12;15;18;52;24;67;24;35;29;94;29;10;43;52;0;1;1;3;2;4;5;5;7;6;12;3;52;10;63;10;41;12;89;12;15;18;52;24;67;24;35;29;94;29;10;43;52;1;1;0;0;3;1;0;1;0;3;5;3;0;0;0;0;0;0;0;0;0;0;0;0;1;1;3;2;4;8;8;7;6;12;3;52;10;63;10;41;12;89;12;15;21;52;30;65;30;36;30;94;30;10;43;52;0;1;1;3;2;4;8;8;10;9;12;3;52;10;63;10;41;12;89;12;15;21;52;30;65;30;36;37;93;37;11;43;52;0;1;1;3;2;4;8;8;7;6;12;3;52;10;63;10;41;12;89;12;15;21;52;30;65;30;36;30;94;30;10;43;52;1;1;0;0;6;2;0;1;0;5;4;1;0;0;0;0;0;0;0;0;0;0;0;0;5;3;9;4;20;15;19;22;21;24;1;6;8;11;7;10;13;14;17;18;16;25;2;12;23;26;27;28;29;30;31;32;33;34;35;36;37;38;39;15;9;9;9;9;9;4;255;255;255;0;0;0;0;0;0;0
6044;0;1;1;1;4;4;7;6;8;12;12;3;52;10;52;10;73;10;31;18;64;18;40;30;86;30;18;32;52;43;67;43;38;0;1;1;1;5;5;7;6;8;12;12;3;52;10;52;10;73;10;31;18;64;18;40;30;86;30;18;32;52;43;67;43;38;0;1;1;1;4;4;7;6;8;12;12;3;52;10;52;10;73;10;31;18;64;18;40;30;86;30;18;32;52;43;67;43;38;1;1;0;1;5;3;0;0;1;6;5;2;0;0;0;0;0;0;0;0;0;0;0;0;1;1;3;2;4;5;5;7;6;12;3;52;10;63;10;41;12;89;12;15;18;52;25;70;25;35;25;95;25;9;43;52;0;1;1;3;2;4;5;5;7;6;12;3;52;10;63;10;41;12;89;12;15;18;52;25;70;25;35;25;95;25;9;43;52;0;1;1;1;4;4;7;6;8;12;12;3;52;10;52;10;73;10;31;18;64;18;40;30;86;30;18;32;52;43;67;43;38;1;1;0;0;4;1;1;0;1;5;7;2;0;0;0;0;0;0;0;0;0;0;0;0;1;1;1;4;4;7;6;8;12;12;3;52;10;52;10;73;10;31;18;64;18;40;30;86;30;18;32;52;43;67;43;38;0;1;1;1;5;5;7;6;8;12;12;3;52;10;52;10;73;10;31;18;64;18;40;30;86;30;18;32;52;43;67;43;38;0;1;1;1;4;4;7;6;8;12;12;3;52;10;52;10;73;10;31;18;64;18;40;30;86;30;18;32;52;43;67;43;38;1;1;0;1;5;3;0;0;1;6;5;2;0;0;0;0;0;0;0;0;0;0;0;0;6;4;5;16;27;28;29;13;22;23;26;8;9;25;7;12;15;14;17;18;21;30;1;2;3;10;11;19;20;24;31;32;33;34;35;36;37;38;39;0;29;16;28;28;28;28;255;255;255;0;0;0;0;0;0;0
6051;0;1;1;3;2;4;5;5;10;9;12;3;52;11;64;11;40;13;88;13;16;18;53;25;72;25;32;39;91;39;13;40;53;0;1;1;3;2;4;5;5;10;9;12;3;52;11;64;11;40;13;88;13;16;18;53;25;72;25;32;39;91;39;13;40;53;0;1;1;3;2;4;5;5;10;9;12;3;52;11;64;11;40;13;88;13;16;18;53;25;72;25;32;39;91;39;13;40;53;0;1;0;1;4;2;1;0;1;6;4;1;0;0;0;0;0;0;0;0;0;0;0;0;1;1;3;2;4;5;5;7;6;12;3;52;11;64;11;40;13;88;13;16;18;53;25;72;25;32;30;94;29;10;40;53;0;1;1;3;2;4;5;5;7;6;12;3;52;11;64;11;40;13;88;13;16;18;53;25;72;25;32;30;94;29;10;40;53;0;1;1;3;2;4;5;5;7;6;12;3;52;11;64;11;40;13;88;13;16;18;53;25;72;25;32;30;94;29;10;40;53;0;1;0;1;5;1;1;0;1;5;5;3;0;0;0;0;0;0;0;0;0;0;0;0;1;1;3;2;4;5;5;10;9;12;3;52;11;64;11;40;13;88;13;16;18;53;25;72;25;32;39;91;39;13;40;53;0;1;1;3;2;4;5;5;10;9;12;3;52;11;64;11;40;13;88;13;16;18;53;25;72;25;32;39;91;39;13;40;53;0;1;1;3;2;4;5;5;10;9;12;3;52;11;64;11;40;13;88;13;16;18;53;25;72;25;32;39;91;39;13;40;53;0;1;0;1;4;2;1;0;1;6;4;1;0;0;0;0;0;0;0;0;0;0;0;0;5;3;4;6;16;13;14;22;21;20;1;9;11;7;8;10;15;17;18;19;23;24;2;12;25;26;27;28;29;30;31;32;33;34;35;36;37;38;39;6;20;13;13;13;20;13;255;255;255;0;0;0;0;0;0;0
6052;0;1;1;3;2;4;4;7;6;12;12;3;52;11;64;11;40;13;88;13;16;21;63;21;42;25;88;25;16;43;64;43;40;0;1;1;3;2;5;5;7;6;12;12;3;52;11;64;11;40;13;88;13;16;25;64;25;40;34;88;34;16;43;64;43;40;0;1;1;3;2;4;4;7;6;12;12;3;52;11;64;11;40;13;88;13;16;20;66;20;37;25;88;25;16;43;64;43;40;1;1;1;0;6;3;0;1;0;5;5;2;0;0;0;0;0;0;0;0;0;0;0;0;1;1;3;2;4;4;7;6;12;12;3;52;11;64;11;40;13;88;13;16;20;63;20;41;25;88;25;16;43;64;43;40;0;1;1;3;2;4;4;7;6;12;12;3;52;11;64;11;40;13;88;13;16;20;63;20;41;25;88;25;16;43;64;43;40;0;1;1;3;2;4;4;7;6;12;12;3;52;11;64;11;40;13;88;13;16;20;63;20;41;25;88;25;16;43;64;43;40;0;1;0;1;5;2;1;1;1;6;6;3;0;0;0;0;0;0;0;0;0;0;0;0;1;1;3;2;4;4;7;6;12;12;3;52;11;64;11;40;13;88;13;16;21;63;21;42;25;88;25;16;43;64;43;40;0;1;1;3;2;5;5;7;6;12;12;3;52;11;64;11;40;13;88;13;16;25;64;25;40;34;88;34;16;43;64;43;40;0;1;1;3;2;4;4;7;6;12;12;3;52;11;64;11;40;13;88;13;16;20;66;20;37;25;88;25;16;43;64;43;40;1;1;1;0;6;3;0;1;0;5;5;2;0;0;0;0;0;0;0;0;0;0;0;0;6;3;4;5;17;13;21;19;22;20;1;7;8;9;10;14;15;16;12;24;23;25;2;11;18;26;27;28;29;30;31;32;33;34;35;36;37;38;39;20;20;3;3;3;20;17;255;255;255;0;0;0;0;0;0;0
6061;0;1;1;3;2;4;4;7;6;12;12;3;52;10;63;10;41;12;89;12;15;20;64;20;40;30;87;30;18;43;65;43;38;0;1;1;3;2;4;5;5;10;9;12;3;52;10;63;10;41;12;89;12;15;18;52;24;69;24;35;38;89;38;16;43;52;0;1;1;3;2;4;5;5;10;9;12;3;52;10;63;10;41;12;89;12;15;18;52;24;69;24;35;38;89;38;16;43;52;1;1;1;0;8;3;0;1;0;4;7;2;0;0;0;0;0;0;0;0;0;0;0;0;1;1;3;2;4;5;4;8;8;12;3;52;10;63;10;41;12;89;12;15;18;52;24;69;24;35;33;78;33;26;43;52;0;1;1;3;2;4;5;4;8;8;12;3;52;10;63;10;41;12;89;12;15;18;52;24;69;24;35;33;78;33;26;43;52;0;1;1;3;2;4;5;4;8;8;12;3;52;10;63;10;41;12;89;12;15;18;52;24;69;24;35;33;78;33;26;43;52;1;1;1;0;5;1;1;1;0;6;4;2;0;0;0;0;0;0;0;0;0;0;0;0;1;1;3;2;4;4;7;6;12;12;3;52;10;63;10;41;12;89;12;15;20;64;20;40;30;87;30;18;43;65;43;38;0;1;1;3;2;4;5;5;10;9;12;3;52;10;63;10;41;12;89;12;15;18;52;24;69;24;35;38;89;38;16;43;52;0;1;1;3;2;4;5;5;10;9;12;3;52;10;63;10;41;12;89;12;15;18;52;24;69;24;35;38;89;38;16;43;52;1;1;1;0;8;3;0;1;0;4;7;2;0;0;0;0;0;0;0;0;0;0;0;0;5;3;4;9;17;12;22;20;23;19;1;7;10;6;8;15;16;18;14;24;21;25;2;11;13;26;27;28;29;30;31;32;33;34;35;36;37;38;39;3;9;9;9;9;9;5;255;255;255;0;0;0;0;0;0;0
6069;0;1;1;1;3;2;4;4;5;12;12;3;52;10;52;10;73;10;31;15;89;15;15;23;67;23;37;32;52;43;67;43;38;0;1;1;1;7;6;4;4;8;12;12;3;52;10;52;10;73;10;31;20;89;20;15;23;67;23;37;32;52;43;67;43;38;0;1;1;1;3;2;4;4;5;12;12;3;52;10;52;10;73;10;31;15;89;15;15;23;67;23;37;32;52;43;67;43;38;1;0;0;0;9;2;1;0;1;4;2;3;0;0;0;0;0;0;0;0;0;0;0;0;1;1;1;3;2;4;4;5;12;12;3;52;10;52;10;73;10;31;15;89;15;15;20;64;20;40;27;52;43;66;43;38;0;1;1;1;3;2;4;4;8;12;12;3;52;10;52;10;73;10;31;15;89;15;15;20;64;20;40;32;52;43;66;43;38;0;1;1;1;3;2;4;4;5;12;12;3;52;10;52;10;73;10;31;15;89;15;15;20;64;20;40;27;52;43;66;43;38;1;1;0;0;3;2;1;0;1;7;4;3;0;0;0;0;0;0;0;0;0;0;0;0;1;1;1;3;2;4;4;5;12;12;3;52;10;52;10;73;10;31;15;89;15;15;23;67;23;37;32;52;43;67;43;38;0;1;1;1;7;6;4;4;8;12;12;3;52;10;52;10;73;10;31;20;89;20;15;23;67;23;37;32;52;43;67;43;38;0;1;1;1;3;2;4;4;5;12;12;3;52;10;52;10;73;10;31;15;89;15;15;23;67;23;37;32;52;43;67;43;38;1;0;0;0;9;2;1;0;1;4;2;3;0;0;0;0;0;0;0;0;0;0;0;1;7;6;4;12;11;16;15;17;29;26;0;5;8;9;10;14;18;19;20;13;27;28;2;3;23;24;22;21;25;30;31;32;33;34;35;36;37;38;39;7;11;15;11;11;29;4;255;255;255;0;0;0;0;0;0;0
9000;0;1;1;3;2;4;5;5;7;6;12;3;52;10;63;10;41;12;89;12;15;18;52;26;66;26;38;33;89;33;15;43;52;0;1;1;3;2;4;5;5;10;9;12;3;52;10;63;10;41;12;89;12;15;18;52;26;66;26;38;36;89;36;15;43;52;0;1;1;3;2;4;5;5;7;6;12;3;52;10;63;10;41;12;89;12;15;18;52;26;66;26;38;27;94;27;10;43;52;0;0;0;1;7;2;1;1;0;3;2;2;0;0;0;0;0;0;0;0;0;0;0;0;1;1;3;2;4;4;5;7;6;12;3;52;10;63;10;41;12;89;12;15;20;64;20;40;28;52;32;94;32;10;43;52;0;1;1;3;2;4;4;5;10;9;12;3;52;10;63;10;41;12;89;12;15;20;64;20;40;28;52;42;85;42;19;43;52;0;1;1;3;2;4;4;5;7;6;12;3;52;10;63;10;41;12;89;12;15;20;64;20;40;28;52;34;90;34;14;43;52;0;0;1;1;4;2;1;1;0;5;4;3;0;0;0;0;0;0;0;0;0;0;0;0;1;1;3;2;4;5;5;7;6;12;3;52;10;63;10;41;12;89;12;15;18;52;26;66;26;38;33;89;33;15;43;52;0;1;1;3;2;4;5;5;10;9;12;3;52;10;63;10;41;12;89;12;15;18;52;26;66;26;38;36;89;36;15;43;52;0;1;1;3;2;4;5;5;7;6;12;3;52;10;63;10;41;12;89;12;15;18;52;26;66;26;38;27;94;27;10;43;52;0;0;0;1;7;2;1;1;0;3;2;2;0;0;0;0;0;0;0;0;0;0;0;0;4;3;10;7;11;15;16;14;17;22;1;2;5;6;8;9;12;13;18;19;20;21;23;24;25;26;27;28;29;30;31;32;33;34;35;36;37;38;39;22;14;3;14;14;22;4;255;255;255;0;0;0;0;0;0;0
9001;0;1;1;3;2;4;4;5;10;9;12;3;52;10;63;10;41;12;89;12;15;20;64;20;38;30;50;37;88;37;16;43;52;0;1;1;3;2;4;4;5;7;6;12;3;52;10;63;10;41;12;89;12;15;20;64;20;38;30;50;34;89;34;16;43;52;0;1;1;3;2;4;4;5;10;9;12;3;52;10;63;10;41;12;89;12;15;20;64;20;38;30;50;37;88;37;16;43;52;1;1;1;1;1;2;1;1;1;1;1;2;0;0;0;0;0;0;0;0;0;0;0;0;1;1;3;2;4;4;5;7;6;12;3;52;10;63;10;41;12;89;12;15;20;64;20;38;30;50;34;88;34;16;43;52;0;1;1;3;2;4;4;5;10;9;12;3;52;10;63;10;41;12;89;12;15;20;64;20;38;30;50;37;88;37;16;43;52;0;1;1;3;2;4;4;5;7;6;12;3;52;10;63;10;41;12;89;12;15;20;64;20;38;30;50;34;89;34;16;43;52;1;1;1;1;1;2;1;1;1;1;1;2;0;0;0;0;0;0;0;0;0;0;0;0;1;1;3;2;4;4;5;10;9;12;3;52;10;63;10;41;12;89;12;15;20;64;20;38;30;50;37;88;37;16;43;52;0;1;1;3;2;4;4;5;7;6;12;3;52;10;63;10;41;12;89;12;15;20;64;20;38;30;50;34;89;34;16;43;52;0;1;1;3;2;4;4;5;10;9;12;3;52;10;63;10;41;12;89;12;15;20;64;20;38;30;50;37;88;37;16;43;52;1;1;1;1;1;2;1;1;1;1;1;2;0;0;0;0;0;0;0;0;0;0;0;0;3;5;20;8;12;15;14;11;18;21;1;2;4;9;10;13;16;17;7;19;22;23;6;24;25;26;27;28;29;30;31;32;33;34;35;36;37;38;39;5;5;5;5;5;18;15;255;255;255;0;0;0;0;0;0;0
9002;0;1;1;1;3;2;4;4;7;6;12;3;52;10;52;10;73;10;31;15;89;15;15;20;64;20;40;34;86;34;18;43;52;0;1;1;1;3;2;5;5;10;9;12;3;52;10;52;10;73;10;31;15;89;15;15;23;66;23;38;35;86;35;17;43;52;0;1;1;1;3;2;4;4;7;6;12;3;52;10;52;10;73;10;31;15;89;15;15;20;64;20;40;34;86;34;18;43;52;0;0;1;1;5;2;1;1;0;2;7;2;0;0;0;0;0;0;0;0;0;0;0;0;1;1;1;3;2;4;5;5;8;12;3;52;10;52;10;73;10;31;15;89;15;15;19;52;23;76;23;27;32;52;43;52;0;1;1;1;3;2;4;5;5;11;12;3;52;10;52;10;73;10;31;15;89;15;15;19;52;23;76;23;27;35;52;43;52;0;1;1;3;2;4;8;8;10;9;12;3;52;10;63;10;41;12;89;12;15;18;52;30;68;30;34;36;91;36;12;43;52;0;0;1;1;3;2;1;1;0;7;3;2;0;0;0;0;0;0;0;0;0;0;0;0;1;1;1;3;2;4;4;7;6;12;3;52;10;52;10;73;10;31;15;89;15;15;20;64;20;40;34;86;34;18;43;52;0;1;1;1;3;2;5;5;10;9;12;3;52;10;52;10;73;10;31;15;89;15;15;23;66;23;38;35;86;35;17;43;52;0;1;1;1;3;2;4;4;7;6;12;3;52;10;52;10;73;10;31;15;89;15;15;20;64;20;40;34;86;34;18;43;52;0;0;1;1;5;2;1;1;0;2;7;2;0;0;0;0;0;0;0;0;0;0;0;0;4;3;2;9;8;12;11;20;18;21;1;5;6;10;13;7;15;17;16;14;19;22;23;24;25;26;27;28;29;30;31;32;33;34;35;36;37;38;39;2;9;9;9;9;9;2;255;255;255;0;0;0;0;0;0;0
9003;0;1;1;3;2;4;4;5;10;9;12;3;52;10;63;10;41;12;89;12;15;21;66;21;35;28;51;36;92;36;12;43;52;0;1;1;3;2;4;5;5;10;9;12;3;52;10;63;10;41;12;89;12;15;18;52;25;69;25;36;38;91;38;14;43;52;0;1;1;3;2;4;4;5;7;6;12;3;52;10;63;10;41;12;89;12;15;19;65;19;37;25;51;34;92;34;12;43;52;1;1;0;1;3;2;1;1;0;2;5;2;0;0;0;0;0;0;0;0;0;0;0;0;1;1;3;2;4;5;5;8;8;12;3;52;10;63;10;41;12;89;12;15;18;52;24;66;24;37;33;77;33;25;43;52;0;1;1;3;2;4;5;5;8;8;12;3;52;10;63;10;41;12;89;12;15;18;52;24;66;24;37;33;77;33;25;43;52;0;1;1;3;2;4;5;5;8;8;12;3;52;10;63;10;41;12;89;12;15;18;52;24;66;24;37;33;77;33;25;43;52;1;1;0;1;5;2;1;1;0;2;3;3;0;0;0;0;0;0;0;0;0;0;0;0;1;1;3;2;4;4;5;10;9;12;3;52;10;63;10;41;12;89;12;15;21;66;21;35;28;51;36;92;36;12;43;52;0;1;1;3;2;4;5;5;10;9;12;3;52;10;63;10;41;12;89;12;15;18;52;25;69;25;36;38;91;38;14;43;52;0;1;1;3;2;4;4;5;7;6;12;3;52;10;63;10;41;12;89;12;15;19;65;19;37;25;51;34;92;34;12;43;52;1;1;0;1;3;2;1;1;0;2;5;2;0;0;0;0;0;0;0;0;0;0;0;0;4;3;11;8;15;12;18;23;16;22;1;5;6;10;7;9;13;14;17;20;21;19;2;24;25;26;27;28;29;30;31;32;33;34;35;36;37;38;39;4;15;15;15;15;18;8;255;255;255;0;0;0;0;0;0;0
9004;0;1;1;3;2;4;5;7;6;11;12;3;52;11;64;11;40;13;88;13;16;19;51;27;51;31;90;31;13;43;40;40;64;0;1;1;3;2;5;5;7;6;11;12;3;52;11;64;11;40;13;88;13;16;25;64;25;40;33;90;33;15;43;40;41;64;0;1;1;3;2;4;4;7;6;12;8;3;52;11;64;11;40;13;88;13;16;20;65;20;38;25;88;25;16;43;52;34;52;1;1;1;1;5;2;0;1;0;5;9;2;0;0;0;0;0;0;0;0;0;0;0;0;1;1;3;2;4;4;7;6;11;12;3;52;11;64;11;40;13;88;13;16;21;65;21;38;25;88;25;16;43;40;43;64;0;1;1;3;2;4;4;7;6;11;12;3;52;11;64;11;40;13;88;13;16;21;65;21;38;25;88;25;16;43;40;43;64;0;1;1;3;2;4;4;7;6;11;12;3;52;11;64;11;40;13;88;13;16;21;65;21;38;25;88;25;16;43;40;43;64;1;1;1;1;4;1;1;1;0;6;3;2;0;0;0;0;0;0;0;0;0;0;0;0;1;1;3;2;4;5;7;6;11;12;3;52;11;64;11;40;13;88;13;16;19;51;27;51;31;90;31;13;43;40;40;64;0;1;1;3;2;5;5;7;6;11;12;3;52;11;64;11;40;13;88;13;16;25;64;25;40;33;90;33;15;43;40;41;64;0;1;1;3;2;4;4;7;6;12;8;3;52;11;64;11;40;13;88;13;16;20;65;20;38;25;88;25;16;43;52;34;52;1;1;1;1;5;2;0;1;0;5;9;2;0;0;0;0;0;0;0;0;0;0;0;0;4;5;10;8;12;15;18;16;20;21;1;2;3;6;7;9;11;13;22;14;17;19;23;24;25;26;27;28;29;30;31;32;33;34;35;36;37;38;39;5;16;12;16;16;21;10;255;255;255;0;0;0;0;0;0;0
9005;0;1;1;3;2;4;5;5;10;9;12;3;52;10;63;10;41;12;89;12;15;18;52;25;71;25;33;40;89;40;15;43;52;0;1;1;3;2;4;5;5;10;9;12;3;52;10;63;10;41;12;89;12;15;18;52;25;71;25;33;40;89;40;15;43;52;0;1;1;3;2;4;5;5;8;8;12;3;52;10;63;10;41;12;89;12;15;18;52;25;71;25;33;34;78;34;25;43;52;0;1;1;0;6;3;1;0;0;4;5;2;0;0;0;0;0;0;0;0;0;0;0;0;1;1;3;2;4;5;5;7;6;12;3;52;10;63;10;41;12;89;12;15;18;52;25;70;25;34;30;91;30;13;43;52;0;1;1;3;2;4;5;5;7;6;12;3;52;10;63;10;41;12;89;12;15;18;52;25;70;25;34;30;91;30;13;43;52;0;1;1;3;2;4;5;5;7;6;12;3;52;10;63;10;41;12;89;12;15;18;52;25;70;25;34;30;91;30;13;43;52;0;1;1;0;7;1;1;1;0;2;3;2;0;0;0;0;0;0;0;0;0;0;0;0;1;1;3;2;4;5;5;10;9;12;3;52;10;63;10;41;12;89;12;15;18;52;25;71;25;33;40;89;40;15;43;52;0;1;1;3;2;4;5;5;10;9;12;3;52;10;63;10;41;12;89;12;15;18;52;25;71;25;33;40;89;40;15;43;52;0;1;1;3;2;4;5;5;8;8;12;3;52;10;63;10;41;12;89;12;15;18;52;25;71;25;33;34;78;34;25;43;52;0;1;1;0;6;3;1;0;0;4;5;2;0;0;0;0;0;0;0;0;0;0;0;0;6;3;9;7;11;10;12;17;18;19;1;2;4;5;8;13;14;15;16;20;21;22;23;24;25;26;27;28;29;30;31;32;33;34;35;36;37;38;39;3;9;9;9;9;9;6;255;255;255;0;0;0;0;0;0;0
9006;0;1;1;3;2;4;5;5;10;9;12;3;52;10;63;10;41;12;89;12;15;18;52;27;70;27;34;42;85;42;19;43;52;0;1;1;3;2;4;8;8;10;9;12;3;52;10;63;10;41;12;89;12;15;18;52;27;71;27;33;42;85;42;19;43;52;0;1;1;3;2;4;5;5;10;9;12;3;52;10;63;10;41;12;89;12;15;18;52;27;71;27;33;36;88;36;16;43;52;0;1;1;0;7;3;1;1;0;6;4;2;0;0;0;0;0;0;0;0;0;0;0;0;1;1;3;2;4;5;5;7;6;12;3;52;10;63;10;41;12;89;12;15;18;52;27;71;27;33;34;94;34;10;43;52;0;1;1;3;2;4;5;5;10;9;12;3;52;10;63;10;41;12;89;12;15;18;52;27;71;27;33;42;85;42;19;43;52;0;1;1;3;2;4;5;5;7;6;12;3;52;10;63;10;41;12;89;12;15;18;52;27;71;27;33;31;94;31;10;43;52;0;1;1;0;3;2;1;1;0;4;3;2;0;0;0;0;0;0;0;0;0;0;0;0;1;1;3;2;4;5;5;10;9;12;3;52;10;63;10;41;12;89;12;15;18;52;27;70;27;34;42;85;42;19;43;52;0;1;1;3;2;4;8;8;10;9;12;3;52;10;63;10;41;12;89;12;15;18;52;27;71;27;33;42;85;42;19;43;52;0;1;1;3;2;4;5;5;10;9;12;3;52;10;63;10;41;12;89;12;15;18;52;27;71;27;33;36;88;36;16;43;52;0;1;1;0;7;3;1;1;0;6;4;2;0;0;0;0;0;0;0;0;0;0;0;0;5;3;9;7;11;17;12;19;18;24;1;4;6;8;16;13;14;20;15;21;23;22;2;10;25;26;27;28;29;30;31;32;33;34;35;36;37;38;39;5;9;9;9;9;9;7;255;255;255;0;0;0;0;0;0;0
9007;0;1;1;3;2;5;5;8;10;9;12;3;52;10;63;10;41;12;89;12;15;23;69;23;34;32;52;42;85;42;19;43;52;0;1;1;3;2;5;5;8;10;9;12;3;52;10;63;10;41;12;89;12;15;20;67;20;36;33;52;42;85;42;19;43;52;0;1;1;3;2;4;4;8;10;9;12;3;52;10;63;10;41;12;89;12;15;19;62;19;39;28;51;35;86;35;17;43;52;1;1;0;1;4;3;0;1;1;3;3;2;0;0;0;0;0;0;0;0;0;0;0;0;1;1;3;2;4;4;5;7;6;12;3;52;10;63;10;41;12;89;12;15;18;65;18;38;26;53;33;90;33;14;43;52;0;1;1;3;2;4;4;5;10;9;12;3;52;10;63;10;41;12;89;12;15;18;65;18;38;26;53;42;85;42;19;43;52;0;1;1;3;2;4;4;5;7;6;12;3;52;10;63;10;41;12;89;12;15;18;65;18;38;26;53;33;94;33;10;43;52;1;1;0;1;3;2;0;1;1;6;3;2;0;0;0;0;0;0;0;0;0;0;0;0;1;1;3;2;5;5;8;10;9;12;3;52;10;63;10;41;12;89;12;15;23;69;23;34;32;52;42;85;42;19;43;52;0;1;1;3;2;5;5;8;10;9;12;3;52;10;63;10;41;12;89;12;15;20;67;20;36;33;52;42;85;42;19;43;52;0;1;1;3;2;4;4;8;10;9;12;3;52;10;63;10;41;12;89;12;15;19;62;19;39;28;51;35;86;35;17;43;52;1;1;0;1;4;3;0;1;1;3;3;2;0;0;0;0;0;0;0;0;0;0;0;0;6;2;9;7;12;13;18;14;16;20;1;3;4;5;8;10;11;15;17;19;21;22;23;24;25;26;27;28;29;30;31;32;33;34;35;36;37;38;39;20;9;9;9;9;9;7;255;255;255;0;0;0;0;0;0;0
9008;0;1;1;3;2;4;7;6;8;11;12;3;52;10;63;10;41;12;89;12;15;18;52;27;90;27;14;32;52;40;66;43;38;0;1;1;3;2;4;7;6;11;11;12;3;52;10;63;10;41;12;89;12;15;18;52;26;89;26;15;36;32;36;73;42;51;0;1;1;3;2;4;7;6;8;11;12;3;52;10;63;10;41;12;89;12;15;18;52;26;89;26;15;32;52;40;68;43;38;0;1;0;1;3;3;1;0;1;4;3;2;0;0;0;0;0;0;0;0;0;0;0;0;1;1;1;4;4;3;2;5;8;12;3;52;10;52;10;73;10;31;18;64;18;40;13;93;13;12;24;52;33;52;43;52;0;1;1;1;4;4;7;6;5;8;12;3;52;10;52;10;73;10;31;18;64;18;40;21;93;21;12;24;52;33;52;43;52;0;1;1;1;4;4;3;2;5;8;12;3;52;10;52;10;73;10;31;18;64;18;40;15;89;15;15;24;52;33;52;43;52;0;1;0;1;4;2;1;0;1;6;3;2;0;0;0;0;0;0;0;0;0;0;0;0;1;1;3;2;4;7;6;8;11;12;3;52;10;63;10;41;12;89;12;15;18;52;27;90;27;14;32;52;40;66;43;38;0;1;1;3;2;4;7;6;11;11;12;3;52;10;63;10;41;12;89;12;15;18;52;26;89;26;15;36;32;36;73;42;51;0;1;1;3;2;4;7;6;8;11;12;3;52;10;63;10;41;12;89;12;15;18;52;26;89;26;15;32;52;40;68;43;38;0;1;0;1;3;3;1;0;1;4;3;2;0;0;0;0;0;0;0;0;0;0;0;0;2;6;7;15;10;22;18;17;24;25;1;3;5;8;9;11;12;13;19;16;20;23;4;14;21;26;27;28;29;30;31;32;33;34;35;36;37;38;39;6;17;17;17;17;25;10;255;255;255;0;0;0;0;0;0;0
9010;0;1;1;3;2;4;4;5;10;9;12;3;52;10;63;10;41;12;89;12;15;18;64;18;40;26;53;37;94;37;10;43;52;0;1;1;3;2;4;4;8;10;9;12;3;52;10;63;10;41;12;89;12;15;19;62;19;41;27;51;42;85;42;19;43;52;0;1;1;3;2;4;4;5;7;6;12;3;52;10;63;10;41;12;89;12;15;19;65;19;38;29;53;34;88;34;16;43;52;1;0;1;0;6;3;0;1;1;6;2;2;0;0;0;0;0;0;0;0;0;0;0;0;1;1;3;2;4;5;5;7;6;12;3;52;10;63;10;41;12;89;12;15;18;52;23;76;23;28;33;94;33;10;43;52;0;1;1;3;2;4;5;5;10;9;12;3;52;10;63;10;41;12;89;12;15;18;52;23;76;23;28;42;85;42;19;43;52;0;1;1;3;2;4;5;5;7;6;12;3;52;10;63;10;41;12;89;12;15;18;52;23;76;23;28;34;86;34;18;43;52;1;0;1;0;4;2;0;1;1;3;7;2;0;0;0;0;0;0;0;0;0;0;0;0;1;1;3;2;4;4;5;10;9;12;3;52;10;63;10;41;12;89;12;15;18;64;18;40;26;53;37;94;37;10;43;52;0;1;1;3;2;4;4;8;10;9;12;3;52;10;63;10;41;12;89;12;15;19;62;19;41;27;51;42;85;42;19;43;52;0;1;1;3;2;4;4;5;7;6;12;3;52;10;63;10;41;12;89;12;15;19;65;19;38;29;53;34;88;34;16;43;52;1;0;1;0;6;3;0;1;1;6;2;2;0;0;0;0;0;0;0;0;0;0;0;0;3;4;13;2;10;9;11;14;15;18;1;5;8;6;7;12;16;17;19;20;21;22;23;24;25;26;27;28;29;30;31;32;33;34;35;36;37;38;39;13;9;9;9;9;9;15;255;255;255;0;0;0;0;0;0;0
9012;0;1;1;3;2;4;4;5;10;9;12;3;52;10;63;10;41;12;89;12;15;18;39;18;66;24;51;40;91;40;13;43;52;0;1;1;3;2;4;4;8;10;9;12;3;52;10;63;10;41;12;89;12;15;19;39;19;66;30;52;40;91;40;13;43;52;0;1;1;3;2;4;4;5;7;6;12;3;52;10;63;10;41;12;89;12;15;19;41;19;63;26;51;33;93;33;11;43;52;1;1;0;1;7;2;1;0;0;3;4;2;0;0;0;0;0;0;0;0;0;0;0;0;1;1;3;2;5;5;7;6;11;12;3;52;11;64;11;40;13;88;13;16;25;64;25;40;25;88;25;16;43;40;43;64;0;1;1;3;2;5;5;7;6;11;12;3;52;11;64;11;40;13;88;13;16;25;64;25;40;25;88;25;16;43;40;43;64;0;1;1;3;2;5;5;7;6;11;12;3;52;11;64;11;40;13;88;13;16;25;64;25;40;25;88;25;16;43;40;43;64;0;0;1;0;5;2;1;0;1;4;7;2;0;0;0;0;0;0;0;0;0;0;0;0;1;1;3;2;4;4;5;10;9;12;3;52;10;63;10;41;12;89;12;15;18;39;18;66;24;51;40;91;40;13;43;52;0;1;1;3;2;4;4;8;10;9;12;3;52;10;63;10;41;12;89;12;15;19;39;19;66;30;52;40;91;40;13;43;52;0;1;1;3;2;4;4;5;7;6;12;3;52;10;63;10;41;12;89;12;15;19;41;19;63;26;51;33;93;33;11;43;52;1;1;0;1;7;2;1;0;0;3;4;2;0;0;0;0;0;0;0;0;0;0;0;0;3;4;7;8;16;11;13;17;22;21;2;5;6;9;10;12;14;15;19;18;20;23;1;24;25;26;27;28;29;30;31;32;33;34;35;36;37;38;39;4;16;11;16;16;21;4;255;255;255;0;0;0;0;0;0;0
9014;0;1;1;3;2;4;5;5;10;9;12;3;52;10;63;10;41;12;89;12;15;18;52;28;69;28;35;37;84;37;18;43;52;0;1;1;3;2;4;8;8;10;9;12;3;52;10;63;10;41;12;89;12;15;18;52;26;77;26;26;43;90;43;15;43;53;0;1;1;3;2;4;5;5;7;6;12;3;52;10;63;10;41;12;89;12;15;18;52;26;77;26;26;34;88;34;16;43;51;1;0;1;1;3;3;0;1;0;6;7;2;0;0;0;0;0;0;0;0;0;0;0;0;1;1;3;2;4;5;5;5;11;12;3;52;10;63;10;41;12;89;12;15;18;52;26;77;26;26;26;52;39;65;43;38;0;1;1;3;2;4;5;5;5;12;12;3;52;10;63;10;41;12;89;12;15;18;52;26;77;26;26;26;52;43;66;43;38;0;1;1;3;2;4;5;5;5;11;12;3;52;10;63;10;41;12;89;12;15;18;52;26;77;26;26;26;52;39;65;43;38;1;0;1;1;4;2;0;1;0;4;6;3;0;0;0;0;0;0;0;0;0;0;0;0;1;1;3;2;4;5;5;10;9;12;3;52;10;63;10;41;12;89;12;15;18;52;28;69;28;35;37;84;37;18;43;52;0;1;1;3;2;4;8;8;10;9;12;3;52;10;63;10;41;12;89;12;15;18;52;26;77;26;26;43;90;43;15;43;53;0;1;1;3;2;4;5;5;7;6;12;3;52;10;63;10;41;12;89;12;15;18;52;26;77;26;26;34;88;34;16;43;51;1;0;1;1;3;3;0;1;0;6;7;2;0;0;0;0;0;0;0;0;0;0;0;0;4;3;6;7;11;14;12;19;16;20;1;2;5;9;10;13;18;17;15;8;21;22;23;24;25;26;27;28;29;30;31;32;33;34;35;36;37;38;39;6;11;11;14;14;19;14;255;255;255;0;0;0;0;0;0;0
9015;0;1;1;1;3;2;4;5;7;6;12;3;52;11;52;11;72;11;32;15;88;15;16;19;51;26;51;29;84;29;20;41;52;0;1;1;1;3;2;4;5;10;9;12;3;52;11;52;11;72;11;32;15;88;15;16;19;51;26;51;35;86;35;17;41;52;0;1;1;1;3;2;4;5;7;6;12;3;52;11;52;11;72;11;32;15;88;15;16;19;51;26;51;29;84;29;20;41;52;0;0;1;0;6;2;1;0;1;2;6;2;0;0;0;0;0;0;0;0;0;0;0;0;1;1;1;3;2;4;4;7;6;12;3;52;11;52;11;72;11;32;15;88;15;16;23;64;23;40;29;84;29;20;41;52;0;1;1;1;3;2;5;5;7;6;12;3;52;11;52;11;72;11;32;15;88;15;16;23;64;23;40;29;84;29;20;41;52;0;1;1;1;3;2;4;4;7;6;12;3;52;11;52;11;72;11;32;15;88;15;16;23;64;23;40;29;84;29;20;41;52;0;0;1;0;7;2;1;0;1;5;6;3;0;0;0;0;0;0;0;0;0;0;0;0;1;1;1;3;2;4;5;7;6;12;3;52;11;52;11;72;11;32;15;88;15;16;19;51;26;51;29;84;29;20;41;52;0;1;1;1;3;2;4;5;10;9;12;3;52;11;52;11;72;11;32;15;88;15;16;19;51;26;51;35;86;35;17;41;52;0;1;1;1;3;2;4;5;7;6;12;3;52;11;52;11;72;11;32;15;88;15;16;19;51;26;51;29;84;29;20;41;52;0;0;1;0;6;2;1;0;1;2;6;2;0;0;0;0;0;0;0;0;0;0;0;0;5;3;4;11;8;13;18;20;16;21;1;7;9;10;12;6;14;15;17;19;22;23;2;24;25;26;27;28;29;30;31;32;33;34;35;36;37;38;39;3;18;20;20;20;21;21;255;255;255;0;0;0;0;0;0;0
9016;0;1;1;3;2;4;5;5;10;9;12;3;52;10;63;10;41;12;89;12;15;18;52;27;70;27;35;38;89;38;16;43;52;0;1;1;3;2;4;8;8;10;9;12;3;52;10;63;10;41;12;89;12;15;18;52;33;70;33;36;38;89;38;16;43;52;0;1;1;3;2;4;5;5;7;6;12;3;52;10;63;10;41;12;89;12;15;18;52;27;69;27;35;33;90;33;14;43;52;0;0;1;0;8;2;1;0;0;3;7;2;0;0;0;0;0;0;0;0;0;0;0;0;1;1;1;3;2;4;4;7;6;12;3;52;11;52;11;72;11;32;15;88;15;16;23;40;23;64;29;84;29;20;41;52;0;1;1;1;3;2;4;4;10;9;12;3;52;11;52;11;72;11;32;15;88;15;16;23;40;23;64;35;91;35;13;41;52;0;1;1;1;3;2;4;4;7;6;12;3;52;10;52;10;73;10;31;15;89;15;15;20;64;20;40;29;86;29;18;43;52;0;0;1;0;9;2;1;0;0;2;8;3;0;0;0;0;0;0;0;0;0;0;0;0;1;1;3;2;4;5;5;10;9;12;3;52;10;63;10;41;12;89;12;15;18;52;27;70;27;35;38;89;38;16;43;52;0;1;1;3;2;4;8;8;10;9;12;3;52;10;63;10;41;12;89;12;15;18;52;33;70;33;36;38;89;38;16;43;52;0;1;1;3;2;4;5;5;7;6;12;3;52;10;63;10;41;12;89;12;15;18;52;27;69;27;35;33;90;33;14;43;52;0;0;1;0;8;2;1;0;0;3;7;2;0;0;0;0;0;0;0;0;0;0;0;0;4;3;7;6;8;12;13;18;17;21;1;2;5;9;10;11;19;14;15;16;20;22;23;24;25;26;27;28;29;30;31;32;33;34;35;36;37;38;39;8;13;13;13;13;21;8;255;255;255;0;0;0;0;0;0;0
9019;0;1;1;3;2;4;5;5;10;9;12;3;52;10;63;10;41;12;89;12;15;21;53;27;71;27;33;36;94;36;10;43;52;0;1;1;3;2;4;8;8;10;9;12;3;52;10;63;10;41;12;89;12;15;21;53;32;65;32;39;36;94;36;10;43;52;0;1;1;3;2;4;5;5;7;6;12;3;52;10;63;10;41;12;89;12;15;18;53;25;78;25;26;32;94;32;10;43;52;0;1;1;1;5;3;1;1;0;5;7;2;0;0;0;0;0;0;0;0;0;0;0;0;1;1;3;2;4;4;8;7;6;12;3;52;10;63;10;41;12;89;12;15;20;64;20;38;28;52;33;92;33;11;43;52;0;1;1;3;2;4;4;8;10;9;12;3;52;10;63;10;41;12;89;12;15;20;64;20;38;28;52;42;85;42;19;43;52;0;1;1;3;2;4;4;8;7;6;12;3;52;10;63;10;41;12;89;12;15;20;64;20;38;28;52;33;94;33;10;43;52;0;1;1;1;7;2;1;1;0;2;2;2;0;0;0;0;0;0;0;0;0;0;0;0;1;1;3;2;4;5;5;10;9;12;3;52;10;63;10;41;12;89;12;15;21;53;27;71;27;33;36;94;36;10;43;52;0;1;1;3;2;4;8;8;10;9;12;3;52;10;63;10;41;12;89;12;15;21;53;32;65;32;39;36;94;36;10;43;52;0;1;1;3;2;4;5;5;7;6;12;3;52;10;63;10;41;12;89;12;15;18;53;25;78;25;26;32;94;32;10;43;52;0;1;1;1;5;3;1;1;0;5;7;2;0;0;0;0;0;0;0;0;0;0;0;0;4;3;10;9;12;17;15;21;24;25;1;2;5;6;7;11;14;19;22;20;23;26;8;13;16;18;27;28;29;30;31;32;33;34;35;36;37;38;39;25;9;9;9;9;9;17;255;255;255;0;0;0;0;0;0;0
9020;0;1;1;3;2;4;5;5;10;9;12;3;52;10;63;10;41;12;89;12;15;18;52;26;69;26;36;38;92;38;13;43;52;0;1;1;3;2;4;8;8;10;9;12;3;52;10;63;10;41;12;89;12;15;18;52;30;66;30;37;38;92;38;13;43;52;0;1;1;3;2;4;5;5;7;6;12;3;52;10;63;10;41;12;89;12;15;18;52;26;69;26;36;34;88;34;16;43;52;0;0;1;1;4;3;0;0;1;3;4;2;0;0;0;0;0;0;0;0;0;0;0;0;1;1;3;2;4;4;5;7;6;12;3;52;10;63;10;41;12;89;12;15;18;64;18;40;27;52;33;92;33;11;43;52;0;1;1;3;2;4;4;5;10;9;12;3;52;10;63;10;41;12;89;12;15;18;64;18;40;27;52;37;88;37;17;43;52;0;1;1;3;2;4;4;5;7;6;12;3;52;10;63;10;41;12;89;12;15;18;64;18;40;27;52;33;92;33;11;43;52;0;0;1;1;8;2;0;0;0;4;2;2;0;0;0;0;0;0;0;0;0;0;0;0;1;1;3;2;4;5;5;10;9;12;3;52;10;63;10;41;12;89;12;15;18;52;26;69;26;36;38;92;38;13;43;52;0;1;1;3;2;4;8;8;10;9;12;3;52;10;63;10;41;12;89;12;15;18;52;30;66;30;37;38;92;38;13;43;52;0;1;1;3;2;4;5;5;7;6;12;3;52;10;63;10;41;12;89;12;15;18;52;26;69;26;36;34;88;34;16;43;52;0;0;1;1;4;3;0;0;1;3;4;2;0;0;0;0;0;0;0;0;0;0;0;0;2;5;8;6;10;13;12;19;16;21;1;3;4;7;9;11;14;15;20;17;18;22;23;24;25;26;27;28;29;30;31;32;33;34;35;36;37;38;39;10;13;10;6;6;13;6;255;255;255;0;0;0;0;0;0;0
9029;0;1;1;3;2;4;5;5;10;9;12;3;52;10;63;10;41;12;89;12;15;18;52;24;71;24;33;36;91;36;14;43;52;0;1;1;3;2;4;8;8;10;9;12;3;52;10;63;10;41;12;89;12;15;18;52;28;70;28;32;42;85;42;19;43;52;0;1;1;3;2;4;5;5;7;6;12;3;52;10;63;10;41;12;89;12;15;18;52;24;71;24;33;34;88;34;16;43;52;1;1;0;1;4;3;0;1;0;2;4;2;0;0;0;0;0;0;0;0;0;0;0;0;1;1;3;2;4;4;5;8;8;12;3;52;10;63;10;41;12;89;12;15;19;66;19;38;26;53;34;78;34;26;43;52;0;1;1;3;2;4;4;5;10;9;12;3;52;10;63;10;41;12;89;12;15;19;66;19;38;26;53;42;85;42;19;43;52;0;1;1;3;2;4;4;5;8;8;12;3;52;10;63;10;41;12;89;12;15;19;66;19;38;26;53;34;78;34;27;43;52;1;1;0;1;3;2;0;1;0;6;3;3;0;0;0;0;0;0;0;0;0;0;0;0;1;1;3;2;4;5;5;10;9;12;3;52;10;63;10;41;12;89;12;15;18;52;24;71;24;33;36;91;36;14;43;52;0;1;1;3;2;4;8;8;10;9;12;3;52;10;63;10;41;12;89;12;15;18;52;28;70;28;32;42;85;42;19;43;52;0;1;1;3;2;4;5;5;7;6;12;3;52;10;63;10;41;12;89;12;15;18;52;24;71;24;33;34;88;34;16;43;52;1;1;0;1;4;3;0;1;0;2;4;2;0;0;0;0;0;0;0;0;0;0;0;1;3;2;9;7;11;16;15;22;18;25;0;4;5;6;10;12;14;17;19;21;23;24;13;8;20;26;27;28;29;30;31;32;33;34;35;36;37;38;39;1;9;9;9;9;9;22;255;255;255;0;0;0;0;0;0;0
9030;0;1;1;3;2;4;4;8;10;9;12;3;52;10;63;10;41;12;89;12;15;18;64;18;40;28;51;37;91;37;13;43;52;0;1;1;3;2;4;4;8;10;9;12;3;52;10;63;10;41;12;89;12;15;18;64;18;40;28;51;37;91;37;13;43;52;0;1;1;3;2;4;4;8;7;6;12;3;52;10;63;10;41;12;89;12;15;18;64;18;40;28;51;34;91;34;13;43;52;0;0;0;1;5;3;1;0;1;7;4;2;0;0;0;0;0;0;0;0;0;0;0;0;1;1;3;2;4;4;8;7;6;12;3;52;10;63;10;41;12;89;12;15;18;64;18;40;28;51;33;90;33;14;43;52;0;1;1;3;2;4;4;8;10;9;12;3;52;10;63;10;41;12;89;12;15;18;64;18;40;28;51;35;90;35;15;43;52;0;1;1;3;2;4;4;8;7;6;12;3;52;10;63;10;41;12;89;12;15;18;64;18;40;28;51;33;90;33;14;43;52;0;0;0;1;4;2;1;0;1;5;2;3;0;0;0;0;0;0;0;0;0;0;0;0;1;1;3;2;4;4;8;10;9;12;3;52;10;63;10;41;12;89;12;15;18;64;18;40;28;51;37;91;37;13;43;52;0;1;1;3;2;4;4;8;10;9;12;3;52;10;63;10;41;12;89;12;15;18;64;18;40;28;51;37;91;37;13;43;52;0;1;1;3;2;4;4;8;7;6;12;3;52;10;63;10;41;12;89;12;15;18;64;18;40;28;51;34;91;34;13;43;52;0;0;0;1;5;3;1;0;1;7;4;2;0;0;0;0;0;0;0;0;0;0;0;0;1;2;3;4;5;6;7;8;9;10;11;12;13;14;15;16;17;18;19;20;21;22;23;24;25;26;27;28;29;30;31;32;33;34;35;36;37;38;39;0;9;9;9;9;9;4;255;255;255;0;0;0;0;0;0;0
9033;0;1;1;3;2;4;8;8;10;9;12;3;52;10;63;10;41;12;89;12;15;18;52;27;69;27;35;42;85;42;19;43;52;0;1;1;3;2;5;8;8;10;9;12;3;52;10;63;10;41;12;89;12;15;18;52;27;69;27;35;42;85;42;19;43;52;0;1;1;3;2;4;8;8;8;8;12;3;52;10;63;10;41;12;89;12;15;18;52;27;69;27;35;34;81;34;23;43;52;0;1;1;1;5;3;0;1;1;6;6;2;0;0;0;0;0;0;0;0;0;0;0;0;1;1;3;2;4;5;5;7;6;12;3;52;10;63;10;41;12;89;12;15;18;52;24;72;24;31;34;89;34;15;43;52;0;1;1;3;2;4;5;5;10;9;12;3;52;10;63;10;41;12;89;12;15;18;52;24;72;24;31;42;85;42;19;43;52;0;1;1;3;2;4;5;5;7;6;12;3;52;10;63;10;41;12;89;12;15;18;52;24;72;24;31;33;89;33;14;43;52;0;1;0;1;3;2;0;1;1;4;7;2;0;0;0;0;0;0;0;0;0;0;0;0;1;1;3;2;4;8;8;10;9;12;3;52;10;63;10;41;12;89;12;15;18;52;27;69;27;35;42;85;42;19;43;52;0;1;1;3;2;5;8;8;10;9;12;3;52;10;63;10;41;12;89;12;15;18;52;27;69;27;35;42;85;42;19;43;52;0;1;1;3;2;4;8;8;8;8;12;3;52;10;63;10;41;12;89;12;15;18;52;27;69;27;35;34;81;34;23;43;52;0;1;1;1;5;3;0;1;1;6;6;2;0;0;0;0;0;0;0;0;0;0;0;0;3;4;11;7;17;19;29;24;20;27;1;5;6;8;12;13;14;18;21;22;23;26;2;28;9;10;16;15;25;30;31;32;33;34;35;36;37;38;39;7;20;17;20;20;20;29;255;255;255;0;0;0;0;0;0;0
65815;0;1;1;3;2;4;5;5;10;9;12;3;52;10;63;10;41;12;89;12;15;18;52;27;77;27;27;42;85;42;19;43;52;0;1;1;3;2;4;8;8;10;9;12;3;52;10;63;10;41;12;89;12;15;18;52;27;77;27;27;42;85;42;19;43;52;0;1;1;3;2;4;5;5;7;6;12;3;52;10;63;10;41;12;89;12;15;18;52;27;77;27;27;34;90;34;14;43;52;1;0;0;1;4;2;1;0;0;4;7;2;0;0;0;0;0;0;0;0;0;0;0;0;1;1;3;2;4;5;5;7;6;12;3;52;10;63;10;41;12;89;12;15;18;52;27;69;27;35;33;89;33;15;43;52;0;1;1;3;2;4;5;5;7;6;12;3;52;10;63;10;41;12;89;12;15;18;52;27;69;27;35;33;89;33;15;43;52;0;1;1;3;2;4;5;5;7;6;12;3;52;10;63;10;41;12;89;12;15;18;52;27;69;27;35;33;89;33;15;43;52;1;0;0;1;6;2;1;0;0;3;8;3;0;0;0;0;0;0;0;0;0;0;0;0;1;1;3;2;4;5;5;10;9;12;3;52;10;63;10;41;12;89;12;15;18;52;27;77;27;27;42;85;42;19;43;52;0;1;1;3;2;4;8;8;10;9;12;3;52;10;63;10;41;12;89;12;15;18;52;27;77;27;27;42;85;42;19;43;52;0;1;1;3;2;4;5;5;7;6;12;3;52;10;63;10;41;12;89;12;15;18;52;27;77;27;27;34;90;34;14;43;52;1;0;0;1;4;2;1;0;0;4;7;2;0;0;0;0;0;0;0;0;0;0;0;0;4;3;12;11;13;17;19;24;25;27;1;5;6;9;14;10;16;18;23;22;28;29;2;7;8;21;20;26;15;30;31;32;33;34;35;36;37;38;39;4;27;19;19;19;27;25;255;255;255;0;0;0;0;0;0;0
65817;0;1;1;3;2;4;4;7;6;12;12;3;52;10;63;10;41;12;89;12;15;20;64;20;40;30;87;30;18;43;67;43;38;0;1;1;3;2;5;5;7;6;12;12;3;52;10;63;10;41;12;89;12;15;20;64;20;40;30;87;30;18;43;67;43;38;0;1;1;3;2;4;4;7;6;11;12;3;52;10;63;10;41;12;89;12;15;20;64;20;40;30;87;30;18;38;63;43;38;0;1;1;1;3;2;0;1;1;7;3;2;0;0;0;0;0;0;0;0;0;0;0;0;1;1;3;2;4;4;8;10;9;12;3;52;10;63;10;41;12;89;12;15;18;64;18;40;32;52;42;85;42;19;43;52;0;1;1;3;2;4;4;8;10;9;12;3;52;10;63;10;41;12;89;12;15;18;64;18;40;32;52;42;85;42;19;43;52;0;1;1;3;2;4;4;8;10;9;12;3;52;10;63;10;41;12;89;12;15;18;64;18;40;32;52;42;85;42;19;43;52;0;1;1;1;7;1;0;1;1;4;7;2;0;0;0;0;0;0;0;0;0;0;0;0;1;1;3;2;4;4;7;6;12;12;3;52;10;63;10;41;12;89;12;15;20;64;20;40;30;87;30;18;43;67;43;38;0;1;1;3;2;5;5;7;6;12;12;3;52;10;63;10;41;12;89;12;15;20;64;20;40;30;87;30;18;43;67;43;38;0;1;1;3;2;4;4;7;6;11;12;3;52;10;63;10;41;12;89;12;15;20;64;20;40;30;87;30;18;38;63;43;38;0;1;1;1;3;2;0;1;1;7;3;2;0;0;0;0;0;0;0;0;0;0;0;0;5;4;12;10;13;14;21;19;23;24;1;7;8;9;11;15;16;18;20;25;26;28;2;3;6;17;22;27;29;30;31;32;33;34;35;36;37;38;39;5;14;14;14;14;19;10;255;255;255;0;0;0;0;0;0;0
66871;0;1;1;3;2;4;4;5;10;9;12;3;52;10;63;10;41;12;89;12;15;18;64;18;40;26;52;36;94;36;10;43;52;0;1;1;3;2;5;5;8;10;9;12;3;52;11;64;11;40;13;88;13;16;24;68;24;36;32;52;39;84;39;20;43;52;0;1;1;3;2;4;4;5;7;6;12;3;52;11;64;11;40;13;88;13;16;20;64;20;38;26;51;33;89;33;16;43;52;1;1;1;1;3;3;0;1;0;8;6;2;0;0;0;0;0;0;0;0;0;0;0;0;1;1;3;2;4;5;5;7;6;12;3;52;11;64;11;40;13;88;13;16;19;52;25;72;25;32;28;97;28;10;43;52;0;1;1;3;2;4;5;5;7;6;12;3;52;11;64;11;40;13;88;13;16;19;52;25;72;25;32;28;97;28;10;43;52;0;1;1;3;2;4;5;5;7;6;12;3;52;11;64;11;40;13;88;13;16;19;52;25;72;25;32;28;97;28;10;43;52;1;1;0;1;2;1;0;1;0;7;7;2;0;0;0;0;0;0;0;0;0;0;0;0;1;1;3;2;4;4;5;10;9;12;3;52;10;63;10;41;12;89;12;15;18;64;18;40;26;52;36;94;36;10;43;52;0;1;1;3;2;5;5;8;10;9;12;3;52;11;64;11;40;13;88;13;16;24;68;24;36;32;52;39;84;39;20;43;52;0;1;1;3;2;4;4;5;7;6;12;3;52;11;64;11;40;13;88;13;16;20;64;20;38;26;51;33;89;33;16;43;52;1;1;1;1;3;3;0;1;0;8;6;2;0;0;0;0;0;0;0;0;0;0;0;0;5;30;14;29;13;32;17;19;22;26;1;3;6;11;7;12;18;20;23;31;27;28;2;8;4;9;10;15;21;16;24;25;33;34;35;36;37;38;39;0;22;13;29;29;26;29;255;255;255;0;0;0;0;0;0;0
66877;0;1;1;3;2;5;5;8;10;9;12;3;52;10;63;10;41;12;89;12;15;20;68;20;35;32;52;37;90;37;14;43;52;0;1;1;3;2;5;5;8;10;9;12;3;52;10;63;10;41;12;89;12;15;20;68;20;35;34;52;37;90;37;14;43;52;0;1;1;3;2;4;4;5;10;9;12;3;52;10;63;10;41;12;89;12;15;20;68;20;35;27;52;37;90;37;14;43;52;0;0;1;1;7;2;0;0;1;9;7;2;0;0;0;0;0;0;0;0;0;0;0;0;1;1;3;2;4;4;5;8;8;12;3;52;10;63;10;41;12;89;12;15;20;66;20;39;29;51;33;78;33;25;43;52;0;1;1;3;2;4;4;5;8;8;12;3;52;10;63;10;41;12;89;12;15;20;66;20;39;29;51;33;78;33;25;43;52;0;1;1;3;2;4;4;5;8;8;12;3;52;10;63;10;41;12;89;12;15;20;66;20;39;29;51;33;78;33;25;43;52;0;0;1;1;4;1;0;0;1;3;8;2;0;0;0;0;0;0;0;0;0;0;0;0;1;1;3;2;5;5;8;10;9;12;3;52;10;63;10;41;12;89;12;15;20;68;20;35;32;52;37;90;37;14;43;52;0;1;1;3;2;5;5;8;10;9;12;3;52;10;63;10;41;12;89;12;15;20;68;20;35;34;52;37;90;37;14;43;52;0;1;1;3;2;4;4;5;10;9;12;3;52;10;63;10;41;12;89;12;15;20;68;20;35;27;52;37;90;37;14;43;52;0;0;1;1;7;2;0;0;1;9;7;2;0;0;0;0;0;0;0;0;0;0;0;0;5;4;10;9;13;12;16;20;17;24;1;3;6;7;8;14;15;21;18;22;23;26;2;11;27;19;25;28;29;30;31;32;33;34;35;36;37;38;39;0;9;9;9;9;9;12;255;255;255;0;0;0;0;0;0;0
66882;0;1;1;3;2;5;5;8;10;9;12;3;52;10;63;10;41;12;89;12;15;22;67;22;36;30;52;36;94;36;10;43;52;0;1;1;3;2;5;5;8;10;9;12;3;52;11;64;11;40;13;88;13;16;23;72;23;32;34;52;39;84;39;20;43;52;0;1;1;3;2;4;4;8;10;9;12;3;52;11;64;11;40;13;88;13;16;20;64;20;39;30;51;39;84;39;20;43;52;0;1;1;0;5;2;1;0;0;6;5;3;0;0;0;0;0;0;0;0;0;0;0;0;1;1;3;2;4;4;7;6;8;12;3;52;11;64;11;40;13;88;13;16;19;64;19;40;25;84;25;20;33;52;43;52;0;1;1;3;2;4;4;7;6;8;12;3;52;11;64;11;40;13;88;13;16;19;64;19;40;25;84;25;20;33;52;43;52;0;1;1;3;2;4;4;7;6;8;12;3;52;11;64;11;40;13;88;13;16;19;64;19;40;25;84;25;20;33;52;43;52;0;1;1;0;4;3;1;0;1;4;5;3;0;0;0;0;0;0;0;0;0;0;0;0;1;1;3;2;5;5;8;10;9;12;3;52;10;63;10;41;12;89;12;15;22;67;22;36;30;52;36;94;36;10;43;52;0;1;1;3;2;5;5;8;10;9;12;3;52;11;64;11;40;13;88;13;16;23;72;23;32;34;52;39;84;39;20;43;52;0;1;1;3;2;4;4;8;10;9;12;3;52;11;64;11;40;13;88;13;16;20;64;20;39;30;51;39;84;39;20;43;52;0;1;1;0;5;2;1;0;0;6;5;3;0;0;0;0;0;0;0;0;0;0;0;0;3;2;14;6;13;8;21;17;15;20;1;4;5;7;9;10;11;12;16;18;19;22;23;24;25;26;27;28;29;30;31;32;33;34;35;36;37;38;39;20;13;8;13;13;13;8;255;255;255;0;0;0;0;0;0;0
66895;0;1;1;3;2;4;4;7;6;8;12;3;52;11;64;11;40;13;88;13;16;19;64;19;40;31;88;31;16;31;52;43;52;0;1;1;3;2;5;5;10;9;8;12;3;52;11;64;11;40;13;88;13;16;19;64;19;40;36;90;36;14;31;52;43;52;0;1;1;3;2;4;4;7;6;5;12;3;52;11;64;11;40;13;88;13;16;19;64;19;40;31;88;31;16;31;52;43;52;1;0;1;0;3;3;1;0;1;2;2;2;0;0;0;0;0;0;0;0;0;0;0;0;1;1;3;2;4;4;7;6;8;12;3;52;11;64;11;40;13;88;13;16;19;64;19;40;31;88;31;16;31;52;43;52;0;1;1;3;2;4;4;7;6;8;12;3;52;11;64;11;40;13;88;13;16;19;64;19;40;31;88;31;16;31;52;43;52;0;1;1;3;2;4;4;7;6;8;12;3;52;11;64;11;40;13;88;13;16;19;64;19;40;31;88;31;16;31;52;43;52;1;1;1;1;2;2;1;0;1;2;3;2;0;0;0;0;0;0;0;0;0;0;0;0;1;1;3;2;4;4;7;6;8;12;3;52;11;64;11;40;13;88;13;16;19;64;19;40;31;88;31;16;31;52;43;52;0;1;1;3;2;5;5;10;9;8;12;3;52;11;64;11;40;13;88;13;16;19;64;19;40;36;90;36;14;31;52;43;52;0;1;1;3;2;4;4;7;6;5;12;3;52;11;64;11;40;13;88;13;16;19;64;19;40;31;88;31;16;31;52;43;52;1;0;1;0;3;3;1;0;1;2;2;2;0;0;0;0;0;0;0;0;0;0;0;0;5;2;8;7;10;11;17;15;14;19;1;3;4;9;6;12;13;16;18;20;21;22;23;24;25;26;27;28;29;30;31;32;33;34;35;36;37;38;39;15;14;8;14;14;19;7;255;255;255;0;0;0;0;0;0;0
67024;0;1;1;3;2;4;4;5;10;9;12;3;52;10;63;10;41;12;89;12;15;19;65;19;37;32;52;37;88;37;16;43;52;0;1;1;3;2;5;5;8;10;9;12;3;52;10;63;10;41;12;89;12;15;20;64;20;40;32;51;38;90;38;14;44;52;0;1;1;3;2;5;5;8;7;6;12;3;52;10;63;10;41;12;89;12;15;20;64;20;40;27;51;33;86;33;17;42;52;0;1;1;0;5;2;1;1;0;4;2;2;0;0;0;0;0;0;0;0;0;0;0;0;1;1;3;2;4;4;7;6;12;12;3;52;10;63;10;41;12;89;12;15;20;64;20;40;30;87;30;18;43;65;43;38;0;1;1;3;2;4;4;7;6;12;12;3;52;10;63;10;41;12;89;12;15;20;64;20;40;30;87;30;18;43;65;43;38;0;1;1;3;2;4;4;7;6;12;12;3;52;10;63;10;41;12;89;12;15;20;64;20;40;30;87;30;18;43;65;43;38;0;1;1;0;5;2;1;1;1;2;8;2;0;0;0;0;0;0;0;0;0;0;0;0;1;1;3;2;4;4;5;10;9;12;3;52;10;63;10;41;12;89;12;15;19;65;19;37;32;52;37;88;37;16;43;52;0;1;1;3;2;5;5;8;10;9;12;3;52;10;63;10;41;12;89;12;15;20;64;20;40;32;51;38;90;38;14;44;52;0;1;1;3;2;5;5;8;7;6;12;3;52;10;63;10;41;12;89;12;15;20;64;20;40;27;51;33;86;33;17;42;52;0;1;1;0;5;2;1;1;0;4;2;2;0;0;0;0;0;0;0;0;0;0;0;0;6;5;11;8;15;14;16;19;17;25;2;4;7;12;10;13;21;23;18;24;22;26;1;3;9;20;27;28;29;30;31;32;33;34;35;36;37;38;39;5;17;14;14;14;19;19;255;255;255;0;0;0;0;0;0;0
67029;0;1;1;3;2;4;5;5;11;11;12;3;52;10;63;10;41;12;89;12;15;18;52;27;70;27;33;36;77;36;27;43;52;0;1;1;3;2;4;8;8;11;11;12;3;52;10;63;10;41;12;89;12;15;18;52;27;70;27;33;36;77;36;27;43;52;0;1;1;3;2;4;5;5;8;8;12;3;52;10;63;10;41;12;89;12;15;18;52;27;70;27;33;34;81;34;23;43;52;1;1;0;1;6;3;0;0;0;7;3;2;0;0;0;0;0;0;0;0;0;0;0;0;1;1;3;2;4;5;5;8;8;12;3;52;10;63;10;41;12;89;12;15;18;52;23;70;23;33;33;77;33;26;43;52;0;1;1;3;2;4;5;5;8;8;12;3;52;10;63;10;41;12;89;12;15;18;52;23;70;23;33;33;77;33;26;43;52;0;1;1;3;2;4;5;5;8;8;12;3;52;10;63;10;41;12;89;12;15;18;52;23;70;23;33;33;77;33;26;43;52;1;1;1;1;7;1;0;0;0;7;4;2;0;0;0;0;0;0;0;0;0;0;0;0;1;1;3;2;4;5;5;11;11;12;3;52;10;63;10;41;12;89;12;15;18;52;27;70;27;33;36;77;36;27;43;52;0;1;1;3;2;4;8;8;11;11;12;3;52;10;63;10;41;12;89;12;15;18;52;27;70;27;33;36;77;36;27;43;52;0;1;1;3;2;4;5;5;8;8;12;3;52;10;63;10;41;12;89;12;15;18;52;27;70;27;33;34;81;34;23;43;52;1;1;0;1;6;3;0;0;0;7;3;2;0;0;0;0;0;0;0;0;0;0;0;0;4;5;11;9;13;17;16;21;24;22;2;3;6;8;10;12;15;14;23;25;26;27;1;7;28;29;30;18;19;20;31;32;33;34;35;36;37;38;39;16;9;9;9;9;9;17;255;255;255;0;0;0;0;0;0;0
67112;0;1;1;3;2;4;5;5;10;9;12;3;52;10;63;10;41;12;89;12;15;18;52;23;72;23;32;38;89;38;15;43;52;0;1;1;3;2;4;8;8;10;9;12;3;52;10;63;10;41;12;89;12;15;18;52;27;71;27;32;38;89;38;15;43;52;0;1;1;3;2;4;5;5;10;9;12;3;52;10;63;10;41;12;89;12;15;18;52;23;72;23;32;38;89;38;15;43;52;1;1;1;0;7;3;0;1;1;4;2;2;0;0;0;0;0;0;0;0;0;0;0;0;1;1;3;2;4;4;4;10;9;12;3;52;10;63;10;41;12;89;12;15;18;52;23;71;23;33;36;94;36;10;43;52;0;1;1;3;2;4;4;4;10;9;12;3;52;10;63;10;41;12;89;12;15;18;52;23;71;23;33;36;94;36;10;43;52;0;1;1;3;2;4;4;4;10;9;12;3;52;10;63;10;41;12;89;12;15;18;52;23;71;23;33;36;94;36;10;43;52;1;1;1;0;3;2;0;1;1;5;2;3;0;0;0;0;0;0;0;0;0;0;0;0;1;1;3;2;4;5;5;10;9;12;3;52;10;63;10;41;12;89;12;15;18;52;23;72;23;32;38;89;38;15;43;52;0;1;1;3;2;4;8;8;10;9;12;3;52;10;63;10;41;12;89;12;15;18;52;27;71;27;32;38;89;38;15;43;52;0;1;1;3;2;4;5;5;10;9;12;3;52;10;63;10;41;12;89;12;15;18;52;23;72;23;32;38;89;38;15;43;52;1;1;1;0;7;3;0;1;1;4;2;2;0;0;0;0;0;0;0;0;0;0;0;1;5;4;11;9;13;15;28;16;20;24;0;3;6;7;14;8;19;18;22;23;25;26;2;10;12;21;17;27;29;30;31;32;33;34;35;36;37;38;39;1;9;9;9;9;9;4;255;255;255;0;0;0;0;0;0;0
67114;0;1;1;3;2;4;4;7;6;8;12;3;52;10;63;10;41;12;89;12;15;18;64;18;40;30;86;30;18;32;52;43;52;0;1;1;3;2;4;4;7;6;11;12;3;52;10;63;10;41;12;89;12;15;18;64;18;40;30;86;30;18;35;52;43;52;0;1;1;3;2;4;4;7;6;8;12;3;52;10;63;10;41;12;89;12;15;18;64;18;40;30;86;30;18;32;52;43;52;1;1;0;0;2;2;0;1;0;8;7;1;0;0;0;0;0;0;0;0;0;0;0;0;1;1;1;4;4;5;7;6;11;12;3;52;11;52;11;72;11;32;20;64;20;40;27;53;29;88;29;16;35;52;43;52;0;1;1;1;4;4;5;7;6;11;12;3;52;11;52;11;72;11;32;20;64;20;40;27;53;29;88;29;16;35;52;43;52;0;1;1;1;4;4;5;7;6;11;12;3;52;11;52;11;72;11;32;20;64;20;40;27;53;29;88;29;16;35;52;43;52;0;1;0;0;3;2;0;1;1;7;8;2;0;0;0;0;0;0;0;0;0;0;0;0;1;1;3;2;4;4;7;6;8;12;3;52;10;63;10;41;12;89;12;15;18;64;18;40;30;86;30;18;32;52;43;52;0;1;1;3;2;4;4;7;6;11;12;3;52;10;63;10;41;12;89;12;15;18;64;18;40;30;86;30;18;35;52;43;52;0;1;1;3;2;4;4;7;6;8;12;3;52;10;63;10;41;12;89;12;15;18;64;18;40;30;86;30;18;32;52;43;52;1;1;0;0;2;2;0;1;0;8;7;1;0;0;0;0;0;0;0;0;0;0;0;0;3;2;9;4;13;11;21;14;17;22;1;5;6;7;8;10;15;16;20;19;23;24;12;18;25;26;27;28;29;30;31;32;33;34;35;36;37;38;39;9;9;9;9;9;9;21;255;255;255;0;0;0;0;0;0;0
68138;0;1;1;3;2;4;4;7;6;8;12;3;52;10;63;10;41;12;89;12;15;18;64;18;40;32;90;32;14;32;52;43;52;0;1;1;3;2;4;4;10;9;8;12;3;52;11;64;11;40;13;88;13;16;19;64;19;40;35;88;35;15;31;52;43;52;0;1;1;3;2;4;4;7;6;8;12;3;52;11;64;11;40;13;88;13;16;19;64;19;40;31;88;31;16;31;52;43;52;1;1;1;1;4;3;0;1;0;5;4;2;0;0;0;0;0;0;0;0;0;0;0;0;1;1;3;2;4;4;7;6;8;12;3;52;11;65;11;41;12;93;12;15;21;65;21;40;28;92;28;14;30;53;41;52;0;1;1;3;2;4;4;7;6;8;12;3;52;11;65;11;41;12;93;12;15;21;65;21;40;28;92;28;14;30;53;41;52;0;1;1;3;2;4;4;7;6;8;12;3;52;11;65;11;41;12;93;12;15;21;65;21;40;28;92;28;14;30;53;41;52;0;0;0;0;6;2;1;0;1;5;6;2;0;0;0;0;0;0;0;0;0;0;0;0;1;1;3;2;4;4;7;6;8;12;3;52;10;63;10;41;12;89;12;15;18;64;18;40;32;90;32;14;32;52;43;52;0;1;1;3;2;4;4;10;9;8;12;3;52;11;64;11;40;13;88;13;16;19;64;19;40;35;88;35;15;31;52;43;52;0;1;1;3;2;4;4;7;6;8;12;3;52;11;64;11;40;13;88;13;16;19;64;19;40;31;88;31;16;31;52;43;52;1;1;1;1;4;3;0;1;0;5;4;2;0;0;0;0;0;0;0;0;0;0;0;0;5;6;12;9;15;14;11;18;16;21;1;4;7;10;13;17;23;20;27;24;25;26;2;3;8;19;22;28;29;30;31;32;33;34;35;36;37;38;39;6;9;9;9;9;9;6;255;255;255;0;0;0;0;0;0;0
68179;0;1;1;3;2;4;5;5;10;9;12;3;52;10;63;10;41;12;89;12;15;22;52;32;70;32;34;39;86;39;18;43;52;0;1;1;3;2;5;8;8;10;9;12;3;52;10;63;10;41;15;88;15;16;22;52;32;70;32;34;45;94;45;10;43;52;0;1;1;3;2;4;5;5;10;9;12;3;52;10;63;10;41;12;89;12;15;22;52;27;79;27;25;39;86;39;18;43;52;0;0;0;0;6;3;1;0;1;3;8;2;0;0;0;0;0;0;0;0;0;0;0;0;1;1;3;2;4;5;5;7;6;12;3;52;10;63;10;41;12;89;12;15;19;51;25;69;25;34;29;94;29;10;43;52;0;1;1;3;2;4;5;5;10;9;12;3;52;10;63;10;41;12;89;12;15;19;51;25;69;25;34;35;94;35;10;43;52;0;1;1;3;2;4;5;5;7;6;12;3;52;10;63;10;41;12;89;12;15;19;51;25;69;25;34;29;94;29;10;43;52;0;0;1;0;7;2;1;0;1;2;9;3;0;0;0;0;0;0;0;0;0;0;0;0;1;1;3;2;4;5;5;10;9;12;3;52;10;63;10;41;12;89;12;15;22;52;32;70;32;34;39;86;39;18;43;52;0;1;1;3;2;5;8;8;10;9;12;3;52;10;63;10;41;15;88;15;16;22;52;32;70;32;34;45;94;45;10;43;52;0;1;1;3;2;4;5;5;10;9;12;3;52;10;63;10;41;12;89;12;15;22;52;27;79;27;25;39;86;39;18;43;52;0;0;0;0;6;3;1;0;1;3;8;2;0;0;0;0;0;0;0;0;0;0;0;0;4;3;12;9;13;16;19;21;22;24;1;5;6;7;10;11;18;20;25;27;23;26;2;8;15;17;14;28;29;30;31;32;33;34;35;36;37;38;39;0;9;9;9;9;9;21;255;255;255;0;0;0;0;0;0;0
69706;0;1;1;3;2;4;4;7;6;12;12;3;52;10;63;10;41;12;89;12;15;20;64;20;40;30;87;30;18;43;67;43;38;0;1;1;3;2;5;5;7;6;12;12;3;52;10;63;10;41;12;89;12;15;23;62;23;42;30;87;30;18;43;67;43;38;0;1;1;3;2;4;4;7;6;11;12;3;52;10;63;10;41;12;89;12;15;20;64;20;40;30;87;30;18;39;66;43;38;1;0;0;1;4;2;0;1;1;7;2;1;0;0;0;0;0;0;0;0;0;0;0;0;1;1;3;2;4;8;8;10;9;12;3;52;10;63;10;41;12;89;12;15;18;52;32;70;32;34;42;85;42;19;43;52;0;1;1;3;2;4;8;8;10;9;12;3;52;10;63;10;41;12;89;12;15;18;52;32;70;32;34;42;85;42;19;43;52;0;1;1;3;2;4;8;8;10;9;12;3;52;10;63;10;41;12;89;12;15;18;52;32;70;32;34;42;85;42;19;43;52;1;1;1;1;1;2;1;1;1;1;1;2;0;0;0;0;0;0;0;0;0;0;0;0;1;1;3;2;4;4;7;6;12;12;3;52;10;63;10;41;12;89;12;15;20;64;20;40;30;87;30;18;43;67;43;38;0;1;1;3;2;5;5;7;6;12;12;3;52;10;63;10;41;12;89;12;15;23;62;23;42;30;87;30;18;43;67;43;38;0;1;1;3;2;4;4;7;6;11;12;3;52;10;63;10;41;12;89;12;15;20;64;20;40;30;87;30;18;39;66;43;38;1;0;0;1;4;2;0;1;1;7;2;1;0;0;0;0;0;0;0;0;0;0;0;0;4;5;9;3;12;11;17;16;22;21;1;2;6;7;8;13;10;18;15;19;14;20;23;24;25;26;27;28;29;30;31;32;33;34;35;36;37;38;39;16;9;9;9;9;9;5;255;255;255;0;0;0;0;0;0;0
69709;0;1;1;3;2;4;4;7;6;8;12;3;52;10;63;10;41;12;89;12;15;18;64;18;40;30;86;30;18;32;52;43;52;0;1;1;3;2;4;4;7;6;11;12;3;52;10;63;10;41;12;89;12;15;18;64;18;40;30;86;30;18;35;52;43;52;0;1;1;3;2;4;4;7;6;8;12;3;52;10;63;10;41;12;89;12;15;18;64;18;40;30;86;30;18;32;52;43;52;0;1;1;0;7;3;1;0;1;4;6;2;0;0;0;0;0;0;0;0;0;0;0;0;1;1;1;4;4;7;6;8;8;12;3;52;10;52;10;73;10;31;19;40;19;61;22;90;22;13;32;70;32;34;43;52;0;1;1;1;4;4;7;6;8;8;12;3;52;10;52;10;73;10;31;19;40;19;61;22;90;22;13;32;70;32;34;43;52;0;1;1;1;4;4;7;6;8;8;12;3;52;10;52;10;73;10;31;19;40;19;61;22;90;22;13;32;70;32;34;43;52;0;1;1;0;8;1;1;0;1;1;7;3;0;0;0;0;0;0;0;0;0;0;0;0;1;1;3;2;4;4;7;6;8;12;3;52;10;63;10;41;12;89;12;15;18;64;18;40;30;86;30;18;32;52;43;52;0;1;1;3;2;4;4;7;6;11;12;3;52;10;63;10;41;12;89;12;15;18;64;18;40;30;86;30;18;35;52;43;52;0;1;1;3;2;4;4;7;6;8;12;3;52;10;63;10;41;12;89;12;15;18;64;18;40;30;86;30;18;32;52;43;52;0;1;1;0;7;3;1;0;1;4;6;2;0;0;0;0;0;0;0;0;0;0;0;0;6;3;7;9;14;13;10;18;17;25;1;4;5;8;11;15;12;19;20;21;22;24;2;16;23;26;27;28;29;30;31;32;33;34;35;36;37;38;39;6;9;9;9;9;9;10;255;255;255;0;0;0;0;0;0;0
69710;0;1;1;3;2;5;5;8;10;9;12;3;52;10;63;10;41;12;89;12;15;20;65;20;39;29;52;37;85;37;18;43;52;0;1;1;3;2;5;5;8;10;9;12;3;52;10;63;10;41;12;89;12;15;20;65;20;39;29;52;37;85;37;18;43;52;0;1;1;3;2;4;4;5;10;9;12;3;52;10;63;10;41;12;89;12;15;20;65;20;39;29;52;37;85;37;18;43;52;1;1;1;1;6;3;0;0;1;6;6;2;0;0;0;0;0;0;0;0;0;0;0;0;1;1;3;2;4;5;5;7;6;12;3;52;10;63;10;41;12;89;12;15;20;51;25;70;25;33;32;92;32;12;43;52;0;1;1;3;2;4;5;5;7;6;12;3;52;10;63;10;41;12;89;12;15;20;51;25;70;25;33;32;92;32;12;43;52;0;1;1;3;2;4;5;5;7;6;12;3;52;10;63;10;41;12;89;12;15;20;51;25;70;25;33;32;92;32;12;43;52;1;1;0;0;5;1;0;0;1;7;4;3;0;0;0;0;0;0;0;0;0;0;0;0;1;1;3;2;5;5;8;10;9;12;3;52;10;63;10;41;12;89;12;15;20;65;20;39;29;52;37;85;37;18;43;52;0;1;1;3;2;5;5;8;10;9;12;3;52;10;63;10;41;12;89;12;15;20;65;20;39;29;52;37;85;37;18;43;52;0;1;1;3;2;4;4;5;10;9;12;3;52;10;63;10;41;12;89;12;15;20;65;20;39;29;52;37;85;37;18;43;52;1;1;1;1;6;3;0;0;1;6;6;2;0;0;0;0;0;0;0;0;0;0;0;0;3;6;12;9;15;14;17;20;21;26;1;5;7;10;11;22;13;16;18;23;24;25;2;4;8;19;27;28;29;30;31;32;33;34;35;36;37;38;39;6;9;9;9;9;9;14;255;255;255;0;0;0;0;0;0;0
69714;0;1;1;1;3;2;4;5;5;12;12;3;52;10;52;10;73;10;31;15;89;15;15;19;53;29;75;29;30;43;68;43;38;0;1;1;1;3;2;4;5;5;12;12;3;52;10;52;10;73;10;31;15;89;15;15;19;53;29;75;29;30;43;68;43;38;0;1;1;1;3;2;4;5;5;12;12;3;52;10;52;10;73;10;31;15;89;15;15;19;53;29;75;29;30;43;68;43;38;1;0;0;1;3;2;0;0;0;7;3;1;0;0;0;0;0;0;0;0;0;0;0;0;1;1;1;3;2;4;4;5;12;12;3;52;10;52;10;73;10;31;15;89;15;15;20;64;20;40;29;51;43;68;43;38;0;1;1;1;3;2;4;4;5;12;12;3;52;10;52;10;73;10;31;15;89;15;15;20;64;20;40;29;51;43;68;43;38;0;1;1;1;3;2;4;4;5;12;12;3;52;10;52;10;73;10;31;15;89;15;15;20;64;20;40;29;51;43;68;43;38;1;0;0;1;5;1;0;0;0;8;4;2;0;0;0;0;0;0;0;0;0;0;0;0;1;1;1;3;2;4;5;5;12;12;3;52;10;52;10;73;10;31;15;89;15;15;19;53;29;75;29;30;43;68;43;38;0;1;1;1;3;2;4;5;5;12;12;3;52;10;52;10;73;10;31;15;89;15;15;19;53;29;75;29;30;43;68;43;38;0;1;1;1;3;2;4;5;5;12;12;3;52;10;52;10;73;10;31;15;89;15;15;19;53;29;75;29;30;43;68;43;38;1;0;0;1;3;2;0;0;0;7;3;1;0;0;0;0;0;0;0;0;0;0;0;0;4;2;3;8;6;9;13;10;11;16;1;5;7;12;14;15;18;17;19;20;21;22;23;24;25;26;27;28;29;30;31;32;33;34;35;36;37;38;39;2;9;9;9;9;9;10;255;255;255;0;0;0;0;0;0;0
70481;0;1;1;1;3;2;4;5;5;8;12;3;52;10;52;10;73;10;31;15;89;15;15;19;52;23;76;23;27;32;52;43;52;0;1;1;1;3;2;4;5;5;8;12;3;52;10;52;10;73;10;31;15;89;15;15;19;52;23;76;23;27;32;52;43;52;0;1;1;1;3;2;4;5;5;8;12;3;52;10;52;10;73;10;31;15;89;15;15;19;52;23;76;23;27;32;52;43;52;0;1;1;1;7;2;1;1;0;4;2;2;0;0;0;0;0;0;0;0;0;0;0;0;1;1;1;3;2;4;4;4;8;12;3;52;10;52;10;73;10;31;15;89;15;15;19;52;23;76;23;27;32;52;43;52;0;1;1;1;3;2;4;4;4;8;12;3;52;10;52;10;73;10;31;15;89;15;15;19;52;23;76;23;27;32;52;43;52;0;1;1;1;3;2;4;4;4;8;12;3;52;10;52;10;73;10;31;15;89;15;15;19;52;23;76;23;27;32;52;43;52;0;1;1;1;10;1;1;1;0;7;4;3;0;0;0;0;0;0;0;0;0;0;0;0;1;1;1;3;2;4;5;5;8;12;3;52;10;52;10;73;10;31;15;89;15;15;19;52;23;76;23;27;32;52;43;52;0;1;1;1;3;2;4;5;5;8;12;3;52;10;52;10;73;10;31;15;89;15;15;19;52;23;76;23;27;32;52;43;52;0;1;1;1;3;2;4;5;5;8;12;3;52;10;52;10;73;10;31;15;89;15;15;19;52;23;76;23;27;32;52;43;52;0;1;1;1;7;2;1;1;0;4;2;2;0;0;0;0;0;0;0;0;0;0;0;0;4;6;3;7;10;12;23;16;21;26;1;5;8;13;14;15;18;19;20;24;25;28;2;9;11;17;22;27;29;30;31;32;33;34;35;36;37;38;39;16;16;12;16;16;21;10;255;255;255;0;0;0;0;0;0;0
70484;0;1;1;3;2;4;5;5;10;9;12;3;52;11;64;11;40;13;88;13;16;19;52;25;64;25;40;39;92;39;12;41;52;0;1;1;3;2;4;5;5;11;11;12;3;52;11;64;11;40;13;88;13;16;19;52;25;64;25;40;36;82;36;22;41;52;0;1;1;3;2;4;4;4;10;9;12;3;52;11;64;11;40;13;88;13;16;19;52;25;64;25;40;39;92;39;12;41;52;0;0;0;0;2;3;0;0;0;4;5;2;0;0;0;0;0;0;0;0;0;0;0;0;1;1;3;2;4;5;5;7;6;12;3;52;11;64;11;40;13;88;13;16;19;52;25;64;25;40;25;88;25;16;41;52;0;1;1;3;2;4;5;5;7;6;12;3;52;11;64;11;40;13;88;13;16;19;52;25;64;25;40;25;88;25;16;41;52;0;1;1;3;2;4;5;5;7;6;12;3;52;11;64;11;40;13;88;13;16;19;52;25;64;25;40;25;88;25;16;41;52;0;0;0;0;4;1;0;0;0;4;2;2;0;0;0;0;0;0;0;0;0;0;0;0;1;1;3;2;4;5;5;10;9;12;3;52;11;64;11;40;13;88;13;16;19;52;25;64;25;40;39;92;39;12;41;52;0;1;1;3;2;4;5;5;11;11;12;3;52;11;64;11;40;13;88;13;16;19;52;25;64;25;40;36;82;36;22;41;52;0;1;1;3;2;4;4;4;10;9;12;3;52;11;64;11;40;13;88;13;16;19;52;25;64;25;40;39;92;39;12;41;52;0;0;0;0;2;3;0;0;0;4;5;2;0;0;0;0;0;0;0;0;0;0;0;0;4;3;13;10;17;21;19;32;34;36;1;5;6;12;14;18;8;20;29;30;33;35;2;7;9;11;15;24;16;22;23;25;26;31;28;27;37;38;39;10;21;21;19;19;34;10;255;255;255;0;0;0;0;0;0;0
70487;0;1;1;3;2;5;5;7;6;12;12;3;52;10;63;10;41;12;89;12;15;20;64;20;40;30;87;30;18;43;67;43;38;0;1;1;3;2;5;5;10;9;12;12;3;52;10;63;10;41;12;89;12;15;20;64;20;40;35;88;35;16;43;67;43;38;0;1;1;3;2;4;4;7;6;11;12;3;52;11;64;11;40;13;88;13;16;19;40;19;64;31;88;31;16;35;52;43;52;0;1;0;1;4;2;1;0;1;4;5;3;0;0;0;0;0;0;0;0;0;0;0;0;1;1;3;2;4;5;7;6;5;12;3;52;11;64;11;40;13;88;13;16;18;51;25;65;31;88;31;16;25;38;43;52;0;1;1;3;2;4;5;7;6;5;12;3;52;11;64;11;40;13;88;13;16;18;51;25;65;31;88;31;16;25;38;43;52;0;1;1;3;2;4;5;7;6;5;12;3;52;11;64;11;40;13;88;13;16;18;51;25;65;31;88;31;16;25;38;43;52;0;1;1;1;5;1;1;1;1;5;5;3;0;0;0;0;0;0;0;0;0;0;0;0;1;1;3;2;5;5;7;6;12;12;3;52;10;63;10;41;12;89;12;15;20;64;20;40;30;87;30;18;43;67;43;38;0;1;1;3;2;5;5;10;9;12;12;3;52;10;63;10;41;12;89;12;15;20;64;20;40;35;88;35;16;43;67;43;38;0;1;1;3;2;4;4;7;6;11;12;3;52;11;64;11;40;13;88;13;16;19;40;19;64;31;88;31;16;35;52;43;52;0;1;0;1;4;2;1;0;1;4;5;3;0;0;0;0;0;0;0;0;0;0;0;0;3;4;7;6;11;25;19;18;21;27;1;5;8;10;15;14;16;26;17;24;22;23;2;9;12;13;28;20;29;30;31;32;33;34;35;36;37;38;39;4;25;25;25;25;21;7;255;255;255;0;0;0;0;0;0;0
70490;0;1;1;1;3;2;5;5;7;6;12;3;52;10;52;10;73;10;31;15;89;15;15;23;65;23;39;34;87;34;18;43;52;0;1;1;1;7;6;5;5;11;11;12;3;52;10;52;10;73;10;31;17;88;17;16;23;65;23;39;36;80;36;25;43;52;0;1;1;1;3;2;4;4;7;6;12;3;52;10;52;10;73;10;31;15;89;15;15;23;65;23;39;34;87;34;18;43;52;0;0;1;1;4;2;0;0;1;7;5;2;0;0;0;0;0;0;0;0;0;0;0;0;1;1;3;2;4;4;8;7;6;12;3;52;10;63;10;41;12;89;12;15;18;64;18;40;28;52;33;89;33;15;43;52;0;1;1;3;2;4;4;8;7;6;12;3;52;10;63;10;41;12;89;12;15;18;64;18;40;28;52;33;89;33;15;43;52;0;1;1;3;2;4;5;5;8;12;12;3;52;10;63;10;41;12;89;12;15;18;52;27;78;27;26;30;51;43;66;43;38;0;1;0;1;7;1;0;0;1;6;7;3;0;0;0;0;0;0;0;0;0;0;0;0;1;1;1;3;2;5;5;7;6;12;3;52;10;52;10;73;10;31;15;89;15;15;23;65;23;39;34;87;34;18;43;52;0;1;1;1;7;6;5;5;11;11;12;3;52;10;52;10;73;10;31;17;88;17;16;23;65;23;39;36;80;36;25;43;52;0;1;1;1;3;2;4;4;7;6;12;3;52;10;52;10;73;10;31;15;89;15;15;23;65;23;39;34;87;34;18;43;52;0;0;1;1;4;2;0;0;1;7;5;2;0;0;0;0;0;0;0;0;0;0;0;0;3;4;5;10;8;19;14;23;18;24;1;6;7;11;12;9;13;16;20;21;15;17;2;22;25;26;27;28;29;30;31;32;33;34;35;36;37;38;39;10;18;18;18;18;18;10;255;255;255;0;0;0;0;0;0;0
70923;0;1;1;3;2;4;5;5;10;9;12;3;52;10;63;10;41;12;89;12;15;18;52;27;67;27;37;40;91;40;13;43;52;0;1;1;3;2;4;5;5;10;9;12;3;52;10;63;10;41;12;89;12;15;18;52;27;67;27;37;40;91;40;13;43;52;0;1;1;3;2;4;5;5;7;6;12;3;52;10;63;10;41;12;89;12;15;18;52;27;67;27;37;34;92;34;11;43;52;0;1;0;1;3;2;1;0;0;6;7;1;0;0;0;0;0;0;0;0;0;0;0;0;1;1;3;2;4;5;5;7;6;12;3;52;10;63;10;41;12;89;12;15;18;52;28;67;28;37;28;94;28;10;43;52;0;1;1;3;2;4;5;5;7;6;12;3;52;10;63;10;41;12;89;12;15;18;52;28;67;28;37;28;94;28;10;43;52;0;1;1;3;2;4;5;5;7;6;12;3;52;10;63;10;41;12;89;12;15;18;52;28;67;28;37;28;94;28;10;43;52;0;1;0;1;7;1;1;0;0;3;5;2;0;0;0;0;0;0;0;0;0;0;0;0;1;1;3;2;4;5;5;10;9;12;3;52;10;63;10;41;12;89;12;15;18;52;27;67;27;37;40;91;40;13;43;52;0;1;1;3;2;4;5;5;10;9;12;3;52;10;63;10;41;12;89;12;15;18;52;27;67;27;37;40;91;40;13;43;52;0;1;1;3;2;4;5;5;7;6;12;3;52;10;63;10;41;12;89;12;15;18;52;27;67;27;37;34;92;34;11;43;52;0;1;0;1;3;2;1;0;0;6;7;1;0;0;0;0;0;0;0;0;0;0;0;0;4;2;8;6;9;10;13;17;16;18;1;3;5;20;7;11;14;19;15;12;21;22;23;24;25;26;27;28;29;30;31;32;33;34;35;36;37;38;39;9;9;9;9;9;9;8;255;255;255;0;0;0;0;0;0;0
70924;0;1;1;3;2;4;4;5;5;8;12;3;52;10;63;10;41;12;89;12;15;18;64;18;40;26;78;26;26;32;52;43;52;0;1;1;3;2;4;4;8;8;8;12;3;52;10;63;10;41;12;89;12;15;18;64;18;40;32;79;32;24;32;52;43;52;0;1;1;3;2;4;4;5;5;8;12;3;52;10;63;10;41;12;89;12;15;18;64;18;40;26;80;26;25;32;52;43;52;0;1;1;1;7;3;0;0;1;5;4;3;0;0;0;0;0;0;0;0;0;0;0;0;1;1;1;3;2;4;4;5;12;12;3;52;11;52;11;72;11;32;15;88;15;16;21;64;21;40;27;52;43;64;43;40;0;1;1;1;3;2;4;4;5;12;12;3;52;11;52;11;72;11;32;15;88;15;16;21;64;21;40;27;52;43;64;43;40;0;1;1;1;3;2;4;4;5;12;12;3;52;11;52;11;72;11;32;15;88;15;16;21;64;21;40;27;52;43;64;43;40;0;1;1;0;7;3;0;1;1;5;4;3;0;0;0;0;0;0;0;0;0;0;0;0;1;1;3;2;4;4;5;5;8;12;3;52;10;63;10;41;12;89;12;15;18;64;18;40;26;78;26;26;32;52;43;52;0;1;1;3;2;4;4;8;8;8;12;3;52;10;63;10;41;12;89;12;15;18;64;18;40;32;79;32;24;32;52;43;52;0;1;1;3;2;4;4;5;5;8;12;3;52;10;63;10;41;12;89;12;15;18;64;18;40;26;80;26;25;32;52;43;52;0;1;1;1;7;3;0;0;1;5;4;3;0;0;0;0;0;0;0;0;0;0;0;2;4;3;12;9;17;16;15;20;19;25;0;5;6;8;10;14;18;21;22;23;24;26;1;7;11;13;27;28;29;30;31;32;33;34;35;36;37;38;39;3;9;9;9;9;9;20;255;255;255;0;0;0;0;0;0;0
70930;0;1;1;3;2;4;5;5;7;6;12;3;52;11;64;11;40;13;88;13;16;19;52;25;68;25;36;33;84;33;20;43;52;0;1;1;3;2;4;5;5;10;9;12;3;52;11;64;11;40;13;88;13;16;19;52;25;68;25;36;36;87;36;16;43;52;0;1;1;3;2;4;5;5;7;6;12;3;52;11;64;11;40;13;88;13;16;19;52;25;68;25;36;33;84;33;20;43;52;1;1;1;1;4;1;0;1;0;5;4;2;0;0;0;0;0;0;0;0;0;0;0;0;1;1;3;2;4;4;5;7;6;12;3;52;11;64;11;40;13;88;13;16;20;64;20;40;27;51;33;84;33;20;43;52;0;1;1;3;2;4;4;5;7;6;12;3;52;11;64;11;40;13;88;13;16;20;64;20;40;27;51;33;84;33;20;43;52;0;1;1;3;2;4;4;5;7;6;12;3;52;11;64;11;40;13;88;13;16;20;64;20;40;27;51;33;84;33;20;43;52;0;0;0;0;6;2;1;0;1;5;6;2;0;0;0;0;0;0;0;0;0;0;0;0;1;1;3;2;4;5;5;7;6;12;3;52;11;64;11;40;13;88;13;16;19;52;25;68;25;36;33;84;33;20;43;52;0;1;1;3;2;4;5;5;10;9;12;3;52;11;64;11;40;13;88;13;16;19;52;25;68;25;36;36;87;36;16;43;52;0;1;1;3;2;4;5;5;7;6;12;3;52;11;64;11;40;13;88;13;16;19;52;25;68;25;36;33;84;33;20;43;52;1;1;1;1;4;1;0;1;0;5;4;2;0;0;0;0;0;0;0;0;0;0;0;0;7;4;13;9;14;17;16;23;21;27;1;5;6;8;10;12;15;18;19;24;26;30;2;3;11;20;22;25;28;29;31;32;33;34;35;36;37;38;39;7;9;9;9;9;9;14;255;255;255;0;0;0;0;0;0;0
70937;0;1;1;3;2;4;4;7;6;8;12;3;52;10;63;10;41;12;89;12;15;18;64;18;40;32;88;32;16;34;51;43;52;0;1;1;3;2;5;5;10;9;8;12;3;52;10;63;10;41;12;89;12;15;20;64;20;40;35;86;35;17;34;51;43;51;0;1;1;3;2;4;4;7;6;5;12;3;52;10;63;10;41;12;89;12;15;20;64;20;40;24;88;24;18;30;51;41;53;1;1;0;1;4;2;1;1;1;4;8;2;0;0;0;0;0;0;0;0;0;0;0;0;1;1;3;2;4;4;7;6;8;12;3;52;10;63;10;41;12;89;12;15;20;64;20;40;30;86;30;18;30;53;42;52;0;1;1;3;2;4;4;7;6;8;12;3;52;10;63;10;41;12;89;12;15;20;64;20;40;30;86;30;18;30;53;42;52;0;1;1;3;2;4;4;7;6;8;12;3;52;10;63;10;41;12;89;12;15;20;64;20;40;30;86;30;18;30;53;42;52;1;1;0;1;6;2;1;1;1;4;7;3;0;0;0;0;0;0;0;0;0;0;0;0;1;1;3;2;4;4;7;6;8;12;3;52;10;63;10;41;12;89;12;15;18;64;18;40;32;88;32;16;34;51;43;52;0;1;1;3;2;5;5;10;9;8;12;3;52;10;63;10;41;12;89;12;15;20;64;20;40;35;86;35;17;34;51;43;51;0;1;1;3;2;4;4;7;6;5;12;3;52;10;63;10;41;12;89;12;15;20;64;20;40;24;88;24;18;30;51;41;53;1;1;0;1;4;2;1;1;1;4;8;2;0;0;0;0;0;0;0;0;0;0;0;1;7;4;10;8;12;13;11;20;17;25;0;3;5;9;6;14;15;18;16;21;23;24;2;19;22;26;27;28;29;30;31;32;33;34;35;36;37;38;39;10;17;12;17;17;17;8;255;255;255;0;0;0;0;0;0;0
71134;0;1;1;3;2;5;5;8;10;9;12;3;52;10;63;10;41;15;94;15;10;24;65;24;39;34;52;37;88;37;16;43;52;0;1;1;3;2;5;5;8;10;9;12;3;52;10;63;10;41;15;94;15;10;24;65;24;39;34;52;43;88;43;16;43;52;0;1;1;3;2;4;4;8;7;6;12;3;52;10;63;10;41;11;89;11;15;24;65;24;39;34;52;34;90;34;15;43;52;0;0;0;1;6;3;1;1;0;5;2;2;0;0;0;0;0;0;0;0;0;0;0;0;1;1;3;2;4;4;5;7;6;12;3;52;11;64;11;40;13;88;13;16;21;64;21;39;28;51;29;92;29;12;42;50;0;1;1;3;2;4;4;5;7;6;12;3;52;11;64;11;40;13;88;13;16;21;64;21;39;28;51;29;92;29;12;42;50;0;1;1;3;2;4;4;5;7;6;12;3;52;11;64;11;40;13;88;13;16;21;64;21;39;28;51;29;92;29;12;42;50;0;0;0;0;7;2;1;1;0;4;6;3;0;0;0;0;0;0;0;0;0;0;0;0;1;1;3;2;5;5;8;10;9;12;3;52;10;63;10;41;15;94;15;10;24;65;24;39;34;52;37;88;37;16;43;52;0;1;1;3;2;5;5;8;10;9;12;3;52;10;63;10;41;15;94;15;10;24;65;24;39;34;52;43;88;43;16;43;52;0;1;1;3;2;4;4;8;7;6;12;3;52;10;63;10;41;11;89;11;15;24;65;24;39;34;52;34;90;34;15;43;52;0;0;0;1;6;3;1;1;0;5;2;2;0;0;0;0;0;0;0;0;0;0;0;0;4;3;11;8;14;13;17;19;18;20;1;2;22;5;6;7;9;10;12;16;15;21;23;24;25;26;27;28;29;30;31;32;33;34;35;36;37;38;39;4;17;14;14;14;20;18;255;255;255;0;0;0;0;0;0;0
71135;0;1;1;1;3;2;4;4;5;12;12;3;52;11;52;11;72;11;32;15;92;15;12;21;65;21;39;29;52;43;68;43;36;0;1;1;1;3;2;4;4;5;12;12;3;52;11;52;11;72;11;32;15;92;15;12;21;65;21;39;29;52;43;68;43;36;0;1;1;1;3;2;4;4;5;12;12;3;52;11;52;11;72;11;32;15;92;15;12;21;65;21;39;29;52;43;68;43;36;1;1;0;1;5;3;0;0;0;5;4;3;0;0;0;0;0;0;0;0;0;0;0;0;1;1;1;3;2;4;5;5;12;12;3;52;11;52;11;72;11;32;15;92;15;12;25;52;27;76;27;28;43;68;43;36;0;1;1;1;3;2;4;5;5;12;12;3;52;11;52;11;72;11;32;15;92;15;12;25;52;27;76;27;28;43;68;43;36;0;1;1;1;3;2;4;5;5;12;12;3;52;11;52;11;72;11;32;15;92;15;12;25;52;27;76;27;28;43;68;43;36;0;0;0;0;4;1;1;0;0;7;8;3;0;0;0;0;0;0;0;0;0;0;0;0;1;1;1;3;2;4;4;5;12;12;3;52;11;52;11;72;11;32;15;92;15;12;21;65;21;39;29;52;43;68;43;36;0;1;1;1;3;2;4;4;5;12;12;3;52;11;52;11;72;11;32;15;92;15;12;21;65;21;39;29;52;43;68;43;36;0;1;1;1;3;2;4;4;5;12;12;3;52;11;52;11;72;11;32;15;92;15;12;21;65;21;39;29;52;43;68;43;36;1;1;0;1;5;3;0;0;0;5;4;3;0;0;0;0;0;0;0;0;0;0;0;1;4;3;2;6;5;7;9;20;15;14;0;21;8;10;13;11;19;12;17;18;16;22;23;24;25;26;27;28;29;30;31;32;33;34;35;36;37;38;39;9;9;9;9;9;9;14;255;255;255;0;0;0;0;0;0;0
71212;0;1;1;3;2;4;4;7;6;8;12;3;52;11;64;11;40;13;88;13;16;19;64;19;40;31;88;31;16;31;52;43;52;0;1;1;3;2;4;4;7;6;11;12;3;52;11;64;11;40;13;88;13;16;19;64;19;40;31;88;31;16;35;52;43;52;0;1;1;3;2;4;4;7;6;8;12;3;52;11;64;11;40;13;88;13;16;19;64;19;40;31;88;31;16;31;52;43;52;0;0;0;0;6;2;0;0;0;4;5;1;0;0;0;0;0;0;0;0;0;0;0;0;1;1;3;2;4;4;7;6;5;12;3;52;11;64;11;40;13;88;13;16;19;64;19;40;31;88;31;16;25;52;43;52;0;1;1;3;2;4;4;7;6;5;12;3;52;11;64;11;40;13;88;13;16;19;64;19;40;31;88;31;16;25;52;43;52;0;1;1;3;2;4;4;7;6;5;12;3;52;11;64;11;40;13;88;13;16;19;64;19;40;31;88;31;16;25;52;43;52;0;0;0;0;3;1;0;0;0;2;5;2;0;0;0;0;0;0;0;0;0;0;0;0;1;1;3;2;4;4;7;6;8;12;3;52;11;64;11;40;13;88;13;16;19;64;19;40;31;88;31;16;31;52;43;52;0;1;1;3;2;4;4;7;6;11;12;3;52;11;64;11;40;13;88;13;16;19;64;19;40;31;88;31;16;35;52;43;52;0;1;1;3;2;4;4;7;6;8;12;3;52;11;64;11;40;13;88;13;16;19;64;19;40;31;88;31;16;31;52;43;52;0;0;0;0;6;2;0;0;0;4;5;1;0;0;0;0;0;0;0;0;0;0;0;1;8;4;12;9;16;15;22;19;21;23;0;5;7;10;11;13;14;20;24;26;25;27;2;3;6;29;17;18;28;30;31;32;33;34;35;36;37;38;39;4;9;9;9;9;9;21;255;255;255;0;0;0;0;0;0;0
71311;0;1;1;3;2;4;4;4;10;9;12;3;52;10;63;10;41;12;89;12;15;18;52;24;69;24;33;42;85;42;19;43;52;0;1;1;3;2;4;4;4;10;9;12;3;52;10;63;10;41;12;89;12;15;18;52;24;69;24;33;42;85;42;19;43;52;0;1;1;3;2;4;4;4;10;9;12;3;52;10;63;10;41;12;89;12;15;18;52;24;69;24;33;42;85;42;19;43;52;1;0;1;1;4;2;1;0;1;4;5;2;0;0;0;0;0;0;0;0;0;0;0;0;1;1;3;2;4;4;5;10;9;12;3;52;10;63;10;41;12;89;12;15;19;68;19;37;28;52;42;85;42;19;43;52;0;1;1;3;2;4;4;5;10;9;12;3;52;10;63;10;41;12;89;12;15;19;68;19;37;28;52;42;85;42;19;43;52;0;1;1;3;2;4;4;5;10;9;12;3;52;10;63;10;41;12;89;12;15;19;68;19;37;28;52;42;85;42;19;43;52;1;0;1;1;2;2;1;0;1;3;2;3;0;0;0;0;0;0;0;0;0;0;0;0;1;1;3;2;4;4;4;10;9;12;3;52;10;63;10;41;12;89;12;15;18;52;24;69;24;33;42;85;42;19;43;52;0;1;1;3;2;4;4;4;10;9;12;3;52;10;63;10;41;12;89;12;15;18;52;24;69;24;33;42;85;42;19;43;52;0;1;1;3;2;4;4;4;10;9;12;3;52;10;63;10;41;12;89;12;15;18;52;24;69;24;33;42;85;42;19;43;52;1;0;1;1;4;2;1;0;1;4;5;2;0;0;0;0;0;0;0;0;0;0;0;0;6;3;5;2;10;8;7;20;13;18;1;4;11;9;17;15;19;12;14;16;21;22;23;24;25;26;27;28;29;30;31;32;33;34;35;36;37;38;39;3;18;10;3;3;18;7;255;255;255;0;0;0;0;0;0;0
71450;0;1;1;3;2;4;8;8;10;9;12;3;52;10;63;10;41;12;89;12;15;20;52;28;76;28;28;42;85;42;19;43;52;0;1;1;3;2;5;8;8;10;9;12;3;52;10;63;10;41;12;89;12;15;22;52;31;81;31;24;42;85;42;19;43;52;0;1;1;3;2;4;5;5;10;9;12;3;52;10;63;10;41;12;89;12;15;18;52;28;70;28;36;35;86;35;17;43;52;1;1;1;1;4;2;0;1;0;5;4;2;0;0;0;0;0;0;0;0;0;0;0;0;1;1;3;2;4;4;7;6;12;12;3;52;11;64;11;40;13;88;13;16;21;64;21;39;29;88;29;16;43;64;43;40;0;1;1;3;2;4;4;7;6;12;12;3;52;11;64;11;40;13;88;13;16;21;64;21;39;29;88;29;16;43;64;43;40;0;1;1;3;2;4;4;7;6;12;12;3;52;11;64;11;40;13;88;13;16;21;64;21;39;29;88;29;16;43;64;43;40;0;0;0;0;6;2;1;0;1;5;6;3;0;0;0;0;0;0;0;0;0;0;0;0;1;1;3;2;4;8;8;10;9;12;3;52;10;63;10;41;12;89;12;15;20;52;28;76;28;28;42;85;42;19;43;52;0;1;1;3;2;5;8;8;10;9;12;3;52;10;63;10;41;12;89;12;15;22;52;31;81;31;24;42;85;42;19;43;52;0;1;1;3;2;4;5;5;10;9;12;3;52;10;63;10;41;12;89;12;15;18;52;28;70;28;36;35;86;35;17;43;52;1;1;1;1;4;2;0;1;0;5;4;2;0;0;0;0;0;0;0;0;0;0;0;0;4;3;9;7;10;16;15;22;18;21;1;5;6;8;11;12;13;14;17;19;20;23;2;24;25;26;27;28;29;30;31;32;33;34;35;36;37;38;39;10;9;9;9;9;9;10;255;255;255;0;0;0;0;0;0;0
71574;0;1;1;1;4;4;7;6;5;12;12;3;52;10;52;10;73;10;31;18;64;18;40;26;91;26;13;32;52;43;66;43;38;0;1;1;1;5;5;7;6;5;12;12;3;52;10;52;10;73;10;31;18;64;18;40;26;91;26;13;32;52;43;66;43;38;0;1;1;1;4;4;3;2;5;12;12;3;52;10;52;10;73;10;31;18;64;18;40;15;89;15;15;32;52;43;66;43;38;1;1;1;0;4;2;1;0;1;5;6;2;0;0;0;0;0;0;0;0;0;0;0;0;1;1;1;4;4;3;2;5;12;12;3;52;10;52;10;73;10;31;18;64;18;40;13;90;13;14;32;52;43;66;43;38;0;1;1;1;4;4;3;2;5;12;12;3;52;10;52;10;73;10;31;18;64;18;40;13;90;13;14;32;52;43;66;43;38;0;1;1;1;4;4;3;2;5;12;12;3;52;10;52;10;73;10;31;18;64;18;40;13;90;13;14;32;52;43;66;43;38;1;0;1;0;5;1;1;0;1;4;9;3;0;0;0;0;0;0;0;0;0;0;0;0;1;1;1;4;4;7;6;5;12;12;3;52;10;52;10;73;10;31;18;64;18;40;26;91;26;13;32;52;43;66;43;38;0;1;1;1;5;5;7;6;5;12;12;3;52;10;52;10;73;10;31;18;64;18;40;26;91;26;13;32;52;43;66;43;38;0;1;1;1;4;4;3;2;5;12;12;3;52;10;52;10;73;10;31;18;64;18;40;15;89;15;15;32;52;43;66;43;38;1;1;1;0;4;2;1;0;1;5;6;2;0;0;0;0;0;0;0;0;0;0;0;0;3;4;2;11;12;18;17;15;21;20;1;5;6;7;9;10;14;13;16;19;22;23;8;24;25;26;27;28;29;30;31;32;33;34;35;36;37;38;39;2;15;15;15;15;21;18;255;255;255;0;0;0;0;0;0;0
71576;0;1;1;3;2;4;4;7;6;12;12;3;52;10;63;10;41;12;89;12;15;20;64;20;40;30;87;30;18;43;67;43;38;0;1;1;3;2;4;8;8;10;9;12;3;52;10;63;10;41;12;89;12;15;22;52;32;70;32;34;37;94;37;10;43;52;0;1;1;3;2;4;8;8;10;9;12;3;52;10;63;10;41;12;89;12;15;22;52;32;70;32;34;37;94;37;10;43;52;1;0;0;0;5;3;1;1;1;4;7;2;0;0;0;0;0;0;0;0;0;0;0;0;1;1;3;2;4;8;8;7;6;12;3;52;10;63;10;41;12;89;12;15;18;52;32;70;32;34;25;94;25;10;43;52;0;1;1;3;2;4;8;8;7;6;12;3;52;10;63;10;41;12;89;12;15;18;52;32;70;32;34;25;94;25;10;43;52;0;1;1;3;2;4;8;8;7;6;12;3;52;10;63;10;41;12;89;12;15;18;52;32;70;32;34;25;94;25;10;43;52;1;0;0;0;3;1;1;1;1;6;8;3;0;0;0;0;0;0;0;0;0;0;0;0;1;1;3;2;4;4;7;6;12;12;3;52;10;63;10;41;12;89;12;15;20;64;20;40;30;87;30;18;43;67;43;38;0;1;1;3;2;4;8;8;10;9;12;3;52;10;63;10;41;12;89;12;15;22;52;32;70;32;34;37;94;37;10;43;52;0;1;1;3;2;4;8;8;10;9;12;3;52;10;63;10;41;12;89;12;15;22;52;32;70;32;34;37;94;37;10;43;52;1;0;0;0;5;3;1;1;1;4;7;2;0;0;0;0;0;0;0;0;0;0;0;0;7;4;9;23;5;14;22;19;25;24;1;3;6;10;11;12;13;21;16;15;20;26;2;8;17;18;27;28;29;30;31;32;33;34;35;36;37;38;39;9;9;9;9;9;9;19;255;255;255;0;0;0;0;0;0;0
71577;0;1;1;3;2;5;5;7;6;8;12;3;52;11;64;11;40;13;88;13;16;19;64;19;40;31;88;31;16;31;52;43;52;0;1;1;3;2;5;5;7;6;8;12;3;52;11;64;11;40;13;88;13;16;19;64;19;40;31;88;31;16;31;52;43;52;0;1;1;3;2;5;5;7;6;8;12;3;52;11;64;11;40;13;88;13;16;19;64;19;40;31;88;31;16;31;52;43;52;1;1;1;0;2;2;1;1;0;7;4;2;0;0;0;0;0;0;0;0;0;0;0;0;1;1;3;2;4;4;7;6;5;12;3;52;11;64;11;40;13;88;13;16;19;64;19;40;31;88;31;16;26;51;43;52;0;1;1;3;2;4;4;7;6;5;12;3;52;11;64;11;40;13;88;13;16;19;64;19;40;31;88;31;16;26;51;43;52;0;1;1;3;2;4;4;7;6;5;12;3;52;11;64;11;40;13;88;13;16;19;64;19;40;31;88;31;16;26;51;43;52;1;1;1;0;3;2;1;1;0;5;5;2;0;0;0;0;0;0;0;0;0;0;0;0;1;1;3;2;5;5;7;6;8;12;3;52;11;64;11;40;13;88;13;16;19;64;19;40;31;88;31;16;31;52;43;52;0;1;1;3;2;5;5;7;6;8;12;3;52;11;64;11;40;13;88;13;16;19;64;19;40;31;88;31;16;31;52;43;52;0;1;1;3;2;5;5;7;6;8;12;3;52;11;64;11;40;13;88;13;16;19;64;19;40;31;88;31;16;31;52;43;52;1;1;1;0;2;2;1;1;0;7;4;2;0;0;0;0;0;0;0;0;0;0;0;0;5;3;10;9;15;18;24;22;19;27;1;4;6;11;23;13;16;20;17;21;25;26;2;7;8;28;12;14;29;30;31;32;33;34;35;36;37;38;39;3;9;9;9;9;9;10;255;255;255;0;0;0;0;0;0;0
