Id;Player1;Player2;Player3;Player4;Player5;Player6;Player7;Player8;Player9;Player10;Player11;Player12;Player13;Player14;Player15;Player16;Player17;Player18;Player19;Player20;Player21;Player22;Player23;Player24;Player25;Player26;Player27;Player28;Player29;Player30;Player31;Player32;Player33;Player34;Player35;Player36;Player37;Player38;Player39;Player40;Number1;Number2;Number3;Number4;Number5;Number6;Number7;Number8;Number9;Number10;Number11;Number12;Number13;Number14;Number15;Number16;Number17;Number18;Number19;Number20;Number21;Number22;Number23;Number24;Number25;Number26;Number27;Number28;Number29;Number30;Number31;Number32;Number33;Number34;Number35;Number36;Number37;Number38;Number39;Number40;Value1;Value2;Value3;Value4;Value5;Value6;Value7;Value8;Value9;Value10;Value11;Value12;Value13;Value14;Value15;Value16;Value17;Value18;Value19;Value20;Value21;Value22;Value23;Value24;Value25;Value26;Value27;Value28;Value29;Value30;Value31;Value32;Value33;Value34;Value35;Value36;Value37;Value38;Value39;Value40;TotalPlayers
1;114022;126908;157128;130524;117999;147647;157291;156912;47375;114907;157256;126868;40283;131731;118411;136713;106435;140059;59767;161536;132109;174943;121987;132624;133107;152299;0;0;0;0;0;0;0;0;0;0;0;0;0;0;1;16;23;4;5;22;27;15;6;28;7;25;3;17;8;13;2;9;11;24;21;12;18;20;10;14;0;0;0;0;0;0;0;0;0;0;0;0;0;0;0;0;0;0;0;0;0;0;0;0;0;0;0;0;0;0;0;0;0;0;0;0;0;0;0;0;0;0;0;0;0;0;0;0;0;0;0;0;0;0;26
2;110698;121423;162072;104668;173586;126919;165766;153941;169604;157846;160495;157979;171538;144274;123990;134472;101764;128054;140973;159446;118527;174884;166205;170693;138073;101091;0;0;0;0;0;0;0;0;0;0;0;0;0;0;20;1;4;24;3;6;14;13;15;5;16;10;8;12;22;21;23;11;18;2;17;7;19;9;26;25;0;0;0;0;0;0;0;0;0;0;0;0;0;0;0;0;0;0;0;0;0;0;0;0;0;0;0;0;0;0;0;0;0;0;0;0;0;0;0;0;0;0;0;0;0;0;0;0;0;0;0;0;0;0;26
3;113863;121431;112068;121439;121589;136407;113605;42353;101028;112069;135102;121433;121426;132387;116605;121414;112070;157937;121448;123925;121441;170716;143488;114147;114162;132227;0;0;0;0;0;0;0;0;0;0;0;0;0;0;1;12;21;26;16;15;13;5;3;6;22;24;2;14;4;20;7;17;11;8;23;18;25;10;9;19;0;0;0;0;0;0;0;0;0;0;0;0;0;0;0;0;0;0;0;0;0;0;0;0;0;0;0;0;0;0;0;0;0;0;0;0;0;0;0;0;0;0;0;0;0;0;0;0;0;0;0;0;0;0;26
4;45458;112962;100527;110946;133132;45134;169341;133744;124329;120378;172185;118657;164991;126924;151485;157801;142784;119838;164705;126342;132943;109128;115227;110947;114999;114971;0;0;0;0;0;0;0;0;0;0;0;0;0;0;12;21;1;6;24;4;5;3;10;14;17;15;18;27;25;16;11;26;23;2;9;8;7;20;13;22;0;0;0;0;0;0;0;0;0;0;0;0;0;0;0;0;0;0;0;0;0;0;0;0;0;0;0;0;0;0;0;0;0;0;0;0;0;0;0;0;0;0;0;0;0;0;0;0;0;0;0;0;0;0;26
5;111450;47286;141479;113065;131286;110794;47785;109329;151871;61177;144578;126825;114044;108959;140816;40295;132933;138156;158740;126925;119835;110638;114808;114186;47287;104680;0;0;0;0;0;0;0;0;0;0;0;0;0;0;23;1;13;5;6;14;15;22;3;8;12;16;2;26;4;21;10;24;11;25;18;19;7;20;9;17;0;0;0;0;0;0;0;0;0;0;0;0;0;0;0;0;0;0;0;0;0;0;0;0;0;0;0;0;0;0;0;0;0;0;0;0;0;0;0;0;0;0;0;0;0;0;0;0;0;0;0;0;0;0;26
6;47215;60709;139924;138484;151855;153137;153210;132756;137991;118136;47787;135067;104204;135385;159320;157643;60512;126673;118444;60738;107674;117087;142763;126336;134794;60796;0;0;0;0;0;0;0;0;0;0;0;0;0;0;1;12;22;3;4;24;14;19;2;5;20;23;6;18;15;10;8;21;13;17;16;25;26;11;9;7;0;0;0;0;0;0;0;0;0;0;0;0;0;0;0;0;0;0;0;0;0;0;0;0;0;0;0;0;0;0;0;0;0;0;0;0;0;0;0;0;0;0;0;0;0;0;0;0;0;0;0;0;0;0;26
7;141038;101520;106957;165696;159586;148009;47522;116575;101058;119828;103008;130202;110815;133157;112015;110439;161548;110902;134758;173989;127604;162114;141008;116751;110596;102742;0;0;0;0;0;0;0;0;0;0;0;0;0;0;13;1;23;3;5;4;14;24;12;22;2;18;16;20;6;8;17;10;25;11;9;19;21;15;7;26;0;0;0;0;0;0;0;0;0;0;0;0;0;0;0;0;0;0;0;0;0;0;0;0;0;0;0;0;0;0;0;0;0;0;0;0;0;0;0;0;0;0;0;0;0;0;0;0;0;0;0;0;0;0;26
8;139898;60447;47529;116655;114975;125802;135501;111252;104717;45089;140940;119782;101334;157339;128078;47051;133653;129369;128338;152928;148172;110718;110626;139679;108069;115254;0;0;0;0;0;0;0;0;0;0;0;0;0;0;23;16;1;4;24;17;2;22;5;3;21;8;13;18;6;14;26;9;19;20;25;10;11;27;15;12;0;0;0;0;0;0;0;0;0;0;0;0;0;0;0;0;0;0;0;0;0;0;0;0;0;0;0;0;0;0;0;0;0;0;0;0;0;0;0;0;0;0;0;0;0;0;0;0;0;0;0;0;0;0;26
9;134931;126752;106754;143400;141470;138601;144540;113241;134932;163038;117886;46647;147458;117993;37827;59801;170567;122264;133470;44379;127516;159204;154996;114457;125370;146944;0;0;0;0;0;0;0;0;0;0;0;0;0;0;1;12;13;2;6;3;4;25;5;26;21;15;24;18;23;8;16;19;17;7;22;9;11;14;20;10;0;0;0;0;0;0;0;0;0;0;0;0;0;0;0;0;0;0;0;0;0;0;0;0;0;0;0;0;0;0;0;0;0;0;0;0;0;0;0;0;0;0;0;0;0;0;0;0;0;0;0;0;0;0;26
10;136668;142128;111130;136184;127217;44840;59766;40875;159401;133594;111986;118648;127069;113711;118274;167674;132156;144702;137000;118316;122012;122728;117932;132157;46879;103142;0;0;0;0;0;0;0;0;0;0;0;0;0;0;1;23;13;3;15;4;17;6;5;12;22;20;26;2;14;24;16;7;21;8;11;25;18;19;10;9;0;0;0;0;0;0;0;0;0;0;0;0;0;0;0;0;0;0;0;0;0;0;0;0;0;0;0;0;0;0;0;0;0;0;0;0;0;0;0;0;0;0;0;0;0;0;0;0;0;0;0;0;0;0;26
11;142061;136132;117410;109124;151801;109126;145641;110790;123827;43467;60510;138152;113338;42424;90286;110812;117420;111138;126353;140806;141547;141060;122005;119463;130771;101875;0;0;0;0;0;0;0;0;0;0;0;0;0;0;21;1;12;2;15;3;5;4;22;13;10;9;6;20;19;23;18;8;16;11;24;26;25;17;14;7;0;0;0;0;0;0;0;0;0;0;0;0;0;0;0;0;0;0;0;0;0;0;0;0;0;0;0;0;0;0;0;0;0;0;0;0;0;0;0;0;0;0;0;0;0;0;0;0;0;0;0;0;0;0;26
12;108279;128021;104485;114662;115098;141492;147076;151772;107686;133678;140738;100630;162196;118171;107949;63520;103686;114835;160615;131029;100620;122716;165060;114624;119811;115117;0;0;0;0;0;0;0;0;0;0;0;0;0;0;1;12;26;23;4;17;6;2;3;5;24;15;13;21;8;25;18;7;10;20;14;11;16;9;19;22;0;0;0;0;0;0;0;0;0;0;0;0;0;0;0;0;0;0;0;0;0;0;0;0;0;0;0;0;0;0;0;0;0;0;0;0;0;0;0;0;0;0;0;0;0;0;0;0;0;0;0;0;0;0;26
13;139804;126678;173698;132344;169895;127129;90479;132167;126346;152750;126345;118021;126178;136097;121344;46564;169894;135954;133439;141540;173699;109534;102719;164451;140880;120435;0;0;0;0;0;0;0;0;0;0;0;0;0;0;1;16;23;18;6;24;2;3;4;15;5;22;8;21;12;7;25;9;14;20;26;17;10;13;19;11;0;0;0;0;0;0;0;0;0;0;0;0;0;0;0;0;0;0;0;0;0;0;0;0;0;0;0;0;0;0;0;0;0;0;0;0;0;0;0;0;0;0;0;0;0;0;0;0;0;0;0;0;0;0;26
14;113283;57797;142147;142237;136044;112376;142063;104677;174079;146017;90871;132524;109005;146022;60380;117779;137924;176197;142146;138000;168889;102901;60884;142212;114506;146006;0;0;0;0;0;0;0;0;0;0;0;0;0;0;22;1;12;15;16;4;24;2;18;3;26;25;6;23;20;5;21;8;17;10;11;19;9;7;13;14;0;0;0;0;0;0;0;0;0;0;0;0;0;0;0;0;0;0;0;0;0;0;0;0;0;0;0;0;0;0;0;0;0;0;0;0;0;0;0;0;0;0;0;0;0;0;0;0;0;0;0;0;0;0;26
15;127161;140288;116137;103551;160569;152042;120424;119695;147030;124663;117376;142828;59547;120439;166196;120426;51536;120428;164574;40871;133260;124356;126905;141221;145605;124970;0;0;0;0;0;0;0;0;0;0;0;0;0;0;16;22;1;2;4;3;6;26;17;18;13;21;23;15;25;5;7;14;8;10;24;11;12;9;19;20;0;0;0;0;0;0;0;0;0;0;0;0;0;0;0;0;0;0;0;0;0;0;0;0;0;0;0;0;0;0;0;0;0;0;0;0;0;0;0;0;0;0;0;0;0;0;0;0;0;0;0;0;0;0;26
16;161209;100133;168433;121422;170504;128740;90381;144870;142236;163578;146905;116066;144871;173771;143198;103404;146396;134902;103133;148101;143267;140819;152123;133543;122306;110838;0;0;0;0;0;0;0;0;0;0;0;0;0;0;13;1;12;3;21;23;4;25;14;22;5;8;29;2;17;10;16;18;28;30;6;11;31;9;26;7;0;0;0;0;0;0;0;0;0;0;0;0;0;0;0;0;0;0;0;0;0;0;0;0;0;0;0;0;0;0;0;0;0;0;0;0;0;0;0;0;0;0;0;0;0;0;0;0;0;0;0;0;0;0;26
17;182179;181506;46865;157943;109123;120771;120958;120929;138442;132065;170970;117459;120734;170416;170378;160250;181946;182039;156993;91167;151604;132067;140260;115079;126918;120500;0;0;0;0;0;0;0;0;0;0;0;0;0;0;1;4;3;6;2;21;15;8;22;10;29;5;13;14;18;19;26;16;24;17;9;27;7;11;28;23;0;0;0;0;0;0;0;0;0;0;0;0;0;0;0;0;0;0;0;0;0;0;0;0;0;0;0;0;0;0;0;0;0;0;0;0;0;0;0;0;0;0;0;0;0;0;0;0;0;0;0;0;0;0;26
18;43415;57011;147596;109904;167749;129044;165875;45487;105043;161203;167750;43243;124018;162132;45504;124030;106409;45374;161202;114085;125723;167751;128528;45373;126780;40173;0;0;0;0;0;0;0;0;0;0;0;0;0;0;1;12;23;2;27;15;28;3;18;29;21;17;4;30;11;13;6;8;31;9;19;7;14;20;5;10;0;0;0;0;0;0;0;0;0;0;0;0;0;0;0;0;0;0;0;0;0;0;0;0;0;0;0;0;0;0;0;0;0;0;0;0;0;0;0;0;0;0;0;0;0;0;0;0;0;0;0;0;0;0;26
19;117948;113662;60502;147706;117709;133002;143772;118167;102750;114029;123147;58594;143775;142353;144527;125382;47374;140540;128360;173867;132059;143435;40002;125740;142635;128310;0;0;0;0;0;0;0;0;0;0;0;0;0;0;22;1;12;14;5;4;2;15;3;25;19;18;24;8;26;6;10;21;17;13;20;11;9;23;16;7;0;0;0;0;0;0;0;0;0;0;0;0;0;0;0;0;0;0;0;0;0;0;0;0;0;0;0;0;0;0;0;0;0;0;0;0;0;0;0;0;0;0;0;0;0;0;0;0;0;0;0;0;0;0;26
20;95171;107934;107142;126110;111174;146600;118614;100219;101012;59997;135553;39730;116254;141538;101883;142110;177236;107541;116252;135076;159441;107821;168337;144757;126077;110768;0;0;0;0;0;0;0;0;0;0;0;0;0;0;23;12;1;16;14;4;3;24;15;6;19;2;22;5;8;11;26;13;21;7;27;29;20;18;9;10;0;0;0;0;0;0;0;0;0;0;0;0;0;0;0;0;0;0;0;0;0;0;0;0;0;0;0;0;0;0;0;0;0;0;0;0;0;0;0;0;0;0;0;0;0;0;0;0;0;0;0;0;0;0;26
21;58633;169915;154096;133108;111061;110530;144429;130357;41124;140317;142121;117766;144436;116357;143418;123131;102526;112377;168887;142155;152103;142208;156976;34813;142078;116355;0;0;0;0;0;0;0;0;0;0;0;0;0;0;1;12;13;2;21;15;3;25;4;22;16;20;6;10;26;5;9;24;8;19;17;18;23;7;14;11;0;0;0;0;0;0;0;0;0;0;0;0;0;0;0;0;0;0;0;0;0;0;0;0;0;0;0;0;0;0;0;0;0;0;0;0;0;0;0;0;0;0;0;0;0;0;0;0;0;0;0;0;0;0;26
22;161886;144804;154118;116649;134514;142175;142782;172104;146650;148151;145681;145804;123307;105021;173728;130319;128479;169929;130721;130317;112308;169930;91531;161193;90555;90847;0;0;0;0;0;0;0;0;0;0;0;0;0;0;1;12;22;6;3;24;4;2;7;18;11;14;21;5;8;10;13;17;26;16;15;23;20;9;25;19;0;0;0;0;0;0;0;0;0;0;0;0;0;0;0;0;0;0;0;0;0;0;0;0;0;0;0;0;0;0;0;0;0;0;0;0;0;0;0;0;0;0;0;0;0;0;0;0;0;0;0;0;0;0;26
23;122013;143948;146346;125394;126696;161221;173875;123211;121193;104829;154141;104159;113289;132349;130236;112603;154140;43206;169574;154142;115137;107412;157094;144440;161222;110839;0;0;0;0;0;0;0;0;0;0;0;0;0;0;12;1;16;6;21;23;19;4;3;13;2;20;5;8;22;10;25;14;15;26;17;7;24;11;18;9;0;0;0;0;0;0;0;0;0;0;0;0;0;0;0;0;0;0;0;0;0;0;0;0;0;0;0;0;0;0;0;0;0;0;0;0;0;0;0;0;0;0;0;0;0;0;0;0;0;0;0;0;0;0;26
24;113596;140170;125369;170666;133750;142080;108453;125039;144102;175348;113271;139727;164539;144437;61720;34098;141911;126120;118494;107479;104749;38439;169931;173744;125910;110303;0;0;0;0;0;0;0;0;0;0;0;0;0;0;1;12;23;4;6;3;5;21;8;19;2;11;22;25;15;10;26;18;13;14;9;24;7;20;17;16;0;0;0;0;0;0;0;0;0;0;0;0;0;0;0;0;0;0;0;0;0;0;0;0;0;0;0;0;0;0;0;0;0;0;0;0;0;0;0;0;0;0;0;0;0;0;0;0;0;0;0;0;0;0;26
26;154138;135543;103949;141530;173868;125408;136765;136766;157175;123359;130201;116055;114702;169926;146333;46694;113792;118398;109447;140876;117396;146334;133206;169925;90880;63331;0;0;0;0;0;0;0;0;0;0;0;0;0;0;16;12;1;3;5;24;15;4;11;22;2;18;6;26;14;21;10;17;8;13;20;23;19;25;9;7;0;0;0;0;0;0;0;0;0;0;0;0;0;0;0;0;0;0;0;0;0;0;0;0;0;0;0;0;0;0;0;0;0;0;0;0;0;0;0;0;0;0;0;0;0;0;0;0;0;0;0;0;0;0;26
27;143909;102580;102786;170210;118276;121596;173733;126485;116903;161151;167795;143186;116102;105015;102626;107329;146445;116101;130328;143915;143913;142944;117852;161153;167792;112395;0;0;0;0;0;0;0;0;0;0;0;0;0;0;1;13;12;4;15;25;3;27;28;14;26;24;7;8;18;6;2;11;22;9;20;16;30;5;29;21;0;0;0;0;0;0;0;0;0;0;0;0;0;0;0;0;0;0;0;0;0;0;0;0;0;0;0;0;0;0;0;0;0;0;0;0;0;0;0;0;0;0;0;0;0;0;0;0;0;0;0;0;0;0;26
28;127660;165734;111172;120310;152910;111052;110761;108225;128309;133242;135535;116235;59646;160181;91002;132587;141882;159940;45500;59657;137990;127662;116660;128022;91676;144997;0;0;0;0;0;0;0;0;0;0;0;0;0;0;12;13;1;4;3;5;17;21;22;2;15;23;6;30;16;26;18;11;10;20;19;7;8;14;29;9;0;0;0;0;0;0;0;0;0;0;0;0;0;0;0;0;0;0;0;0;0;0;0;0;0;0;0;0;0;0;0;0;0;0;0;0;0;0;0;0;0;0;0;0;0;0;0;0;0;0;0;0;0;0;26
29;121088;123592;37225;126807;124270;125731;140228;137628;114088;130817;124077;133239;101097;139969;114303;142226;59548;123745;141578;164893;146990;140230;146224;126218;121006;172363;0;0;0;0;0;0;0;0;0;0;0;0;0;0;23;12;1;3;13;22;14;4;2;20;11;18;10;16;5;15;24;6;8;19;21;7;26;25;17;9;0;0;0;0;0;0;0;0;0;0;0;0;0;0;0;0;0;0;0;0;0;0;0;0;0;0;0;0;0;0;0;0;0;0;0;0;0;0;0;0;0;0;0;0;0;0;0;0;0;0;0;0;0;0;26
30;128788;144743;133615;136098;128891;116375;152749;102654;113340;118347;106777;138582;114668;154937;42602;140862;118255;157486;107498;127322;106778;160556;116674;143405;91054;110431;0;0;0;0;0;0;0;0;0;0;0;0;0;0;12;23;1;13;21;22;4;3;17;16;26;2;24;18;6;5;19;14;8;10;15;7;20;25;11;9;0;0;0;0;0;0;0;0;0;0;0;0;0;0;0;0;0;0;0;0;0;0;0;0;0;0;0;0;0;0;0;0;0;0;0;0;0;0;0;0;0;0;0;0;0;0;0;0;0;0;0;0;0;0;26
31;122128;138402;119524;141190;53438;90074;147525;138620;139770;123765;122066;125779;128285;91245;122040;131891;147101;126148;112062;127620;91478;128284;141127;122115;125781;116681;0;0;0;0;0;0;0;0;0;0;0;0;0;0;1;13;14;2;3;27;25;21;4;5;6;7;9;17;26;15;19;16;8;10;24;12;18;11;23;22;0;0;0;0;0;0;0;0;0;0;0;0;0;0;0;0;0;0;0;0;0;0;0;0;0;0;0;0;0;0;0;0;0;0;0;0;0;0;0;0;0;0;0;0;0;0;0;0;0;0;0;0;0;0;26
32;57133;167752;178927;140789;110645;172523;147961;163654;136683;113960;119889;146918;167412;147244;133100;141468;152952;174966;148970;133023;144836;114566;160642;167701;172445;123176;0;0;0;0;0;0;0;0;0;0;0;0;0;0;1;22;12;5;24;18;6;20;25;2;3;4;11;26;8;13;23;16;17;21;14;10;15;19;7;9;0;0;0;0;0;0;0;0;0;0;0;0;0;0;0;0;0;0;0;0;0;0;0;0;0;0;0;0;0;0;0;0;0;0;0;0;0;0;0;0;0;0;0;0;0;0;0;0;0;0;0;0;0;0;26
33;144888;178703;181421;90563;179369;142179;133085;90309;44352;126186;130400;130402;107713;116646;135587;147036;153903;116095;145619;170434;45926;130404;173759;177284;107406;174639;0;0;0;0;0;0;0;0;0;0;0;0;0;0;16;22;1;3;4;6;24;5;2;12;20;21;17;14;25;15;13;18;8;23;7;9;10;19;11;26;0;0;0;0;0;0;0;0;0;0;0;0;0;0;0;0;0;0;0;0;0;0;0;0;0;0;0;0;0;0;0;0;0;0;0;0;0;0;0;0;0;0;0;0;0;0;0;0;0;0;0;0;0;0;26
34;90241;107227;123185;154108;178943;103170;90243;130381;112384;154106;90071;154109;90250;160195;144840;178944;107612;57123;115092;173753;125050;112387;95209;114499;142088;130391;0;0;0;0;0;0;0;0;0;0;0;0;0;0;23;1;16;26;6;24;15;13;25;3;4;14;17;29;5;19;7;10;21;20;9;11;2;28;22;18;0;0;0;0;0;0;0;0;0;0;0;0;0;0;0;0;0;0;0;0;0;0;0;0;0;0;0;0;0;0;0;0;0;0;0;0;0;0;0;0;0;0;0;0;0;0;0;0;0;0;0;0;0;0;26
35;138576;173776;118730;147022;159994;138164;181669;104682;125660;153110;118573;138699;114961;120452;120307;108709;110599;106410;106773;174554;132593;152691;127058;126895;165009;120455;0;0;0;0;0;0;0;0;0;0;0;0;0;0;13;12;1;2;26;8;3;16;4;15;25;19;14;21;18;10;7;27;17;23;24;6;5;11;28;9;0;0;0;0;0;0;0;0;0;0;0;0;0;0;0;0;0;0;0;0;0;0;0;0;0;0;0;0;0;0;0;0;0;0;0;0;0;0;0;0;0;0;0;0;0;0;0;0;0;0;0;0;0;0;26
36;133435;138447;146456;175400;143295;181295;142396;133577;165849;146945;151832;153467;114605;161833;108402;167666;108966;112417;122333;116350;118281;102695;60908;174352;42246;157590;0;0;0;0;0;0;0;0;0;0;0;0;0;0;16;23;1;24;4;21;25;17;27;3;19;14;18;28;8;15;22;6;20;11;9;12;7;2;10;13;0;0;0;0;0;0;0;0;0;0;0;0;0;0;0;0;0;0;0;0;0;0;0;0;0;0;0;0;0;0;0;0;0;0;0;0;0;0;0;0;0;0;0;0;0;0;0;0;0;0;0;0;0;0;26
37;102029;173647;107814;181372;146341;173650;123166;173648;167802;107966;148155;137874;123167;161219;44833;116393;173877;167804;102040;115078;167806;173651;59922;167805;129508;170456;0;0;0;0;0;0;0;0;0;0;0;0;0;0;1;16;11;4;3;19;20;5;22;14;2;6;15;26;7;12;17;9;13;21;25;10;18;23;24;8;0;0;0;0;0;0;0;0;0;0;0;0;0;0;0;0;0;0;0;0;0;0;0;0;0;0;0;0;0;0;0;0;0;0;0;0;0;0;0;0;0;0;0;0;0;0;0;0;0;0;0;0;0;0;26
38;113999;113441;60911;159429;107977;144621;102757;127017;173644;142222;42575;116691;161267;140649;147463;130727;121332;165866;162988;142846;172045;140870;127189;143339;119477;109260;0;0;0;0;0;0;0;0;0;0;0;0;0;0;1;16;23;2;4;21;3;12;14;10;5;26;8;17;6;11;7;13;25;24;15;22;20;18;9;19;0;0;0;0;0;0;0;0;0;0;0;0;0;0;0;0;0;0;0;0;0;0;0;0;0;0;0;0;0;0;0;0;0;0;0;0;0;0;0;0;0;0;0;0;0;0;0;0;0;0;0;0;0;0;26
39;152815;142619;144342;134867;142647;142662;142989;43612;108931;142714;153032;142524;117613;132824;142568;142564;123306;117835;134868;142665;142196;160498;112104;133551;142526;160336;0;0;0;0;0;0;0;0;0;0;0;0;0;0;1;25;18;2;3;24;12;13;5;22;23;8;14;15;16;4;17;11;6;21;7;20;10;26;9;19;0;0;0;0;0;0;0;0;0;0;0;0;0;0;0;0;0;0;0;0;0;0;0;0;0;0;0;0;0;0;0;0;0;0;0;0;0;0;0;0;0;0;0;0;0;0;0;0;0;0;0;0;0;0;26
40;118792;154598;34102;154600;147939;119084;118880;116117;147919;147898;118881;118750;118993;147815;130256;112335;144713;147783;119045;147926;118765;119019;57330;118994;147899;42715;0;0;0;0;0;0;0;0;0;0;0;0;0;0;12;1;23;5;13;3;6;26;20;19;2;4;24;14;8;17;7;21;10;18;25;9;15;16;22;11;0;0;0;0;0;0;0;0;0;0;0;0;0;0;0;0;0;0;0;0;0;0;0;0;0;0;0;0;0;0;0;0;0;0;0;0;0;0;0;0;0;0;0;0;0;0;0;0;0;0;0;0;0;0;26
41;104999;153422;123314;117708;118068;101294;145651;116244;169933;169935;116248;44694;100534;162613;112446;108941;115118;101295;165126;134908;176868;170627;116247;162082;130745;0;0;0;0;0;0;0;0;0;0;0;0;0;0;0;1;6;23;3;25;4;26;17;21;12;20;5;22;24;8;15;7;10;16;19;11;18;2;9;14;0;0;0;0;0;0;0;0;0;0;0;0;0;0;0;0;0;0;0;0;0;0;0;0;0;0;0;0;0;0;0;0;0;0;0;0;0;0;0;0;0;0;0;0;0;0;0;0;0;0;0;0;0;0;0;25
42;143860;161235;39777;169946;126583;47655;169958;112434;142973;169957;119647;154102;39773;167787;145063;161233;157717;169944;154101;130483;44407;154104;159310;161234;146534;169952;0;0;0;0;0;0;0;0;0;0;0;0;0;0;23;18;1;6;3;15;19;22;4;27;16;2;5;17;8;28;20;29;14;30;12;13;7;24;25;21;0;0;0;0;0;0;0;0;0;0;0;0;0;0;0;0;0;0;0;0;0;0;0;0;0;0;0;0;0;0;0;0;0;0;0;0;0;0;0;0;0;0;0;0;0;0;0;0;0;0;0;0;0;0;26
43;144998;146497;148161;130241;179142;165876;144999;145000;145002;154115;47702;160784;107762;146499;145573;130246;148098;130243;130242;46583;167267;117600;146500;140191;173673;161161;0;0;0;0;0;0;0;0;0;0;0;0;0;0;1;20;22;15;27;29;28;30;4;21;19;2;6;5;10;3;8;31;32;9;12;7;17;24;16;23;0;0;0;0;0;0;0;0;0;0;0;0;0;0;0;0;0;0;0;0;0;0;0;0;0;0;0;0;0;0;0;0;0;0;0;0;0;0;0;0;0;0;0;0;0;0;0;0;0;0;0;0;0;0;26
44;108893;47988;36703;119922;104612;135882;132388;107960;60424;120240;44857;135039;109947;141420;151432;103966;41581;45685;119907;151500;120068;123788;120119;123749;60876;104541;0;0;0;0;0;0;0;0;0;0;0;0;0;0;25;12;1;3;23;2;13;26;17;21;4;6;15;5;22;8;10;20;7;9;16;18;11;14;24;19;0;0;0;0;0;0;0;0;0;0;0;0;0;0;0;0;0;0;0;0;0;0;0;0;0;0;0;0;0;0;0;0;0;0;0;0;0;0;0;0;0;0;0;0;0;0;0;0;0;0;0;0;0;0;26
45;46815;121259;129510;114593;160938;45993;117991;61214;43989;144049;46917;63607;117049;42669;143567;140200;119141;117047;132518;110644;159991;167167;127787;119531;135287;157472;0;0;0;0;0;0;0;0;0;0;0;0;0;0;1;23;12;14;3;4;24;17;25;16;6;13;5;18;2;15;8;7;19;11;10;26;9;22;20;21;0;0;0;0;0;0;0;0;0;0;0;0;0;0;0;0;0;0;0;0;0;0;0;0;0;0;0;0;0;0;0;0;0;0;0;0;0;0;0;0;0;0;0;0;0;0;0;0;0;0;0;0;0;0;26
46;129460;134946;44023;106339;117404;45788;135265;39798;59949;118523;138287;43387;159211;129462;110852;127712;42033;142886;46570;103602;135311;178159;173740;142435;128099;154333;0;0;0;0;0;0;0;0;0;0;0;0;0;0;21;12;1;2;22;15;4;3;5;6;19;17;16;13;8;23;18;10;11;20;25;7;26;14;24;9;0;0;0;0;0;0;0;0;0;0;0;0;0;0;0;0;0;0;0;0;0;0;0;0;0;0;0;0;0;0;0;0;0;0;0;0;0;0;0;0;0;0;0;0;0;0;0;0;0;0;0;0;0;0;26
47;144592;130306;168469;61012;104635;159915;45670;108881;152663;105584;168502;172578;132034;59445;115533;160160;152646;169745;116611;136006;146209;151396;143687;136007;156830;114984;0;0;0;0;0;0;0;0;0;0;0;0;0;0;23;1;12;3;25;5;16;2;21;6;26;4;7;18;13;24;17;22;15;8;14;9;19;20;11;10;0;0;0;0;0;0;0;0;0;0;0;0;0;0;0;0;0;0;0;0;0;0;0;0;0;0;0;0;0;0;0;0;0;0;0;0;0;0;0;0;0;0;0;0;0;0;0;0;0;0;0;0;0;0;26
48;173008;65268;41180;118193;45756;61475;109805;61568;109791;182863;135144;48016;103038;161232;132481;181997;167414;143565;146512;132043;178096;103424;152622;108519;61164;105218;0;0;0;0;0;0;0;0;0;0;0;0;0;0;1;22;12;3;15;6;4;5;25;13;2;23;14;21;26;17;8;20;19;11;7;10;24;18;16;9;0;0;0;0;0;0;0;0;0;0;0;0;0;0;0;0;0;0;0;0;0;0;0;0;0;0;0;0;0;0;0;0;0;0;0;0;0;0;0;0;0;0;0;0;0;0;0;0;0;0;0;0;0;0;26
49;130927;102895;36727;132544;58839;116576;145746;109849;146559;132677;47920;132557;142410;147686;131722;113911;118353;61525;143071;153447;146371;140868;133301;145758;156969;102986;0;0;0;0;0;0;0;0;0;0;0;0;0;0;23;1;12;4;2;3;22;16;24;17;13;6;5;20;21;15;7;10;18;8;26;11;19;25;14;9;0;0;0;0;0;0;0;0;0;0;0;0;0;0;0;0;0;0;0;0;0;0;0;0;0;0;0;0;0;0;0;0;0;0;0;0;0;0;0;0;0;0;0;0;0;0;0;0;0;0;0;0;0;0;26
50;101076;60059;60238;111280;111073;144286;108669;40725;41596;103317;141212;45356;116543;128281;110608;60241;146165;126349;155214;116541;167997;147290;7511;153488;126624;141870;0;0;0;0;0;0;0;0;0;0;0;0;0;0;23;12;1;25;13;6;8;19;3;4;26;5;20;24;14;7;16;2;21;18;17;15;10;22;9;11;0;0;0;0;0;0;0;0;0;0;0;0;0;0;0;0;0;0;0;0;0;0;0;0;0;0;0;0;0;0;0;0;0;0;0;0;0;0;0;0;0;0;0;0;0;0;0;0;0;0;0;0;0;0;26
51;90136;148158;103822;152458;140051;157917;134716;144861;109872;174417;130366;146390;143196;164382;144856;147185;137993;165874;133353;165128;140627;164622;132573;159301;42173;108317;0;0;0;0;0;0;0;0;0;0;0;0;0;0;22;12;1;6;3;4;25;2;7;26;17;8;23;24;18;5;21;10;9;16;11;14;20;19;13;15;0;0;0;0;0;0;0;0;0;0;0;0;0;0;0;0;0;0;0;0;0;0;0;0;0;0;0;0;0;0;0;0;0;0;0;0;0;0;0;0;0;0;0;0;0;0;0;0;0;0;0;0;0;0;26
52;135615;121842;142875;124107;126861;152207;61271;124105;128774;127740;152634;133410;115662;160612;126965;126860;121701;124118;105985;121860;135266;132979;168618;157396;124101;121622;0;0;0;0;0;0;0;0;0;0;0;0;0;0;23;12;1;16;4;20;30;28;26;6;13;29;17;32;3;9;25;2;8;14;21;18;27;31;11;15;0;0;0;0;0;0;0;0;0;0;0;0;0;0;0;0;0;0;0;0;0;0;0;0;0;0;0;0;0;0;0;0;0;0;0;0;0;0;0;0;0;0;0;0;0;0;0;0;0;0;0;0;0;0;26
53;122462;123393;61414;122460;159313;165758;135858;129775;166319;135744;130338;130335;164880;154781;121817;116569;157831;165720;64935;126425;43063;557;164882;135877;116294;135750;0;0;0;0;0;0;0;0;0;0;0;0;0;0;12;21;1;4;24;27;19;20;14;23;2;6;15;13;5;8;10;26;17;18;7;16;22;25;11;9;0;0;0;0;0;0;0;0;0;0;0;0;0;0;0;0;0;0;0;0;0;0;0;0;0;0;0;0;0;0;0;0;0;0;0;0;0;0;0;0;0;0;0;0;0;0;0;0;0;0;0;0;0;0;26
54;102585;36612;105898;126139;60523;61444;115598;111591;177576;105872;171253;124954;107844;126141;102323;101580;133933;128971;102372;118574;122769;144187;111255;154851;123825;171414;0;0;0;0;0;0;0;0;0;0;0;0;0;0;1;23;12;24;6;3;22;20;2;5;19;4;13;8;17;7;18;15;14;10;16;21;9;26;11;25;0;0;0;0;0;0;0;0;0;0;0;0;0;0;0;0;0;0;0;0;0;0;0;0;0;0;0;0;0;0;0;0;0;0;0;0;0;0;0;0;0;0;0;0;0;0;0;0;0;0;0;0;0;0;26
55;130459;61699;59025;115675;122524;154339;135657;57042;112338;154373;39771;145093;111509;178618;135676;115671;115673;179767;112341;122349;172962;163251;123358;105950;105963;155610;0;0;0;0;0;0;0;0;0;0;0;0;0;0;1;22;24;13;19;16;8;4;5;3;25;2;6;23;15;21;18;14;20;10;11;7;17;9;26;12;0;0;0;0;0;0;0;0;0;0;0;0;0;0;0;0;0;0;0;0;0;0;0;0;0;0;0;0;0;0;0;0;0;0;0;0;0;0;0;0;0;0;0;0;0;0;0;0;0;0;0;0;0;0;26
56;135727;135787;107310;145045;172658;135728;167527;58888;129694;122432;163235;171336;145447;145285;90530;122434;57095;135733;163202;154381;171123;135732;130426;129727;47209;136781;0;0;0;0;0;0;0;0;0;0;0;0;0;0;22;21;1;17;4;24;3;13;2;6;12;25;8;15;14;23;26;10;16;18;7;20;5;19;11;9;0;0;0;0;0;0;0;0;0;0;0;0;0;0;0;0;0;0;0;0;0;0;0;0;0;0;0;0;0;0;0;0;0;0;0;0;0;0;0;0;0;0;0;0;0;0;0;0;0;0;0;0;0;0;26
57;58503;165176;167436;151687;103092;181990;115576;116315;154709;104931;64739;145124;114155;47417;129859;145498;115558;145255;113924;115132;167435;118049;170370;182370;147587;121524;0;0;0;0;0;0;0;0;0;0;0;0;0;0;1;18;12;4;19;8;20;2;24;16;3;5;10;22;17;27;14;26;23;9;25;7;6;21;15;11;0;0;0;0;0;0;0;0;0;0;0;0;0;0;0;0;0;0;0;0;0;0;0;0;0;0;0;0;0;0;0;0;0;0;0;0;0;0;0;0;0;0;0;0;0;0;0;0;0;0;0;0;0;0;26
59;136821;90096;146504;129253;161174;129252;136818;129245;130298;141678;132504;130301;129242;129247;129248;141681;113636;141677;104742;141682;136822;126305;141680;153061;129255;129249;0;0;0;0;0;0;0;0;0;0;0;0;0;0;12;1;23;5;4;11;2;17;8;16;14;20;9;3;18;6;21;15;10;13;7;22;19;24;25;26;0;0;0;0;0;0;0;0;0;0;0;0;0;0;0;0;0;0;0;0;0;0;0;0;0;0;0;0;0;0;0;0;0;0;0;0;0;0;0;0;0;0;0;0;0;0;0;0;0;0;0;0;0;0;26
100;134931;123592;101355;154889;114105;117793;109329;168561;158533;164926;47070;118038;177862;118136;119889;142410;42669;158740;60512;118096;122333;133677;119531;144440;132216;175491;169311;164849;170676;169347;173200;173933;175746;176601;177106;176262;177107;175493;168639;164661;31;1;22;15;4;6;5;26;33;13;23;12;35;2;3;25;18;37;8;7;19;16;10;30;11;32;36;28;83;20;38;27;21;77;72;29;9;14;17;24;0;0;0;0;0;0;0;0;0;0;0;0;0;0;0;0;0;0;0;0;0;0;0;0;0;0;0;0;0;0;0;0;0;0;0;0;0;0;0;0;40
101;101520;47242;126689;111207;140051;148009;133678;159437;132155;114044;130202;120439;108959;103613;103404;114906;132518;119700;127544;133299;178082;126918;114506;108200;156838;173025;170930;170933;176602;178083;178081;166235;168063;182455;182243;182242;0;0;0;0;1;13;2;6;5;3;33;49;12;4;36;16;41;23;8;10;11;19;7;20;56;14;29;9;80;32;74;25;27;15;17;21;22;18;24;26;0;0;0;0;0;0;0;0;0;0;0;0;0;0;0;0;0;0;0;0;0;0;0;0;0;0;0;0;0;0;0;0;0;0;0;0;0;0;0;0;0;0;0;0;36
102;128299;141421;142460;137422;147020;122271;121373;159429;110679;127206;116575;159401;148570;126046;140940;168813;143196;147964;143939;128281;143567;138156;154863;174092;127322;167167;117087;127787;140760;163048;168524;173993;168640;173152;160917;175950;169374;179074;179736;182454;1;12;44;28;6;23;29;2;4;5;3;21;19;24;27;34;25;45;14;8;17;10;49;11;50;41;7;20;9;38;16;40;35;15;18;22;13;26;30;31;0;0;0;0;0;0;0;0;0;0;0;0;0;0;0;0;0;0;0;0;0;0;0;0;0;0;0;0;0;0;0;0;0;0;0;0;0;0;0;0;40
103;144918;63474;107693;143901;114975;162622;44840;104337;140768;146650;101028;133594;146461;132869;127069;157165;16474;116543;123225;167060;137924;130319;122012;174145;57123;114235;115079;139679;168648;148006;174884;148964;145589;142252;177861;180303;164703;177215;180305;0;25;1;28;95;5;15;4;2;46;6;26;30;12;47;38;43;3;10;17;42;7;8;18;73;11;14;9;22;27;86;84;19;16;20;24;23;31;29;13;0;0;0;0;0;0;0;0;0;0;0;0;0;0;0;0;0;0;0;0;0;0;0;0;0;0;0;0;0;0;0;0;0;0;0;0;0;0;0;0;0;39
104;110394;126390;100527;101585;123446;125394;110946;122265;132065;101586;130572;122706;118657;146022;142204;168985;126677;115662;144140;142665;122005;139962;110947;114663;126179;118940;45442;172327;178029;0;0;0;0;0;0;0;0;0;0;0;1;16;26;21;5;15;6;23;3;25;24;2;4;18;44;50;8;22;40;11;19;29;7;9;10;14;13;42;45;0;0;0;0;0;0;0;0;0;0;0;0;0;0;0;0;0;0;0;0;0;0;0;0;0;0;0;0;0;0;0;0;0;0;0;0;0;0;0;0;0;0;0;0;0;0;0;0;0;0;0;29
105;127161;42825;34437;126724;127649;109579;120310;173886;173644;158701;114876;112012;151921;118021;151774;157643;132152;181980;114186;61050;115176;102692;143140;166485;174421;165243;178126;165245;182423;171537;158523;159216;178125;0;0;0;0;0;0;0;1;23;22;25;3;6;15;63;12;30;29;2;27;28;32;18;7;21;20;17;11;9;19;54;26;59;52;58;64;65;68;60;62;0;0;0;0;0;0;0;0;0;0;0;0;0;0;0;0;0;0;0;0;0;0;0;0;0;0;0;0;0;0;0;0;0;0;0;0;0;0;0;0;0;0;0;0;0;0;0;33
106;115228;103830;125711;32386;136044;125402;59486;61177;151871;164747;144578;100299;109911;118171;117049;128694;106636;160318;117917;119835;114855;140260;59797;142212;113502;145605;167236;172090;172091;172092;175434;172524;178386;178078;172093;181201;0;0;0;0;32;1;29;26;12;4;5;33;3;37;21;2;17;8;39;41;7;67;28;10;11;20;23;27;9;18;34;13;19;35;24;16;74;75;14;15;0;0;0;0;0;0;0;0;0;0;0;0;0;0;0;0;0;0;0;0;0;0;0;0;0;0;0;0;0;0;0;0;0;0;0;0;0;0;0;0;0;0;0;0;36
107;101076;42539;110794;114910;109123;100400;132386;45089;114029;159502;147458;114880;142432;59801;116211;112070;44702;126925;127114;108079;118007;115118;169060;118042;113066;177913;167235;159689;174424;156810;159412;181471;181578;178460;181273;169671;0;0;0;0;23;40;4;14;3;5;22;12;2;16;24;44;26;8;21;7;6;27;9;10;19;31;47;11;18;20;43;71;78;55;56;59;58;57;13;25;0;0;0;0;0;0;0;0;0;0;0;0;0;0;0;0;0;0;0;0;0;0;0;0;0;0;0;0;0;0;0;0;0;0;0;0;0;0;0;0;0;0;0;0;36
108;141038;40937;161884;165696;126337;132544;103845;147233;138183;110784;47787;155460;171610;133157;108662;147235;161548;110902;110644;110638;162114;151604;116751;40002;163046;147042;147590;171614;161891;171615;171616;176645;178136;116753;173584;171611;179510;179719;181218;179720;13;25;68;5;24;4;15;3;35;23;2;17;28;8;21;6;16;20;11;14;10;19;7;9;80;66;22;29;31;33;42;48;26;56;57;18;54;58;52;59;0;0;0;0;0;0;0;0;0;0;0;0;0;0;0;0;0;0;0;0;0;0;0;0;0;0;0;0;0;0;0;0;0;0;0;0;0;0;0;0;40
109;44383;123124;161464;159586;113525;171620;104677;41124;154986;127571;107889;113405;57353;119782;113911;128078;104710;181417;132933;141578;117047;118977;167997;114566;110718;155208;151835;158566;141942;161465;171617;171618;173585;155211;175540;175539;175981;167065;179264;177273;1;13;26;24;3;17;22;4;18;20;23;12;2;14;8;6;19;28;5;15;7;11;30;21;10;16;88;38;35;29;75;32;36;25;27;85;31;33;34;37;0;0;0;0;0;0;0;0;0;0;0;0;0;0;0;0;0;0;0;0;0;0;0;0;0;0;0;0;0;0;0;0;0;0;0;0;0;0;0;0;40
110;138319;60878;116755;150844;138243;118191;107985;110790;61058;141932;127543;60201;45113;110762;104324;100935;152198;119467;129378;134474;114410;103041;147232;111839;118968;127199;108270;154882;151704;166514;167225;162161;172311;169473;168925;162183;157756;180350;180477;168633;25;1;13;5;3;33;4;24;14;21;12;20;32;18;2;22;8;23;10;17;7;11;16;19;9;15;6;29;43;34;31;27;77;52;72;26;28;30;35;36;0;0;0;0;0;0;0;0;0;0;0;0;0;0;0;0;0;0;0;0;0;0;0;0;0;0;0;0;0;0;0;0;0;0;0;0;0;0;0;0;40
111;114557;60556;169829;146695;153696;138471;135521;46649;153981;116919;47241;134479;132277;153700;151937;107321;138181;153701;169831;151616;128131;122320;130691;180343;61053;170251;173583;173526;165045;179358;181416;179750;169408;0;0;0;0;0;0;0;24;1;13;4;5;3;12;18;2;15;23;16;14;8;6;20;21;10;11;19;22;7;9;32;17;28;44;45;48;49;26;27;29;0;0;0;0;0;0;0;0;0;0;0;0;0;0;0;0;0;0;0;0;0;0;0;0;0;0;0;0;0;0;0;0;0;0;0;0;0;0;0;0;0;0;0;0;0;0;0;33
112;117765;43415;171589;147622;113284;158577;115152;126820;47431;113969;157030;141619;126180;113338;173573;161267;162670;45023;112062;168431;143266;16800;133215;148172;121332;133551;152073;172249;164320;173572;171588;166476;173899;178113;181469;158706;179642;179530;0;0;16;1;40;50;5;13;7;22;3;12;20;2;4;6;23;15;28;8;10;17;24;18;31;11;27;9;14;29;99;93;73;25;26;19;21;30;32;33;0;0;0;0;0;0;0;0;0;0;0;0;0;0;0;0;0;0;0;0;0;0;0;0;0;0;0;0;0;0;0;0;0;0;0;0;0;0;0;0;0;0;38
113;60059;130763;153343;126892;125834;122697;104752;114719;148012;59993;157314;59547;43075;176396;132156;147448;117835;158568;126772;130043;118129;126300;118110;40323;169364;159823;166245;103721;168026;179143;180388;180325;180390;180324;180389;182057;179320;0;0;0;1;12;40;92;21;5;28;32;4;33;18;23;19;6;27;26;22;11;8;14;20;10;9;17;48;24;83;65;64;82;41;43;45;46;47;42;72;0;0;0;0;0;0;0;0;0;0;0;0;0;0;0;0;0;0;0;0;0;0;0;0;0;0;0;0;0;0;0;0;0;0;0;0;0;0;0;0;0;0;0;37
114;139898;122128;167691;152458;136098;45993;143844;132756;104717;113960;135067;159320;157339;108239;167737;126425;178137;128720;147955;176673;152928;172045;110626;134794;159475;173558;176672;179528;179529;181570;180385;181569;181200;0;0;0;0;0;0;0;30;39;89;51;6;5;4;25;21;2;17;87;33;8;24;19;27;7;29;47;14;49;10;9;18;22;53;55;52;56;58;59;57;0;0;0;0;0;0;0;0;0;0;0;0;0;0;0;0;0;0;0;0;0;0;0;0;0;0;0;0;0;0;0;0;0;0;0;0;0;0;0;0;0;0;0;0;0;0;0;33
116;132380;114672;178410;170706;133750;146916;115659;170847;113340;114604;121813;146052;158649;168685;140088;127805;45393;175442;168892;174966;159204;157353;168232;44849;113707;103142;170549;164528;160272;177723;177726;177725;177910;178012;181419;170550;181221;181500;181482;177727;1;26;12;52;37;15;4;30;47;5;32;3;2;24;6;28;18;48;10;43;11;17;7;23;9;25;19;58;75;14;44;42;31;40;84;16;21;13;27;74;0;0;0;0;0;0;0;0;0;0;0;0;0;0;0;0;0;0;0;0;0;0;0;0;0;0;0;0;0;0;0;0;0;0;0;0;0;0;0;0;40
117;102892;126579;117368;157245;114509;126861;147537;107085;144820;174474;136182;154709;157750;117804;109029;130597;130335;143247;144702;142353;156808;175441;126634;153368;159441;173139;177713;168340;45268;151805;132979;139889;180478;139692;181499;181807;177719;179721;181498;0;22;13;39;37;21;4;3;8;18;31;5;15;26;30;2;20;6;28;10;7;24;44;14;25;16;32;27;23;19;11;9;17;49;61;40;47;29;33;34;0;0;0;0;0;0;0;0;0;0;0;0;0;0;0;0;0;0;0;0;0;0;0;0;0;0;0;0;0;0;0;0;0;0;0;0;0;0;0;0;0;39
118;126678;104805;159198;157377;166186;118613;118731;146918;132153;134930;113711;116018;170552;141468;114110;152103;170559;162314;139693;38439;117396;155766;142526;117832;45405;167100;167094;164615;91347;170557;170989;167096;171986;164919;163653;170554;181501;0;0;0;32;1;24;6;3;4;17;2;8;25;22;23;35;34;20;10;31;7;11;5;27;19;9;21;14;18;13;33;42;83;82;12;15;29;16;28;30;0;0;0;0;0;0;0;0;0;0;0;0;0;0;0;0;0;0;0;0;0;0;0;0;0;0;0;0;0;0;0;0;0;0;0;0;0;0;0;0;0;0;0;37
119;113955;36627;47648;114662;137766;109124;40875;44676;107686;122707;111986;37140;101097;103686;164539;114835;144619;47374;39936;128984;108657;108069;141132;165060;164894;170984;170977;170983;174602;174748;175591;159741;152660;170978;179669;179668;170979;179672;179671;0;13;1;12;95;31;25;6;15;32;30;2;36;20;23;8;16;17;7;22;11;10;9;14;94;77;53;55;58;19;60;45;63;66;51;54;59;56;52;24;0;0;0;0;0;0;0;0;0;0;0;0;0;0;0;0;0;0;0;0;0;0;0;0;0;0;0;0;0;0;0;0;0;0;0;0;0;0;0;0;0;39
120;113677;40525;100135;114593;135501;147076;114937;132388;143252;107949;127386;117613;147950;140738;46864;118316;170728;164893;107646;142763;119693;125370;111486;124839;58653;100281;172478;157172;173913;173213;178488;173914;179093;155263;180341;170953;155277;182083;0;0;16;1;23;3;15;4;6;32;2;5;19;22;21;27;18;8;17;10;13;7;11;20;9;30;14;51;42;47;57;25;72;53;26;62;28;12;29;24;0;0;0;0;0;0;0;0;0;0;0;0;0;0;0;0;0;0;0;0;0;0;0;0;0;0;0;0;0;0;0;0;0;0;0;0;0;0;0;0;0;0;38
121;60447;45041;169446;138392;141470;113065;116711;162164;157174;109872;161649;138152;126720;126570;47051;104722;34098;122264;119153;112104;108984;118744;142211;142727;165010;152682;112775;132309;178101;179306;170827;179092;181481;179712;180311;177811;0;0;0;0;16;1;96;31;5;23;46;27;33;2;24;30;19;4;12;8;14;56;10;11;18;7;9;66;73;75;44;45;51;53;59;63;87;85;83;80;0;0;0;0;0;0;0;0;0;0;0;0;0;0;0;0;0;0;0;0;0;0;0;0;0;0;0;0;0;0;0;0;0;0;0;0;0;0;0;0;0;0;0;0;36
122;103120;165712;131304;152351;47190;152042;102481;61397;132616;114903;107641;111852;102765;128478;157374;100112;132790;126710;132684;182184;139728;109263;133260;147501;140987;38567;127189;169921;152387;174851;165653;179457;170527;0;0;0;0;0;0;0;94;40;55;34;13;25;2;4;17;3;77;29;23;6;21;32;24;26;27;28;7;10;18;14;22;9;19;20;71;86;31;62;72;0;0;0;0;0;0;0;0;0;0;0;0;0;0;0;0;0;0;0;0;0;0;0;0;0;0;0;0;0;0;0;0;0;0;0;0;0;0;0;0;0;0;0;0;0;0;0;33
123;135615;132685;140545;151687;144023;164903;126623;140556;140962;173309;123720;143949;118041;126510;138162;129362;153485;160365;140963;164463;116051;120922;141649;164835;160979;179501;179502;180409;180340;180408;180476;174166;178508;0;0;0;0;0;0;0;31;40;66;39;3;37;5;14;29;27;15;16;8;10;22;41;24;25;21;17;7;11;9;20;23;43;48;56;50;52;54;65;64;0;0;0;0;0;0;0;0;0;0;0;0;0;0;0;0;0;0;0;0;0;0;0;0;0;0;0;0;0;0;0;0;0;0;0;0;0;0;0;0;0;0;0;0;0;0;0;33
124;40571;120525;45193;165287;142080;118349;172466;102759;178042;169461;101725;140737;181905;111808;133709;62008;126029;152242;126241;153145;146653;118417;121962;128441;116710;114624;128259;178437;174735;182259;182258;182257;176831;178438;0;0;0;0;0;0;43;53;1;15;5;6;60;3;23;29;21;65;7;2;48;8;44;22;4;27;80;11;17;19;10;20;91;61;52;54;55;56;59;62;0;0;0;0;0;0;0;0;0;0;0;0;0;0;0;0;0;0;0;0;0;0;0;0;0;0;0;0;0;0;0;0;0;0;0;0;0;0;0;0;0;0;0;0;0;0;34
125;117373;103300;178100;114390;106671;165057;179305;109997;107906;108225;151794;123160;139830;63520;128338;147244;160615;108096;151692;38858;147949;172438;47179;147616;117932;124029;167300;170973;174258;174747;179251;169863;177174;179091;181497;182082;0;0;0;0;99;95;91;5;23;87;24;22;3;12;43;19;2;4;17;8;61;7;1;92;18;20;21;11;14;9;78;57;51;52;55;56;53;31;58;76;0;0;0;0;0;0;0;0;0;0;0;0;0;0;0;0;0;0;0;0;0;0;0;0;0;0;0;0;0;0;0;0;0;0;0;0;0;0;0;0;0;0;0;0;36
126;142061;174084;106791;174082;142237;142063;108692;46825;116136;174094;182411;138442;174091;142236;142226;127617;147337;143418;102526;135017;60928;144438;102240;142159;132974;133696;90160;181812;177907;177906;182604;174090;0;0;0;0;0;0;0;0;1;33;30;31;4;3;5;23;25;39;49;24;42;26;6;8;7;17;20;2;10;27;9;14;21;44;19;41;45;47;46;50;0;0;0;0;0;0;0;0;0;0;0;0;0;0;0;0;0;0;0;0;0;0;0;0;0;0;0;0;0;0;0;0;0;0;0;0;0;0;0;0;0;0;0;0;0;0;0;0;32
127;174911;33185;109002;170940;116655;112376;122460;124107;129961;59835;117766;144102;162163;109005;174044;60380;138000;176197;119907;175422;129369;60884;47287;140870;167893;171595;170937;164912;0;0;0;0;0;0;0;0;0;0;0;0;40;1;26;48;2;4;3;21;19;22;27;44;45;6;20;8;10;42;14;36;17;7;9;11;53;62;34;63;0;0;0;0;0;0;0;0;0;0;0;0;0;0;0;0;0;0;0;0;0;0;0;0;0;0;0;0;0;0;0;0;0;0;0;0;0;0;0;0;0;0;0;0;0;0;0;0;0;0;0;0;28
128;142128;119461;106804;59560;151813;128425;134412;173571;90996;181582;101058;152322;103408;140305;142238;110608;109101;134868;173781;110827;157633;114016;147431;138082;102719;174352;174637;179125;179644;179711;181205;180387;181204;0;0;0;0;0;0;0;1;18;28;36;4;12;5;16;15;41;20;13;21;6;8;25;24;10;30;7;17;11;19;23;14;35;26;52;55;42;54;22;27;0;0;0;0;0;0;0;0;0;0;0;0;0;0;0;0;0;0;0;0;0;0;0;0;0;0;0;0;0;0;0;0;0;0;0;0;0;0;0;0;0;0;0;0;0;0;0;33
129;90783;52920;52889;170666;142180;91373;141531;123827;142223;159603;143310;90926;119133;128037;137995;137996;140662;52928;103677;91654;133082;91731;177932;91658;132941;105057;59553;93487;174554;122091;0;0;0;0;0;0;0;0;0;0;1;40;41;44;25;8;17;28;3;16;2;21;6;24;20;4;10;38;7;45;14;18;5;11;9;15;19;48;12;13;0;0;0;0;0;0;0;0;0;0;0;0;0;0;0;0;0;0;0;0;0;0;0;0;0;0;0;0;0;0;0;0;0;0;0;0;0;0;0;0;0;0;0;0;0;0;0;0;0;0;30
130;121088;113219;118645;178046;128986;104612;125731;160024;157149;142222;130817;130207;114078;108129;47786;59548;119141;45945;176278;166136;126218;122728;146990;127613;102901;140772;182351;126895;46637;175562;175392;177946;181442;175484;181192;181441;181193;181194;181402;0;1;19;12;70;90;6;42;91;3;4;17;93;7;34;99;23;8;20;74;33;11;77;53;21;10;22;27;45;9;58;54;57;56;59;13;65;64;66;67;0;0;0;0;0;0;0;0;0;0;0;0;0;0;0;0;0;0;0;0;0;0;0;0;0;0;0;0;0;0;0;0;0;0;0;0;0;0;0;0;0;39
131;147596;9042;124036;110774;147647;142647;144651;168793;112069;109854;143602;142606;143089;121426;172635;103559;126859;143402;141641;128599;45126;163646;164310;121701;128435;138459;144894;132067;164882;42918;143408;108709;152752;177815;172322;181212;181911;181211;0;0;12;1;31;20;5;6;47;43;63;36;37;22;2;56;51;42;41;27;28;14;21;15;32;38;7;10;23;8;13;49;9;17;11;19;64;66;68;16;0;0;0;0;0;0;0;0;0;0;0;0;0;0;0;0;0;0;0;0;0;0;0;0;0;0;0;0;0;0;0;0;0;0;0;0;0;0;0;0;0;0;38
132;46598;121431;125994;146450;154977;121589;147022;146732;165076;126513;118656;42655;117993;133311;133453;160435;135956;153777;119606;169457;154899;126342;120411;128528;157644;156825;182396;181912;176304;0;0;0;0;0;0;0;0;0;0;0;1;31;32;24;13;5;37;25;30;3;21;2;43;42;8;49;10;11;14;47;23;17;7;18;9;28;20;16;40;0;0;0;0;0;0;0;0;0;0;0;0;0;0;0;0;0;0;0;0;0;0;0;0;0;0;0;0;0;0;0;0;0;0;0;0;0;0;0;0;0;0;0;0;0;0;0;0;0;0;0;29
133;127660;118304;158627;132397;111052;127540;144573;63696;119793;153110;126061;106631;135214;175413;100350;54167;91002;153147;154857;124553;121095;107717;147374;107639;123176;105950;90178;161284;34805;135329;125013;0;0;0;0;0;0;0;0;0;88;1;31;5;45;4;6;21;3;70;20;23;32;13;14;67;96;8;16;22;97;56;17;10;9;99;7;12;47;49;48;0;0;0;0;0;0;0;0;0;0;0;0;0;0;0;0;0;0;0;0;0;0;0;0;0;0;0;0;0;0;0;0;0;0;0;0;0;0;0;0;0;0;0;0;0;0;0;0;0;31
134;133615;141046;141542;90578;121954;166185;91061;132171;140050;114668;112078;154937;55840;118255;117615;151601;106782;160556;158504;158503;38261;146393;91054;0;0;0;0;0;0;0;0;0;0;0;0;0;0;0;0;0;35;51;74;32;4;66;40;44;2;18;20;6;91;10;8;5;29;9;22;30;7;39;99;0;0;0;0;0;0;0;0;0;0;0;0;0;0;0;0;0;0;0;0;0;0;0;0;0;0;0;0;0;0;0;0;0;0;0;0;0;0;0;0;0;0;0;0;0;0;0;0;0;0;0;0;0;0;0;0;0;23
135;116683;104825;122155;127496;114441;141190;102246;129221;128487;148045;128285;107553;126335;107338;91384;114049;55983;115367;52987;134938;107849;90344;146979;111033;47631;91416;0;0;0;0;0;0;0;0;0;0;0;0;0;0;98;1;56;3;6;68;4;2;14;97;18;35;83;47;17;5;28;10;27;7;77;24;9;11;91;87;0;0;0;0;0;0;0;0;0;0;0;0;0;0;0;0;0;0;0;0;0;0;0;0;0;0;0;0;0;0;0;0;0;0;0;0;0;0;0;0;0;0;0;0;0;0;0;0;0;0;0;0;0;0;26
136;104479;118151;167972;153222;117505;152664;142760;152485;131071;134941;132677;159989;58747;159516;107657;121266;149510;167971;113364;144230;152367;151500;106641;147181;130196;143724;117680;115785;0;0;0;0;0;0;0;0;0;0;0;0;1;13;37;30;46;4;43;5;6;96;2;88;23;85;8;25;16;98;3;9;29;11;7;17;18;28;20;77;0;0;0;0;0;0;0;0;0;0;0;0;0;0;0;0;0;0;0;0;0;0;0;0;0;0;0;0;0;0;0;0;0;0;0;0;0;0;0;0;0;0;0;0;0;0;0;0;0;0;0;0;28
137;128086;42274;169067;127703;115061;45756;160934;146559;144232;169071;143642;129511;147686;113342;176191;104493;58765;170964;172626;132043;176187;44620;160939;120119;169070;117539;152622;151517;141870;168305;0;0;0;0;0;0;0;0;0;0;1;14;24;3;26;15;43;22;6;56;4;12;32;17;50;8;30;48;38;18;33;7;37;11;40;10;19;9;42;31;0;0;0;0;0;0;0;0;0;0;0;0;0;0;0;0;0;0;0;0;0;0;0;0;0;0;0;0;0;0;0;0;0;0;0;0;0;0;0;0;0;0;0;0;0;0;0;0;0;0;30
138;115651;45674;160834;168964;108669;141145;59356;45071;160835;135400;103317;110520;114366;128959;141420;121357;174692;122020;165874;144664;171534;45685;177998;179666;60308;167999;125786;126133;61035;167998;176130;176132;175889;180427;179664;179667;168234;0;0;0;33;1;41;13;28;5;17;6;36;18;21;29;16;4;22;15;25;34;24;20;39;10;47;30;8;38;7;11;19;32;14;37;31;50;59;26;2;0;0;0;0;0;0;0;0;0;0;0;0;0;0;0;0;0;0;0;0;0;0;0;0;0;0;0;0;0;0;0;0;0;0;0;0;0;0;0;0;0;0;0;37
139;152717;41546;37506;157187;141098;136394;101953;121310;141350;123669;150989;127201;168983;111074;45356;118957;60687;174494;125022;40456;60042;118699;175463;131948;141148;128960;47583;140308;48009;182175;168981;118157;109739;143374;35477;61100;168984;168976;168979;0;12;1;13;2;32;26;4;33;3;27;24;23;18;25;5;30;6;38;15;21;14;8;36;19;22;20;11;7;29;37;41;16;28;9;10;34;62;43;31;0;0;0;0;0;0;0;0;0;0;0;0;0;0;0;0;0;0;0;0;0;0;0;0;0;0;0;0;0;0;0;0;0;0;0;0;0;0;0;0;0;39
140;55244;55245;55246;55247;55248;55249;55250;55251;55252;55253;55254;55255;55256;55257;55258;55259;55260;55261;55262;55263;55264;55265;55266;55267;55268;55269;55270;55271;0;0;0;0;0;0;0;0;0;0;0;0;1;2;3;4;5;6;7;8;9;10;11;12;13;14;15;16;17;18;19;20;21;22;23;24;25;26;27;28;0;0;0;0;0;0;0;0;0;0;0;0;0;0;0;0;0;0;0;0;0;0;0;0;0;0;0;0;0;0;0;0;0;0;0;0;0;0;0;0;0;0;0;0;0;0;0;0;0;0;0;0;28
146;142875;135539;61335;128790;16823;129775;133782;159704;180374;179512;111085;61325;152284;168224;121859;168226;115661;115665;128303;142876;16346;135262;135261;46049;168367;107944;105988;121795;159705;168225;176647;0;0;0;0;0;0;0;0;0;1;21;29;5;55;3;4;23;12;35;7;2;28;22;25;32;13;6;14;20;10;27;71;18;77;9;40;11;19;34;30;0;0;0;0;0;0;0;0;0;0;0;0;0;0;0;0;0;0;0;0;0;0;0;0;0;0;0;0;0;0;0;0;0;0;0;0;0;0;0;0;0;0;0;0;0;0;0;0;0;31
147;15097;16817;133769;132297;152280;173160;177278;124106;121715;61355;114216;152281;124104;177277;111089;61261;108812;126387;16851;152931;132117;115667;130199;102730;158506;146214;170605;61321;0;0;0;0;0;0;0;0;0;0;0;0;1;16;31;3;2;5;42;26;4;32;11;25;22;43;88;14;8;13;10;39;24;7;77;9;17;41;27;45;0;0;0;0;0;0;0;0;0;0;0;0;0;0;0;0;0;0;0;0;0;0;0;0;0;0;0;0;0;0;0;0;0;0;0;0;0;0;0;0;0;0;0;0;0;0;0;0;0;0;0;0;28
148;102428;121655;16369;159005;124110;133888;16589;162193;15883;163544;159121;152956;121624;15509;118500;124160;140118;38970;16811;170381;152218;170382;174789;180399;119758;121613;132526;150876;124218;111518;152010;0;0;0;0;0;0;0;0;0;19;35;23;21;24;28;15;3;13;30;67;26;2;11;6;44;17;4;5;33;7;27;38;37;29;14;42;18;20;9;39;0;0;0;0;0;0;0;0;0;0;0;0;0;0;0;0;0;0;0;0;0;0;0;0;0;0;0;0;0;0;0;0;0;0;0;0;0;0;0;0;0;0;0;0;0;0;0;0;0;31
149;128350;135136;16774;121854;159109;121858;135473;16650;111517;121723;121796;141331;124122;168134;152007;121856;174779;121741;124166;16500;158959;177225;143171;16530;160534;128820;128711;124183;61313;121810;133399;130191;121781;174777;0;0;0;0;0;0;25;46;29;1;41;4;88;13;22;26;2;42;31;27;34;17;39;21;28;40;24;23;15;19;87;8;6;11;16;20;14;9;18;36;0;0;0;0;0;0;0;0;0;0;0;0;0;0;0;0;0;0;0;0;0;0;0;0;0;0;0;0;0;0;0;0;0;0;0;0;0;0;0;0;0;0;0;0;0;0;34
150;152674;61414;156234;174780;104784;154866;141867;163021;121826;15261;153314;125291;138602;15814;121871;115401;61281;16453;170572;180425;152708;180424;156233;160612;175768;39036;180421;168285;121614;121605;135379;141077;157905;139674;144521;174782;169983;0;0;0;1;81;31;58;24;32;15;17;4;3;50;6;42;5;2;8;37;18;27;44;48;21;33;23;77;10;38;16;22;39;71;9;26;11;28;88;55;0;0;0;0;0;0;0;0;0;0;0;0;0;0;0;0;0;0;0;0;0;0;0;0;0;0;0;0;0;0;0;0;0;0;0;0;0;0;0;0;0;0;0;37
151;46244;143172;121888;168137;142769;133617;159765;151875;140779;158457;59724;143104;170601;124121;126862;152442;163563;180403;135474;124114;164514;121671;121868;147517;172574;174945;169379;135263;159740;157951;163562;0;0;0;0;0;0;0;0;0;1;21;31;41;4;15;5;29;23;55;6;35;22;36;10;17;28;42;7;14;40;8;16;11;25;24;30;9;13;45;27;0;0;0;0;0;0;0;0;0;0;0;0;0;0;0;0;0;0;0;0;0;0;0;0;0;0;0;0;0;0;0;0;0;0;0;0;0;0;0;0;0;0;0;0;0;0;0;0;0;31
152;127236;152285;15033;174729;172561;126582;111689;168473;140926;168835;152439;124162;16536;16792;157394;121886;152279;146213;157334;128098;61273;169266;114426;137255;43099;171601;135133;178037;159119;0;0;0;0;0;0;0;0;0;0;0;1;20;21;31;52;17;44;13;22;33;2;15;27;8;34;6;28;24;18;25;40;19;11;30;23;46;7;26;9;0;0;0;0;0;0;0;0;0;0;0;0;0;0;0;0;0;0;0;0;0;0;0;0;0;0;0;0;0;0;0;0;0;0;0;0;0;0;0;0;0;0;0;0;0;0;0;0;0;0;0;29
153;122356;127820;57395;174785;162808;130126;135191;140778;161277;16496;176106;16799;15900;121631;152261;139951;176107;122325;174786;135193;133777;135616;168630;180400;16814;111472;121682;122454;141249;174733;122776;152288;168383;0;0;0;0;0;0;0;1;16;20;30;44;25;66;4;70;3;45;75;28;5;36;17;13;98;47;19;79;56;55;67;8;7;23;14;38;29;50;15;27;0;0;0;0;0;0;0;0;0;0;0;0;0;0;0;0;0;0;0;0;0;0;0;0;0;0;0;0;0;0;0;0;0;0;0;0;0;0;0;0;0;0;0;0;0;0;0;33
155;63746;168227;15296;178532;124126;128270;140800;124127;16858;127231;121805;16095;121876;169243;130543;121694;61277;148116;128750;61287;121649;128705;155792;111090;128731;139716;121872;152220;169244;155743;106568;124221;152897;63759;172463;178533;0;0;0;0;1;35;16;97;13;20;3;12;2;55;6;66;70;19;21;8;15;23;27;44;7;41;32;14;9;24;17;33;30;25;10;11;22;18;26;42;0;0;0;0;0;0;0;0;0;0;0;0;0;0;0;0;0;0;0;0;0;0;0;0;0;0;0;0;0;0;0;0;0;0;0;0;0;0;0;0;0;0;0;0;36
156;121921;61269;16877;114247;180412;108683;121653;121632;136923;140787;152221;168244;125326;140786;160174;143416;104762;121722;38981;176297;125330;160563;108486;147082;143207;121724;131295;143276;122711;115372;15452;180411;0;0;0;0;0;0;0;0;1;21;26;36;12;4;3;50;5;15;44;30;2;22;56;6;88;32;8;51;10;48;39;13;16;18;17;29;9;11;93;14;0;0;0;0;0;0;0;0;0;0;0;0;0;0;0;0;0;0;0;0;0;0;0;0;0;0;0;0;0;0;0;0;0;0;0;0;0;0;0;0;0;0;0;0;0;0;0;0;32
157;121764;174930;39023;168223;179423;61266;61337;127817;16836;179424;108469;139669;131289;121830;128778;159840;132058;179425;15527;143985;151364;124142;115397;179426;135927;141961;57407;173163;106731;135515;133057;155679;135259;120791;179422;140209;0;0;0;0;22;52;1;31;43;20;2;67;5;19;21;4;3;15;16;27;13;24;10;6;97;44;8;25;17;26;7;38;23;12;9;42;51;11;28;14;0;0;0;0;0;0;0;0;0;0;0;0;0;0;0;0;0;0;0;0;0;0;0;0;0;0;0;0;0;0;0;0;0;0;0;0;0;0;0;0;0;0;0;0;36
158;121674;15217;16456;168228;174732;118499;135264;127169;124201;16873;175428;121697;108802;178155;61314;133770;39026;163008;143333;16100;105978;131076;170961;154294;175430;159843;143454;175431;124128;124129;16452;137797;15446;178154;61267;39020;125285;157688;175429;0;1;71;21;39;32;3;4;16;80;31;54;41;15;19;23;2;24;42;25;6;7;30;28;44;56;38;33;51;13;5;18;26;14;55;11;10;29;35;53;0;0;0;0;0;0;0;0;0;0;0;0;0;0;0;0;0;0;0;0;0;0;0;0;0;0;0;0;0;0;0;0;0;0;0;0;0;0;0;0;0;39
159;121842;141305;125332;172636;172568;127741;135858;16578;16431;125286;179396;121821;152883;128830;121843;171602;179398;59722;164493;158692;61301;125287;121728;104803;148192;172570;172569;16855;133596;152208;111091;121691;174907;128101;179397;0;0;0;0;0;1;21;99;38;43;4;37;19;33;3;12;16;15;13;14;56;20;6;35;32;25;24;18;30;40;45;7;41;23;10;11;9;39;17;22;0;0;0;0;0;0;0;0;0;0;0;0;0;0;0;0;0;0;0;0;0;0;0;0;0;0;0;0;0;0;0;0;0;0;0;0;0;0;0;0;0;0;0;0;0;35
161;16610;144055;152640;174954;155056;168204;135527;173435;143205;136922;121686;168470;159114;168205;143319;142742;135194;168203;152165;169731;133198;121877;166150;174957;139672;128358;0;0;0;0;0;0;0;0;0;0;0;0;0;0;21;51;2;36;12;4;5;71;89;3;6;27;14;15;40;99;44;24;47;39;70;7;22;25;76;13;0;0;0;0;0;0;0;0;0;0;0;0;0;0;0;0;0;0;0;0;0;0;0;0;0;0;0;0;0;0;0;0;0;0;0;0;0;0;0;0;0;0;0;0;0;0;0;0;0;0;0;0;0;0;26
163;147271;128143;145591;174746;114684;152441;16572;172572;180440;152898;152169;146102;180402;157743;174944;139633;141246;160535;122537;135257;16364;159619;157744;127729;114973;141326;130529;15075;141487;178480;16020;168133;172571;0;0;0;0;0;0;0;49;1;21;33;22;3;28;27;32;13;5;29;31;2;30;8;19;26;14;6;10;15;16;17;23;24;18;41;9;91;11;38;53;0;0;0;0;0;0;0;0;0;0;0;0;0;0;0;0;0;0;0;0;0;0;0;0;0;0;0;0;0;0;0;0;0;0;0;0;0;0;0;0;0;0;0;0;0;0;0;33
164;121666;132550;128990;127814;127815;121710;145607;174753;139632;141308;159762;174755;115403;174754;121693;121608;16499;106234;126742;61139;128702;125548;16577;158455;35868;168246;0;0;0;0;0;0;0;0;0;0;0;0;0;0;21;24;1;32;22;16;2;5;48;3;34;28;77;39;14;76;6;10;20;90;23;91;7;33;15;29;0;0;0;0;0;0;0;0;0;0;0;0;0;0;0;0;0;0;0;0;0;0;0;0;0;0;0;0;0;0;0;0;0;0;0;0;0;0;0;0;0;0;0;0;0;0;0;0;0;0;0;0;0;0;26
165;16857;16541;61384;124203;133058;160552;152206;15882;16597;173161;16375;174757;124149;16093;16342;16472;135564;173041;174756;143208;131075;124191;160551;169459;121763;0;0;0;0;0;0;0;0;0;0;0;0;0;0;0;1;99;21;31;4;33;32;8;22;24;37;23;66;14;25;7;50;17;20;18;9;28;77;29;3;0;0;0;0;0;0;0;0;0;0;0;0;0;0;0;0;0;0;0;0;0;0;0;0;0;0;0;0;0;0;0;0;0;0;0;0;0;0;0;0;0;0;0;0;0;0;0;0;0;0;0;0;0;0;0;25
167;150867;121917;160536;152675;125294;128713;15884;31427;121825;16869;133891;64739;157920;61316;141253;121916;169727;121660;168135;174784;178395;134508;141250;101368;130542;170383;0;0;0;0;0;0;0;0;0;0;0;0;0;0;21;23;71;38;4;15;5;35;77;31;25;2;50;8;22;19;46;28;30;48;65;11;7;99;18;3;0;0;0;0;0;0;0;0;0;0;0;0;0;0;0;0;0;0;0;0;0;0;0;0;0;0;0;0;0;0;0;0;0;0;0;0;0;0;0;0;0;0;0;0;0;0;0;0;0;0;0;0;0;0;26
168;121927;16812;39033;169377;144518;61322;174956;127249;133604;38965;176616;113240;162685;127744;135197;152945;128706;16852;159734;179290;111212;141558;124164;127221;15320;141075;159735;122450;135255;167434;0;0;0;0;0;0;0;0;0;0;1;23;21;46;3;44;97;4;66;6;20;27;16;2;10;18;5;35;34;26;77;48;19;7;8;11;17;13;9;99;0;0;0;0;0;0;0;0;0;0;0;0;0;0;0;0;0;0;0;0;0;0;0;0;0;0;0;0;0;0;0;0;0;0;0;0;0;0;0;0;0;0;0;0;0;0;0;0;0;0;30
169;126874;128712;133440;150880;126618;133381;16424;124097;160370;124211;174905;121664;121657;168308;180543;124120;16809;160961;182053;127096;132332;126731;138421;102111;165222;173391;152944;153414;176272;174906;15159;160785;0;0;0;0;0;0;0;0;24;41;99;21;5;16;3;37;15;40;19;29;2;47;33;8;17;6;46;25;11;14;22;13;9;7;28;27;18;32;10;49;0;0;0;0;0;0;0;0;0;0;0;0;0;0;0;0;0;0;0;0;0;0;0;0;0;0;0;0;0;0;0;0;0;0;0;0;0;0;0;0;0;0;0;0;0;0;0;0;32
172;44104;60238;126110;112009;151847;58839;104418;140703;103008;111096;132824;152908;159248;146751;41082;134758;116541;126349;147290;110599;42316;126624;110838;165709;168863;167959;147289;166259;161463;178499;170919;177302;170223;153061;181566;181717;181565;173197;0;0;13;1;17;24;18;2;15;3;14;16;5;8;4;21;6;10;23;11;20;22;7;19;9;25;37;28;36;38;26;32;33;34;12;40;39;27;29;30;0;0;0;0;0;0;0;0;0;0;0;0;0;0;0;0;0;0;0;0;0;0;0;0;0;0;0;0;0;0;0;0;0;0;0;0;0;0;0;0;0;0;38
173;108279;141479;103047;132192;111800;131286;164876;47785;59766;167258;123232;163006;137991;157391;110815;147234;118274;43135;178035;114808;133653;104226;127516;138662;124266;133543;142088;173029;173973;174262;152866;142290;170952;179511;182064;181490;182065;0;0;0;25;1;13;24;3;15;45;5;6;68;21;33;27;82;16;14;4;8;41;47;10;20;11;26;42;9;7;64;31;43;18;19;22;29;58;52;57;0;0;0;0;0;0;0;0;0;0;0;0;0;0;0;0;0;0;0;0;0;0;0;0;0;0;0;0;0;0;0;0;0;0;0;0;0;0;0;0;0;0;0;37
174;119557;174110;119445;139944;145796;132967;168003;131952;169242;177765;104794;132966;165800;173316;106767;140087;119554;170567;143015;172615;142402;127515;63916;118969;147783;172448;175601;164656;176702;126756;128442;170615;168349;173105;172235;163024;181529;178130;0;0;26;16;75;63;3;55;12;1;4;2;6;54;7;79;25;24;23;74;13;78;29;10;11;14;21;5;99;83;9;8;15;22;40;71;44;72;17;18;0;0;0;0;0;0;0;0;0;0;0;0;0;0;0;0;0;0;0;0;0;0;0;0;0;0;0;0;0;0;0;0;0;0;0;0;0;0;0;0;0;0;38
175;120429;91367;56112;90647;91547;101376;132490;119566;91684;126346;138287;165742;154926;124030;123925;120416;42446;141903;151514;146787;107821;140627;159298;135311;91291;90658;138420;55587;0;0;0;0;0;0;0;0;0;0;0;0;1;44;61;16;19;25;27;33;4;30;17;20;26;6;18;8;3;11;2;5;22;7;36;21;31;9;10;29;0;0;0;0;0;0;0;0;0;0;0;0;0;0;0;0;0;0;0;0;0;0;0;0;0;0;0;0;0;0;0;0;0;0;0;0;0;0;0;0;0;0;0;0;0;0;0;0;0;0;0;0;28
176;118665;144804;144582;135611;114038;132839;168200;146954;114861;152388;156916;144624;143308;147490;170783;104341;178527;159404;101668;147138;118733;135190;142845;124032;115165;130003;148153;126900;169323;170166;173941;173342;174407;168764;179265;181491;0;0;0;0;1;22;20;17;16;15;26;3;4;2;12;5;8;30;24;6;18;31;28;14;10;25;21;29;19;7;11;23;32;85;34;13;36;27;33;58;0;0;0;0;0;0;0;0;0;0;0;0;0;0;0;0;0;0;0;0;0;0;0;0;0;0;0;0;0;0;0;0;0;0;0;0;0;0;0;0;0;0;0;0;36
177;47286;126908;104731;138081;101781;103514;118347;167672;157256;135102;40283;126299;42575;135172;135143;145632;172080;174190;101115;169375;124840;142846;155041;161828;132897;172632;173341;144273;178141;181750;181587;0;0;0;0;0;0;0;0;0;1;12;31;32;6;5;16;39;15;2;23;37;27;22;24;42;45;34;18;19;7;10;20;11;9;44;35;46;47;49;43;0;0;0;0;0;0;0;0;0;0;0;0;0;0;0;0;0;0;0;0;0;0;0;0;0;0;0;0;0;0;0;0;0;0;0;0;0;0;0;0;0;0;0;0;0;0;0;0;0;31
178;45144;42821;138164;103551;110645;117636;108931;114021;59596;117886;116066;103820;61182;41120;126164;168293;144031;106410;152123;109128;127058;135041;57330;173937;157955;164702;164700;180301;181577;0;0;0;0;0;0;0;0;0;0;0;1;23;3;5;31;15;33;30;2;21;16;20;6;10;32;24;22;17;14;8;19;9;7;18;42;64;44;57;51;0;0;0;0;0;0;0;0;0;0;0;0;0;0;0;0;0;0;0;0;0;0;0;0;0;0;0;0;0;0;0;0;0;0;0;0;0;0;0;0;0;0;0;0;0;0;0;0;0;0;0;29
179;116482;147504;118000;136184;111280;141530;133108;45134;140565;126825;168405;119828;105297;109540;112218;170378;151830;131728;140649;137000;123721;114036;157279;126614;104680;147455;110866;115254;148193;173053;169410;173543;169754;173315;178145;178149;178142;162687;0;0;1;31;40;37;17;3;4;33;13;24;38;23;30;6;8;15;14;22;29;7;21;10;28;20;19;11;9;39;55;64;52;51;54;78;72;62;16;57;0;0;0;0;0;0;0;0;0;0;0;0;0;0;0;0;0;0;0;0;0;0;0;0;0;0;0;0;0;0;0;0;0;0;0;0;0;0;0;0;0;0;38
180;45078;142265;161266;179210;162323;135576;108620;146879;176342;179211;179440;133418;141956;141476;152606;118686;153595;108397;157591;147299;142068;179209;119818;118281;138467;147026;122319;140038;179212;180297;180469;0;0;0;0;0;0;0;0;0;16;40;30;37;92;20;4;24;13;35;38;14;22;29;27;42;17;18;6;5;8;36;28;19;7;21;10;9;31;12;15;0;0;0;0;0;0;0;0;0;0;0;0;0;0;0;0;0;0;0;0;0;0;0;0;0;0;0;0;0;0;0;0;0;0;0;0;0;0;0;0;0;0;0;0;0;0;0;0;0;31
181;142827;108980;162735;107977;119696;144637;176341;130120;41596;159428;104720;101221;148005;142524;113695;176301;60906;178452;169894;135954;164574;154996;160898;178453;152137;47049;157472;110431;169722;178454;180468;180467;178451;0;0;0;0;0;0;0;1;40;50;19;22;21;85;16;3;36;98;33;23;6;5;39;8;44;10;7;99;11;17;45;37;18;9;77;24;25;14;15;78;0;0;0;0;0;0;0;0;0;0;0;0;0;0;0;0;0;0;0;0;0;0;0;0;0;0;0;0;0;0;0;0;0;0;0;0;0;0;0;0;0;0;0;0;0;0;0;33
182;157251;45106;33301;176633;178020;114196;100939;158576;175424;173064;107957;159727;60451;104391;129694;160313;157042;123265;47046;177745;167136;60550;140761;167898;46487;108985;175796;60461;107604;173065;181746;0;0;0;0;0;0;0;0;0;40;16;1;60;6;20;24;25;4;32;14;13;27;2;23;18;8;21;28;5;31;9;19;26;10;11;38;22;7;56;15;0;0;0;0;0;0;0;0;0;0;0;0;0;0;0;0;0;0;0;0;0;0;0;0;0;0;0;0;0;0;0;0;0;0;0;0;0;0;0;0;0;0;0;0;0;0;0;0;0;31
185;164498;140814;90138;55185;111061;51548;130378;118471;141481;91201;52356;127124;124124;139749;46842;122748;53720;120387;17296;142208;123999;95197;159585;169918;91533;157836;168520;90101;54994;181405;0;0;0;0;0;0;0;0;0;0;30;13;25;31;32;5;4;39;22;33;27;2;3;23;8;14;34;6;10;20;18;24;7;17;11;44;12;9;29;1;0;0;0;0;0;0;0;0;0;0;0;0;0;0;0;0;0;0;0;0;0;0;0;0;0;0;0;0;0;0;0;0;0;0;0;0;0;0;0;0;0;0;0;0;0;0;0;0;0;0;30
186;60502;114480;172214;119922;170504;141218;181917;114780;113195;118472;47252;133029;33075;113271;121414;114434;127011;111138;138024;117941;131029;151857;151608;111484;100117;144278;123057;173905;179402;179401;182087;182086;182084;182085;181415;0;0;0;0;0;1;13;25;26;14;41;5;16;18;33;22;20;29;6;19;4;23;8;17;21;28;11;30;7;10;9;24;52;53;55;12;15;42;47;27;0;0;0;0;0;0;0;0;0;0;0;0;0;0;0;0;0;0;0;0;0;0;0;0;0;0;0;0;0;0;0;0;0;0;0;0;0;0;0;0;0;0;0;0;0;35
190;138576;135543;162668;8959;121389;140770;145610;182401;113334;130678;103219;121256;107068;120734;175588;159565;157937;122727;125382;138331;160628;114909;174403;111277;142635;128368;178491;178103;0;0;0;0;0;0;0;0;0;0;0;0;40;90;1;93;28;31;13;22;27;33;11;59;19;8;29;14;38;32;24;6;20;10;7;9;18;15;12;52;0;0;0;0;0;0;0;0;0;0;0;0;0;0;0;0;0;0;0;0;0;0;0;0;0;0;0;0;0;0;0;0;0;0;0;0;0;0;0;0;0;0;0;0;0;0;0;0;0;0;0;0;28
191;128788;141478;153137;151855;40725;175979;170970;181410;144430;124663;177751;181489;135039;133701;153116;146396;129094;176580;140862;169682;143267;47543;114457;153488;60391;128022;172489;182062;152496;148608;153144;173907;175574;177260;179649;179509;168001;175901;0;0;1;24;4;44;30;64;26;62;17;6;15;58;20;5;16;8;18;68;10;84;21;7;11;25;27;14;9;72;39;73;13;23;57;76;75;77;86;78;0;0;0;0;0;0;0;0;0;0;0;0;0;0;0;0;0;0;0;0;0;0;0;0;0;0;0;0;0;0;0;0;0;0;0;0;0;0;0;0;0;0;38
192;127038;106531;114224;147706;119139;117709;177929;39173;137267;125660;157344;166468;140307;114680;166196;107481;170711;140333;133175;181749;114177;167081;120322;165252;134939;172363;38491;166467;169322;146551;174726;174405;174725;169456;170950;179415;0;0;0;0;99;14;24;4;18;5;21;3;74;12;20;52;22;13;8;42;86;10;17;77;75;7;11;9;29;27;26;73;31;87;44;53;47;51;91;92;0;0;0;0;0;0;0;0;0;0;0;0;0;0;0;0;0;0;0;0;0;0;0;0;0;0;0;0;0;0;0;0;0;0;0;0;0;0;0;0;0;0;0;0;36
193;47215;126595;148075;138484;157015;143400;132754;147895;109058;125658;151958;133242;142828;132755;122538;126616;147717;126673;172622;118444;166570;160935;177911;123749;139930;168523;158522;172554;172624;172623;161287;173113;164868;174150;144235;144367;160351;180299;180300;177104;1;12;41;25;26;6;72;20;11;91;22;13;42;23;5;14;10;17;52;8;7;31;15;97;89;24;34;37;36;38;54;45;60;47;79;58;53;62;64;2;0;0;0;0;0;0;0;0;0;0;0;0;0;0;0;0;0;0;0;0;0;0;0;0;0;0;0;0;0;0;0;0;0;0;0;0;0;0;0;0;40
194;125798;61147;47250;135034;152754;61056;42868;121314;43467;173330;100510;104745;114226;155300;146202;116848;110439;108751;42556;148970;131334;127160;170916;119816;117934;105089;42806;159225;166258;165867;172352;173967;167122;179233;159469;181409;182046;178387;0;0;1;25;13;4;16;3;5;23;12;40;2;14;21;6;18;15;8;20;22;10;17;7;52;24;19;9;11;32;26;27;31;47;35;33;34;28;29;30;0;0;0;0;0;0;0;0;0;0;0;0;0;0;0;0;0;0;0;0;0;0;0;0;0;0;0;0;0;0;0;0;0;0;0;0;0;0;0;0;0;0;38
195;109213;114403;157572;161600;120958;142347;153767;179221;43157;119692;122106;126426;133686;138324;155308;138298;144615;173209;45823;161602;156993;148997;61402;174430;138500;158648;102742;46666;144098;148967;148173;152177;180471;180314;180315;180313;153765;180312;167105;0;13;1;25;32;2;24;29;12;20;4;21;3;5;14;17;6;22;16;15;8;19;23;11;39;9;18;7;10;26;47;61;27;28;30;31;33;34;35;36;0;0;0;0;0;0;0;0;0;0;0;0;0;0;0;0;0;0;0;0;0;0;0;0;0;0;0;0;0;0;0;0;0;0;0;0;0;0;0;0;0;39
196;106956;141943;164971;112458;125039;104748;119131;127576;162605;112940;161756;144437;116134;141716;112015;116471;147725;140284;127604;107674;155040;121864;110596;155752;145957;0;0;0;0;0;0;0;0;0;0;0;0;0;0;0;1;13;31;5;16;6;17;3;2;20;4;24;12;8;18;23;15;21;7;11;22;14;10;9;19;0;0;0;0;0;0;0;0;0;0;0;0;0;0;0;0;0;0;0;0;0;0;0;0;0;0;0;0;0;0;0;0;0;0;0;0;0;0;0;0;0;0;0;0;0;0;0;0;0;0;0;0;0;0;0;25
197;46815;119812;37225;173518;139957;111174;112084;154963;147009;133091;108696;133239;118750;139969;101334;114638;57433;177984;103420;63509;121083;140230;146224;157516;131271;113339;164963;171973;181520;181849;181848;181519;181191;177154;0;0;0;0;0;0;31;13;34;39;24;37;4;14;3;22;27;18;11;5;17;6;7;60;21;94;8;9;70;15;20;16;26;41;45;19;42;23;25;54;0;0;0;0;0;0;0;0;0;0;0;0;0;0;0;0;0;0;0;0;0;0;0;0;0;0;0;0;0;0;0;0;0;0;0;0;0;0;0;0;0;0;0;0;0;0;34
198;110696;105243;103191;114589;47807;112156;114756;125763;133362;107773;146868;90911;109071;116235;130236;110578;91209;46859;37035;90500;172580;91524;59657;147136;40887;147471;140868;90465;159479;91519;128310;115994;91676;0;0;0;0;0;0;0;40;12;70;5;21;15;14;26;77;2;27;24;4;6;16;8;18;52;17;75;10;88;11;20;31;9;28;23;22;39;19;33;7;0;0;0;0;0;0;0;0;0;0;0;0;0;0;0;0;0;0;0;0;0;0;0;0;0;0;0;0;0;0;0;0;0;0;0;0;0;0;0;0;0;0;0;0;0;0;0;33
199;55400;55401;55402;55403;55404;55405;55406;55407;55408;55409;55410;55411;55412;55413;55414;55415;55416;55417;55418;55419;55420;55421;55422;138579;128975;91577;0;0;0;0;0;0;0;0;0;0;0;0;0;0;1;2;3;4;5;6;7;8;9;10;11;12;13;14;15;16;17;18;19;20;21;22;23;24;25;26;0;0;0;0;0;0;0;0;0;0;0;0;0;0;0;0;0;0;0;0;0;0;0;0;0;0;0;0;0;0;0;0;0;0;0;0;0;0;0;0;0;0;0;0;0;0;0;0;0;0;0;0;0;0;26
200;55423;55424;55425;55426;55427;55428;55429;55430;55431;55432;55433;55434;55435;55436;55437;55438;55439;55440;55441;55442;55443;55444;55445;0;0;0;0;0;0;0;0;0;0;0;0;0;0;0;0;0;1;2;3;4;5;6;7;8;9;10;11;12;13;14;15;16;17;18;19;20;21;22;23;0;0;0;0;0;0;0;0;0;0;0;0;0;0;0;0;0;0;0;0;0;0;0;0;0;0;0;0;0;0;0;0;0;0;0;0;0;0;0;0;0;0;0;0;0;0;0;0;0;0;0;0;0;0;0;0;0;23
201;167839;101734;165717;170822;114484;126055;44721;142664;133282;128061;118573;134467;121640;132627;116569;144324;124170;160434;101295;155391;101034;134706;121750;174185;164575;176519;181721;181575;181576;0;0;0;0;0;0;0;0;0;0;0;25;21;55;4;5;37;6;31;20;3;26;2;24;7;8;14;27;17;10;23;16;28;9;33;29;48;19;58;52;0;0;0;0;0;0;0;0;0;0;0;0;0;0;0;0;0;0;0;0;0;0;0;0;0;0;0;0;0;0;0;0;0;0;0;0;0;0;0;0;0;0;0;0;0;0;0;0;0;0;0;29
203;46969;114386;45270;104683;101294;60525;157166;169991;145123;175410;137167;146613;122833;127696;127100;121420;176864;130571;146250;117750;176868;169936;137207;132227;176873;136424;179293;176871;178459;176865;176869;0;0;0;0;0;0;0;0;0;1;25;15;32;17;5;19;13;3;20;16;44;26;2;6;10;37;8;14;41;7;77;23;99;11;24;53;55;59;50;58;0;0;0;0;0;0;0;0;0;0;0;0;0;0;0;0;0;0;0;0;0;0;0;0;0;0;0;0;0;0;0;0;0;0;0;0;0;0;0;0;0;0;0;0;0;0;0;0;0;31
204;141830;122897;37291;127627;118396;100530;112433;141831;133747;138542;46819;176287;126509;111909;151485;107691;124330;167637;177761;147597;178522;108941;175351;114569;146465;148998;112137;42578;167810;168709;177760;168284;0;0;0;0;0;0;0;0;1;13;31;5;15;24;23;4;16;33;21;56;22;17;6;8;18;34;25;30;29;14;28;10;7;27;20;9;12;54;66;63;0;0;0;0;0;0;0;0;0;0;0;0;0;0;0;0;0;0;0;0;0;0;0;0;0;0;0;0;0;0;0;0;0;0;0;0;0;0;0;0;0;0;0;0;0;0;0;0;32
205;134800;103116;112747;141954;126185;109551;101513;132189;103886;131241;168108;110931;106413;134496;142568;115558;106435;166211;166512;142304;148019;166210;147172;133144;134782;143488;144757;142878;165077;168550;171950;172261;0;0;0;0;0;0;0;0;31;4;33;29;5;6;26;25;3;24;15;2;12;7;18;8;16;28;23;14;45;17;22;11;27;9;13;20;36;52;34;21;0;0;0;0;0;0;0;0;0;0;0;0;0;0;0;0;0;0;0;0;0;0;0;0;0;0;0;0;0;0;0;0;0;0;0;0;0;0;0;0;0;0;0;0;0;0;0;0;32
207;165664;47016;115224;108918;132625;126600;177774;46538;164944;134506;114907;148208;117376;112970;116712;160495;42871;179332;147638;161536;174038;152172;172453;147485;133267;122009;125797;172455;172454;167211;178524;179331;178525;179743;180391;0;0;0;0;0;41;1;25;71;6;15;17;5;39;34;3;38;2;14;4;24;28;20;18;10;13;27;46;23;19;9;11;12;42;22;58;16;21;54;26;0;0;0;0;0;0;0;0;0;0;0;0;0;0;0;0;0;0;0;0;0;0;0;0;0;0;0;0;0;0;0;0;0;0;0;0;0;0;0;0;0;0;0;0;0;35
208;60709;106425;113574;137257;132344;116576;135882;143136;163578;146945;168316;43166;137926;135038;113907;140846;117563;175795;165751;142230;116294;100995;159233;168758;167405;168684;165752;157328;164589;171574;181436;0;0;0;0;0;0;0;0;0;1;31;25;24;37;4;15;3;6;38;17;2;7;8;27;21;47;36;30;14;11;9;63;84;69;73;74;72;65;64;62;0;0;0;0;0;0;0;0;0;0;0;0;0;0;0;0;0;0;0;0;0;0;0;0;0;0;0;0;0;0;0;0;0;0;0;0;0;0;0;0;0;0;0;0;0;0;0;0;0;31
210;167216;38218;102828;152885;151250;145994;125869;113512;152112;179467;176635;172078;129084;168419;127513;155726;46984;60449;179410;178022;154002;164739;115845;127498;157418;173939;177747;159911;172450;182060;142882;0;0;0;0;0;0;0;0;0;1;30;23;16;3;4;6;28;12;34;2;5;15;24;13;66;7;17;33;18;10;14;29;9;25;11;19;26;48;21;51;0;0;0;0;0;0;0;0;0;0;0;0;0;0;0;0;0;0;0;0;0;0;0;0;0;0;0;0;0;0;0;0;0;0;0;0;0;0;0;0;0;0;0;0;0;0;0;0;0;31
211;127286;101016;164932;164856;154003;145915;172212;114799;118659;113092;176479;127192;107654;175404;108983;139857;161858;172548;161496;135986;151461;177888;132612;140187;172272;144570;159473;173552;181462;0;0;0;0;0;0;0;0;0;0;0;1;16;40;18;7;36;38;29;22;2;3;8;4;39;21;6;10;20;17;24;19;34;11;9;27;35;12;15;55;0;0;0;0;0;0;0;0;0;0;0;0;0;0;0;0;0;0;0;0;0;0;0;0;0;0;0;0;0;0;0;0;0;0;0;0;0;0;0;0;0;0;0;0;0;0;0;0;0;0;0;29
212;111150;134428;157117;176475;176478;173066;109536;153193;104650;176483;162327;130558;178355;169823;176849;176482;176485;178356;118438;151622;159682;157028;178354;112056;110940;100504;176487;0;0;0;0;0;0;0;0;0;0;0;0;0;98;1;55;21;5;3;17;26;12;32;29;8;7;24;10;27;6;31;18;22;28;23;20;25;9;19;50;0;0;0;0;0;0;0;0;0;0;0;0;0;0;0;0;0;0;0;0;0;0;0;0;0;0;0;0;0;0;0;0;0;0;0;0;0;0;0;0;0;0;0;0;0;0;0;0;0;0;0;0;0;27
213;124559;119512;57214;153099;144540;59806;46466;157714;164962;114853;107940;157603;46647;159509;61183;44527;166254;144649;164843;160271;140214;159474;177323;110801;165029;170966;38627;166501;166153;173067;173148;178435;175515;179513;181283;181585;181485;0;0;0;1;16;30;4;3;18;23;13;36;15;24;22;12;17;6;21;32;10;7;11;27;8;14;28;20;29;9;63;58;34;25;69;33;57;19;42;45;0;0;0;0;0;0;0;0;0;0;0;0;0;0;0;0;0;0;0;0;0;0;0;0;0;0;0;0;0;0;0;0;0;0;0;0;0;0;0;0;0;0;0;37
215;133435;101507;178486;126231;172046;107400;109265;151961;118599;165008;152492;175890;147093;156971;167655;102483;164940;174863;133080;158494;102285;172442;166190;173058;179400;179238;181232;181666;181438;180432;181231;181667;0;0;0;0;0;0;0;0;31;1;50;27;3;15;6;23;17;21;29;49;77;10;44;11;28;18;7;22;19;99;8;58;52;54;62;67;69;70;72;71;0;0;0;0;0;0;0;0;0;0;0;0;0;0;0;0;0;0;0;0;0;0;0;0;0;0;0;0;0;0;0;0;0;0;0;0;0;0;0;0;0;0;0;0;0;0;0;0;32
216;40990;113337;158469;178582;154924;111168;182048;47408;173060;117969;107960;110460;109226;107516;140000;109564;40260;179208;168072;147419;172049;41000;172048;144620;130391;118479;173855;41889;160307;168073;172047;181571;0;0;0;0;0;0;0;0;1;30;50;78;4;6;2;26;72;3;27;98;18;24;8;28;13;52;17;21;66;20;11;10;31;37;14;19;79;53;57;15;0;0;0;0;0;0;0;0;0;0;0;0;0;0;0;0;0;0;0;0;0;0;0;0;0;0;0;0;0;0;0;0;0;0;0;0;0;0;0;0;0;0;0;0;0;0;0;0;32
217;113999;57255;165256;135384;160284;172627;144621;178114;154108;7814;134527;133085;117644;123483;132734;130469;59842;114053;174158;161264;176476;126566;157670;140072;153149;141840;138493;167684;167681;173577;173904;179146;182059;181484;180329;181747;180328;0;0;0;80;31;30;55;64;28;33;37;5;4;26;2;92;24;99;6;8;22;39;20;23;10;21;25;47;11;90;46;57;59;58;61;42;43;49;83;82;0;0;0;0;0;0;0;0;0;0;0;0;0;0;0;0;0;0;0;0;0;0;0;0;0;0;0;0;0;0;0;0;0;0;0;0;0;0;0;0;0;0;0;37
218;47529;179249;159480;132341;172523;133022;139896;165849;168543;119877;104277;106409;109402;123147;143323;116266;132059;114379;179250;181207;162332;101875;172445;174593;179648;180327;181483;180326;0;0;0;0;0;0;0;0;0;0;0;0;30;50;97;3;48;24;36;18;6;45;21;4;10;95;26;11;17;70;65;75;9;7;77;52;42;62;63;64;0;0;0;0;0;0;0;0;0;0;0;0;0;0;0;0;0;0;0;0;0;0;0;0;0;0;0;0;0;0;0;0;0;0;0;0;0;0;0;0;0;0;0;0;0;0;0;0;0;0;0;0;28
219;100811;141638;152318;40987;137531;101404;126799;100930;112845;119112;112516;108977;107652;143148;47430;115543;134442;159566;159200;167305;0;0;0;0;0;0;0;0;0;0;0;0;0;0;0;0;0;0;0;0;2;30;4;14;1;3;5;15;7;6;21;8;10;11;24;12;13;16;17;18;0;0;0;0;0;0;0;0;0;0;0;0;0;0;0;0;0;0;0;0;0;0;0;0;0;0;0;0;0;0;0;0;0;0;0;0;0;0;0;0;0;0;0;0;0;0;0;0;0;0;0;0;0;0;0;0;0;0;0;0;20
221;147464;120306;126817;173537;178418;140570;142662;120450;178417;157122;159504;46498;179148;178416;142507;178419;132498;177236;146398;159457;179147;169392;170948;126714;176636;151894;146564;155768;153384;179256;178415;0;0;0;0;0;0;0;0;0;1;16;30;40;25;4;3;2;35;27;12;19;42;44;23;45;17;77;15;34;28;22;24;10;37;9;20;13;11;7;21;0;0;0;0;0;0;0;0;0;0;0;0;0;0;0;0;0;0;0;0;0;0;0;0;0;0;0;0;0;0;0;0;0;0;0;0;0;0;0;0;0;0;0;0;0;0;0;0;0;31
225;17010;90541;51511;108998;109126;103519;148035;90246;102896;90999;142714;171536;95239;142112;91685;90152;130016;90064;142196;17675;90239;52309;60910;127316;139785;124101;91655;168622;148094;91104;0;0;0;0;0;0;0;0;0;0;33;42;23;21;30;4;14;2;5;26;29;6;39;27;17;16;10;38;13;7;36;25;9;19;11;18;15;8;32;45;0;0;0;0;0;0;0;0;0;0;0;0;0;0;0;0;0;0;0;0;0;0;0;0;0;0;0;0;0;0;0;0;0;0;0;0;0;0;0;0;0;0;0;0;0;0;0;0;0;0;30
226;153441;132179;142060;174081;138601;134043;146883;145641;174079;179447;120461;178444;109149;107713;170416;153325;164665;106800;169940;181563;43040;157602;105985;142194;181562;142126;133464;160522;44401;90216;91116;178440;178441;178442;0;0;0;0;0;0;40;23;33;39;3;4;34;5;21;26;13;2;22;15;16;8;6;18;42;31;27;19;20;7;29;9;25;11;30;38;44;58;28;85;0;0;0;0;0;0;0;0;0;0;0;0;0;0;0;0;0;0;0;0;0;0;0;0;0;0;0;0;0;0;0;0;0;0;0;0;0;0;0;0;0;0;0;0;0;0;34
227;54734;17614;121970;110530;95163;61681;90143;120440;91147;142133;54106;17635;56000;17638;90286;130379;154114;91016;17292;172345;118105;135266;117825;173744;17655;146982;0;0;0;0;0;0;0;0;0;0;0;0;0;0;1;21;24;3;37;28;43;5;33;30;29;17;6;27;44;8;11;7;32;22;19;14;26;31;9;73;0;0;0;0;0;0;0;0;0;0;0;0;0;0;0;0;0;0;0;0;0;0;0;0;0;0;0;0;0;0;0;0;0;0;0;0;0;0;0;0;0;0;0;0;0;0;0;0;0;0;0;0;0;0;26
231;113283;51527;90144;52890;117840;151801;132150;147142;117824;142177;140861;90871;51532;132524;172576;114303;90385;51536;152952;168889;90913;146020;157121;91290;171612;120354;146006;138396;165128;145653;91062;161901;0;0;0;0;0;0;0;0;33;1;21;29;24;14;3;2;23;7;22;4;15;6;30;16;35;28;11;10;17;18;27;45;19;9;26;8;25;53;31;32;0;0;0;0;0;0;0;0;0;0;0;0;0;0;0;0;0;0;0;0;0;0;0;0;0;0;0;0;0;0;0;0;0;0;0;0;0;0;0;0;0;0;0;0;0;0;0;0;32
232;117948;116653;136776;152910;152270;118614;160079;151623;126296;148165;119695;90998;118424;151553;156973;129382;117459;106794;142083;142980;126120;55165;40871;156976;126905;153492;146411;122035;157368;168618;0;0;0;0;0;0;0;0;0;0;1;29;12;4;6;3;18;14;15;33;21;25;13;26;2;5;32;27;31;40;10;8;24;39;19;11;9;23;17;7;0;0;0;0;0;0;0;0;0;0;0;0;0;0;0;0;0;0;0;0;0;0;0;0;0;0;0;0;0;0;0;0;0;0;0;0;0;0;0;0;0;0;0;0;0;0;0;0;0;0;30
234;128021;60466;115038;157943;141492;172021;132062;47162;110650;46866;126517;140332;61720;119151;100428;140540;122011;138141;133470;142215;135957;122716;115117;161132;167218;141688;153957;173120;167264;172367;168185;172282;179389;167719;0;0;0;0;0;0;29;57;31;4;42;69;3;23;19;15;13;6;8;16;77;59;5;47;17;10;7;18;9;90;55;68;67;81;50;38;32;24;46;62;0;0;0;0;0;0;0;0;0;0;0;0;0;0;0;0;0;0;0;0;0;0;0;0;0;0;0;0;0;0;0;0;0;0;0;0;0;0;0;0;0;0;0;0;0;0;34
235;100506;108646;119128;179070;138364;157352;170698;114433;46229;173901;157798;177168;114784;103043;155729;147107;131956;163002;117909;114953;123411;172433;157248;164324;179072;179069;172053;153665;152751;114913;157358;173962;138642;179068;179484;0;0;0;0;0;21;1;12;22;20;34;5;2;4;36;28;27;26;24;6;14;18;25;32;8;7;15;10;70;53;96;77;11;17;9;19;89;99;43;13;0;0;0;0;0;0;0;0;0;0;0;0;0;0;0;0;0;0;0;0;0;0;0;0;0;0;0;0;0;0;0;0;0;0;0;0;0;0;0;0;0;0;0;0;0;35
237;40553;147062;177667;126629;157684;157350;162595;117341;126021;150856;110742;172055;104164;155275;148994;118507;170694;103295;159749;156792;114254;151610;114472;133466;103968;100709;113064;173024;0;0;0;0;0;0;0;0;0;0;0;0;1;13;22;78;20;25;77;28;33;19;29;2;16;5;18;8;3;7;90;17;98;10;99;11;9;92;32;37;0;0;0;0;0;0;0;0;0;0;0;0;0;0;0;0;0;0;0;0;0;0;0;0;0;0;0;0;0;0;0;0;0;0;0;0;0;0;0;0;0;0;0;0;0;0;0;0;0;0;0;0;28
238;57011;47195;170874;101910;121943;100381;144082;153673;116756;157691;172451;58594;126511;104741;124233;103010;116785;152304;153835;118233;109046;45373;139918;154016;178541;178542;176050;179334;0;0;0;0;0;0;0;0;0;0;0;0;66;1;77;13;24;32;29;72;3;27;18;19;6;28;10;5;8;17;14;11;7;20;21;31;42;44;47;45;0;0;0;0;0;0;0;0;0;0;0;0;0;0;0;0;0;0;0;0;0;0;0;0;0;0;0;0;0;0;0;0;0;0;0;0;0;0;0;0;0;0;0;0;0;0;0;0;0;0;0;0;28
240;159290;119690;115184;44794;169725;134530;117463;141471;157654;60468;177316;157317;111175;126028;103456;123241;120476;112885;60538;167066;45404;179253;109485;155652;116060;159160;157094;111126;126025;38387;110467;167685;179255;179254;0;0;0;0;0;0;50;98;1;30;13;2;17;5;31;25;39;21;23;29;18;94;28;8;16;33;4;34;7;20;72;10;11;77;99;9;92;32;62;63;0;0;0;0;0;0;0;0;0;0;0;0;0;0;0;0;0;0;0;0;0;0;0;0;0;0;0;0;0;0;0;0;0;0;0;0;0;0;0;0;0;0;0;0;0;0;34
242;159684;39161;42543;159683;160133;140657;164602;153219;155165;167838;140591;152615;135514;156289;141892;42440;176280;167674;130710;179319;141535;173155;175969;153440;126116;172225;132624;153082;119817;157817;169432;172221;159432;174638;182108;180479;166212;167268;0;0;1;41;12;31;3;5;18;4;23;15;34;30;2;22;6;8;20;26;10;33;17;27;75;7;11;24;9;35;19;73;45;76;13;14;16;25;21;28;0;0;0;0;0;0;0;0;0;0;0;0;0;0;0;0;0;0;0;0;0;0;0;0;0;0;0;0;0;0;0;0;0;0;0;0;0;0;0;0;0;0;38
244;131090;157797;106863;153224;144700;170548;169814;178164;178545;169815;101735;139833;176893;161872;158791;162717;144703;168109;170260;44726;153580;153598;178543;158652;168890;109051;172413;169816;178544;178546;181850;0;0;0;0;0;0;0;0;0;1;13;21;24;3;4;22;15;48;2;43;5;16;6;14;18;8;7;17;20;10;27;69;26;9;19;37;39;44;55;58;0;0;0;0;0;0;0;0;0;0;0;0;0;0;0;0;0;0;0;0;0;0;0;0;0;0;0;0;0;0;0;0;0;0;0;0;0;0;0;0;0;0;0;0;0;0;0;0;0;31
245;160132;59616;136177;172533;162536;130598;173733;132588;165033;165069;63611;174321;172106;137145;130599;161363;177909;134922;136039;146922;140711;173218;178504;115257;175435;158574;139694;174169;173945;181220;0;0;0;0;0;0;0;0;0;0;22;44;31;17;3;4;28;19;45;13;6;16;35;10;8;14;36;7;11;26;20;50;33;9;18;12;41;25;29;82;0;0;0;0;0;0;0;0;0;0;0;0;0;0;0;0;0;0;0;0;0;0;0;0;0;0;0;0;0;0;0;0;0;0;0;0;0;0;0;0;0;0;0;0;0;0;0;0;0;0;30
246;170259;111976;40646;180332;172470;127803;126824;46541;178539;125403;146904;178540;170255;119120;171522;119763;136605;102914;43041;156992;172471;154183;170838;152462;159628;132878;37028;178538;0;0;0;0;0;0;0;0;0;0;0;0;99;1;31;44;12;22;15;3;27;4;21;29;25;2;16;20;14;8;90;10;11;55;32;19;9;7;24;26;0;0;0;0;0;0;0;0;0;0;0;0;0;0;0;0;0;0;0;0;0;0;0;0;0;0;0;0;0;0;0;0;0;0;0;0;0;0;0;0;0;0;0;0;0;0;0;0;0;0;0;0;28
247;133158;38635;151740;140228;113661;151972;45261;40541;110586;179375;107312;136684;172742;152634;178558;170506;155475;157232;155651;157468;40062;46219;121622;126097;130711;42404;180333;179275;163584;0;0;0;0;0;0;0;0;0;0;0;1;22;31;4;3;2;15;17;5;24;14;71;16;23;35;25;11;19;20;8;10;7;18;9;34;30;52;42;21;0;0;0;0;0;0;0;0;0;0;0;0;0;0;0;0;0;0;0;0;0;0;0;0;0;0;0;0;0;0;0;0;0;0;0;0;0;0;0;0;0;0;0;0;0;0;0;0;0;0;0;29
250;46650;127690;154146;37257;176266;139956;141652;106869;177358;174734;160470;131269;177790;132851;126744;141467;157651;135411;115995;179184;107479;139960;146621;114558;38400;168116;179471;0;0;0;0;0;0;0;0;0;0;0;0;0;1;16;21;22;31;2;38;3;23;43;39;28;12;6;20;4;42;14;32;27;7;11;8;10;9;25;15;0;0;0;0;0;0;0;0;0;0;0;0;0;0;0;0;0;0;0;0;0;0;0;0;0;0;0;0;0;0;0;0;0;0;0;0;0;0;0;0;0;0;0;0;0;0;0;0;0;0;0;0;0;27
251;117476;47705;152293;143661;136180;45398;40392;136683;117703;126763;146941;178088;164471;151790;137994;126094;122344;173924;138568;120787;155662;159930;177669;140334;138510;45176;173639;162986;160291;167193;167101;162727;0;0;0;0;0;0;0;0;1;25;33;40;44;3;24;16;2;23;27;46;21;14;8;7;20;43;10;11;15;77;17;22;9;91;18;19;12;28;42;54;0;0;0;0;0;0;0;0;0;0;0;0;0;0;0;0;0;0;0;0;0;0;0;0;0;0;0;0;0;0;0;0;0;0;0;0;0;0;0;0;0;0;0;0;0;0;0;0;32
253;157749;170560;153571;165248;59598;143986;176524;165841;38043;158755;170705;178375;136187;176522;108443;165249;176527;169324;178490;121020;169617;175423;176523;102916;171573;109039;134493;104813;103700;178489;167945;172095;0;0;0;0;0;0;0;0;1;16;22;20;3;28;25;32;14;2;5;8;6;15;4;23;18;27;40;7;29;17;24;77;11;10;99;9;21;39;30;12;0;0;0;0;0;0;0;0;0;0;0;0;0;0;0;0;0;0;0;0;0;0;0;0;0;0;0;0;0;0;0;0;0;0;0;0;0;0;0;0;0;0;0;0;0;0;0;0;32
256;126489;157246;161973;146691;124055;141188;152296;111979;156983;156982;170510;178559;60924;164799;144695;110425;178560;138498;115182;170508;141215;143363;137501;107796;173043;115955;122032;165773;167947;174410;0;0;0;0;0;0;0;0;0;0;1;16;41;4;28;5;33;2;6;3;39;26;30;34;8;35;38;25;18;20;21;7;22;9;19;10;29;12;27;42;0;0;0;0;0;0;0;0;0;0;0;0;0;0;0;0;0;0;0;0;0;0;0;0;0;0;0;0;0;0;0;0;0;0;0;0;0;0;0;0;0;0;0;0;0;0;0;0;0;0;30
258;106957;157772;124996;138325;47522;106958;165289;161566;100224;134737;118685;106968;106974;167221;138329;176659;180342;46788;133052;162209;142261;103612;147229;102290;127577;110840;174948;157450;180410;172299;161554;178566;179519;179652;179653;161760;156236;0;0;0;1;27;3;4;14;5;13;19;17;12;2;15;6;18;24;30;44;16;8;20;10;7;22;9;23;11;21;25;31;28;26;52;43;29;49;32;33;0;0;0;0;0;0;0;0;0;0;0;0;0;0;0;0;0;0;0;0;0;0;0;0;0;0;0;0;0;0;0;0;0;0;0;0;0;0;0;0;0;0;0;37
259;43211;140440;179348;114628;124276;103310;157724;140534;141636;145797;140585;112585;118065;116049;141555;118066;104706;140095;127551;131612;165254;144569;100196;168865;155282;167233;173938;174923;174915;174916;174918;0;0;0;0;0;0;0;0;0;13;1;38;5;15;6;22;12;23;2;4;18;10;8;14;7;11;24;16;17;20;9;19;26;82;21;27;32;37;33;35;0;0;0;0;0;0;0;0;0;0;0;0;0;0;0;0;0;0;0;0;0;0;0;0;0;0;0;0;0;0;0;0;0;0;0;0;0;0;0;0;0;0;0;0;0;0;0;0;0;31
260;112519;159426;172522;126440;158605;100057;153985;145788;147286;139899;107900;148084;161590;170229;103487;155207;170230;103815;133161;112990;159949;151614;170231;135201;126445;138388;115018;142264;172441;166218;121964;181268;158635;0;0;0;0;0;0;0;1;13;28;20;16;4;54;36;15;18;14;2;3;31;19;12;23;5;6;8;37;22;35;24;11;10;25;7;9;21;17;27;29;0;0;0;0;0;0;0;0;0;0;0;0;0;0;0;0;0;0;0;0;0;0;0;0;0;0;0;0;0;0;0;0;0;0;0;0;0;0;0;0;0;0;0;0;0;0;0;33
261;138239;147067;9226;118332;100219;109109;165834;60424;110958;109080;142193;135385;103315;60529;131667;114239;172353;153809;179302;151615;16728;160887;121112;140701;159217;104307;172240;179495;181269;180293;0;0;0;0;0;0;0;0;0;0;1;13;25;4;24;21;27;22;3;23;2;12;5;10;6;8;41;20;17;19;11;30;7;15;18;9;31;36;35;26;0;0;0;0;0;0;0;0;0;0;0;0;0;0;0;0;0;0;0;0;0;0;0;0;0;0;0;0;0;0;0;0;0;0;0;0;0;0;0;0;0;0;0;0;0;0;0;0;0;0;30
263;104250;63371;161894;140583;140364;128150;157893;110633;128155;113443;168632;107451;160306;130037;161562;138016;57350;173989;138079;47406;152065;104417;133463;110303;153799;174572;173331;172361;179199;179198;161565;181468;181199;148194;0;0;0;0;0;0;1;13;31;22;5;24;23;20;3;19;41;6;8;7;29;10;16;21;15;14;2;11;9;17;26;48;27;45;35;38;18;42;25;46;0;0;0;0;0;0;0;0;0;0;0;0;0;0;0;0;0;0;0;0;0;0;0;0;0;0;0;0;0;0;0;0;0;0;0;0;0;0;0;0;0;0;0;0;0;0;34
264;108373;182047;157202;135171;117994;128133;172317;160086;153803;60880;155739;172354;151432;145949;132265;179200;172298;127758;121285;141579;106977;152376;173845;102418;181718;173959;173332;173089;179383;179201;174914;180296;180295;165708;179128;0;0;0;0;0;1;28;16;5;4;21;32;3;2;15;23;14;19;8;6;36;18;10;11;20;12;9;7;17;27;31;22;33;25;24;26;13;29;30;34;0;0;0;0;0;0;0;0;0;0;0;0;0;0;0;0;0;0;0;0;0;0;0;0;0;0;0;0;0;0;0;0;0;0;0;0;0;0;0;0;0;0;0;0;0;35
265;111172;100133;152375;104860;108051;159261;132559;35876;126535;108881;167228;138015;147291;127184;127541;40429;110812;103656;159548;119463;132593;60534;131798;165009;164689;47429;36718;166565;167185;167270;172044;151836;179196;179197;176411;181406;0;0;0;0;1;13;4;15;23;32;5;3;22;12;36;16;2;18;19;6;20;8;28;11;21;24;14;9;7;17;10;29;33;35;55;41;27;30;31;25;0;0;0;0;0;0;0;0;0;0;0;0;0;0;0;0;0;0;0;0;0;0;0;0;0;0;0;0;0;0;0;0;0;0;0;0;0;0;0;0;0;0;0;0;36
266;161910;157824;157825;147389;172043;165683;178019;63626;165042;179139;114533;109234;146162;143216;140147;176975;138314;165848;125690;159531;110292;151831;182056;112022;152636;181583;142870;131363;179141;161596;167199;179138;179140;0;0;0;0;0;0;0;13;1;4;15;5;23;3;18;27;30;2;14;24;6;8;12;16;20;21;17;7;22;19;11;9;25;39;10;28;26;29;31;33;0;0;0;0;0;0;0;0;0;0;0;0;0;0;0;0;0;0;0;0;0;0;0;0;0;0;0;0;0;0;0;0;0;0;0;0;0;0;0;0;0;0;0;0;0;0;0;33
267;140655;138171;138292;153210;122285;114381;151905;164852;145787;108380;164591;165637;153032;101615;116691;114297;38779;181271;140352;116522;142627;107716;134545;152843;100809;57349;169737;168699;153504;166511;144613;179343;173205;170918;173564;181567;172088;167658;172302;0;1;13;25;12;2;8;4;5;23;24;15;6;3;16;18;14;10;37;20;11;17;19;9;21;22;7;33;28;35;36;27;29;30;26;31;32;34;38;39;0;0;0;0;0;0;0;0;0;0;0;0;0;0;0;0;0;0;0;0;0;0;0;0;0;0;0;0;0;0;0;0;0;0;0;0;0;0;0;0;0;39
268;41555;135988;151463;112247;47670;114762;175794;125884;180317;158502;151720;111935;115029;165801;128055;140335;114968;103690;115134;179234;100022;134762;131069;127333;127297;132267;117997;156832;103611;121019;165044;168418;168606;165810;177136;179227;179066;0;0;0;1;13;31;18;4;5;33;16;36;27;3;15;20;2;24;14;6;10;8;26;17;25;35;21;11;7;9;22;19;12;23;39;28;32;58;34;30;0;0;0;0;0;0;0;0;0;0;0;0;0;0;0;0;0;0;0;0;0;0;0;0;0;0;0;0;0;0;0;0;0;0;0;0;0;0;0;0;0;0;0;37
269;119697;42664;159532;160048;157917;113241;158650;174694;163038;144701;158713;141503;138699;158628;148202;118267;161210;163567;147294;113244;142762;137990;164937;162988;170624;177322;160734;120500;168423;181884;167095;0;0;0;0;0;0;0;0;0;29;22;71;16;4;44;58;24;65;14;64;41;15;25;62;6;10;70;80;20;11;8;9;67;84;7;17;19;66;52;53;0;0;0;0;0;0;0;0;0;0;0;0;0;0;0;0;0;0;0;0;0;0;0;0;0;0;0;0;0;0;0;0;0;0;0;0;0;0;0;0;0;0;0;0;0;0;0;0;0;31
270;61089;100103;107954;140346;43540;105033;123916;54475;135535;110925;167170;121030;112335;157021;116055;40919;118302;116361;47542;90097;105056;113790;117992;111490;161193;162219;146105;0;0;0;0;0;0;0;0;0;0;0;0;0;1;91;2;44;21;22;29;3;12;4;80;6;13;23;18;37;19;8;10;17;20;7;11;9;25;90;27;0;0;0;0;0;0;0;0;0;0;0;0;0;0;0;0;0;0;0;0;0;0;0;0;0;0;0;0;0;0;0;0;0;0;0;0;0;0;0;0;0;0;0;0;0;0;0;0;0;0;0;0;0;27
271;119524;124403;90153;119084;134504;118592;53438;90156;103515;138620;125297;153317;116679;91522;131891;118428;91204;95182;136594;131949;152611;117905;122115;125781;131901;0;0;0;0;0;0;0;0;0;0;0;0;0;0;0;1;22;16;23;3;5;85;59;2;45;24;93;94;88;25;32;90;83;9;19;14;7;10;27;8;0;0;0;0;0;0;0;0;0;0;0;0;0;0;0;0;0;0;0;0;0;0;0;0;0;0;0;0;0;0;0;0;0;0;0;0;0;0;0;0;0;0;0;0;0;0;0;0;0;0;0;0;0;0;0;25
272;90579;90580;90572;91490;140056;160387;58845;143825;90221;90688;91067;90284;54695;90307;110553;141662;132782;41849;90288;140832;91411;109001;0;0;0;0;0;0;0;0;0;0;0;0;0;0;0;0;0;0;1;31;40;24;44;5;23;4;13;30;2;50;17;6;7;11;29;10;77;19;9;91;0;0;0;0;0;0;0;0;0;0;0;0;0;0;0;0;0;0;0;0;0;0;0;0;0;0;0;0;0;0;0;0;0;0;0;0;0;0;0;0;0;0;0;0;0;0;0;0;0;0;0;0;0;0;0;0;0;0;22
273;119814;120137;140098;165706;140842;127542;142165;123576;157398;126995;116224;174096;137133;141013;114961;126997;38761;123745;47086;152613;135396;153161;179474;109534;116230;108905;135877;165705;179524;181527;181692;0;0;0;0;0;0;0;0;0;30;32;99;96;12;35;14;53;58;33;62;22;25;23;4;17;20;10;8;15;19;26;52;18;11;7;9;91;45;54;50;0;0;0;0;0;0;0;0;0;0;0;0;0;0;0;0;0;0;0;0;0;0;0;0;0;0;0;0;0;0;0;0;0;0;0;0;0;0;0;0;0;0;0;0;0;0;0;0;0;31
274;143695;153346;36943;111809;151850;163026;102232;144049;104500;36945;103273;47825;46614;169268;104527;128067;119109;168374;160104;153225;108865;120102;110068;169260;173749;138525;127062;165842;159503;169270;110412;169271;169267;0;0;0;0;0;0;0;3;81;1;15;43;34;25;6;12;23;5;29;16;35;4;88;8;13;77;14;10;17;94;70;72;7;19;11;18;82;83;2;9;0;0;0;0;0;0;0;0;0;0;0;0;0;0;0;0;0;0;0;0;0;0;0;0;0;0;0;0;0;0;0;0;0;0;0;0;0;0;0;0;0;0;0;0;0;0;0;33
295;127376;132968;58461;177419;136141;59847;125377;177422;144116;105872;141797;166109;128996;119318;123846;63899;130093;90522;119302;90567;154842;101580;58464;118574;122769;112030;119285;107743;111255;0;0;0;0;0;0;0;0;0;0;0;22;39;34;25;5;15;2;1;26;4;35;21;3;16;24;27;23;18;6;8;36;7;10;11;37;20;17;29;9;0;0;0;0;0;0;0;0;0;0;0;0;0;0;0;0;0;0;0;0;0;0;0;0;0;0;0;0;0;0;0;0;0;0;0;0;0;0;0;0;0;0;0;0;0;0;0;0;0;0;0;29
297;129007;91178;154835;91644;119212;105884;133925;133811;91745;111628;119213;91295;119210;145140;125689;107975;111629;64796;119327;91511;129008;109572;119340;104826;154852;0;0;0;0;0;0;0;0;0;0;0;0;0;0;0;28;1;6;13;3;4;14;33;22;11;23;12;16;18;9;20;8;31;30;5;21;15;19;24;25;0;0;0;0;0;0;0;0;0;0;0;0;0;0;0;0;0;0;0;0;0;0;0;0;0;0;0;0;0;0;0;0;0;0;0;0;0;0;0;0;0;0;0;0;0;0;0;0;0;0;0;0;0;0;0;25
302;119184;128372;116349;60968;144299;91512;105873;90545;102384;119274;117819;126142;129014;158512;107209;119201;126101;135570;91482;0;0;0;0;0;0;0;0;0;0;0;0;0;0;0;0;0;0;0;0;0;23;1;4;13;5;6;2;12;20;37;14;7;21;10;9;29;18;22;3;0;0;0;0;0;0;0;0;0;0;0;0;0;0;0;0;0;0;0;0;0;0;0;0;0;0;0;0;0;0;0;0;0;0;0;0;0;0;0;0;0;0;0;0;0;0;0;0;0;0;0;0;0;0;0;0;0;0;0;0;0;19
304;64775;144266;95226;111623;119345;127371;143847;126268;134004;132646;111575;119369;123859;162918;162912;119374;91554;122882;90201;110396;104569;91527;0;0;0;0;0;0;0;0;0;0;0;0;0;0;0;0;0;0;22;31;3;2;19;23;28;5;12;20;15;6;13;27;16;30;10;8;14;7;29;9;0;0;0;0;0;0;0;0;0;0;0;0;0;0;0;0;0;0;0;0;0;0;0;0;0;0;0;0;0;0;0;0;0;0;0;0;0;0;0;0;0;0;0;0;0;0;0;0;0;0;0;0;0;0;0;0;0;0;22
314;105898;153539;177580;122257;132399;90540;111591;122887;177576;133929;167461;117623;177579;127337;119269;105892;178611;91487;64776;177585;108253;102372;177574;100190;177578;177582;177577;154851;123825;177583;0;0;0;0;0;0;0;0;0;0;32;1;15;28;22;4;18;19;2;17;3;5;16;39;25;6;51;29;23;48;10;7;49;11;58;45;9;27;20;24;0;0;0;0;0;0;0;0;0;0;0;0;0;0;0;0;0;0;0;0;0;0;0;0;0;0;0;0;0;0;0;0;0;0;0;0;0;0;0;0;0;0;0;0;0;0;0;0;0;0;30
319;115055;117972;126549;136682;164895;111266;110735;110379;60858;157535;179365;106646;151698;115192;133679;144032;163013;168183;113822;157375;132970;140514;131415;147642;63501;159921;174603;102680;62007;164496;47145;179161;0;0;0;0;0;0;0;0;31;1;12;26;37;43;51;13;25;93;3;24;30;29;5;80;8;27;18;66;19;7;28;20;10;17;49;21;11;90;9;34;0;0;0;0;0;0;0;0;0;0;0;0;0;0;0;0;0;0;0;0;0;0;0;0;0;0;0;0;0;0;0;0;0;0;0;0;0;0;0;0;0;0;0;0;0;0;0;0;32
320;126865;146401;133191;115104;169906;146600;61468;126063;170482;162196;126130;173638;157618;123716;115146;178093;109941;102738;126042;130116;129493;157155;130005;100607;178091;59484;173030;175432;179488;179487;0;0;0;0;0;0;0;0;0;0;1;31;24;22;15;33;26;32;3;2;28;18;25;8;90;27;14;4;10;17;94;9;29;19;37;30;51;52;44;47;0;0;0;0;0;0;0;0;0;0;0;0;0;0;0;0;0;0;0;0;0;0;0;0;0;0;0;0;0;0;0;0;0;0;0;0;0;0;0;0;0;0;0;0;0;0;0;0;0;0;30
323;111130;42846;47232;179363;104132;147191;128740;179261;162431;158556;114225;157958;100315;124026;135573;153832;147193;160125;141440;107498;101234;118181;141885;172022;138005;117884;169365;180384;181558;0;0;0;0;0;0;0;0;0;0;0;16;1;31;35;39;22;5;13;27;34;3;15;20;32;14;73;77;4;8;17;70;10;9;21;29;18;26;56;12;0;0;0;0;0;0;0;0;0;0;0;0;0;0;0;0;0;0;0;0;0;0;0;0;0;0;0;0;0;0;0;0;0;0;0;0;0;0;0;0;0;0;0;0;0;0;0;0;0;0;0;29
327;118240;104485;107914;179411;115098;130687;110651;42429;109849;132892;100630;116970;116946;132387;116254;116605;108402;44379;120357;151771;144311;114333;100620;141221;40122;154218;181526;181447;181446;179728;182210;0;0;0;0;0;0;0;0;0;32;1;14;25;4;31;13;5;17;3;37;22;30;6;68;8;99;11;20;26;27;7;21;19;9;23;42;45;46;48;2;0;0;0;0;0;0;0;0;0;0;0;0;0;0;0;0;0;0;0;0;0;0;0;0;0;0;0;0;0;0;0;0;0;0;0;0;0;0;0;0;0;0;0;0;0;0;0;0;0;31
328;146648;152019;182610;177176;110824;117597;118231;142759;161461;126009;147201;38852;100289;47183;156984;174270;118035;104097;103979;148166;177167;131870;138004;170975;46235;129363;114708;116040;172060;122307;178516;0;0;0;0;0;0;0;0;0;1;22;44;12;26;15;95;2;23;6;32;19;3;8;5;18;21;14;13;33;36;7;27;20;11;10;17;9;31;74;75;0;0;0;0;0;0;0;0;0;0;0;0;0;0;0;0;0;0;0;0;0;0;0;0;0;0;0;0;0;0;0;0;0;0;0;0;0;0;0;0;0;0;0;0;0;0;0;0;0;31
333;141748;113743;179735;141569;164998;130461;61012;113906;139768;133668;138478;63667;146905;157621;109232;152887;136672;159556;151520;58636;118494;133549;172179;164988;126816;164987;114147;60694;133374;60060;172172;173114;181720;181901;181574;0;0;0;0;0;81;1;99;23;35;44;13;77;15;25;33;34;16;4;61;22;8;66;6;20;10;14;83;92;7;79;19;18;17;91;62;47;42;45;21;0;0;0;0;0;0;0;0;0;0;0;0;0;0;0;0;0;0;0;0;0;0;0;0;0;0;0;0;0;0;0;0;0;0;0;0;0;0;0;0;0;0;0;0;0;35
336;100473;109153;152033;120424;145976;144209;155754;120417;132547;164273;113929;179277;148986;132760;127811;132349;125870;113842;119875;60835;45182;135076;160191;152680;170362;152363;160804;169752;164657;172244;169868;172480;179339;179517;0;0;0;0;0;0;1;34;94;15;37;6;19;3;12;7;14;70;2;73;36;4;8;24;21;63;11;10;16;9;18;25;41;72;27;42;13;22;26;28;0;0;0;0;0;0;0;0;0;0;0;0;0;0;0;0;0;0;0;0;0;0;0;0;0;0;0;0;0;0;0;0;0;0;0;0;0;0;0;0;0;0;0;0;0;0;34
344;153925;143338;176452;164566;151444;161359;157673;126286;126867;136433;178347;156785;156842;146910;170180;146911;110106;151815;154922;157865;172436;172083;44814;156979;169044;179729;172084;0;0;0;0;0;0;0;0;0;0;0;0;0;1;16;40;4;3;5;14;12;15;2;6;23;8;20;18;10;7;11;26;30;9;33;29;28;19;13;17;0;0;0;0;0;0;0;0;0;0;0;0;0;0;0;0;0;0;0;0;0;0;0;0;0;0;0;0;0;0;0;0;0;0;0;0;0;0;0;0;0;0;0;0;0;0;0;0;0;0;0;0;0;27
345;46218;63448;109044;173179;169403;140085;132546;142395;114776;167177;139996;61068;44936;169699;139797;155471;134701;132075;103393;172610;127802;47698;161870;170880;104260;118101;123078;101758;169654;169404;0;0;0;0;0;0;0;0;0;0;31;33;1;25;71;21;4;6;44;28;8;24;12;38;20;23;5;17;22;29;52;10;70;77;7;18;9;19;45;49;0;0;0;0;0;0;0;0;0;0;0;0;0;0;0;0;0;0;0;0;0;0;0;0;0;0;0;0;0;0;0;0;0;0;0;0;0;0;0;0;0;0;0;0;0;0;0;0;0;0;30
346;125366;143281;145933;152390;108592;146825;153593;144622;157660;153573;157707;120923;177732;118206;123735;127070;177329;157661;137998;132186;170159;175373;156980;128081;175374;164271;111993;141196;175749;166548;170872;152681;0;0;0;0;0;0;0;0;22;1;30;33;4;3;26;25;28;5;29;2;20;21;8;24;34;15;7;10;17;11;19;18;14;16;27;23;32;56;12;13;0;0;0;0;0;0;0;0;0;0;0;0;0;0;0;0;0;0;0;0;0;0;0;0;0;0;0;0;0;0;0;0;0;0;0;0;0;0;0;0;0;0;0;0;0;0;0;0;32
349;133270;153083;9167;125971;177739;135553;128685;124769;40996;142220;169728;147117;146914;164804;153084;115132;128901;174196;108421;153578;43185;134924;155054;148162;117785;172096;134738;179747;171609;153588;0;0;0;0;0;0;0;0;0;0;1;16;22;30;33;24;18;4;23;6;27;5;2;3;32;70;13;14;11;73;10;9;17;21;8;28;7;39;19;25;0;0;0;0;0;0;0;0;0;0;0;0;0;0;0;0;0;0;0;0;0;0;0;0;0;0;0;0;0;0;0;0;0;0;0;0;0;0;0;0;0;0;0;0;0;0;0;0;0;0;30
351;108163;103550;153924;172076;155299;42375;166148;42660;153340;178487;141186;131096;180470;157675;182061;153928;114679;33167;112484;40870;177235;143170;110809;157676;153589;158452;167099;164803;170387;181279;159602;0;0;0;0;0;0;0;0;0;1;20;30;3;5;4;34;14;15;28;12;17;2;6;21;16;8;13;23;18;10;11;7;9;19;26;25;24;22;27;29;0;0;0;0;0;0;0;0;0;0;0;0;0;0;0;0;0;0;0;0;0;0;0;0;0;0;0;0;0;0;0;0;0;0;0;0;0;0;0;0;0;0;0;0;0;0;0;0;0;31
352;131242;144104;177213;139688;177214;59578;178373;46845;177212;177205;170551;167896;151862;177204;178462;161867;177209;103541;178372;161873;134926;116008;162039;177203;171587;175443;179741;0;0;0;0;0;0;0;0;0;0;0;0;0;1;20;13;4;21;6;14;29;24;25;3;23;17;8;28;11;15;2;5;39;27;16;19;7;30;37;9;0;0;0;0;0;0;0;0;0;0;0;0;0;0;0;0;0;0;0;0;0;0;0;0;0;0;0;0;0;0;0;0;0;0;0;0;0;0;0;0;0;0;0;0;0;0;0;0;0;0;0;0;0;27
357;100205;155199;37377;131252;100564;119150;102534;175590;100342;126047;141962;157827;140908;108245;134471;128134;172210;147327;140573;131609;138335;118782;60879;160941;126821;47248;136256;160980;154868;175589;178376;181266;0;0;0;0;0;0;0;0;13;31;1;18;5;21;4;32;3;20;22;16;17;6;2;14;29;8;11;10;7;19;23;9;24;12;26;39;27;34;15;25;0;0;0;0;0;0;0;0;0;0;0;0;0;0;0;0;0;0;0;0;0;0;0;0;0;0;0;0;0;0;0;0;0;0;0;0;0;0;0;0;0;0;0;0;0;0;0;0;32
359;143778;126565;172497;155305;131112;131381;162215;138310;151717;179473;155350;153698;134735;153510;155216;131116;162690;173570;148200;114324;141837;138272;110388;138001;139695;122095;109118;161942;170220;172393;0;0;0;0;0;0;0;0;0;0;1;13;52;12;16;4;15;2;3;33;21;22;8;20;7;24;30;25;19;10;11;17;23;5;18;9;14;6;42;76;0;0;0;0;0;0;0;0;0;0;0;0;0;0;0;0;0;0;0;0;0;0;0;0;0;0;0;0;0;0;0;0;0;0;0;0;0;0;0;0;0;0;0;0;0;0;0;0;0;0;30
361;116578;150854;103707;144429;140837;141917;45386;126703;110799;163047;167143;144296;134927;153141;112528;116743;134757;146209;117289;159444;108955;106987;166526;110635;155219;109343;166525;172218;173049;173166;165118;181974;181973;179697;0;0;0;0;0;0;13;45;1;22;23;18;6;3;21;39;42;5;8;16;14;12;11;24;15;7;19;17;32;10;20;9;28;63;25;41;52;46;26;27;0;0;0;0;0;0;0;0;0;0;0;0;0;0;0;0;0;0;0;0;0;0;0;0;0;0;0;0;0;0;0;0;0;0;0;0;0;0;0;0;0;0;0;0;0;0;34
362;107901;170669;128175;165733;134532;107722;108117;100316;177744;131358;42322;174400;44637;155210;61527;113760;107911;168866;111485;41100;153473;161551;108226;140964;129505;157913;165047;168025;141945;172232;174259;166515;169321;166553;162236;161704;0;0;0;0;13;1;3;15;24;2;22;16;26;21;17;31;12;6;8;5;14;23;20;7;11;18;9;10;19;35;36;30;25;33;38;39;47;48;46;58;0;0;0;0;0;0;0;0;0;0;0;0;0;0;0;0;0;0;0;0;0;0;0;0;0;0;0;0;0;0;0;0;0;0;0;0;0;0;0;0;0;0;0;0;36
363;107640;128182;126707;155782;171613;115011;114612;107495;140343;138142;107433;116428;148186;118376;153852;147456;180318;131386;155159;138008;151468;115194;179268;164356;175903;165086;142350;172264;151467;180322;180323;181282;180319;180321;0;0;0;0;0;0;1;13;4;5;44;23;15;12;3;2;20;21;6;14;8;24;36;10;17;7;11;19;32;9;18;26;33;30;27;28;29;31;16;34;0;0;0;0;0;0;0;0;0;0;0;0;0;0;0;0;0;0;0;0;0;0;0;0;0;0;0;0;0;0;0;0;0;0;0;0;0;0;0;0;0;0;0;0;0;0;34
364;115656;112789;177800;138294;141511;165121;133176;132554;151693;113333;131387;159571;124283;165120;119921;132254;131607;46833;178051;151903;59510;132745;147621;121972;151506;125289;101072;166158;171939;172394;173174;173173;175369;167677;180264;180263;177095;0;0;0;1;13;35;3;6;15;5;4;23;17;2;16;12;26;7;20;8;21;9;39;10;14;22;24;40;18;19;28;55;30;32;36;31;37;58;33;25;0;0;0;0;0;0;0;0;0;0;0;0;0;0;0;0;0;0;0;0;0;0;0;0;0;0;0;0;0;0;0;0;0;0;0;0;0;0;0;0;0;0;0;37
366;58503;143890;155674;163053;159542;126556;111933;131335;118584;118531;128144;152111;120383;146499;122321;135572;144089;118932;169855;141715;165035;181437;133155;157590;141838;168465;58840;165807;158737;179133;179135;179134;179136;181225;180260;180259;0;0;0;0;13;1;32;2;3;4;5;23;6;22;17;14;20;16;10;12;8;7;27;24;55;26;18;21;9;19;11;37;15;25;33;28;29;31;34;35;0;0;0;0;0;0;0;0;0;0;0;0;0;0;0;0;0;0;0;0;0;0;0;0;0;0;0;0;0;0;0;0;0;0;0;0;0;0;0;0;0;0;0;0;36
370;105098;133667;159560;120430;114440;153575;47524;140010;61473;130201;60732;102416;114279;102707;109091;130727;179189;131198;35124;148996;151531;116844;157203;111928;124092;126443;172303;151700;174235;181229;60425;0;0;0;0;0;0;0;0;0;13;1;32;16;5;33;24;3;22;2;20;15;4;17;23;6;28;11;8;14;12;19;21;7;9;10;29;31;25;26;18;0;0;0;0;0;0;0;0;0;0;0;0;0;0;0;0;0;0;0;0;0;0;0;0;0;0;0;0;0;0;0;0;0;0;0;0;0;0;0;0;0;0;0;0;0;0;0;0;0;31
377;136668;37289;143195;127217;106403;113253;113603;100246;114088;134932;46850;153467;153932;159592;160250;161232;118242;117779;4882;126860;157984;100261;126822;177782;159788;38352;176291;176097;176290;174404;179716;0;0;0;0;0;0;0;0;0;1;23;38;6;21;3;4;5;24;29;34;17;27;13;26;25;14;33;20;22;11;7;10;19;9;18;72;73;59;58;55;0;0;0;0;0;0;0;0;0;0;0;0;0;0;0;0;0;0;0;0;0;0;0;0;0;0;0;0;0;0;0;0;0;0;0;0;0;0;0;0;0;0;0;0;0;0;0;0;0;31
378;177330;107142;128052;144604;159417;120959;110555;112571;130013;157370;147632;115652;41119;141475;128513;108525;46536;109391;145619;131272;140524;113297;147454;113986;129508;125380;136026;137538;101359;172332;174362;179297;179298;160177;0;0;0;0;0;0;13;1;32;5;12;18;6;4;36;3;23;14;2;8;16;24;20;29;28;31;11;7;17;10;9;19;27;25;35;39;38;15;21;48;0;0;0;0;0;0;0;0;0;0;0;0;0;0;0;0;0;0;0;0;0;0;0;0;0;0;0;0;0;0;0;0;0;0;0;0;0;0;0;0;0;0;0;0;0;0;34
382;111450;60109;108166;125802;134867;170501;140789;134798;113265;178138;120240;171600;47238;152127;126496;109947;157258;101027;126965;140973;114201;141008;132943;133302;114577;122306;117916;170374;143671;146045;171598;164742;177931;181411;181412;0;0;0;0;0;1;44;31;5;26;23;34;3;24;59;58;6;17;20;28;8;42;19;18;55;7;10;11;29;14;22;9;12;27;45;49;48;47;21;46;0;0;0;0;0;0;0;0;0;0;0;0;0;0;0;0;0;0;0;0;0;0;0;0;0;0;0;0;0;0;0;0;0;0;0;0;0;0;0;0;0;0;0;0;0;35
383;172401;113098;111002;174856;132600;103869;101611;136194;114063;101075;139779;114515;157260;157167;147031;142333;175865;136714;132109;156988;160336;107932;114984;116403;174516;174517;177980;169765;177979;169769;0;0;0;0;0;0;0;0;0;0;1;31;12;6;28;5;4;2;20;3;22;27;18;42;29;16;37;23;19;34;7;9;25;10;15;38;52;49;47;48;0;0;0;0;0;0;0;0;0;0;0;0;0;0;0;0;0;0;0;0;0;0;0;0;0;0;0;0;0;0;0;0;0;0;0;0;0;0;0;0;0;0;0;0;0;0;0;0;0;0;30
386;108930;101610;45151;132994;117999;121553;156310;127380;59780;119826;104865;34641;123746;125984;135033;130650;136713;151778;106419;141030;143749;120384;166168;114162;60893;141514;161474;164844;165691;176324;0;0;0;0;0;0;0;0;0;0;1;28;27;24;26;4;25;3;22;18;19;15;5;12;32;6;14;20;7;33;11;47;8;9;29;31;84;86;80;82;0;0;0;0;0;0;0;0;0;0;0;0;0;0;0;0;0;0;0;0;0;0;0;0;0;0;0;0;0;0;0;0;0;0;0;0;0;0;0;0;0;0;0;0;0;0;0;0;0;0;30
387;130641;124866;175905;107497;113569;144623;103449;137781;169435;106843;118163;115304;131040;119684;132813;132601;147535;168076;61715;38789;140851;130679;159690;169920;151899;155472;174232;164752;143892;160367;170679;174344;177922;0;0;0;0;0;0;0;13;1;41;15;43;6;5;4;3;23;2;18;8;24;39;25;49;16;21;67;11;14;22;7;29;10;31;26;19;9;17;30;34;0;0;0;0;0;0;0;0;0;0;0;0;0;0;0;0;0;0;0;0;0;0;0;0;0;0;0;0;0;0;0;0;0;0;0;0;0;0;0;0;0;0;0;0;0;0;0;33
388;143788;118005;148546;140221;148024;161134;153706;164938;173586;40701;159695;142423;170682;103544;164950;164335;112907;167707;171947;131018;135587;137294;126598;121441;171948;154875;61710;157290;47398;162170;141539;153474;138406;172337;162137;178523;166496;167212;171949;0;1;32;34;39;31;33;6;5;15;4;2;14;47;3;35;22;26;16;18;7;20;8;25;23;41;21;27;29;11;19;10;42;30;17;37;24;81;53;52;0;0;0;0;0;0;0;0;0;0;0;0;0;0;0;0;0;0;0;0;0;0;0;0;0;0;0;0;0;0;0;0;0;0;0;0;0;0;0;0;0;39
389;113446;106754;142089;113863;154217;112583;131947;153432;44654;157978;133744;17600;108927;170976;170525;114206;140816;115535;124360;114935;146614;148013;120309;130771;132797;147572;130044;114024;40786;179745;180407;180405;179746;164824;0;0;0;0;0;0;13;26;27;18;5;31;4;23;30;44;3;25;34;37;17;6;8;16;22;10;21;24;7;14;29;20;19;9;11;53;55;58;57;28;0;0;0;0;0;0;0;0;0;0;0;0;0;0;0;0;0;0;0;0;0;0;0;0;0;0;0;0;0;0;0;0;0;0;0;0;0;0;0;0;0;0;0;0;0;0;34
394;162072;152726;178465;134466;170834;104008;38362;101111;152689;178464;162078;101191;167646;102387;60865;178463;117922;162080;170957;170956;170469;118030;108361;130745;157470;178466;172187;179073;179078;179075;179077;179076;178467;181594;181771;102098;174600;0;0;0;1;13;25;5;22;6;16;3;45;27;4;2;23;18;14;37;8;20;24;21;19;11;12;9;17;36;54;30;15;10;26;28;35;58;31;41;43;0;0;0;0;0;0;0;0;0;0;0;0;0;0;0;0;0;0;0;0;0;0;0;0;0;0;0;0;0;0;0;0;0;0;0;0;0;0;0;0;0;0;0;37
395;140196;132811;167059;106411;125004;152126;157291;152749;101670;134904;100399;165718;40278;141538;104702;111021;133603;165720;142784;144115;139939;144503;173995;157946;135410;153426;61080;172609;172397;173175;178481;167259;178084;179699;181510;0;0;0;0;0;1;31;25;34;16;26;18;40;23;17;3;22;15;19;8;4;12;10;7;21;42;29;24;9;11;49;20;32;27;28;64;55;14;13;58;0;0;0;0;0;0;0;0;0;0;0;0;0;0;0;0;0;0;0;0;0;0;0;0;0;0;0;0;0;0;0;0;0;0;0;0;0;0;0;0;0;0;0;0;0;35
396;136680;182179;60527;130362;118193;101054;135069;126415;118648;153941;108969;42424;147463;154923;127500;143929;159501;172390;168759;156998;146953;160642;60922;181823;132157;151837;127024;160296;179326;179327;0;0;0;0;0;0;0;0;0;0;22;31;21;5;15;13;3;17;6;32;20;34;19;27;28;46;11;30;50;10;14;7;25;37;9;12;18;29;52;58;0;0;0;0;0;0;0;0;0;0;0;0;0;0;0;0;0;0;0;0;0;0;0;0;0;0;0;0;0;0;0;0;0;0;0;0;0;0;0;0;0;0;0;0;0;0;0;0;0;0;30
398;161209;114026;164920;167983;146799;143295;146616;156912;170951;114665;134893;133044;152193;42805;146514;118535;140952;119867;138649;118582;137225;157292;170370;167064;61175;147751;158459;170483;168401;168849;169437;179065;0;0;0;0;0;0;0;0;1;12;41;3;27;4;6;25;21;16;2;29;22;23;5;10;15;39;14;8;34;11;66;42;7;9;18;20;24;30;44;32;0;0;0;0;0;0;0;0;0;0;0;0;0;0;0;0;0;0;0;0;0;0;0;0;0;0;0;0;0;0;0;0;0;0;0;0;0;0;0;0;0;0;0;0;0;0;0;0;32
399;109547;160099;114948;126078;103797;142986;130721;104344;159416;168834;144434;144274;118411;101592;173037;175985;121421;108945;114583;177930;104729;142539;168339;166494;167706;172259;172255;172258;179330;179169;174261;172257;0;0;0;0;0;0;0;0;1;20;2;3;5;6;4;29;14;30;17;21;8;27;18;25;11;7;9;19;10;12;26;16;15;45;33;34;13;28;24;22;0;0;0;0;0;0;0;0;0;0;0;0;0;0;0;0;0;0;0;0;0;0;0;0;0;0;0;0;0;0;0;0;0;0;0;0;0;0;0;0;0;0;0;0;0;0;0;0;32
403;112398;157601;167155;140032;159563;113354;44451;151994;46737;179183;106725;159789;173123;164357;153333;109024;104093;100822;152269;157204;179714;176585;118095;176656;179181;179182;179180;173122;0;0;0;0;0;0;0;0;0;0;0;0;12;16;40;4;24;21;25;3;26;23;2;27;20;5;14;8;93;15;6;7;31;35;9;36;41;47;48;34;0;0;0;0;0;0;0;0;0;0;0;0;0;0;0;0;0;0;0;0;0;0;0;0;0;0;0;0;0;0;0;0;0;0;0;0;0;0;0;0;0;0;0;0;0;0;0;0;0;0;0;0;28
405;60909;118987;119451;143988;153389;111814;172208;158693;37403;117580;173326;157416;159157;172206;172205;172204;172207;124745;132800;137041;175904;140441;0;0;0;0;0;0;0;0;0;0;0;0;0;0;0;0;0;0;1;16;35;61;3;4;26;77;6;14;39;22;72;62;65;69;67;2;7;9;5;8;0;0;0;0;0;0;0;0;0;0;0;0;0;0;0;0;0;0;0;0;0;0;0;0;0;0;0;0;0;0;0;0;0;0;0;0;0;0;0;0;0;0;0;0;0;0;0;0;0;0;0;0;0;0;0;0;0;0;22
407;109355;147569;140084;119480;112508;169048;165107;108995;107770;160299;173580;100948;178555;167299;165105;37005;154886;125059;152161;169460;147367;172373;176365;60621;102694;172372;178556;165109;0;0;0;0;0;0;0;0;0;0;0;0;30;1;4;5;21;28;45;12;97;39;93;25;13;44;2;10;8;32;11;29;7;17;19;23;18;9;77;34;0;0;0;0;0;0;0;0;0;0;0;0;0;0;0;0;0;0;0;0;0;0;0;0;0;0;0;0;0;0;0;0;0;0;0;0;0;0;0;0;0;0;0;0;0;0;0;0;0;0;0;0;28
412;57129;101480;117842;125688;177941;137122;44169;159455;178728;172291;134913;131953;118566;175614;156925;153744;165000;140217;142881;178563;129465;134957;168623;115799;179187;167966;172237;0;0;0;0;0;0;0;0;0;0;0;0;0;30;1;3;4;12;5;23;21;35;22;7;6;14;25;8;28;26;10;9;20;15;34;11;18;13;17;88;0;0;0;0;0;0;0;0;0;0;0;0;0;0;0;0;0;0;0;0;0;0;0;0;0;0;0;0;0;0;0;0;0;0;0;0;0;0;0;0;0;0;0;0;0;0;0;0;0;0;0;0;0;27
413;60911;104385;168595;138465;104693;147716;175954;161861;140079;138481;63453;136009;127740;104388;172195;144658;132270;157413;172193;100904;142352;133651;128523;128475;119694;172194;179083;181546;179454;181456;181545;181544;181457;0;0;0;0;0;0;0;99;77;50;93;4;6;29;18;13;32;7;19;15;94;78;8;14;26;24;17;30;45;10;11;25;20;52;59;41;42;43;48;49;0;0;0;0;0;0;0;0;0;0;0;0;0;0;0;0;0;0;0;0;0;0;0;0;0;0;0;0;0;0;0;0;0;0;0;0;0;0;0;0;0;0;0;0;0;0;0;33
414;117410;104091;100925;125727;147427;177707;140066;168146;167119;133577;121241;59840;167666;136613;147633;161444;146908;110687;140366;152412;162671;136277;168147;133474;143339;179124;179123;181461;181702;0;0;0;0;0;0;0;0;0;0;0;38;21;1;3;5;25;95;32;43;44;2;6;62;8;11;77;29;17;7;10;14;28;9;15;12;13;16;18;19;0;0;0;0;0;0;0;0;0;0;0;0;0;0;0;0;0;0;0;0;0;0;0;0;0;0;0;0;0;0;0;0;0;0;0;0;0;0;0;0;0;0;0;0;0;0;0;0;0;0;0;29
415;102547;57206;176457;100670;146783;126774;136270;61141;154920;109138;170384;176464;169083;176461;110484;176462;118223;176458;181404;178475;108201;176460;161857;180454;176456;176463;170945;169723;109239;173019;178474;178476;0;0;0;0;0;0;0;0;1;16;40;30;4;12;21;14;77;27;3;19;23;44;25;6;17;13;18;45;5;8;7;34;20;22;24;29;10;9;26;49;0;0;0;0;0;0;0;0;0;0;0;0;0;0;0;0;0;0;0;0;0;0;0;0;0;0;0;0;0;0;0;0;0;0;0;0;0;0;0;0;0;0;0;0;0;0;0;0;32
418;110083;40579;158771;114939;124248;168858;145990;172209;143457;177331;132615;179090;42587;164571;173729;134921;100870;178484;180455;170651;172012;178485;132336;170610;146944;166500;115155;174225;158783;168857;164307;0;0;0;0;0;0;0;0;0;30;1;15;3;6;18;26;39;19;34;13;2;8;14;5;29;10;35;36;11;28;31;22;20;9;17;7;25;55;60;72;0;0;0;0;0;0;0;0;0;0;0;0;0;0;0;0;0;0;0;0;0;0;0;0;0;0;0;0;0;0;0;0;0;0;0;0;0;0;0;0;0;0;0;0;0;0;0;0;0;31
420;108566;102690;61044;130557;139685;100841;170900;170901;138679;178551;165856;146716;152317;127548;178550;151840;164964;170582;100934;161574;174143;179374;133735;177791;172419;127177;101502;169667;169710;172285;178549;0;0;0;0;0;0;0;0;0;16;40;1;25;23;6;37;38;14;3;44;18;2;26;35;5;8;17;7;10;11;12;27;36;21;9;20;34;33;29;43;0;0;0;0;0;0;0;0;0;0;0;0;0;0;0;0;0;0;0;0;0;0;0;0;0;0;0;0;0;0;0;0;0;0;0;0;0;0;0;0;0;0;0;0;0;0;0;0;0;31
436;17608;90310;91481;130357;140881;59554;56195;43451;17604;91748;142121;91542;113909;91580;60510;128774;91133;135377;55556;132959;54767;17264;64935;104808;126956;140943;90531;91275;135958;91288;0;0;0;0;0;0;0;0;0;0;27;1;33;4;25;31;5;21;16;47;2;18;19;22;30;6;15;24;28;10;42;8;7;23;26;11;44;17;14;20;0;0;0;0;0;0;0;0;0;0;0;0;0;0;0;0;0;0;0;0;0;0;0;0;0;0;0;0;0;0;0;0;0;0;0;0;0;0;0;0;0;0;0;0;0;0;0;0;0;0;30
899;61250;56192;54684;56196;35516;65318;132307;115939;131988;106380;108902;134917;54152;54342;52395;52400;52411;52428;104611;131379;113854;110969;172344;158912;0;0;0;0;0;0;0;0;0;0;0;0;0;0;0;0;1;2;4;5;6;7;9;10;11;14;15;17;19;20;3;8;12;18;21;22;24;25;16;13;0;0;0;0;0;0;0;0;0;0;0;0;0;0;0;0;0;0;0;0;0;0;0;0;0;0;0;0;0;0;0;0;0;0;0;0;0;0;0;0;0;0;0;0;0;0;0;0;0;0;0;0;0;0;0;0;24
900;1621;2150;2250;2579;2530;3577;6408;32836;32395;1638;3214;3050;2138;1938;134838;141;32159;8820;2120;2340;2257;1366;2214;793;3741;127092;3958;4582;892;9317;1447;2345;6693;2405;5558;1770;1207;33702;30277;36396;1;2;3;4;5;6;7;8;9;10;11;34;12;13;14;15;36;16;17;18;19;20;21;24;38;28;26;27;22;35;29;39;33;30;23;25;31;32;37;40;0;0;0;0;0;0;0;0;0;0;0;0;0;0;0;0;0;0;0;0;0;0;0;0;0;0;0;0;0;0;0;0;0;0;0;0;0;0;0;0;40
901;962;66454;4590;5029;2379;6194;2210;2131;1737;7072;855;967;879;7959;30235;923;5577;934;2311;882;136069;6344;115885;1971;2957;2397;67975;134670;134627;1080;2843;134633;134666;134617;31169;33633;2586;9193;108233;91;1;2;3;4;5;39;6;7;8;9;10;11;12;37;35;14;15;16;18;19;20;21;27;25;13;22;23;28;31;26;24;30;34;32;33;36;38;40;17;29;0;0;0;0;0;0;0;0;0;0;0;0;0;0;0;0;0;0;0;0;0;0;0;0;0;0;0;0;0;0;0;0;0;0;0;0;0;0;0;0;40
902;68333;72636;808;865;1633;920;4872;2511;2810;5717;6337;67949;36764;4251;3603;33799;1948;40716;2920;924;978;1631;2388;2337;4502;1628;824;35496;2349;2453;2674;2828;1684;6772;127091;2841;729;8421;8851;608;1;2;3;4;5;7;33;39;9;6;10;11;32;8;12;37;13;34;38;14;15;16;17;18;19;22;23;36;20;21;25;26;27;28;29;30;31;35;40;24;0;0;0;0;0;0;0;0;0;0;0;0;0;0;0;0;0;0;0;0;0;0;0;0;0;0;0;0;0;0;0;0;0;0;0;0;0;0;0;0;40
903;66410;8771;3191;2560;4261;2329;38467;2404;67927;1881;1405;1410;67525;7056;7303;65371;2331;822;925;1255;2783;3758;66549;1747;163;557;284;4614;32493;1718;63781;2785;1310;1460;4347;66552;4280;881;926;37824;1;2;3;4;33;5;38;6;8;9;7;37;10;11;12;34;13;14;15;16;17;18;39;20;36;31;35;26;32;21;25;24;27;28;30;23;19;22;29;40;0;0;0;0;0;0;0;0;0;0;0;0;0;0;0;0;0;0;0;0;0;0;0;0;0;0;0;0;0;0;0;0;0;0;0;0;0;0;0;0;40
904;68354;67521;4072;5770;3682;2533;34475;964;6263;33643;30173;1474;3681;2380;113369;1738;1406;1352;2429;2430;1910;9129;826;3579;37536;68434;68603;2829;970;3239;4152;2840;68740;1634;1414;7444;113373;7834;1426;7312;1;2;3;4;5;34;37;6;33;32;7;15;8;9;10;11;38;12;13;14;16;35;17;21;36;22;25;19;18;23;30;20;26;27;28;29;24;31;39;40;0;0;0;0;0;0;0;0;0;0;0;0;0;0;0;0;0;0;0;0;0;0;0;0;0;0;0;0;0;0;0;0;0;0;0;0;0;0;0;0;40
905;852;33328;231;820;4193;2808;1275;8639;5537;1248;4884;4013;3613;4071;32462;4934;866;4494;34982;2827;30210;2089;4918;38240;5786;3997;72655;7973;127093;1498;818;3497;9341;1653;3582;36817;884;4208;33784;9060;1;3;38;4;34;5;6;35;7;8;9;10;11;12;13;14;15;16;17;18;19;20;28;36;31;24;39;23;26;27;22;29;30;21;32;33;25;2;37;40;0;0;0;0;0;0;0;0;0;0;0;0;0;0;0;0;0;0;0;0;0;0;0;0;0;0;0;0;0;0;0;0;0;0;0;0;0;0;0;0;40
906;1006;1028;67914;919;965;878;963;853;875;877;63024;41419;880;67704;725;857;888;816;1010;63730;883;837;2159;1102;990;815;928;840;2344;1892;1365;2128;817;972;1957;1509;1695;4598;34862;36867;1;2;38;3;4;5;6;7;8;9;10;33;11;39;12;13;14;15;16;35;17;18;19;20;27;21;25;22;23;28;26;24;29;30;31;34;36;32;37;40;0;0;0;0;0;0;0;0;0;0;0;0;0;0;0;0;0;0;0;0;0;0;0;0;0;0;0;0;0;0;0;0;0;0;0;0;0;0;0;0;40
907;1687;2326;1555;1600;1733;32586;1632;67991;96001;1625;1691;1624;2334;35219;2155;1745;1735;63025;4414;2339;1475;1754;33237;63030;63027;7255;63026;3712;2137;1630;1741;1476;1674;1499;1675;2040;3522;4526;36769;40065;1;2;3;4;5;35;6;38;9;10;11;8;12;34;13;15;16;17;39;18;19;20;37;25;24;33;26;32;22;21;23;27;28;29;30;31;36;40;7;14;0;0;0;0;0;0;0;0;0;0;0;0;0;0;0;0;0;0;0;0;0;0;0;0;0;0;0;0;0;0;0;0;0;0;0;0;0;0;0;0;40
908;983;3222;68001;1913;4498;7225;1732;1096;812;979;1066;1894;35878;32339;444;1981;4601;7318;1001;1364;5578;2921;4637;1487;67438;1038;4564;3806;67617;1750;2761;3649;387;893;68743;321;67968;4569;113368;36625;1;2;39;17;25;6;37;12;3;13;35;5;10;16;22;21;26;38;31;7;27;36;29;14;30;15;19;23;32;4;20;24;11;9;18;8;33;28;34;40;0;0;0;0;0;0;0;0;0;0;0;0;0;0;0;0;0;0;0;0;0;0;0;0;0;0;0;0;0;0;0;0;0;0;0;0;0;0;0;0;40
909;36998;39278;36770;36358;7327;9242;34908;102780;3305;106801;34827;33079;30199;32354;5106;4073;8978;8984;41126;9308;9133;11055;47011;30113;148025;35181;73788;40340;43076;33700;250;32313;8940;8946;37094;7149;1287;38054;32607;38706;2;3;4;5;6;7;9;10;11;12;14;15;17;20;22;23;25;26;27;28;29;30;32;33;34;35;36;38;39;40;1;13;16;18;19;21;24;31;37;8;0;0;0;0;0;0;0;0;0;0;0;0;0;0;0;0;0;0;0;0;0;0;0;0;0;0;0;0;0;0;0;0;0;0;0;0;0;0;0;0;40
1001;57843;57810;57754;57803;57607;54891;57814;128538;55058;55121;55150;54360;58070;57790;54814;53465;54817;57848;53431;54937;55761;54826;53466;17202;55766;54355;0;0;0;0;0;0;0;0;0;0;0;0;0;0;1;4;21;3;5;6;16;9;8;10;20;22;23;14;15;7;17;18;19;11;2;12;13;24;25;26;0;0;0;0;0;0;0;0;0;0;0;0;0;0;0;0;0;0;0;0;0;0;0;0;0;0;0;0;0;0;0;0;0;0;0;0;0;0;0;0;0;0;0;0;0;0;0;0;0;0;0;0;0;0;26
1002;166042;166425;166039;166040;166034;167459;166043;166023;167446;166044;172584;166035;166029;146070;167453;43431;171035;166025;167454;132169;166027;166031;166038;167627;166022;167452;0;0;0;0;0;0;0;0;0;0;0;0;0;0;1;27;22;28;13;2;3;29;24;21;4;5;15;19;7;6;26;12;16;9;11;10;8;18;25;30;0;0;0;0;0;0;0;0;0;0;0;0;0;0;0;0;0;0;0;0;0;0;0;0;0;0;0;0;0;0;0;0;0;0;0;0;0;0;0;0;0;0;0;0;0;0;0;0;0;0;0;0;0;0;26
1003;170053;170045;54936;163412;163415;54948;170051;170052;170046;170057;170050;170058;163405;91670;54943;54954;111909;170047;170055;163394;53508;170060;54945;54944;54955;163400;0;0;0;0;0;0;0;0;0;0;0;0;0;0;12;23;1;4;25;17;24;5;13;3;6;11;8;16;18;9;15;2;19;21;10;7;22;14;20;26;0;0;0;0;0;0;0;0;0;0;0;0;0;0;0;0;0;0;0;0;0;0;0;0;0;0;0;0;0;0;0;0;0;0;0;0;0;0;0;0;0;0;0;0;0;0;0;0;0;0;0;0;0;0;26
1006;170029;173736;53409;170025;54957;173738;54969;170012;53511;170010;54962;170016;90390;170020;176705;54960;54961;54965;170027;173836;54963;170009;152811;17592;173835;170452;0;0;0;0;0;0;0;0;0;0;0;0;0;0;1;21;22;5;15;13;4;2;3;10;8;12;7;17;6;19;23;16;20;18;11;9;14;24;25;26;0;0;0;0;0;0;0;0;0;0;0;0;0;0;0;0;0;0;0;0;0;0;0;0;0;0;0;0;0;0;0;0;0;0;0;0;0;0;0;0;0;0;0;0;0;0;0;0;0;0;0;0;0;0;26
1007;115758;166108;167462;121591;162889;122553;145134;122541;167461;166109;145143;154812;163169;126204;165164;115764;163330;163309;166110;154814;163317;163180;163173;90610;145141;167629;0;0;0;0;0;0;0;0;0;0;0;0;0;0;1;19;18;27;2;5;7;4;12;21;13;16;10;8;20;23;6;3;22;14;17;29;11;9;28;15;0;0;0;0;0;0;0;0;0;0;0;0;0;0;0;0;0;0;0;0;0;0;0;0;0;0;0;0;0;0;0;0;0;0;0;0;0;0;0;0;0;0;0;0;0;0;0;0;0;0;0;0;0;0;26
1008;154119;147654;147655;154445;147658;147659;154443;161138;147657;147660;147656;147661;161141;147669;145167;147662;147665;147671;47052;145163;154447;167473;147670;147668;147667;147664;0;0;0;0;0;0;0;0;0;0;0;0;0;0;12;13;1;27;5;4;14;28;3;20;2;6;29;22;8;21;7;17;11;10;19;30;23;9;18;15;0;0;0;0;0;0;0;0;0;0;0;0;0;0;0;0;0;0;0;0;0;0;0;0;0;0;0;0;0;0;0;0;0;0;0;0;0;0;0;0;0;0;0;0;0;0;0;0;0;0;0;0;0;0;26
1010;45971;112314;171301;123352;166098;116286;57048;161125;155612;57054;148003;151790;116288;104940;57043;109023;57052;170429;136853;167490;123356;145582;154120;125932;135838;123355;0;0;0;0;0;0;0;0;0;0;0;0;0;0;12;20;1;3;27;28;29;6;32;15;33;13;14;2;5;31;25;19;8;34;18;24;9;7;30;4;0;0;0;0;0;0;0;0;0;0;0;0;0;0;0;0;0;0;0;0;0;0;0;0;0;0;0;0;0;0;0;0;0;0;0;0;0;0;0;0;0;0;0;0;0;0;0;0;0;0;0;0;0;0;26
1011;112158;57061;123251;101278;145504;112161;145511;154122;123255;43497;161227;161229;116266;144818;43486;107653;123257;104945;101283;146376;161228;130353;116261;145076;146377;146374;0;0;0;0;0;0;0;0;0;0;0;0;0;0;27;22;1;3;12;23;21;28;5;19;29;26;10;2;4;18;15;16;17;30;31;7;14;32;33;34;0;0;0;0;0;0;0;0;0;0;0;0;0;0;0;0;0;0;0;0;0;0;0;0;0;0;0;0;0;0;0;0;0;0;0;0;0;0;0;0;0;0;0;0;0;0;0;0;0;0;0;0;0;0;26
1012;130224;167766;167765;167761;45990;112202;167772;167768;170436;171190;116367;172590;167763;115648;45988;16741;123264;167770;136802;136801;116373;112197;136803;112200;123262;116369;0;0;0;0;0;0;0;0;0;0;0;0;0;0;23;1;21;2;3;18;19;13;12;16;6;15;4;7;11;9;17;14;10;5;22;20;8;24;25;26;0;0;0;0;0;0;0;0;0;0;0;0;0;0;0;0;0;0;0;0;0;0;0;0;0;0;0;0;0;0;0;0;0;0;0;0;0;0;0;0;0;0;0;0;0;0;0;0;0;0;0;0;0;0;26
1013;104956;44366;136879;104955;104948;161149;146437;154124;136881;123397;146436;104952;123399;130274;144911;167779;104954;136882;161145;144912;172595;171461;172594;112348;171459;30625;0;0;0;0;0;0;0;0;0;0;0;0;0;0;3;1;21;19;5;13;27;4;9;2;14;6;7;24;25;28;29;18;30;31;32;11;33;22;34;20;0;0;0;0;0;0;0;0;0;0;0;0;0;0;0;0;0;0;0;0;0;0;0;0;0;0;0;0;0;0;0;0;0;0;0;0;0;0;0;0;0;0;0;0;0;0;0;0;0;0;0;0;0;0;26
1015;116078;107745;116077;112233;57074;155615;136817;116080;155616;154125;145006;112237;46128;107490;146502;116079;123270;155618;155620;46123;155617;147873;147988;146503;104957;168539;0;0;0;0;0;0;0;0;0;0;0;0;0;0;21;23;1;6;4;2;5;3;12;8;11;9;10;7;15;18;16;17;20;14;13;22;24;25;26;19;0;0;0;0;0;0;0;0;0;0;0;0;0;0;0;0;0;0;0;0;0;0;0;0;0;0;0;0;0;0;0;0;0;0;0;0;0;0;0;0;0;0;0;0;0;0;0;0;0;0;0;0;0;0;26
1017;156301;129820;129822;129829;171132;180102;135782;129833;137143;166085;129828;113240;145441;166086;171137;154817;166087;167550;137144;46732;162758;156298;135786;129844;166084;111300;0;0;0;0;0;0;0;0;0;0;0;0;0;0;23;1;22;9;18;3;12;14;11;6;29;17;2;28;4;10;15;7;25;26;8;30;20;5;13;24;0;0;0;0;0;0;0;0;0;0;0;0;0;0;0;0;0;0;0;0;0;0;0;0;0;0;0;0;0;0;0;0;0;0;0;0;0;0;0;0;0;0;0;0;0;0;0;0;0;0;0;0;0;0;26
1020;170091;170099;54777;170106;55153;145474;128370;54939;58061;140453;55557;54912;155550;170095;125500;170092;127721;55572;54899;58201;170088;58288;135608;125532;145472;90336;0;0;0;0;0;0;0;0;0;0;0;0;0;0;18;22;1;13;2;25;3;4;12;6;23;16;9;20;21;5;15;17;7;14;8;10;11;19;24;26;0;0;0;0;0;0;0;0;0;0;0;0;0;0;0;0;0;0;0;0;0;0;0;0;0;0;0;0;0;0;0;0;0;0;0;0;0;0;0;0;0;0;0;0;0;0;0;0;0;0;0;0;0;0;26
1021;170126;170118;55858;55812;55760;170116;173861;170123;170115;170108;58177;17196;170107;170113;170119;17203;17207;170111;170121;170460;170127;170117;17210;170125;170128;170110;0;0;0;0;0;0;0;0;0;0;0;0;0;0;16;4;19;3;21;23;11;12;22;7;15;20;5;14;6;13;2;8;9;18;10;17;1;24;25;26;0;0;0;0;0;0;0;0;0;0;0;0;0;0;0;0;0;0;0;0;0;0;0;0;0;0;0;0;0;0;0;0;0;0;0;0;0;0;0;0;0;0;0;0;0;0;0;0;0;0;0;0;0;0;26
1022;116073;123244;46132;144873;123246;144875;136793;112185;123250;136794;112188;116075;136792;130439;144874;116070;123247;116074;144877;107215;112189;112187;130442;144879;147983;104977;0;0;0;0;0;0;0;0;0;0;0;0;0;0;1;22;18;5;3;14;2;23;12;4;20;7;8;13;6;19;17;9;16;10;11;15;21;24;25;26;0;0;0;0;0;0;0;0;0;0;0;0;0;0;0;0;0;0;0;0;0;0;0;0;0;0;0;0;0;0;0;0;0;0;0;0;0;0;0;0;0;0;0;0;0;0;0;0;0;0;0;0;0;0;26
1023;57996;54741;57987;54676;58160;58119;54732;54663;55651;54738;54124;57997;53793;54665;58002;57991;58064;53911;54674;54827;120603;54750;57985;90620;55051;90436;0;0;0;0;0;0;0;0;0;0;0;0;0;0;1;6;4;2;16;17;21;23;8;10;7;20;14;3;5;15;13;19;18;12;9;11;22;24;25;26;0;0;0;0;0;0;0;0;0;0;0;0;0;0;0;0;0;0;0;0;0;0;0;0;0;0;0;0;0;0;0;0;0;0;0;0;0;0;0;0;0;0;0;0;0;0;0;0;0;0;0;0;0;0;26
1025;125739;163334;132589;115663;135603;157500;120775;119627;120572;170503;150882;121510;142933;142954;128822;164436;148428;132841;132999;142260;154039;142244;145980;144346;145213;142284;0;0;0;0;0;0;0;0;0;0;0;0;0;0;1;15;16;6;12;2;14;21;3;13;5;23;11;26;17;4;18;20;22;8;19;10;9;7;24;25;0;0;0;0;0;0;0;0;0;0;0;0;0;0;0;0;0;0;0;0;0;0;0;0;0;0;0;0;0;0;0;0;0;0;0;0;0;0;0;0;0;0;0;0;0;0;0;0;0;0;0;0;0;0;26
1026;122621;111613;144983;116939;115728;46370;64858;112065;124882;64871;146493;59037;116940;129873;154572;115727;123300;57088;165221;154573;112067;119506;171151;145539;58955;59011;0;0;0;0;0;0;0;0;0;0;0;0;0;0;22;1;21;5;16;25;3;2;14;13;15;12;20;26;18;23;4;6;10;17;11;8;19;24;7;9;0;0;0;0;0;0;0;0;0;0;0;0;0;0;0;0;0;0;0;0;0;0;0;0;0;0;0;0;0;0;0;0;0;0;0;0;0;0;0;0;0;0;0;0;0;0;0;0;0;0;0;0;0;0;26
1027;145258;135602;154716;127626;162794;170038;129837;154717;163542;145266;154719;176719;170032;168044;128277;145270;154729;171451;170039;162792;162798;52959;151995;170031;154738;162782;0;0;0;0;0;0;0;0;0;0;0;0;0;0;21;1;12;17;9;11;25;14;18;2;6;23;8;16;3;19;13;7;15;4;20;10;24;26;22;5;0;0;0;0;0;0;0;0;0;0;0;0;0;0;0;0;0;0;0;0;0;0;0;0;0;0;0;0;0;0;0;0;0;0;0;0;0;0;0;0;0;0;0;0;0;0;0;0;0;0;0;0;0;0;26
1029;155634;155635;155623;129925;147969;155626;147973;147966;147970;147974;155636;155624;147980;147967;155632;153884;155627;155630;105119;136254;147976;155633;155628;155631;155629;147968;0;0;0;0;0;0;0;0;0;0;0;0;0;0;22;23;1;14;13;6;19;2;7;3;5;4;11;16;18;9;8;15;24;27;21;20;10;17;12;26;0;0;0;0;0;0;0;0;0;0;0;0;0;0;0;0;0;0;0;0;0;0;0;0;0;0;0;0;0;0;0;0;0;0;0;0;0;0;0;0;0;0;0;0;0;0;0;0;0;0;0;0;0;0;26
1031;125550;125520;123381;143904;125631;123384;125888;122495;122493;125501;148147;125555;125412;59978;104989;144004;125554;57099;111672;133265;157710;155552;170876;122489;151874;163594;0;0;0;0;0;0;0;0;0;0;0;0;0;0;1;23;20;24;12;14;13;6;2;3;15;5;25;16;4;17;8;18;7;21;11;22;26;9;10;19;0;0;0;0;0;0;0;0;0;0;0;0;0;0;0;0;0;0;0;0;0;0;0;0;0;0;0;0;0;0;0;0;0;0;0;0;0;0;0;0;0;0;0;0;0;0;0;0;0;0;0;0;0;0;26
1032;57106;58970;39881;57104;34424;122403;57111;115630;46015;122406;57107;33579;115633;115612;122376;155637;115624;154407;122407;144813;129681;135811;155639;64983;135822;129909;0;0;0;0;0;0;0;0;0;0;0;0;0;0;17;4;3;23;21;5;8;14;11;16;7;22;1;13;12;2;9;6;10;15;19;18;20;24;25;26;0;0;0;0;0;0;0;0;0;0;0;0;0;0;0;0;0;0;0;0;0;0;0;0;0;0;0;0;0;0;0;0;0;0;0;0;0;0;0;0;0;0;0;0;0;0;0;0;0;0;0;0;0;0;26
1033;128339;145381;155643;147991;147999;147992;147990;155645;147993;147996;111788;106184;155646;155648;145387;145380;155641;155642;155644;155647;132730;147997;148001;145377;145388;162771;0;0;0;0;0;0;0;0;0;0;0;0;0;0;23;3;5;16;13;17;11;8;19;9;22;1;12;21;15;14;2;4;7;20;10;6;18;24;25;26;0;0;0;0;0;0;0;0;0;0;0;0;0;0;0;0;0;0;0;0;0;0;0;0;0;0;0;0;0;0;0;0;0;0;0;0;0;0;0;0;0;0;0;0;0;0;0;0;0;0;0;0;0;0;26
1034;91605;91606;52951;91608;91609;91610;91611;91612;91613;91614;54889;91616;91617;91618;91619;54951;91621;91622;91623;91624;91625;54914;91627;54941;91629;91630;0;0;0;0;0;0;0;0;0;0;0;0;0;0;1;2;3;4;5;6;7;8;9;10;11;12;13;14;15;16;17;18;19;20;21;22;23;24;25;26;0;0;0;0;0;0;0;0;0;0;0;0;0;0;0;0;0;0;0;0;0;0;0;0;0;0;0;0;0;0;0;0;0;0;0;0;0;0;0;0;0;0;0;0;0;0;0;0;0;0;0;0;0;0;26
1036;145178;167585;145177;145183;145184;145191;145180;166050;165930;154391;154392;166055;124414;165933;145192;154400;167590;167600;162754;145193;145195;135617;145199;166052;167598;167584;0;0;0;0;0;0;0;0;0;0;0;0;0;0;1;31;13;2;5;19;18;3;28;6;29;20;26;17;4;27;23;30;12;8;25;11;14;10;7;9;0;0;0;0;0;0;0;0;0;0;0;0;0;0;0;0;0;0;0;0;0;0;0;0;0;0;0;0;0;0;0;0;0;0;0;0;0;0;0;0;0;0;0;0;0;0;0;0;0;0;0;0;0;0;26
1040;113959;60909;180327;108692;164856;146404;46466;167790;123232;157535;164273;132851;130469;173781;153325;114064;132560;110557;46987;177534;61725;167653;118110;146411;170805;157379;0;0;0;0;0;0;0;0;0;0;0;0;0;0;23;6;1;21;3;24;2;4;18;12;14;20;5;11;7;17;25;22;15;16;8;9;10;13;19;26;0;0;0;0;0;0;0;0;0;0;0;0;0;0;0;0;0;0;0;0;0;0;0;0;0;0;0;0;0;0;0;0;0;0;0;0;0;0;0;0;0;0;0;0;0;0;0;0;0;0;0;0;0;0;26
1041;178908;121294;45903;131742;161915;119696;119486;174721;100986;179565;178910;168444;132965;165670;160078;161921;57185;131198;138019;131056;140701;119704;172451;108043;117085;179566;0;0;0;0;0;0;0;0;0;0;0;0;0;0;2;3;1;17;4;12;13;14;18;5;16;15;6;25;20;24;7;23;10;19;26;9;21;11;8;22;0;0;0;0;0;0;0;0;0;0;0;0;0;0;0;0;0;0;0;0;0;0;0;0;0;0;0;0;0;0;0;0;0;0;0;0;0;0;0;0;0;0;0;0;0;0;0;0;0;0;0;0;0;0;26
1042;104462;179005;179004;135612;60462;117670;137122;108693;141532;100820;100816;102211;60903;101382;172346;117596;45232;58333;54364;58003;58239;57959;155278;152613;104311;133474;0;0;0;0;0;0;0;0;0;0;0;0;0;0;1;16;23;3;4;21;6;12;2;20;11;8;15;17;10;18;7;19;5;13;14;22;24;25;9;26;0;0;0;0;0;0;0;0;0;0;0;0;0;0;0;0;0;0;0;0;0;0;0;0;0;0;0;0;0;0;0;0;0;0;0;0;0;0;0;0;0;0;0;0;0;0;0;0;0;0;0;0;0;0;26
1044;112398;155606;136898;128425;143903;146450;112401;124010;116114;116112;133576;47425;109553;163031;146451;145075;116113;178495;143713;152827;119567;60922;116108;127801;132658;168031;0;0;0;0;0;0;0;0;0;0;0;0;0;0;1;12;22;4;27;28;14;29;3;20;7;5;13;23;30;31;32;11;25;24;6;19;21;2;26;18;0;0;0;0;0;0;0;0;0;0;0;0;0;0;0;0;0;0;0;0;0;0;0;0;0;0;0;0;0;0;0;0;0;0;0;0;0;0;0;0;0;0;0;0;0;0;0;0;0;0;0;0;0;0;26
1046;103035;152771;170522;58182;177104;162585;42511;164675;177751;60463;147164;153101;126177;153112;114093;110425;123753;126672;109055;164763;109559;47390;138371;46849;155140;109532;0;0;0;0;0;0;0;0;0;0;0;0;0;0;12;23;1;14;6;4;2;26;5;22;16;24;3;15;13;7;21;25;8;17;9;20;18;11;10;19;0;0;0;0;0;0;0;0;0;0;0;0;0;0;0;0;0;0;0;0;0;0;0;0;0;0;0;0;0;0;0;0;0;0;0;0;0;0;0;0;0;0;0;0;0;0;0;0;0;0;0;0;0;0;26
1050;145597;127307;104385;110555;59806;181400;119721;119551;104754;60451;114876;134893;159509;112585;154923;119867;118203;135953;133080;164474;107849;108955;113502;110695;173816;42806;0;0;0;0;0;0;0;0;0;0;0;0;0;0;23;16;2;4;22;24;19;5;29;12;28;13;3;7;14;27;18;15;11;20;8;21;10;9;1;17;0;0;0;0;0;0;0;0;0;0;0;0;0;0;0;0;0;0;0;0;0;0;0;0;0;0;0;0;0;0;0;0;0;0;0;0;0;0;0;0;0;0;0;0;0;0;0;0;0;0;0;0;0;0;26
1051;118339;110696;147071;157015;114390;128986;132062;140842;104647;162323;114856;157677;114206;60847;170500;107935;107481;181367;107646;157956;164630;165756;133677;133302;107716;141840;0;0;0;0;0;0;0;0;0;0;0;0;0;0;16;23;1;6;5;27;24;12;4;22;2;26;3;14;17;8;18;21;9;25;13;15;10;20;19;11;0;0;0;0;0;0;0;0;0;0;0;0;0;0;0;0;0;0;0;0;0;0;0;0;0;0;0;0;0;0;0;0;0;0;0;0;0;0;0;0;0;0;0;0;0;0;0;0;0;0;0;0;0;0;26
1056;173803;173844;173807;152600;42576;104284;107705;173806;151994;173801;147297;172067;47786;130142;132245;173802;133644;120867;40323;108192;168012;137782;154396;160228;173805;173804;0;0;0;0;0;0;0;0;0;0;0;0;0;0;28;27;29;25;5;1;2;16;26;23;30;31;10;12;21;6;4;8;9;20;3;14;19;24;22;32;0;0;0;0;0;0;0;0;0;0;0;0;0;0;0;0;0;0;0;0;0;0;0;0;0;0;0;0;0;0;0;0;0;0;0;0;0;0;0;0;0;0;0;0;0;0;0;0;0;0;0;0;0;0;26
1058;118100;134732;144936;178114;160079;133264;102246;172295;103403;138448;133418;141476;101615;170804;157618;136117;118686;126614;135957;164468;124266;146465;109141;91658;158501;42578;0;0;0;0;0;0;0;0;0;0;0;0;0;0;1;16;12;4;26;15;23;18;27;2;14;3;5;21;8;10;6;20;22;13;25;7;24;11;19;9;0;0;0;0;0;0;0;0;0;0;0;0;0;0;0;0;0;0;0;0;0;0;0;0;0;0;0;0;0;0;0;0;0;0;0;0;0;0;0;0;0;0;0;0;0;0;0;0;0;0;0;0;0;0;26
1059;136903;160072;39290;140084;126202;46989;59848;157904;152074;151942;156906;104388;114933;147277;100871;143309;102682;144993;44337;103940;116309;142867;133735;102240;118942;146810;0;0;0;0;0;0;0;0;0;0;0;0;0;0;22;1;20;18;24;15;3;6;5;2;26;11;7;13;8;19;10;4;16;23;9;14;12;21;25;17;0;0;0;0;0;0;0;0;0;0;0;0;0;0;0;0;0;0;0;0;0;0;0;0;0;0;0;0;0;0;0;0;0;0;0;0;0;0;0;0;0;0;0;0;0;0;0;0;0;0;0;0;0;0;26
1061;169988;169990;170003;146698;124348;161917;111079;169991;125364;169995;169992;170001;170000;169998;170002;170449;170005;169993;169989;157657;169994;118555;157482;45341;170450;170004;0;0;0;0;0;0;0;0;0;0;0;0;0;0;18;27;1;2;30;22;23;29;28;9;31;32;33;3;6;34;4;5;7;13;19;14;10;21;8;11;0;0;0;0;0;0;0;0;0;0;0;0;0;0;0;0;0;0;0;0;0;0;0;0;0;0;0;0;0;0;0;0;0;0;0;0;0;0;0;0;0;0;0;0;0;0;0;0;0;0;0;0;0;0;26
1065;58118;34544;100930;101211;102139;58122;58121;103903;54699;54263;54986;58019;54730;58107;58120;53910;108215;58298;58115;125276;100922;60912;54906;53914;91097;95177;0;0;0;0;0;0;0;0;0;0;0;0;0;0;23;14;21;20;22;7;8;13;11;12;2;1;5;9;3;4;18;15;19;10;6;17;16;24;25;26;0;0;0;0;0;0;0;0;0;0;0;0;0;0;0;0;0;0;0;0;0;0;0;0;0;0;0;0;0;0;0;0;0;0;0;0;0;0;0;0;0;0;0;0;0;0;0;0;0;0;0;0;0;0;26
1067;54353;57129;112210;120995;153192;163656;132704;161201;140079;118659;160300;109564;144434;127192;90248;119515;91120;126496;159250;177713;123268;108707;170483;144433;159482;135396;0;0;0;0;0;0;0;0;0;0;0;0;0;0;1;22;13;15;23;17;5;2;3;6;7;8;4;16;19;12;9;18;11;21;14;10;20;25;24;26;0;0;0;0;0;0;0;0;0;0;0;0;0;0;0;0;0;0;0;0;0;0;0;0;0;0;0;0;0;0;0;0;0;0;0;0;0;0;0;0;0;0;0;0;0;0;0;0;0;0;0;0;0;0;26
1080;57877;57874;58108;55160;55157;57876;55126;55065;53901;54818;119694;53688;55720;54109;55125;54815;54816;57907;58354;58332;55171;54481;57973;90083;146733;157041;0;0;0;0;0;0;0;0;0;0;0;0;0;0;1;6;5;3;15;8;12;17;19;14;10;13;2;22;4;23;21;20;7;11;9;16;18;24;25;26;0;0;0;0;0;0;0;0;0;0;0;0;0;0;0;0;0;0;0;0;0;0;0;0;0;0;0;0;0;0;0;0;0;0;0;0;0;0;0;0;0;0;0;0;0;0;0;0;0;0;0;0;0;0;26
1081;140939;58291;54896;107722;146617;128758;150856;127314;181461;123642;91158;124749;38422;103902;135854;146908;7834;53509;170625;147428;172388;114980;17620;39926;127612;157636;0;0;0;0;0;0;0;0;0;0;0;0;0;0;16;23;1;21;3;5;22;25;4;14;2;6;7;12;19;17;20;15;18;24;11;8;9;10;13;26;0;0;0;0;0;0;0;0;0;0;0;0;0;0;0;0;0;0;0;0;0;0;0;0;0;0;0;0;0;0;0;0;0;0;0;0;0;0;0;0;0;0;0;0;0;0;0;0;0;0;0;0;0;0;26
1082;181397;179594;181399;132322;179599;109248;179015;179011;179592;101039;179589;181396;179584;179600;164635;179596;179026;179587;179601;118109;179028;179006;101050;179586;179598;179021;0;0;0;0;0;0;0;0;0;0;0;0;0;0;19;1;18;5;3;13;26;2;23;15;20;12;4;8;6;16;21;10;7;27;25;28;9;11;14;22;0;0;0;0;0;0;0;0;0;0;0;0;0;0;0;0;0;0;0;0;0;0;0;0;0;0;0;0;0;0;0;0;0;0;0;0;0;0;0;0;0;0;0;0;0;0;0;0;0;0;0;0;0;0;26
1083;123365;112124;136861;132206;170454;45927;145577;116124;104925;116131;156787;112136;145580;132469;119714;136863;162975;112133;112137;45941;45932;152519;118675;53559;90596;165283;0;0;0;0;0;0;0;0;0;0;0;0;0;0;1;27;22;21;2;13;19;14;25;5;18;7;9;11;17;3;8;12;20;15;4;16;10;6;24;26;0;0;0;0;0;0;0;0;0;0;0;0;0;0;0;0;0;0;0;0;0;0;0;0;0;0;0;0;0;0;0;0;0;0;0;0;0;0;0;0;0;0;0;0;0;0;0;0;0;0;0;0;0;0;26
1084;173794;56164;173791;168319;173798;118174;132433;109140;162078;132295;102387;55113;137292;119726;173787;173790;173795;173788;173800;57842;120738;173799;142376;144672;173796;130678;0;0;0;0;0;0;0;0;0;0;0;0;0;0;21;23;1;24;34;6;15;2;4;8;18;10;16;17;11;14;20;5;13;3;22;7;9;19;12;25;0;0;0;0;0;0;0;0;0;0;0;0;0;0;0;0;0;0;0;0;0;0;0;0;0;0;0;0;0;0;0;0;0;0;0;0;0;0;0;0;0;0;0;0;0;0;0;0;0;0;0;0;0;0;26
1087;55007;113893;58411;107607;54677;146814;58282;58196;116418;117745;136738;54672;162216;57968;112460;56167;63271;107592;110616;54666;45283;54715;54661;156947;147360;135530;0;0;0;0;0;0;0;0;0;0;0;0;0;0;1;4;2;15;6;10;18;8;14;3;9;17;5;20;22;16;21;7;13;11;12;19;23;24;25;26;0;0;0;0;0;0;0;0;0;0;0;0;0;0;0;0;0;0;0;0;0;0;0;0;0;0;0;0;0;0;0;0;0;0;0;0;0;0;0;0;0;0;0;0;0;0;0;0;0;0;0;0;0;0;26
1099;143025;142947;157380;154977;143008;142533;164699;143053;143047;129961;143015;143050;147372;143049;143010;154875;154242;128388;40563;142627;124839;152843;144548;122009;155768;157581;0;0;0;0;0;0;0;0;0;0;0;0;0;0;1;16;18;13;5;4;3;15;22;19;6;7;8;21;24;20;14;23;12;17;10;25;11;9;2;26;0;0;0;0;0;0;0;0;0;0;0;0;0;0;0;0;0;0;0;0;0;0;0;0;0;0;0;0;0;0;0;0;0;0;0;0;0;0;0;0;0;0;0;0;0;0;0;0;0;0;0;0;0;0;26
1104;144453;58060;57938;58169;54261;54821;142701;54253;54838;54712;58178;54700;54742;54822;58018;54260;58077;54804;58017;154978;58032;114260;132324;139882;159156;95161;0;0;0;0;0;0;0;0;0;0;0;0;0;0;1;4;3;21;5;6;7;16;12;10;9;18;15;2;23;20;8;14;19;17;11;13;22;24;25;26;0;0;0;0;0;0;0;0;0;0;0;0;0;0;0;0;0;0;0;0;0;0;0;0;0;0;0;0;0;0;0;0;0;0;0;0;0;0;0;0;0;0;0;0;0;0;0;0;0;0;0;0;0;0;26
1107;168372;173657;173848;142679;173669;173656;173666;173658;173670;173662;173667;173653;173668;173847;173665;173671;173661;173660;173663;173659;173664;173655;45463;103537;148697;173654;0;0;0;0;0;0;0;0;0;0;0;0;0;0;1;12;21;24;4;3;7;2;16;26;27;28;18;20;5;6;17;23;29;14;8;30;11;9;31;25;0;0;0;0;0;0;0;0;0;0;0;0;0;0;0;0;0;0;0;0;0;0;0;0;0;0;0;0;0;0;0;0;0;0;0;0;0;0;0;0;0;0;0;0;0;0;0;0;0;0;0;0;0;0;26
1108;141638;38218;54401;117374;113905;54406;176464;148341;106725;176401;152271;119116;153257;113907;54443;153160;152687;142566;140538;138467;133041;127024;126528;108720;168522;125351;0;0;0;0;0;0;0;0;0;0;0;0;0;0;24;19;23;26;29;4;17;27;2;3;5;14;6;8;18;13;7;10;1;12;21;25;9;11;20;16;0;0;0;0;0;0;0;0;0;0;0;0;0;0;0;0;0;0;0;0;0;0;0;0;0;0;0;0;0;0;0;0;0;0;0;0;0;0;0;0;0;0;0;0;0;0;0;0;0;0;0;0;0;0;26
1113;130432;167782;43117;161134;144864;145574;112173;179133;154135;105010;116224;130433;112172;142612;43394;161135;136514;144865;117363;111093;160517;144867;116222;146393;130436;134900;0;0;0;0;0;0;0;0;0;0;0;0;0;0;22;12;1;3;4;18;25;24;15;19;23;2;6;16;20;14;8;5;7;11;26;13;10;9;17;21;0;0;0;0;0;0;0;0;0;0;0;0;0;0;0;0;0;0;0;0;0;0;0;0;0;0;0;0;0;0;0;0;0;0;0;0;0;0;0;0;0;0;0;0;0;0;0;0;0;0;0;0;0;0;26
1118;58045;53790;58142;54660;132771;54060;58109;58162;58174;54063;58274;55818;58264;55059;178138;148453;158755;58163;54984;103953;54074;143036;143024;148584;168693;111033;0;0;0;0;0;0;0;0;0;0;0;0;0;0;1;17;21;2;4;18;3;22;8;10;16;11;9;5;12;6;15;19;7;14;20;13;23;24;25;26;0;0;0;0;0;0;0;0;0;0;0;0;0;0;0;0;0;0;0;0;0;0;0;0;0;0;0;0;0;0;0;0;0;0;0;0;0;0;0;0;0;0;0;0;0;0;0;0;0;0;0;0;0;0;26
1124;38403;118369;177213;118613;59595;179375;131092;122338;111979;141186;60486;152925;124237;130600;108443;40882;161867;126302;143134;109042;136579;134782;146921;109039;46880;60473;0;0;0;0;0;0;0;0;0;0;0;0;0;0;1;22;23;3;11;8;17;5;2;18;12;15;6;16;7;10;9;4;25;14;21;19;20;24;13;26;0;0;0;0;0;0;0;0;0;0;0;0;0;0;0;0;0;0;0;0;0;0;0;0;0;0;0;0;0;0;0;0;0;0;0;0;0;0;0;0;0;0;0;0;0;0;0;0;0;0;0;0;0;0;26
1128;65044;39786;116377;176698;116378;144411;130260;167757;57953;169884;161121;177948;173694;161120;170185;45605;107786;116381;90967;157354;169886;45619;108513;134891;154100;109710;0;0;0;0;0;0;0;0;0;0;0;0;0;0;23;1;12;19;4;5;21;8;17;22;2;3;20;24;14;6;16;10;9;26;7;18;15;25;11;13;0;0;0;0;0;0;0;0;0;0;0;0;0;0;0;0;0;0;0;0;0;0;0;0;0;0;0;0;0;0;0;0;0;0;0;0;0;0;0;0;0;0;0;0;0;0;0;0;0;0;0;0;0;0;26
1129;112153;106367;159680;130258;142917;169877;181905;162605;136975;41975;169880;142669;37901;142507;153058;157971;135583;142963;91330;45835;181980;168434;132765;122909;144382;39719;0;0;0;0;0;0;0;0;0;0;0;0;0;0;1;12;22;2;14;3;5;4;15;21;20;13;8;18;26;6;16;24;10;11;17;7;25;9;19;23;0;0;0;0;0;0;0;0;0;0;0;0;0;0;0;0;0;0;0;0;0;0;0;0;0;0;0;0;0;0;0;0;0;0;0;0;0;0;0;0;0;0;0;0;0;0;0;0;0;0;0;0;0;0;26
1141;170172;173774;107497;173775;170790;136829;45982;42249;130446;64722;123181;57309;141791;136827;112262;154910;123183;136826;45984;60924;107938;112263;145056;40786;161541;44354;0;0;0;0;0;0;0;0;0;0;0;0;0;0;1;23;12;6;27;4;16;5;3;28;22;21;10;8;13;24;15;20;18;14;29;19;17;9;11;7;0;0;0;0;0;0;0;0;0;0;0;0;0;0;0;0;0;0;0;0;0;0;0;0;0;0;0;0;0;0;0;0;0;0;0;0;0;0;0;0;0;0;0;0;0;0;0;0;0;0;0;0;0;0;26
1164;102855;144749;102857;46551;107312;144750;104246;41849;128441;44043;102109;44040;143802;108904;105034;46552;109292;136845;123203;136843;144753;130325;136844;157942;157464;142731;0;0;0;0;0;0;0;0;0;0;0;0;0;0;18;15;5;19;2;12;8;6;11;7;10;1;23;17;13;4;3;16;20;22;21;14;9;24;25;26;0;0;0;0;0;0;0;0;0;0;0;0;0;0;0;0;0;0;0;0;0;0;0;0;0;0;0;0;0;0;0;0;0;0;0;0;0;0;0;0;0;0;0;0;0;0;0;0;0;0;0;0;0;0;26
1165;61089;109443;146401;110650;130461;118332;130462;44667;139908;101813;102765;60732;141013;123196;136846;147594;107688;157694;168453;119606;90397;166393;136026;109554;117416;130464;0;0;0;0;0;0;0;0;0;0;0;0;0;0;23;12;1;6;18;24;13;5;3;25;4;2;21;20;8;22;14;16;17;10;26;9;11;7;15;19;0;0;0;0;0;0;0;0;0;0;0;0;0;0;0;0;0;0;0;0;0;0;0;0;0;0;0;0;0;0;0;0;0;0;0;0;0;0;0;0;0;0;0;0;0;0;0;0;0;0;0;0;0;0;26
1166;143778;136907;102251;145014;129188;91649;129191;54940;129184;129190;54952;40026;54949;146510;129186;90395;91305;53399;90514;52958;36061;129182;129181;154093;130285;54262;0;0;0;0;0;0;0;0;0;0;0;0;0;0;12;13;1;3;15;6;20;5;17;21;23;24;2;4;18;11;8;10;16;25;7;14;19;22;9;26;0;0;0;0;0;0;0;0;0;0;0;0;0;0;0;0;0;0;0;0;0;0;0;0;0;0;0;0;0;0;0;0;0;0;0;0;0;0;0;0;0;0;0;0;0;0;0;0;0;0;0;0;0;0;26
1167;129105;129113;148156;91304;122231;129110;129109;143780;140603;129122;122071;60202;129115;129112;146329;136833;154095;129119;101902;134771;143785;154094;90219;141851;161188;113855;0;0;0;0;0;0;0;0;0;0;0;0;0;0;16;12;1;2;3;19;13;17;8;11;7;9;22;15;21;6;4;5;10;18;23;14;20;24;25;26;0;0;0;0;0;0;0;0;0;0;0;0;0;0;0;0;0;0;0;0;0;0;0;0;0;0;0;0;0;0;0;0;0;0;0;0;0;0;0;0;0;0;0;0;0;0;0;0;0;0;0;0;0;0;26
1168;111304;109596;133752;130280;130279;109277;103992;43230;154097;110012;105939;129306;144730;111498;129296;144731;144732;129295;144738;104233;129305;104828;132507;153995;129294;104029;0;0;0;0;0;0;0;0;0;0;0;0;0;0;1;15;4;18;5;3;2;8;20;10;9;12;23;6;13;14;16;19;21;7;22;11;17;24;25;26;0;0;0;0;0;0;0;0;0;0;0;0;0;0;0;0;0;0;0;0;0;0;0;0;0;0;0;0;0;0;0;0;0;0;0;0;0;0;0;0;0;0;0;0;0;0;0;0;0;0;0;0;0;0;26
1169;132503;122111;121125;136895;103976;104176;129101;129097;104193;37629;129099;103943;122193;136894;111246;130218;91216;136769;136767;136768;130221;136770;143786;129100;118434;103973;0;0;0;0;0;0;0;0;0;0;0;0;0;0;1;3;6;21;5;14;18;2;7;22;11;16;13;4;15;12;17;10;19;20;8;9;23;24;25;26;0;0;0;0;0;0;0;0;0;0;0;0;0;0;0;0;0;0;0;0;0;0;0;0;0;0;0;0;0;0;0;0;0;0;0;0;0;0;0;0;0;0;0;0;0;0;0;0;0;0;0;0;0;0;26
1170;144721;116258;128468;114509;47162;132335;152162;125386;167657;61442;90429;158754;125390;113692;125391;141053;118145;106764;109137;46539;92494;130321;170828;120354;103611;37638;0;0;0;0;0;0;0;0;0;0;0;0;0;0;13;1;12;3;5;27;2;24;15;14;17;18;6;7;16;25;9;21;8;4;10;20;23;22;26;11;0;0;0;0;0;0;0;0;0;0;0;0;0;0;0;0;0;0;0;0;0;0;0;0;0;0;0;0;0;0;0;0;0;0;0;0;0;0;0;0;0;0;0;0;0;0;0;0;0;0;0;0;0;0;26
1171;130264;143792;163583;145016;119514;173697;130265;95147;129128;102815;145018;113931;59143;118547;173696;90955;40822;129127;130267;39960;145022;143795;59142;143794;129129;143796;0;0;0;0;0;0;0;0;0;0;0;0;0;0;22;12;1;3;19;14;6;27;2;4;5;20;18;8;15;25;11;13;16;9;23;21;10;17;7;24;0;0;0;0;0;0;0;0;0;0;0;0;0;0;0;0;0;0;0;0;0;0;0;0;0;0;0;0;0;0;0;0;0;0;0;0;0;0;0;0;0;0;0;0;0;0;0;0;0;0;0;0;0;0;26
1172;140814;129196;130287;129204;129198;118166;144788;130290;136857;119102;136859;130291;60514;52405;143799;158519;129195;146364;136860;39963;146365;39964;46703;136858;129207;129200;0;0;0;0;0;0;0;0;0;0;0;0;0;0;12;22;1;16;15;18;2;3;5;6;14;17;8;4;13;24;19;20;21;7;23;10;11;9;25;26;0;0;0;0;0;0;0;0;0;0;0;0;0;0;0;0;0;0;0;0;0;0;0;0;0;0;0;0;0;0;0;0;0;0;0;0;0;0;0;0;0;0;0;0;0;0;0;0;0;0;0;0;0;0;26
1173;36890;129314;129319;129309;127020;136886;123474;120585;62000;129321;120530;129313;129316;129311;129320;130485;136888;101640;129317;129315;129310;136887;143801;129307;144974;144972;0;0;0;0;0;0;0;0;0;0;0;0;0;0;12;1;23;4;15;5;9;3;6;19;10;8;14;11;13;2;16;17;7;20;18;21;22;24;25;26;0;0;0;0;0;0;0;0;0;0;0;0;0;0;0;0;0;0;0;0;0;0;0;0;0;0;0;0;0;0;0;0;0;0;0;0;0;0;0;0;0;0;0;0;0;0;0;0;0;0;0;0;0;0;26
1174;144918;161217;108996;167983;129056;118496;122057;144919;42929;159603;161236;129048;164847;126616;110955;114269;129050;118582;128720;120598;124846;132336;133355;134545;126504;127629;0;0;0;0;0;0;0;0;0;0;0;0;0;0;25;12;1;5;3;14;24;15;4;13;20;16;26;6;18;2;17;10;7;23;21;9;19;22;11;8;0;0;0;0;0;0;0;0;0;0;0;0;0;0;0;0;0;0;0;0;0;0;0;0;0;0;0;0;0;0;0;0;0;0;0;0;0;0;0;0;0;0;0;0;0;0;0;0;0;0;0;0;0;0;26
1175;167798;126906;91538;112156;47359;100386;120923;160252;169804;145822;91585;112157;42549;37440;155752;144886;157232;147193;146062;133681;116710;120927;126298;168890;148153;153908;0;0;0;0;0;0;0;0;0;0;0;0;0;0;1;12;13;3;17;15;2;27;4;14;28;21;19;16;5;6;8;24;18;20;10;7;11;29;22;30;0;0;0;0;0;0;0;0;0;0;0;0;0;0;0;0;0;0;0;0;0;0;0;0;0;0;0;0;0;0;0;0;0;0;0;0;0;0;0;0;0;0;0;0;0;0;0;0;0;0;0;0;0;0;26
1176;130486;129323;129330;129339;124619;129332;129333;136890;136889;128359;129326;129334;143917;129340;129341;129343;130489;143918;129337;129344;129335;143916;136891;143803;129336;111128;0;0;0;0;0;0;0;0;0;0;0;0;0;0;1;2;22;4;13;16;5;18;8;7;10;12;15;6;3;23;11;14;19;21;9;20;17;24;25;26;0;0;0;0;0;0;0;0;0;0;0;0;0;0;0;0;0;0;0;0;0;0;0;0;0;0;0;0;0;0;0;0;0;0;0;0;0;0;0;0;0;0;0;0;0;0;0;0;0;0;0;0;0;0;26
1177;103494;136520;129258;129274;144745;129272;129266;129271;129268;137923;129257;129262;117901;137900;144747;129264;90292;129265;125963;130305;130303;143804;136823;54935;42907;139747;0;0;0;0;0;0;0;0;0;0;0;0;0;0;1;13;12;2;3;4;5;6;7;8;17;11;9;14;19;15;16;18;10;21;20;22;23;24;25;26;0;0;0;0;0;0;0;0;0;0;0;0;0;0;0;0;0;0;0;0;0;0;0;0;0;0;0;0;0;0;0;0;0;0;0;0;0;0;0;0;0;0;0;0;0;0;0;0;0;0;0;0;0;0;26
1178;109019;111148;113932;147466;147197;129240;154127;154128;143806;129237;129225;116406;104466;136877;40410;123870;132506;129234;143807;154129;129233;129231;130272;108190;159556;152121;0;0;0;0;0;0;0;0;0;0;0;0;0;0;1;12;16;26;3;6;2;21;5;8;4;13;14;17;11;10;9;20;18;23;19;7;15;22;24;25;0;0;0;0;0;0;0;0;0;0;0;0;0;0;0;0;0;0;0;0;0;0;0;0;0;0;0;0;0;0;0;0;0;0;0;0;0;0;0;0;0;0;0;0;0;0;0;0;0;0;0;0;0;0;26
1179;38700;90541;143919;146459;114202;133350;126824;129092;120709;138530;129084;119479;91706;153352;90160;107553;129094;129090;122746;126936;114204;129093;148162;140813;132525;129088;0;0;0;0;0;0;0;0;0;0;0;0;0;0;1;12;16;23;2;3;4;13;26;7;6;18;5;19;17;8;21;9;10;15;22;14;11;20;24;25;0;0;0;0;0;0;0;0;0;0;0;0;0;0;0;0;0;0;0;0;0;0;0;0;0;0;0;0;0;0;0;0;0;0;0;0;0;0;0;0;0;0;0;0;0;0;0;0;0;0;0;0;0;0;26
1180;60878;100535;106755;170426;102242;129161;157046;118057;170428;170425;120357;126034;118044;129154;130348;171499;129160;136867;136868;101068;59632;113654;156825;145778;111186;146859;0;0;0;0;0;0;0;0;0;0;0;0;0;0;1;12;22;14;3;6;13;8;2;4;7;5;10;16;11;27;20;15;21;28;9;23;24;19;17;18;0;0;0;0;0;0;0;0;0;0;0;0;0;0;0;0;0;0;0;0;0;0;0;0;0;0;0;0;0;0;0;0;0;0;0;0;0;0;0;0;0;0;0;0;0;0;0;0;0;0;0;0;0;0;26
1181;129175;136873;148159;116717;146472;143809;153773;144964;129165;125995;173857;143811;124810;129170;130408;129173;136871;143810;144966;127593;136425;144968;157627;129168;129860;144967;0;0;0;0;0;0;0;0;0;0;0;0;0;0;1;12;23;22;20;29;2;28;27;24;4;3;17;7;6;16;13;26;21;30;31;14;9;25;11;19;0;0;0;0;0;0;0;0;0;0;0;0;0;0;0;0;0;0;0;0;0;0;0;0;0;0;0;0;0;0;0;0;0;0;0;0;0;0;0;0;0;0;0;0;0;0;0;0;0;0;0;0;0;0;26
1182;144823;146301;154132;129220;141140;151822;130370;90625;144825;154133;54098;129221;136810;143813;103303;126294;129215;93156;146302;146382;129213;42572;130374;126290;122038;130372;0;0;0;0;0;0;0;0;0;0;0;0;0;0;1;12;23;5;17;25;14;4;3;21;15;2;22;13;7;19;9;18;6;10;11;8;20;16;24;26;0;0;0;0;0;0;0;0;0;0;0;0;0;0;0;0;0;0;0;0;0;0;0;0;0;0;0;0;0;0;0;0;0;0;0;0;0;0;0;0;0;0;0;0;0;0;0;0;0;0;0;0;0;0;26
1183;113735;129286;35888;130415;35893;129292;129281;129287;129289;129277;129284;128240;115100;129282;130417;129278;143822;129283;129290;145043;136779;129279;40015;136778;129291;129285;0;0;0;0;0;0;0;0;0;0;0;0;0;0;1;25;23;22;5;3;4;13;19;8;17;9;11;12;2;16;21;18;15;14;10;20;7;6;24;26;0;0;0;0;0;0;0;0;0;0;0;0;0;0;0;0;0;0;0;0;0;0;0;0;0;0;0;0;0;0;0;0;0;0;0;0;0;0;0;0;0;0;0;0;0;0;0;0;0;0;0;0;0;0;26
1184;144797;111751;106166;111639;162822;169581;122479;162843;154475;104993;129766;106168;148152;106125;106154;144799;122473;172850;59055;60412;135567;162829;106121;106127;59048;145360;0;0;0;0;0;0;0;0;0;0;0;0;0;0;12;13;1;3;15;14;16;2;4;17;5;21;7;6;10;24;20;18;8;9;19;25;26;11;22;23;0;0;0;0;0;0;0;0;0;0;0;0;0;0;0;0;0;0;0;0;0;0;0;0;0;0;0;0;0;0;0;0;0;0;0;0;0;0;0;0;0;0;0;0;0;0;0;0;0;0;0;0;0;0;26
1195;169915;119638;170883;169611;157703;157492;124855;164968;157217;174417;104754;153614;127216;164648;171951;119703;182008;159940;125853;164649;152691;143292;142736;121860;179378;175816;163628;168881;173314;147262;170799;170665;168354;0;0;0;0;0;0;0;26;1;28;97;71;6;3;44;34;19;18;77;27;21;24;8;56;20;38;32;14;30;7;10;99;29;23;50;82;52;85;22;2;0;0;0;0;0;0;0;0;0;0;0;0;0;0;0;0;0;0;0;0;0;0;0;0;0;0;0;0;0;0;0;0;0;0;0;0;0;0;0;0;0;0;0;0;0;0;0;33
1196;47147;152990;157107;167700;119708;144788;113905;178129;180379;141642;168032;124105;173198;176980;165065;143109;139715;125315;140712;157831;146412;162351;168035;159304;168348;170680;117787;174882;182028;167698;0;0;0;0;0;0;0;0;0;0;33;30;23;31;44;3;29;25;57;20;39;4;35;28;62;17;15;22;18;24;37;10;27;8;11;21;7;45;9;51;0;0;0;0;0;0;0;0;0;0;0;0;0;0;0;0;0;0;0;0;0;0;0;0;0;0;0;0;0;0;0;0;0;0;0;0;0;0;0;0;0;0;0;0;0;0;0;0;0;0;30
1197;145597;101362;164446;139648;156999;127565;142321;121437;128758;145623;108700;144541;113243;126295;139761;173925;60912;124810;146942;120538;159523;174101;114308;139920;132106;123230;130559;110780;176629;104383;173972;147469;167699;174422;169700;176973;0;0;0;0;1;21;35;12;25;20;29;4;24;3;2;22;5;13;18;53;23;80;8;94;14;7;27;17;11;10;59;9;19;95;26;36;40;16;44;45;0;0;0;0;0;0;0;0;0;0;0;0;0;0;0;0;0;0;0;0;0;0;0;0;0;0;0;0;0;0;0;0;0;0;0;0;0;0;0;0;0;0;0;0;36
1200;174521;119729;177938;176573;158584;138295;147961;133271;178160;167404;176621;160584;120952;133687;157362;179357;176067;143403;159677;120725;177702;155673;119567;180270;159678;178161;106772;174522;182195;181665;168153;172404;0;0;0;0;0;0;0;0;13;1;15;32;4;3;2;33;18;22;23;7;6;8;39;29;40;17;11;19;10;9;12;26;38;21;14;27;28;34;24;30;0;0;0;0;0;0;0;0;0;0;0;0;0;0;0;0;0;0;0;0;0;0;0;0;0;0;0;0;0;0;0;0;0;0;0;0;0;0;0;0;0;0;0;0;0;0;0;0;32
1203;113596;146107;147394;115252;121439;141512;54716;161887;40513;114465;169680;90855;110689;90401;150882;110557;158656;110011;112098;90399;152924;90397;91461;161119;151584;91287;164578;0;0;0;0;0;0;0;0;0;0;0;0;0;40;33;44;1;26;5;15;36;28;55;22;3;18;25;13;4;14;27;8;7;10;11;21;30;70;9;71;0;0;0;0;0;0;0;0;0;0;0;0;0;0;0;0;0;0;0;0;0;0;0;0;0;0;0;0;0;0;0;0;0;0;0;0;0;0;0;0;0;0;0;0;0;0;0;0;0;0;0;0;0;27
1207;113595;120432;168499;160210;110761;152207;118523;123152;147919;118060;181895;151809;144659;120511;120505;40150;169449;177319;147161;163554;114932;177341;113663;142198;179459;116226;47076;0;0;0;0;0;0;0;0;0;0;0;0;0;1;31;61;5;6;20;15;24;13;17;18;36;25;8;21;27;38;29;30;16;11;26;10;9;39;7;14;0;0;0;0;0;0;0;0;0;0;0;0;0;0;0;0;0;0;0;0;0;0;0;0;0;0;0;0;0;0;0;0;0;0;0;0;0;0;0;0;0;0;0;0;0;0;0;0;0;0;0;0;0;27
1208;124644;47077;166169;120516;175818;175621;166167;179344;170612;58646;179527;124349;172003;177364;170804;116670;175998;168845;173549;181549;175999;173753;179205;159580;176115;179731;134561;170412;178067;0;0;0;0;0;0;0;0;0;0;0;13;16;45;3;34;28;25;23;30;2;32;6;18;47;36;8;29;20;27;37;10;14;39;9;40;41;11;17;33;0;0;0;0;0;0;0;0;0;0;0;0;0;0;0;0;0;0;0;0;0;0;0;0;0;0;0;0;0;0;0;0;0;0;0;0;0;0;0;0;0;0;0;0;0;0;0;0;0;0;0;29
1212;105061;91571;133068;128188;59706;38346;121490;57312;107959;118881;110387;45173;105053;90981;160181;114933;143262;90308;141882;133263;45500;140902;38295;103819;116101;117876;117461;113737;155738;163062;173023;0;0;0;0;0;0;0;0;0;1;99;5;13;16;6;32;21;3;24;23;8;27;25;26;2;4;33;65;18;10;15;11;14;77;7;20;12;17;19;22;0;0;0;0;0;0;0;0;0;0;0;0;0;0;0;0;0;0;0;0;0;0;0;0;0;0;0;0;0;0;0;0;0;0;0;0;0;0;0;0;0;0;0;0;0;0;0;0;0;31
1216;169927;63602;91152;170455;130334;164810;128053;112439;129147;108693;90867;54720;144749;181396;46554;91469;100424;146333;112072;90878;90874;90880;169925;107904;153112;0;0;0;0;0;0;0;0;0;0;0;0;0;0;0;32;38;34;30;5;1;17;4;33;12;28;2;3;42;21;16;31;27;10;37;22;11;9;93;6;0;0;0;0;0;0;0;0;0;0;0;0;0;0;0;0;0;0;0;0;0;0;0;0;0;0;0;0;0;0;0;0;0;0;0;0;0;0;0;0;0;0;0;0;0;0;0;0;0;0;0;0;0;0;0;25
1217;5778;133202;91207;131070;91460;91683;110897;104530;109361;143298;122066;91279;91245;122040;126148;169256;91381;168260;142272;91478;168696;91225;91476;142895;91274;90592;0;0;0;0;0;0;0;0;0;0;0;0;0;0;35;49;85;4;90;79;27;2;22;24;6;52;31;10;3;7;18;20;19;17;37;88;14;9;11;97;0;0;0;0;0;0;0;0;0;0;0;0;0;0;0;0;0;0;0;0;0;0;0;0;0;0;0;0;0;0;0;0;0;0;0;0;0;0;0;0;0;0;0;0;0;0;0;0;0;0;0;0;0;0;26
1218;122108;122114;90939;117491;109065;111314;126405;126696;129341;46917;143732;131890;91186;61426;122166;47784;115179;55589;151796;116363;154219;132221;138488;128284;128463;123493;0;0;0;0;0;0;0;0;0;0;0;0;0;0;1;16;61;13;41;33;2;6;28;3;66;4;31;15;23;5;8;18;9;21;20;17;11;10;12;7;0;0;0;0;0;0;0;0;0;0;0;0;0;0;0;0;0;0;0;0;0;0;0;0;0;0;0;0;0;0;0;0;0;0;0;0;0;0;0;0;0;0;0;0;0;0;0;0;0;0;0;0;0;0;26
1219;102580;130437;115587;152452;162162;130298;117839;170467;127537;177317;167187;155248;47089;182227;132494;126550;121449;177690;17256;131732;116139;172015;179097;177318;155653;121455;152614;147488;147114;147113;179096;0;0;0;0;0;0;0;0;0;1;99;13;22;23;24;5;21;26;77;3;28;2;32;18;6;4;29;8;25;16;81;14;11;38;15;27;20;35;17;39;0;0;0;0;0;0;0;0;0;0;0;0;0;0;0;0;0;0;0;0;0;0;0;0;0;0;0;0;0;0;0;0;0;0;0;0;0;0;0;0;0;0;0;0;0;0;0;0;0;31
1220;124328;106412;130609;177733;178014;152292;115568;177736;169668;171498;125708;120524;153727;182371;177735;151818;138417;181897;152688;171499;158507;101103;154826;142747;174532;0;0;0;0;0;0;0;0;0;0;0;0;0;0;0;1;25;6;3;23;4;2;22;21;5;14;10;8;12;70;30;11;20;19;7;17;77;9;36;24;0;0;0;0;0;0;0;0;0;0;0;0;0;0;0;0;0;0;0;0;0;0;0;0;0;0;0;0;0;0;0;0;0;0;0;0;0;0;0;0;0;0;0;0;0;0;0;0;0;0;0;0;0;0;0;25
1221;17632;9534;109068;174702;136702;103567;131489;124459;161393;102486;177698;165068;177699;118939;135794;152508;129859;121463;147614;178494;145863;177258;179601;178495;128602;173818;178106;128594;177697;117366;0;0;0;0;0;0;0;0;0;0;25;1;30;15;2;19;5;4;18;3;12;23;31;6;8;40;14;16;49;22;24;89;74;11;17;99;29;9;10;7;0;0;0;0;0;0;0;0;0;0;0;0;0;0;0;0;0;0;0;0;0;0;0;0;0;0;0;0;0;0;0;0;0;0;0;0;0;0;0;0;0;0;0;0;0;0;0;0;0;0;30
1222;177695;114153;168319;119721;133563;42353;162589;101039;113295;121563;159540;110399;156787;131733;125021;109328;164991;124464;135002;132403;164827;140043;127298;182370;121524;182228;0;0;0;0;0;0;0;0;0;0;0;0;0;0;1;13;42;33;5;4;15;21;25;12;27;22;14;20;8;11;28;19;17;32;35;44;7;77;10;47;0;0;0;0;0;0;0;0;0;0;0;0;0;0;0;0;0;0;0;0;0;0;0;0;0;0;0;0;0;0;0;0;0;0;0;0;0;0;0;0;0;0;0;0;0;0;0;0;0;0;0;0;0;0;26
1223;103064;91134;56057;157720;114358;104845;91463;90608;118671;91348;135744;95231;147328;109137;90431;112603;91486;129142;63450;125038;95236;90585;133237;34813;156989;0;0;0;0;0;0;0;0;0;0;0;0;0;0;0;1;18;77;25;5;13;30;45;23;71;66;24;20;33;6;21;22;4;10;49;37;40;17;89;42;0;0;0;0;0;0;0;0;0;0;0;0;0;0;0;0;0;0;0;0;0;0;0;0;0;0;0;0;0;0;0;0;0;0;0;0;0;0;0;0;0;0;0;0;0;0;0;0;0;0;0;0;0;0;0;25
1230;139924;131553;161332;176744;109011;114804;157947;131003;176736;178334;121097;130138;179192;109217;132072;176737;120307;145051;112283;124580;141889;176738;165679;117747;143138;137521;123268;146697;146888;112228;44601;178576;0;0;0;0;0;0;0;0;24;18;33;19;6;2;4;27;25;44;77;23;93;13;88;3;15;81;5;35;8;61;53;7;70;10;20;99;11;22;29;16;0;0;0;0;0;0;0;0;0;0;0;0;0;0;0;0;0;0;0;0;0;0;0;0;0;0;0;0;0;0;0;0;0;0;0;0;0;0;0;0;0;0;0;0;0;0;0;0;32
1232;144743;91575;95232;116375;128891;58795;90563;176698;154929;154931;143147;144919;95215;140664;138582;143566;154934;124045;134497;120320;157486;91163;90482;112080;125534;160942;115356;169249;112801;160923;173523;127801;0;0;0;0;0;0;0;0;31;23;48;22;5;4;18;3;74;46;13;16;99;17;26;6;8;29;21;1;27;11;7;34;77;30;10;37;9;19;25;2;0;0;0;0;0;0;0;0;0;0;0;0;0;0;0;0;0;0;0;0;0;0;0;0;0;0;0;0;0;0;0;0;0;0;0;0;0;0;0;0;0;0;0;0;0;0;0;0;32
1236;47959;152757;101946;117641;132528;143731;47589;111076;136123;174613;160884;130912;105341;41163;141352;115068;160879;141991;153065;130495;103319;131962;144205;102611;142248;111324;128988;121358;169142;114325;182115;157136;141485;182596;180351;182597;0;0;0;0;25;12;50;16;17;6;4;26;20;22;14;3;24;33;32;13;8;28;10;23;11;21;29;18;7;27;34;9;47;37;48;15;38;39;35;19;0;0;0;0;0;0;0;0;0;0;0;0;0;0;0;0;0;0;0;0;0;0;0;0;0;0;0;0;0;0;0;0;0;0;0;0;0;0;0;0;0;0;0;0;36
1237;111295;114383;154163;141484;132563;117050;60223;41174;160972;111067;164816;141896;154166;122690;177685;60232;144072;157179;127491;154167;114637;175461;120152;111058;158951;154904;148971;154982;162974;156274;160971;0;0;0;0;0;0;0;0;0;25;30;1;3;23;18;2;6;43;27;15;4;34;13;8;36;19;21;10;20;11;24;7;17;28;9;14;22;12;29;5;0;0;0;0;0;0;0;0;0;0;0;0;0;0;0;0;0;0;0;0;0;0;0;0;0;0;0;0;0;0;0;0;0;0;0;0;0;0;0;0;0;0;0;0;0;0;0;0;0;31
1238;36727;152966;161015;144286;151534;44718;168969;43006;130359;141424;144208;141398;144802;123020;164542;105808;168974;133716;35880;140875;118884;168973;136398;168971;126234;60062;60143;178498;169185;168744;176079;168975;183551;0;0;0;0;0;0;0;16;1;12;24;4;14;35;26;15;13;40;20;8;21;32;22;39;11;7;28;18;17;10;29;19;9;27;23;53;34;42;43;45;0;0;0;0;0;0;0;0;0;0;0;0;0;0;0;0;0;0;0;0;0;0;0;0;0;0;0;0;0;0;0;0;0;0;0;0;0;0;0;0;0;0;0;0;0;0;0;33
1239;116201;181977;168160;140302;140839;140529;60151;160381;168159;111097;118451;142338;170770;156237;179676;141562;152995;173955;124592;157593;60299;47136;167869;143377;174846;170771;141346;140670;146686;115281;152428;135982;176623;181976;0;0;0;0;0;0;23;1;27;4;21;14;13;6;35;24;22;31;28;2;10;5;18;39;16;25;8;19;20;34;42;11;7;43;26;32;29;9;30;3;0;0;0;0;0;0;0;0;0;0;0;0;0;0;0;0;0;0;0;0;0;0;0;0;0;0;0;0;0;0;0;0;0;0;0;0;0;0;0;0;0;0;0;0;0;0;34
1240;47836;127588;160837;141112;151016;168310;60046;157319;111328;170767;105324;44857;153435;45576;43814;175460;169745;105245;105196;177883;165739;182605;160139;156830;60631;105218;159625;175770;177879;180258;168142;0;0;0;0;0;0;0;0;0;33;1;35;26;36;13;6;22;3;39;29;4;5;23;11;37;8;10;40;16;19;43;7;28;25;9;12;52;14;20;15;0;0;0;0;0;0;0;0;0;0;0;0;0;0;0;0;0;0;0;0;0;0;0;0;0;0;0;0;0;0;0;0;0;0;0;0;0;0;0;0;0;0;0;0;0;0;0;0;0;31
1241;102214;141358;160822;132870;156824;108274;138393;102051;174473;115087;144162;160826;151316;152013;128517;172385;140660;173951;144164;158559;175587;177874;166719;114709;141122;159518;166803;118553;147729;41185;174646;175963;168407;172598;179696;0;0;0;0;0;21;1;30;22;2;15;25;97;23;24;3;28;6;14;4;10;26;5;29;8;20;19;27;18;7;17;33;13;99;9;16;36;62;48;37;0;0;0;0;0;0;0;0;0;0;0;0;0;0;0;0;0;0;0;0;0;0;0;0;0;0;0;0;0;0;0;0;0;0;0;0;0;0;0;0;0;0;0;0;0;35
1242;60360;60351;169156;175457;128391;168822;159624;105288;41547;166138;140303;110600;118399;144134;132820;132034;127001;46635;174493;169153;120068;169147;152692;37106;169149;144150;113559;156273;165730;35252;183444;0;0;0;0;0;0;0;0;0;23;1;38;46;13;24;15;6;2;47;3;33;32;4;5;20;31;28;16;10;8;26;18;11;27;9;22;39;52;70;12;0;0;0;0;0;0;0;0;0;0;0;0;0;0;0;0;0;0;0;0;0;0;0;0;0;0;0;0;0;0;0;0;0;0;0;0;0;0;0;0;0;0;0;0;0;0;0;0;0;31
1243;173008;105331;103586;152947;144333;130493;168958;134871;159492;152859;151189;68955;170772;175961;153376;173048;160820;176125;105270;141523;154159;144153;174643;126620;177683;115538;166637;159067;173303;60347;127531;60235;127686;174644;160818;156235;166605;173047;168600;177704;12;20;25;1;4;23;36;33;42;16;51;35;6;3;32;34;30;5;24;26;15;21;13;8;10;28;11;17;50;7;9;19;18;22;14;44;59;82;2;27;0;0;0;0;0;0;0;0;0;0;0;0;0;0;0;0;0;0;0;0;0;0;0;0;0;0;0;0;0;0;0;0;0;0;0;0;0;0;0;0;40
1244;130974;108893;176245;61130;144070;47830;170854;176248;61036;132818;170857;59265;176250;114331;111028;59196;42697;170856;178038;126407;176243;144457;130538;135424;105131;176252;182112;182862;183693;182595;0;0;0;0;0;0;0;0;0;0;1;12;34;2;6;16;32;19;3;4;21;5;50;8;29;10;22;13;35;11;17;14;7;23;9;15;26;18;20;25;0;0;0;0;0;0;0;0;0;0;0;0;0;0;0;0;0;0;0;0;0;0;0;0;0;0;0;0;0;0;0;0;0;0;0;0;0;0;0;0;0;0;0;0;0;0;0;0;0;0;30
1245;123100;144233;108839;61475;119788;159915;107255;114523;135208;130366;154265;160937;137993;111200;101544;152397;119142;128989;115088;43695;46037;164622;108432;15038;160821;0;0;0;0;0;0;0;0;0;0;0;0;0;0;0;22;1;4;6;15;23;14;9;2;3;5;20;21;13;10;16;17;18;28;92;11;19;8;7;12;0;0;0;0;0;0;0;0;0;0;0;0;0;0;0;0;0;0;0;0;0;0;0;0;0;0;0;0;0;0;0;0;0;0;0;0;0;0;0;0;0;0;0;0;0;0;0;0;0;0;0;0;0;0;0;25
1246;141629;43202;90991;133533;108772;107847;114290;47727;45351;162158;119797;164901;140200;159779;45641;168233;146278;160686;143524;162700;91495;60068;123117;121320;160953;156806;140306;130258;123428;0;0;0;0;0;0;0;0;0;0;0;24;22;40;1;20;31;15;13;21;4;2;5;35;28;25;8;23;14;11;16;6;30;98;9;3;18;10;12;17;0;0;0;0;0;0;0;0;0;0;0;0;0;0;0;0;0;0;0;0;0;0;0;0;0;0;0;0;0;0;0;0;0;0;0;0;0;0;0;0;0;0;0;0;0;0;0;0;0;0;0;29
1247;121259;135062;161109;101374;46925;58691;131866;135108;60132;127975;91071;141864;113408;114046;154214;106571;110416;42033;123665;61181;42416;46023;157793;46879;119108;130060;0;0;0;0;0;0;0;0;0;0;0;0;0;0;1;32;20;5;13;11;21;46;4;2;3;14;7;35;6;15;12;19;8;77;18;29;16;10;9;17;0;0;0;0;0;0;0;0;0;0;0;0;0;0;0;0;0;0;0;0;0;0;0;0;0;0;0;0;0;0;0;0;0;0;0;0;0;0;0;0;0;0;0;0;0;0;0;0;0;0;0;0;0;0;26
1248;105304;126883;115058;61214;115528;43989;110475;43985;114592;47920;59179;59458;159669;118353;63497;111804;61525;103966;132905;61451;132573;113379;111408;160092;106609;0;0;0;0;0;0;0;0;0;0;0;0;0;0;0;1;12;3;4;14;13;6;26;22;2;5;21;52;18;8;17;10;15;16;11;50;7;9;19;27;0;0;0;0;0;0;0;0;0;0;0;0;0;0;0;0;0;0;0;0;0;0;0;0;0;0;0;0;0;0;0;0;0;0;0;0;0;0;0;0;0;0;0;0;0;0;0;0;0;0;0;0;0;0;0;25
1249;120329;122684;4039;127284;128027;169387;126376;108262;101116;46332;120333;106637;140617;169912;101455;152657;125011;135583;61030;103651;42455;153447;61643;167730;128756;133333;45761;160095;143378;47472;0;0;0;0;0;0;0;0;0;0;98;27;1;22;9;15;4;21;3;6;23;2;8;5;94;35;16;13;32;20;10;17;7;90;30;99;14;25;11;12;0;0;0;0;0;0;0;0;0;0;0;0;0;0;0;0;0;0;0;0;0;0;0;0;0;0;0;0;0;0;0;0;0;0;0;0;0;0;0;0;0;0;0;0;0;0;0;0;0;0;30
1250;144028;63560;167856;128861;135265;152484;61568;60159;163642;110565;118644;104494;46029;160344;118344;104769;132716;106614;45626;140427;168495;174903;120300;38297;129021;131052;105633;126149;161258;60622;173965;0;0;0;0;0;0;0;0;0;12;26;30;3;19;53;13;4;44;23;28;18;14;33;20;17;5;29;8;11;2;37;9;24;27;15;7;95;77;22;1;0;0;0;0;0;0;0;0;0;0;0;0;0;0;0;0;0;0;0;0;0;0;0;0;0;0;0;0;0;0;0;0;0;0;0;0;0;0;0;0;0;0;0;0;0;0;0;0;0;31
1252;143737;102895;161045;143472;144861;108795;170062;42452;132674;132045;133376;141109;129360;107778;110562;118409;157840;132923;60776;106629;161035;169098;122278;123788;133332;115932;104541;121348;0;0;0;0;0;0;0;0;0;0;0;0;24;1;22;41;6;18;20;25;26;9;15;35;3;29;16;36;14;2;8;10;11;37;28;7;4;17;19;5;0;0;0;0;0;0;0;0;0;0;0;0;0;0;0;0;0;0;0;0;0;0;0;0;0;0;0;0;0;0;0;0;0;0;0;0;0;0;0;0;0;0;0;0;0;0;0;0;0;0;0;0;28
1254;126746;146553;167985;110681;122283;108654;113590;121277;174901;113081;47470;113452;128258;46237;47129;37901;174719;135044;174720;63477;40352;157354;113458;126961;138598;170490;120330;176006;108140;58759;136306;159228;0;0;0;0;0;0;0;0;77;12;9;3;27;17;14;28;30;31;2;18;1;15;5;8;11;23;49;6;10;4;16;22;20;41;32;7;24;19;21;26;0;0;0;0;0;0;0;0;0;0;0;0;0;0;0;0;0;0;0;0;0;0;0;0;0;0;0;0;0;0;0;0;0;0;0;0;0;0;0;0;0;0;0;0;0;0;0;0;32
1255;144364;41204;144305;168511;115020;46611;47128;130039;160102;65134;122960;60763;176209;174741;152505;108813;42535;144643;126362;161057;174738;129022;167414;151145;176213;160150;174736;123417;174737;176211;113479;136007;42898;169254;121994;60657;47456;169253;140909;0;31;23;50;52;28;4;2;35;43;5;13;18;56;42;15;19;21;29;33;30;38;8;16;94;48;80;46;11;45;34;37;14;7;49;17;9;10;39;22;0;0;0;0;0;0;0;0;0;0;0;0;0;0;0;0;0;0;0;0;0;0;0;0;0;0;0;0;0;0;0;0;0;0;0;0;0;0;0;0;0;39
1256;106815;152392;135216;157863;128045;144584;152663;127737;148219;144587;108867;136002;115121;113665;60719;36714;144586;60684;154248;167062;164550;60711;105276;102782;182191;172498;148982;154250;0;0;0;0;0;0;0;0;0;0;0;0;1;12;2;4;20;15;26;21;17;3;13;28;5;6;8;23;34;22;10;24;7;11;19;9;30;16;14;18;0;0;0;0;0;0;0;0;0;0;0;0;0;0;0;0;0;0;0;0;0;0;0;0;0;0;0;0;0;0;0;0;0;0;0;0;0;0;0;0;0;0;0;0;0;0;0;0;0;0;0;0;28
1257;106566;128406;126943;47816;108187;120067;41619;117814;61459;164819;117686;173427;165290;174655;120058;107782;126651;174654;120165;130506;177985;47305;61637;168304;182317;142724;167213;40751;176134;166696;177684;0;0;0;0;0;0;0;0;0;1;12;66;3;2;6;4;22;31;14;30;13;5;29;15;27;23;25;10;8;19;11;28;17;18;9;36;20;35;16;7;0;0;0;0;0;0;0;0;0;0;0;0;0;0;0;0;0;0;0;0;0;0;0;0;0;0;0;0;0;0;0;0;0;0;0;0;0;0;0;0;0;0;0;0;0;0;0;0;0;31
1258;121271;65062;108640;119903;120069;118690;152404;177933;47774;107511;173042;178497;45656;103963;126999;147414;169115;128572;59948;47775;152407;119919;158907;60169;120032;150958;105310;31044;0;0;0;0;0;0;0;0;0;0;0;0;1;12;26;17;6;16;29;22;20;10;2;3;18;28;19;8;30;21;7;14;11;33;24;27;23;99;32;9;0;0;0;0;0;0;0;0;0;0;0;0;0;0;0;0;0;0;0;0;0;0;0;0;0;0;0;0;0;0;0;0;0;0;0;0;0;0;0;0;0;0;0;0;0;0;0;0;0;0;0;0;28
1260;60680;41180;91459;132675;109791;60697;91458;109743;110869;127098;145015;144227;109887;105293;118760;58186;123676;132673;122279;117502;106314;42101;109204;65151;63648;60596;0;0;0;0;0;0;0;0;0;0;0;0;0;0;1;25;14;22;23;6;4;15;13;2;5;16;26;30;12;20;17;7;31;18;10;11;27;9;21;3;0;0;0;0;0;0;0;0;0;0;0;0;0;0;0;0;0;0;0;0;0;0;0;0;0;0;0;0;0;0;0;0;0;0;0;0;0;0;0;0;0;0;0;0;0;0;0;0;0;0;0;0;0;0;26
1261;65268;90670;90684;90689;90957;126108;91462;91025;91046;45868;90989;90238;167648;165731;142999;167858;151530;132924;144332;65142;109748;95222;91069;161244;123146;45774;158589;159908;175815;0;0;0;0;0;0;0;0;0;0;0;1;33;13;14;5;22;16;21;30;6;28;8;23;20;32;37;7;17;11;10;9;26;19;2;12;15;3;18;4;0;0;0;0;0;0;0;0;0;0;0;0;0;0;0;0;0;0;0;0;0;0;0;0;0;0;0;0;0;0;0;0;0;0;0;0;0;0;0;0;0;0;0;0;0;0;0;0;0;0;0;29
1262;91453;43117;109730;91452;41153;121340;110257;91214;58076;138394;157026;160046;108782;40762;172515;45336;109846;109785;154634;0;0;0;0;0;0;0;0;0;0;0;0;0;0;0;0;0;0;0;0;0;25;12;3;1;4;18;14;15;5;7;13;2;9;11;6;17;19;20;8;0;0;0;0;0;0;0;0;0;0;0;0;0;0;0;0;0;0;0;0;0;0;0;0;0;0;0;0;0;0;0;0;0;0;0;0;0;0;0;0;0;0;0;0;0;0;0;0;0;0;0;0;0;0;0;0;0;0;0;0;0;19
1263;47918;90203;90569;108527;61531;170853;90900;60000;65283;132138;61117;105121;154644;159795;90420;133169;171945;115023;142316;102884;152625;131914;173138;0;0;0;0;0;0;0;0;0;0;0;0;0;0;0;0;0;6;16;34;12;1;8;20;11;15;27;21;19;3;18;13;10;5;22;17;7;4;2;9;0;0;0;0;0;0;0;0;0;0;0;0;0;0;0;0;0;0;0;0;0;0;0;0;0;0;0;0;0;0;0;0;0;0;0;0;0;0;0;0;0;0;0;0;0;0;0;0;0;0;0;0;0;0;0;0;0;23
1264;118792;145745;118806;145748;147898;145746;45724;158746;157820;128424;166530;147902;119064;106235;145750;40665;118927;111422;147917;109979;143071;147835;147775;104518;118994;159637;164567;166456;0;0;0;0;0;0;0;0;0;0;0;0;1;21;30;29;3;4;14;32;15;26;34;5;13;17;35;6;28;16;20;45;7;12;10;11;9;19;33;50;0;0;0;0;0;0;0;0;0;0;0;0;0;0;0;0;0;0;0;0;0;0;0;0;0;0;0;0;0;0;0;0;0;0;0;0;0;0;0;0;0;0;0;0;0;0;0;0;0;0;0;0;28
1265;128849;147912;142589;154600;126791;60703;147885;118755;147815;130256;126637;147924;128488;154591;147812;147918;117647;164714;138061;114054;132243;90523;167835;164713;0;0;0;0;0;0;0;0;0;0;0;0;0;0;0;0;23;1;30;5;4;33;3;26;6;19;20;16;2;10;17;32;29;12;18;9;21;11;13;27;0;0;0;0;0;0;0;0;0;0;0;0;0;0;0;0;0;0;0;0;0;0;0;0;0;0;0;0;0;0;0;0;0;0;0;0;0;0;0;0;0;0;0;0;0;0;0;0;0;0;0;0;0;0;0;0;24
1327;46988;137339;101127;146042;147618;108928;101736;160919;120378;161429;126868;177781;144618;100534;124957;172577;140059;118306;131754;125334;170841;144946;118527;176466;132978;165090;164915;167710;179178;178156;179173;178433;179175;179176;179371;0;0;0;0;0;1;13;29;37;27;6;5;28;18;38;3;2;40;15;24;21;20;10;7;35;23;17;11;22;16;26;46;45;51;19;30;31;33;36;32;0;0;0;0;0;0;0;0;0;0;0;0;0;0;0;0;0;0;0;0;0;0;0;0;0;0;0;0;0;0;0;0;0;0;0;0;0;0;0;0;0;0;0;0;0;35
1329;134421;118111;172191;146884;158475;100780;173986;147365;146878;167194;45120;133079;175953;114724;108218;130802;148984;164694;110648;108706;113503;158499;172420;171560;172190;174133;173987;182342;181448;0;0;0;0;0;0;0;0;0;0;0;1;30;50;44;4;5;71;2;27;12;77;13;33;8;24;7;23;99;10;17;19;14;29;41;54;51;53;55;59;0;0;0;0;0;0;0;0;0;0;0;0;0;0;0;0;0;0;0;0;0;0;0;0;0;0;0;0;0;0;0;0;0;0;0;0;0;0;0;0;0;0;0;0;0;0;0;0;0;0;0;29
1330;157858;110376;160072;146698;169665;179300;175400;102023;110851;163011;126592;165116;140756;174547;158498;141749;175880;124118;126764;169307;140041;178478;165001;174132;172177;180450;182341;180449;181680;182340;181452;181451;0;0;0;0;0;0;0;0;29;20;94;2;92;28;11;5;18;3;4;24;13;86;8;30;87;17;9;73;6;58;27;85;12;41;47;40;44;45;46;49;0;0;0;0;0;0;0;0;0;0;0;0;0;0;0;0;0;0;0;0;0;0;0;0;0;0;0;0;0;0;0;0;0;0;0;0;0;0;0;0;0;0;0;0;0;0;0;0;32
1348;43776;90375;90529;59583;90430;90394;115500;90362;154462;154377;90990;90744;154378;154380;119878;171332;122574;106436;126353;161890;145324;57213;154389;61391;101007;163207;90406;0;0;0;0;0;0;0;0;0;0;0;0;0;43;33;23;4;2;94;3;5;31;16;34;17;27;38;29;6;40;8;14;7;20;10;37;13;9;70;91;0;0;0;0;0;0;0;0;0;0;0;0;0;0;0;0;0;0;0;0;0;0;0;0;0;0;0;0;0;0;0;0;0;0;0;0;0;0;0;0;0;0;0;0;0;0;0;0;0;0;0;0;0;27
1349;113441;145444;171339;117991;126807;172896;167527;156991;163209;171336;179902;145447;129701;64906;160294;107935;140018;117929;90717;152398;61725;171328;109364;161038;129727;0;0;0;0;0;0;0;0;0;0;0;0;0;0;0;16;1;62;3;28;5;46;32;2;27;29;30;14;21;6;79;10;13;47;20;7;26;17;77;9;0;0;0;0;0;0;0;0;0;0;0;0;0;0;0;0;0;0;0;0;0;0;0;0;0;0;0;0;0;0;0;0;0;0;0;0;0;0;0;0;0;0;0;0;0;0;0;0;0;0;0;0;0;0;0;25
1350;105074;167799;154374;163208;159453;43015;172658;64911;142396;172662;139908;58888;129699;179823;63607;163206;158510;165881;172659;114064;165151;104735;171123;121992;147315;159300;106090;114238;159326;165882;47209;0;0;0;0;0;0;0;0;0;1;47;50;88;4;2;6;20;3;66;12;15;13;32;8;14;17;16;80;10;29;34;27;19;78;24;22;21;99;90;11;0;0;0;0;0;0;0;0;0;0;0;0;0;0;0;0;0;0;0;0;0;0;0;0;0;0;0;0;0;0;0;0;0;0;0;0;0;0;0;0;0;0;0;0;0;0;0;0;0;31
1362;116328;155264;174567;165685;153652;110736;154073;166482;162444;153843;165017;115017;164731;111847;153659;108206;103981;113776;145662;179144;153657;140537;153664;114764;60501;117947;179145;172549;179247;179248;0;0;0;0;0;0;0;0;0;0;33;1;39;40;15;24;19;16;18;26;27;99;23;4;70;8;10;25;6;35;14;11;9;22;7;32;77;55;52;53;0;0;0;0;0;0;0;0;0;0;0;0;0;0;0;0;0;0;0;0;0;0;0;0;0;0;0;0;0;0;0;0;0;0;0;0;0;0;0;0;0;0;0;0;0;0;0;0;0;0;30
1489;57133;164691;135787;162963;166257;102757;106893;145045;145321;111252;154376;154588;104204;109375;162965;122434;115519;90723;167271;46071;171335;101120;130426;133301;139680;173338;8944;172665;162967;165906;0;0;0;0;0;0;0;0;0;0;37;25;17;40;4;3;30;87;78;19;24;88;8;22;74;28;16;18;70;29;14;10;23;7;9;75;90;39;32;77;0;0;0;0;0;0;0;0;0;0;0;0;0;0;0;0;0;0;0;0;0;0;0;0;0;0;0;0;0;0;0;0;0;0;0;0;0;0;0;0;0;0;0;0;0;0;0;0;0;0;30
1528;114165;164934;142343;113551;162658;59613;118334;122854;168425;164945;157114;159708;165763;157476;167703;115183;153160;144690;166544;167145;160706;172236;174157;100897;172094;46472;0;0;0;0;0;0;0;0;0;0;0;0;0;0;1;6;5;12;4;15;14;24;13;45;8;2;11;22;27;10;7;99;26;77;25;28;29;17;20;16;0;0;0;0;0;0;0;0;0;0;0;0;0;0;0;0;0;0;0;0;0;0;0;0;0;0;0;0;0;0;0;0;0;0;0;0;0;0;0;0;0;0;0;0;0;0;0;0;0;0;0;0;0;0;26
1550;143823;118240;105074;138392;112583;157720;104845;182225;132338;170390;174870;158628;90307;152459;40429;109375;103820;112061;46864;142215;116361;111485;60554;169921;111490;135416;0;0;0;0;0;0;0;0;0;0;0;0;0;0;12;23;1;2;4;13;24;15;3;16;25;17;21;18;6;20;22;5;11;19;14;26;9;10;8;7;0;0;0;0;0;0;0;0;0;0;0;0;0;0;0;0;0;0;0;0;0;0;0;0;0;0;0;0;0;0;0;0;0;0;0;0;0;0;0;0;0;0;0;0;0;0;0;0;0;0;0;0;0;0;26
1551;173767;129146;102879;129144;43288;164933;132864;129147;112795;107641;90688;91230;177745;55850;128395;141662;47414;173770;118389;105013;161133;38051;91411;161132;146387;129149;0;0;0;0;0;0;0;0;0;0;0;0;0;0;13;12;1;2;5;27;14;17;3;9;4;15;8;28;24;6;22;10;19;20;30;11;18;7;29;23;0;0;0;0;0;0;0;0;0;0;0;0;0;0;0;0;0;0;0;0;0;0;0;0;0;0;0;0;0;0;0;0;0;0;0;0;0;0;0;0;0;0;0;0;0;0;0;0;0;0;0;0;0;0;26
1586;58633;90458;167736;90407;95224;90553;90104;132338;164873;116356;55762;146880;124148;143422;55156;91073;152882;173637;166170;95168;91531;91137;141891;112378;0;0;0;0;0;0;0;0;0;0;0;0;0;0;0;0;24;92;2;5;17;36;11;3;4;6;9;15;16;18;14;10;7;1;13;49;20;19;12;8;0;0;0;0;0;0;0;0;0;0;0;0;0;0;0;0;0;0;0;0;0;0;0;0;0;0;0;0;0;0;0;0;0;0;0;0;0;0;0;0;0;0;0;0;0;0;0;0;0;0;0;0;0;0;0;0;24
1589;140170;101150;153774;104668;47375;104682;128436;177810;159256;126265;132995;144549;110807;164572;121040;60519;115236;140016;157056;103118;104726;128388;164705;146419;127720;151733;126785;114182;146628;181418;168069;167732;179195;179286;178577;172329;0;0;0;0;1;12;4;37;15;6;23;58;31;3;16;18;2;33;20;5;27;8;24;25;26;7;36;10;11;13;21;9;22;52;41;54;14;17;28;29;0;0;0;0;0;0;0;0;0;0;0;0;0;0;0;0;0;0;0;0;0;0;0;0;0;0;0;0;0;0;0;0;0;0;0;0;0;0;0;0;0;0;0;0;36
1600;166567;109144;108491;113926;152714;118276;162270;118152;178027;126027;111481;138075;109457;174398;110657;178102;110331;45300;111845;128450;112896;182524;112723;164272;134515;138143;131815;106676;181401;179158;180441;179154;0;0;0;0;0;0;0;0;12;22;1;16;94;55;4;37;24;11;17;31;32;60;8;34;25;5;6;14;29;19;70;99;9;90;20;10;42;47;48;43;0;0;0;0;0;0;0;0;0;0;0;0;0;0;0;0;0;0;0;0;0;0;0;0;0;0;0;0;0;0;0;0;0;0;0;0;0;0;0;0;0;0;0;0;0;0;0;0;32
1695;90328;90094;130216;170380;90124;90098;133451;90864;91647;91076;109219;131678;90173;91368;91497;128145;114654;90534;91003;91352;152601;90279;91210;90624;91438;136119;116746;90519;0;0;0;0;0;0;0;0;0;0;0;0;28;1;31;29;97;50;5;6;52;4;2;34;25;41;20;12;8;7;80;10;17;22;51;56;18;9;3;11;0;0;0;0;0;0;0;0;0;0;0;0;0;0;0;0;0;0;0;0;0;0;0;0;0;0;0;0;0;0;0;0;0;0;0;0;0;0;0;0;0;0;0;0;0;0;0;0;0;0;0;0;28
1702;101870;135437;100991;90043;101846;51517;115202;90457;40154;112394;91420;94480;47657;118389;120927;56129;91167;141015;151941;91380;0;0;0;0;0;0;0;0;0;0;0;0;0;0;0;0;0;0;0;0;30;1;27;19;18;5;25;2;17;4;7;37;10;29;8;21;22;11;20;32;0;0;0;0;0;0;0;0;0;0;0;0;0;0;0;0;0;0;0;0;0;0;0;0;0;0;0;0;0;0;0;0;0;0;0;0;0;0;0;0;0;0;0;0;0;0;0;0;0;0;0;0;0;0;0;0;0;0;0;0;20
1706;61676;59485;164846;139935;163658;128613;162136;116702;172426;140801;119629;178388;143519;138543;128794;151446;40422;156853;164630;155741;157378;174926;170801;174178;107681;177982;182224;167165;175570;177983;167641;0;0;0;0;0;0;0;0;0;1;13;47;24;25;3;43;31;29;6;27;14;5;8;22;28;10;7;11;18;21;9;19;17;23;46;37;34;20;40;42;0;0;0;0;0;0;0;0;0;0;0;0;0;0;0;0;0;0;0;0;0;0;0;0;0;0;0;0;0;0;0;0;0;0;0;0;0;0;0;0;0;0;0;0;0;0;0;0;0;31
1733;90612;53791;129404;90863;91102;45487;91372;90890;132621;91439;54356;41843;91166;90564;172174;111231;90906;40173;91426;136246;0;0;0;0;0;0;0;0;0;0;0;0;0;0;0;0;0;0;0;0;15;1;12;18;16;5;28;27;2;6;10;9;4;22;19;3;7;17;11;8;0;0;0;0;0;0;0;0;0;0;0;0;0;0;0;0;0;0;0;0;0;0;0;0;0;0;0;0;0;0;0;0;0;0;0;0;0;0;0;0;0;0;0;0;0;0;0;0;0;0;0;0;0;0;0;0;0;0;0;0;20
1746;164323;91472;140564;91379;91370;132881;123442;44135;91465;122951;113272;90946;91401;132257;47629;45238;95162;142358;162666;91386;38697;104179;57119;0;0;0;0;0;0;0;0;0;0;0;0;0;0;0;0;0;89;1;27;6;78;13;3;45;71;2;15;18;82;19;11;88;17;7;97;99;10;4;16;0;0;0;0;0;0;0;0;0;0;0;0;0;0;0;0;0;0;0;0;0;0;0;0;0;0;0;0;0;0;0;0;0;0;0;0;0;0;0;0;0;0;0;0;0;0;0;0;0;0;0;0;0;0;0;0;0;23
1753;117489;122089;90870;153324;170186;132370;58194;91103;91523;141845;128359;123817;135144;123980;125779;118993;141495;91427;143704;122060;91220;114647;112417;91413;146927;141127;124642;91503;0;0;0;0;0;0;0;0;0;0;0;0;99;31;47;1;2;55;6;5;3;44;19;7;4;15;74;24;50;8;10;21;88;11;13;17;91;70;33;14;0;0;0;0;0;0;0;0;0;0;0;0;0;0;0;0;0;0;0;0;0;0;0;0;0;0;0;0;0;0;0;0;0;0;0;0;0;0;0;0;0;0;0;0;0;0;0;0;0;0;0;0;28
1756;90910;91414;91399;143772;55173;58595;128360;173112;60432;132068;91155;104159;60505;114190;125652;91407;144527;136734;112094;143785;91492;165639;140735;108694;0;0;0;0;0;0;0;0;0;0;0;0;0;0;0;0;1;9;27;91;12;55;44;6;5;8;77;30;7;19;13;23;2;22;67;21;11;29;14;18;0;0;0;0;0;0;0;0;0;0;0;0;0;0;0;0;0;0;0;0;0;0;0;0;0;0;0;0;0;0;0;0;0;0;0;0;0;0;0;0;0;0;0;0;0;0;0;0;0;0;0;0;0;0;0;0;24
1760;158567;109392;166499;156963;112931;136540;168352;173124;127715;126788;182279;147703;121433;153728;131731;118246;108344;112492;167709;154142;136546;153710;164544;124782;141834;121221;152049;165089;165853;172103;0;0;0;0;0;0;0;0;0;0;23;13;32;15;16;5;38;33;21;3;24;19;2;4;12;6;8;40;28;14;17;10;44;11;20;18;30;25;29;37;0;0;0;0;0;0;0;0;0;0;0;0;0;0;0;0;0;0;0;0;0;0;0;0;0;0;0;0;0;0;0;0;0;0;0;0;0;0;0;0;0;0;0;0;0;0;0;0;0;0;30
1765;113959;155450;147588;118973;172226;152374;142850;159549;109989;153983;116582;148968;146925;109121;57352;162241;110580;169691;128757;155389;181979;177992;153516;137870;173010;174230;174341;175900;179132;179131;179130;0;0;0;0;0;0;0;0;0;1;13;24;17;28;5;22;3;18;2;20;15;23;4;14;41;11;26;7;21;40;8;19;10;27;57;12;39;35;36;25;0;0;0;0;0;0;0;0;0;0;0;0;0;0;0;0;0;0;0;0;0;0;0;0;0;0;0;0;0;0;0;0;0;0;0;0;0;0;0;0;0;0;0;0;0;0;0;0;0;31
1778;130927;147860;147939;107754;147866;164376;118883;148948;116118;147791;106299;45677;147840;103320;47261;174267;38655;164547;45255;127518;42721;147869;47711;118926;165860;165778;165779;0;0;0;0;0;0;0;0;0;0;0;0;0;25;22;4;13;23;34;3;6;21;2;14;33;5;30;8;9;10;35;29;11;17;31;1;27;37;36;38;0;0;0;0;0;0;0;0;0;0;0;0;0;0;0;0;0;0;0;0;0;0;0;0;0;0;0;0;0;0;0;0;0;0;0;0;0;0;0;0;0;0;0;0;0;0;0;0;0;0;0;0;0;27
1782;41281;102605;153031;144577;118880;118849;148952;163568;142481;119059;160546;147820;147935;132644;152809;65272;118784;60168;114057;154242;118765;147926;118423;102986;35017;155221;159924;159633;0;0;0;0;0;0;0;0;0;0;0;0;1;25;13;2;27;4;33;9;3;35;28;14;32;23;12;8;6;7;11;24;16;77;22;5;10;55;26;52;0;0;0;0;0;0;0;0;0;0;0;0;0;0;0;0;0;0;0;0;0;0;0;0;0;0;0;0;0;0;0;0;0;0;0;0;0;0;0;0;0;0;0;0;0;0;0;0;0;0;0;0;28
1804;151236;107383;160572;151827;147316;160916;145829;151851;129996;147323;161260;165306;177256;160078;157345;104394;179349;177836;146777;179445;169811;138371;181719;174696;40404;168555;164655;0;0;0;0;0;0;0;0;0;0;0;0;0;25;27;91;4;26;28;3;13;17;2;66;23;6;16;30;20;88;19;22;48;11;18;33;90;7;52;53;0;0;0;0;0;0;0;0;0;0;0;0;0;0;0;0;0;0;0;0;0;0;0;0;0;0;0;0;0;0;0;0;0;0;0;0;0;0;0;0;0;0;0;0;0;0;0;0;0;0;0;0;0;27
1832;154096;152850;120526;111017;144413;131015;123467;117754;132201;148144;102774;132499;143775;158754;175494;38338;132500;126221;156811;181810;141336;141568;117753;175495;154973;171580;0;0;0;0;0;0;0;0;0;0;0;0;0;0;1;13;16;14;4;32;5;30;27;24;31;2;99;8;42;10;7;29;23;22;19;11;17;38;18;50;0;0;0;0;0;0;0;0;0;0;0;0;0;0;0;0;0;0;0;0;0;0;0;0;0;0;0;0;0;0;0;0;0;0;0;0;0;0;0;0;0;0;0;0;0;0;0;0;0;0;0;0;0;0;26
1881;135241;152501;16094;121684;144041;124228;121867;121934;143235;168172;61336;146169;159128;152633;174676;16835;38966;16862;143243;121828;128771;121812;121718;179246;129486;133629;111519;133183;157741;129528;170165;178457;0;0;0;0;0;0;0;0;1;52;77;48;2;4;43;18;6;55;51;14;41;26;3;24;7;28;27;88;17;8;33;32;66;40;22;99;98;45;30;35;0;0;0;0;0;0;0;0;0;0;0;0;0;0;0;0;0;0;0;0;0;0;0;0;0;0;0;0;0;0;0;0;0;0;0;0;0;0;0;0;0;0;0;0;0;0;0;0;32
1902;107934;106077;113605;47655;103262;129848;90518;90277;90387;115477;115149;90398;104679;101883;36288;135733;166204;181377;101038;47220;90374;0;0;0;0;0;0;0;0;0;0;0;0;0;0;0;0;0;0;0;1;92;4;13;3;25;70;87;61;33;6;85;10;5;8;12;18;2;9;11;14;0;0;0;0;0;0;0;0;0;0;0;0;0;0;0;0;0;0;0;0;0;0;0;0;0;0;0;0;0;0;0;0;0;0;0;0;0;0;0;0;0;0;0;0;0;0;0;0;0;0;0;0;0;0;0;0;0;0;0;21
1907;90136;54113;43380;123142;56023;56002;54406;55658;91359;58063;91362;127712;161120;164522;59229;142535;156965;119943;90709;56033;116221;91110;60618;0;0;0;0;0;0;0;0;0;0;0;0;0;0;0;0;0;1;12;22;7;3;30;4;33;28;14;5;2;15;6;20;10;8;16;23;29;11;24;13;0;0;0;0;0;0;0;0;0;0;0;0;0;0;0;0;0;0;0;0;0;0;0;0;0;0;0;0;0;0;0;0;0;0;0;0;0;0;0;0;0;0;0;0;0;0;0;0;0;0;0;0;0;0;0;0;0;23
1909;114511;130306;178496;133132;103092;162585;111152;159281;164521;40704;166486;170614;137103;141791;148183;134472;103894;147027;126924;141603;164717;140281;166385;143130;133107;161222;172105;169110;0;0;0;0;0;0;0;0;0;0;0;0;1;22;29;5;15;23;14;16;2;25;41;8;17;6;7;30;4;21;20;31;18;27;10;35;33;9;37;3;0;0;0;0;0;0;0;0;0;0;0;0;0;0;0;0;0;0;0;0;0;0;0;0;0;0;0;0;0;0;0;0;0;0;0;0;0;0;0;0;0;0;0;0;0;0;0;0;0;0;0;0;28
1919;118006;127117;141733;111442;167657;137504;130801;104697;160932;132533;102531;152259;133002;132711;140176;157762;40240;147372;134902;132668;140319;148992;169420;123726;147140;59481;113679;108043;130180;165684;179307;0;0;0;0;0;0;0;0;0;49;13;16;12;80;21;5;19;66;3;23;15;6;25;11;35;18;90;42;40;44;7;50;45;20;10;99;8;24;46;58;0;0;0;0;0;0;0;0;0;0;0;0;0;0;0;0;0;0;0;0;0;0;0;0;0;0;0;0;0;0;0;0;0;0;0;0;0;0;0;0;0;0;0;0;0;0;0;0;0;31
1922;135389;103822;164608;117070;45579;60653;160127;130631;160747;173542;131743;165641;130536;113558;173015;113072;176151;160341;60337;141447;176157;147797;176154;43668;152403;146961;160154;118348;108317;105322;151890;175585;0;0;0;0;0;0;0;0;32;1;27;3;21;30;13;6;22;35;25;19;4;2;34;20;41;36;8;16;52;15;23;10;7;14;17;26;9;11;18;58;0;0;0;0;0;0;0;0;0;0;0;0;0;0;0;0;0;0;0;0;0;0;0;0;0;0;0;0;0;0;0;0;0;0;0;0;0;0;0;0;0;0;0;0;0;0;0;0;32
1924;167647;60186;115373;130976;38288;168121;182881;153413;173396;154300;61480;157025;118402;112017;144147;168018;127587;173394;160751;151001;147879;105321;151002;117611;182198;141916;130986;165837;151018;180545;168982;156820;180544;182121;0;0;0;0;0;0;31;23;6;2;4;42;41;24;3;32;22;36;8;21;28;19;20;5;30;26;27;13;15;18;17;7;10;29;11;9;35;37;12;14;0;0;0;0;0;0;0;0;0;0;0;0;0;0;0;0;0;0;0;0;0;0;0;0;0;0;0;0;0;0;0;0;0;0;0;0;0;0;0;0;0;0;0;0;0;0;34
1925;126236;144207;144281;130626;174354;136222;182122;101952;175409;127822;124986;110860;117069;166708;160871;117977;141356;136220;115377;167091;111322;105312;180584;153006;132671;127073;151173;103502;143058;130562;126465;105144;141357;102612;119846;0;0;0;0;0;23;43;12;6;31;2;14;30;24;3;16;28;77;4;25;21;8;5;13;79;19;17;10;26;40;22;18;20;32;11;7;50;99;9;29;0;0;0;0;0;0;0;0;0;0;0;0;0;0;0;0;0;0;0;0;0;0;0;0;0;0;0;0;0;0;0;0;0;0;0;0;0;0;0;0;0;0;0;0;0;35
1926;150975;159496;170818;151182;126247;105117;45804;161070;140156;60199;174339;169673;136308;161079;105411;146828;108758;160735;158698;161076;147130;152970;152631;153486;168577;104864;162973;174774;134937;141355;126536;0;0;0;0;0;0;0;0;0;12;26;1;20;6;2;42;38;3;24;32;15;8;4;17;5;30;55;10;27;7;13;21;33;11;28;23;18;9;29;19;0;0;0;0;0;0;0;0;0;0;0;0;0;0;0;0;0;0;0;0;0;0;0;0;0;0;0;0;0;0;0;0;0;0;0;0;0;0;0;0;0;0;0;0;0;0;0;0;0;31
1927;141386;144066;177905;108160;144137;173533;60659;176080;174649;40662;177705;153400;132699;144033;173077;144073;158762;130980;153402;120154;169645;105352;172387;152762;168324;110491;157437;177342;136230;104293;181978;0;0;0;0;0;0;0;0;0;1;25;31;2;6;13;14;34;27;19;4;29;8;3;15;21;23;24;20;40;10;35;7;26;18;36;16;17;9;38;32;0;0;0;0;0;0;0;0;0;0;0;0;0;0;0;0;0;0;0;0;0;0;0;0;0;0;0;0;0;0;0;0;0;0;0;0;0;0;0;0;0;0;0;0;0;0;0;0;0;31
1929;61106;121365;60677;109805;174648;164931;42706;136393;169169;115375;130667;169162;113326;144181;118098;169166;60675;114538;113883;159077;163575;141120;41083;104124;177904;168736;176127;169160;172599;182521;182519;182520;181972;179089;0;0;0;0;0;0;26;1;22;13;35;4;24;6;28;33;3;17;30;5;15;27;23;16;10;8;25;77;11;9;19;20;37;42;31;39;18;47;29;32;0;0;0;0;0;0;0;0;0;0;0;0;0;0;0;0;0;0;0;0;0;0;0;0;0;0;0;0;0;0;0;0;0;0;0;0;0;0;0;0;0;0;0;0;0;0;34
1930;146562;58666;160950;110362;128375;119952;141144;153444;136219;114652;43133;128383;160952;160424;46025;120111;150998;127918;159966;61492;168301;120085;175765;144244;0;0;0;0;0;0;0;0;0;0;0;0;0;0;0;0;1;23;42;3;13;33;37;61;29;4;14;27;57;5;16;17;10;20;11;7;21;9;70;50;0;0;0;0;0;0;0;0;0;0;0;0;0;0;0;0;0;0;0;0;0;0;0;0;0;0;0;0;0;0;0;0;0;0;0;0;0;0;0;0;0;0;0;0;0;0;0;0;0;0;0;0;0;0;0;0;24
1931;164520;113515;141843;168100;142007;115126;143493;40407;44619;110063;123105;174458;130106;168664;61447;143978;154946;58792;127754;119953;142838;42402;174249;111201;106617;106280;158665;133380;153323;132768;0;0;0;0;0;0;0;0;0;0;1;13;12;67;87;55;23;3;4;21;6;16;26;44;2;36;8;29;88;19;39;10;7;77;32;20;11;28;78;99;0;0;0;0;0;0;0;0;0;0;0;0;0;0;0;0;0;0;0;0;0;0;0;0;0;0;0;0;0;0;0;0;0;0;0;0;0;0;0;0;0;0;0;0;0;0;0;0;0;0;30
1933;131924;152765;113384;126747;107737;159943;111407;113490;135317;111166;113873;58676;116192;57442;58799;111380;52971;113262;154274;42881;0;0;0;0;0;0;0;0;0;0;0;0;0;0;0;0;0;0;0;0;23;41;1;12;2;13;3;17;18;19;16;28;4;20;21;14;15;10;5;11;0;0;0;0;0;0;0;0;0;0;0;0;0;0;0;0;0;0;0;0;0;0;0;0;0;0;0;0;0;0;0;0;0;0;0;0;0;0;0;0;0;0;0;0;0;0;0;0;0;0;0;0;0;0;0;0;0;0;0;0;20
1935;65252;35281;101712;133587;91056;141816;102272;102633;154949;46404;116609;127159;162122;127139;46089;113535;117589;107052;107872;153411;0;0;0;0;0;0;0;0;0;0;0;0;0;0;0;0;0;0;0;0;1;21;13;4;5;6;3;2;18;10;17;12;16;14;15;7;11;9;8;19;0;0;0;0;0;0;0;0;0;0;0;0;0;0;0;0;0;0;0;0;0;0;0;0;0;0;0;0;0;0;0;0;0;0;0;0;0;0;0;0;0;0;0;0;0;0;0;0;0;0;0;0;0;0;0;0;0;0;0;0;20
1936;115185;135578;41227;113076;108456;151786;143098;156263;46305;104447;132486;143465;103350;160246;143699;143698;143502;47912;110278;124259;136032;143442;107057;111183;60939;0;0;0;0;0;0;0;0;0;0;0;0;0;0;0;22;9;1;10;7;17;6;18;19;4;12;13;14;15;16;23;20;2;3;24;25;30;8;11;99;0;0;0;0;0;0;0;0;0;0;0;0;0;0;0;0;0;0;0;0;0;0;0;0;0;0;0;0;0;0;0;0;0;0;0;0;0;0;0;0;0;0;0;0;0;0;0;0;0;0;0;0;0;0;0;25
1937;128088;43694;135243;135434;132975;122718;133256;133505;111388;121347;121263;127652;133257;144306;152055;123422;146817;131910;127790;155070;108450;110582;105163;168773;168144;132037;138053;118717;127769;108843;40686;118610;110422;127953;124094;0;0;0;0;0;1;22;35;71;5;25;43;4;77;36;13;83;2;45;98;44;16;8;21;95;10;17;6;62;12;15;19;33;20;7;11;9;79;23;31;0;0;0;0;0;0;0;0;0;0;0;0;0;0;0;0;0;0;0;0;0;0;0;0;0;0;0;0;0;0;0;0;0;0;0;0;0;0;0;0;0;0;0;0;0;35
1941;90509;123617;122189;129144;152935;130241;122113;147522;91392;90019;58140;126894;123911;91193;91388;115533;107506;117834;134993;58304;151979;42462;141052;95205;112063;118673;146646;91534;146358;144099;58041;0;0;0;0;0;0;0;0;0;38;1;25;5;2;3;27;4;98;26;51;12;70;22;6;7;30;96;8;77;18;21;23;11;19;9;44;87;10;43;99;0;0;0;0;0;0;0;0;0;0;0;0;0;0;0;0;0;0;0;0;0;0;0;0;0;0;0;0;0;0;0;0;0;0;0;0;0;0;0;0;0;0;0;0;0;0;0;0;0;31
1944;151795;110916;165643;143840;143993;121326;113579;119130;169807;108168;114929;177832;44111;144048;114595;144892;157646;177831;45413;45183;132927;152693;131383;118636;109409;134490;165721;169812;132765;46812;0;0;0;0;0;0;0;0;0;0;1;37;50;12;38;4;34;14;33;5;3;16;2;6;28;15;26;88;20;18;22;10;8;11;7;24;99;30;9;19;0;0;0;0;0;0;0;0;0;0;0;0;0;0;0;0;0;0;0;0;0;0;0;0;0;0;0;0;0;0;0;0;0;0;0;0;0;0;0;0;0;0;0;0;0;0;0;0;0;0;30
1945;104804;164458;171953;176665;171952;181669;43288;174124;177153;174399;164675;116229;163557;170500;155137;164305;58617;176109;168453;124077;126834;116674;58645;120455;143723;123590;174125;181237;181847;181846;180445;0;0;0;0;0;0;0;0;0;24;25;88;96;44;27;15;21;92;14;20;5;74;42;8;26;11;80;10;19;9;22;7;30;99;18;52;51;58;53;54;0;0;0;0;0;0;0;0;0;0;0;0;0;0;0;0;0;0;0;0;0;0;0;0;0;0;0;0;0;0;0;0;0;0;0;0;0;0;0;0;0;0;0;0;0;0;0;0;0;31
1948;91191;132435;113410;120715;101708;47547;114013;108914;178432;127517;110730;125761;114605;117475;114085;152683;125654;107667;90685;126341;118373;107429;113979;118312;120738;146866;0;0;0;0;0;0;0;0;0;0;0;0;0;0;21;33;2;20;4;92;37;17;3;27;15;10;5;6;97;26;8;11;77;12;7;99;13;80;9;1;0;0;0;0;0;0;0;0;0;0;0;0;0;0;0;0;0;0;0;0;0;0;0;0;0;0;0;0;0;0;0;0;0;0;0;0;0;0;0;0;0;0;0;0;0;0;0;0;0;0;0;0;0;0;26
1950;136132;170569;46604;117415;117417;157976;103036;168058;140031;182225;179188;159696;126186;104844;114398;119661;141053;108215;132585;140806;138480;141547;162190;117803;132849;107936;164598;152768;178168;126877;0;0;0;0;0;0;0;0;0;0;1;20;12;40;5;4;23;55;3;33;57;2;22;17;6;30;37;45;39;77;7;10;13;16;11;29;31;85;14;8;0;0;0;0;0;0;0;0;0;0;0;0;0;0;0;0;0;0;0;0;0;0;0;0;0;0;0;0;0;0;0;0;0;0;0;0;0;0;0;0;0;0;0;0;0;0;0;0;0;0;30
1974;139804;147460;109380;116050;134866;120771;152162;172355;46761;153159;131599;161110;148137;114803;116357;178190;146776;147626;174240;9138;157849;60738;147591;175505;138026;116742;137600;168539;168397;168398;160571;175414;174898;171590;0;0;0;0;0;0;1;36;12;4;26;14;37;53;15;5;2;17;34;6;27;41;10;29;50;8;20;21;77;95;18;39;9;11;7;30;13;32;22;80;0;0;0;0;0;0;0;0;0;0;0;0;0;0;0;0;0;0;0;0;0;0;0;0;0;0;0;0;0;0;0;0;0;0;0;0;0;0;0;0;0;0;0;0;0;0;34
1979;168328;134038;161235;147310;166635;140203;45065;160745;118173;151933;118689;153135;179224;173728;157717;154229;111803;170518;177972;160816;160955;161096;146110;168329;170517;167715;178511;114698;175411;175412;167711;0;0;0;0;0;0;0;0;0;1;99;22;5;23;6;32;63;77;24;17;20;54;44;10;8;21;80;19;27;7;25;18;16;14;9;11;28;52;13;30;0;0;0;0;0;0;0;0;0;0;0;0;0;0;0;0;0;0;0;0;0;0;0;0;0;0;0;0;0;0;0;0;0;0;0;0;0;0;0;0;0;0;0;0;0;0;0;0;0;31
1985;110108;47357;159414;132656;137562;179105;126472;171584;132515;170446;121601;152125;153602;103103;128054;124727;161984;131501;169600;170716;121496;128287;47385;146382;121488;124907;146611;127545;177894;177691;112978;171582;178493;0;0;0;0;0;0;0;1;13;30;5;6;4;14;25;3;21;2;15;12;26;8;16;22;31;18;28;11;17;10;20;7;19;44;24;29;9;23;33;27;0;0;0;0;0;0;0;0;0;0;0;0;0;0;0;0;0;0;0;0;0;0;0;0;0;0;0;0;0;0;0;0;0;0;0;0;0;0;0;0;0;0;0;0;0;0;0;33
1986;126512;175405;146661;131753;121551;132085;140716;170195;121469;121480;126266;121436;127697;177696;154830;144581;156794;144672;109574;146049;145056;162645;137326;121544;158461;167716;173327;0;0;0;0;0;0;0;0;0;0;0;0;0;13;61;31;3;4;6;45;22;16;2;20;11;8;12;18;7;19;55;77;90;21;15;9;66;28;57;25;0;0;0;0;0;0;0;0;0;0;0;0;0;0;0;0;0;0;0;0;0;0;0;0;0;0;0;0;0;0;0;0;0;0;0;0;0;0;0;0;0;0;0;0;0;0;0;0;0;0;0;0;0;27
1987;113823;135499;151989;59796;169933;178176;121543;59787;132942;47233;178061;121503;115586;107484;157261;121567;170914;164482;178177;147487;157659;156835;133109;181900;60536;0;0;0;0;0;0;0;0;0;0;0;0;0;0;0;8;12;31;13;5;21;3;24;2;22;19;6;25;44;88;16;7;10;17;18;15;11;14;20;9;0;0;0;0;0;0;0;0;0;0;0;0;0;0;0;0;0;0;0;0;0;0;0;0;0;0;0;0;0;0;0;0;0;0;0;0;0;0;0;0;0;0;0;0;0;0;0;0;0;0;0;0;0;0;0;25
1989;118532;47669;158738;116365;45992;121090;126291;103605;180448;178586;110458;179442;127667;124582;179213;132361;118145;176001;121086;165869;102910;113414;125814;174443;133588;119681;179443;169195;177101;0;0;0;0;0;0;0;0;0;0;0;21;1;96;14;30;4;5;89;27;98;3;2;7;17;23;6;88;20;10;8;22;26;70;33;11;77;24;90;15;0;0;0;0;0;0;0;0;0;0;0;0;0;0;0;0;0;0;0;0;0;0;0;0;0;0;0;0;0;0;0;0;0;0;0;0;0;0;0;0;0;0;0;0;0;0;0;0;0;0;0;29
1995;121008;126451;105067;177795;133264;111455;168240;118102;114653;136386;142336;132779;121034;164565;131007;137242;137259;107679;133172;114191;175483;177794;145358;118477;106127;116648;146173;109532;173897;0;0;0;0;0;0;0;0;0;0;0;16;80;1;78;3;5;15;27;21;88;36;6;42;18;2;4;13;8;20;25;77;45;11;7;14;9;91;10;19;0;0;0;0;0;0;0;0;0;0;0;0;0;0;0;0;0;0;0;0;0;0;0;0;0;0;0;0;0;0;0;0;0;0;0;0;0;0;0;0;0;0;0;0;0;0;0;0;0;0;0;29
1996;118357;166200;137800;115677;131419;46852;170955;173194;164373;100958;60486;124964;109386;125830;142110;135119;58624;147498;126050;134830;107862;170678;128858;134940;61048;117890;113236;126155;173779;134559;169764;0;0;0;0;0;0;0;0;0;25;27;1;5;6;4;2;38;3;23;30;17;15;24;8;61;33;21;10;16;7;11;77;18;20;28;63;9;22;99;44;0;0;0;0;0;0;0;0;0;0;0;0;0;0;0;0;0;0;0;0;0;0;0;0;0;0;0;0;0;0;0;0;0;0;0;0;0;0;0;0;0;0;0;0;0;0;0;0;0;31
2009;139831;108497;153221;152748;169430;173512;143940;161493;177351;132742;151942;177350;106763;170565;157226;146940;146585;117748;148928;176826;173559;164286;157415;119698;168031;172410;156997;173142;173141;175977;0;0;0;0;0;0;0;0;0;0;21;1;84;66;5;33;20;24;12;15;2;19;28;6;37;27;8;18;23;11;41;10;9;13;7;17;55;52;58;99;0;0;0;0;0;0;0;0;0;0;0;0;0;0;0;0;0;0;0;0;0;0;0;0;0;0;0;0;0;0;0;0;0;0;0;0;0;0;0;0;0;0;0;0;0;0;0;0;0;0;30
2010;157124;147071;60905;164818;147505;158571;147468;170870;148032;132935;144523;152132;157074;142441;168872;179686;170608;178031;118196;177321;165756;126033;179414;107891;173100;128900;135060;161269;174239;0;0;0;0;0;0;0;0;0;0;0;55;30;33;60;4;95;32;44;50;24;23;6;3;5;56;11;22;40;14;8;10;17;9;7;43;21;25;42;52;0;0;0;0;0;0;0;0;0;0;0;0;0;0;0;0;0;0;0;0;0;0;0;0;0;0;0;0;0;0;0;0;0;0;0;0;0;0;0;0;0;0;0;0;0;0;0;0;0;0;0;29
2019;126506;119767;160293;134040;136460;148051;114629;157787;182207;176410;159688;176401;176400;178336;176408;168385;148088;176398;181673;176406;178337;176405;133094;176397;179129;162171;143268;176399;44282;176407;178506;0;0;0;0;0;0;0;0;0;13;1;42;3;5;31;4;2;16;55;17;12;19;6;27;8;40;64;25;10;36;22;39;11;7;30;18;20;9;24;28;0;0;0;0;0;0;0;0;0;0;0;0;0;0;0;0;0;0;0;0;0;0;0;0;0;0;0;0;0;0;0;0;0;0;0;0;0;0;0;0;0;0;0;0;0;0;0;0;0;31
2020;117866;42921;129044;132864;47056;59848;90092;47098;43243;90095;104176;112926;90125;90013;111822;168343;90179;118298;91525;109290;133599;39218;157672;90747;91484;91529;0;0;0;0;0;0;0;0;0;0;0;0;0;0;16;1;2;3;13;4;29;64;17;10;5;14;69;8;22;75;7;11;32;20;9;41;25;23;12;15;0;0;0;0;0;0;0;0;0;0;0;0;0;0;0;0;0;0;0;0;0;0;0;0;0;0;0;0;0;0;0;0;0;0;0;0;0;0;0;0;0;0;0;0;0;0;0;0;0;0;0;0;0;0;26
2024;59732;136113;152088;90503;100386;90093;90504;113279;146803;91374;91832;91501;111046;144882;136876;90421;91734;167139;144163;107412;91708;91498;47832;90644;127000;0;0;0;0;0;0;0;0;0;0;0;0;0;0;0;12;88;99;24;32;22;37;4;5;55;3;6;14;23;18;8;19;74;11;77;15;31;34;9;45;0;0;0;0;0;0;0;0;0;0;0;0;0;0;0;0;0;0;0;0;0;0;0;0;0;0;0;0;0;0;0;0;0;0;0;0;0;0;0;0;0;0;0;0;0;0;0;0;0;0;0;0;0;0;0;25
2025;127066;90000;90036;91375;170692;117486;90123;117474;177973;114575;110748;47053;90112;118214;116236;91419;90653;45596;141980;133355;95206;46826;118331;103394;0;0;0;0;0;0;0;0;0;0;0;0;0;0;0;0;31;32;2;7;14;15;22;24;16;12;17;4;6;3;9;5;13;10;18;27;46;19;1;8;0;0;0;0;0;0;0;0;0;0;0;0;0;0;0;0;0;0;0;0;0;0;0;0;0;0;0;0;0;0;0;0;0;0;0;0;0;0;0;0;0;0;0;0;0;0;0;0;0;0;0;0;0;0;0;0;24
2067;182102;46652;147561;144052;125750;120532;101644;151980;174776;158508;124054;120735;131016;145801;133442;140448;169733;176997;124323;131019;113300;128106;176670;0;0;0;0;0;0;0;0;0;0;0;0;0;0;0;0;0;21;1;19;40;14;5;3;4;7;17;6;2;29;26;11;10;39;20;31;8;13;9;27;0;0;0;0;0;0;0;0;0;0;0;0;0;0;0;0;0;0;0;0;0;0;0;0;0;0;0;0;0;0;0;0;0;0;0;0;0;0;0;0;0;0;0;0;0;0;0;0;0;0;0;0;0;0;0;0;0;23
2069;126906;170681;104289;157407;170413;118704;108453;165758;172618;147030;113449;101011;141217;102947;164382;145677;157017;165802;135959;165692;164660;143687;152519;164301;135750;120634;117988;0;0;0;0;0;0;0;0;0;0;0;0;0;16;30;1;60;4;22;6;3;35;55;29;43;13;8;21;19;20;33;58;41;39;11;14;7;10;17;74;0;0;0;0;0;0;0;0;0;0;0;0;0;0;0;0;0;0;0;0;0;0;0;0;0;0;0;0;0;0;0;0;0;0;0;0;0;0;0;0;0;0;0;0;0;0;0;0;0;0;0;0;0;27
2070;144312;168433;63232;176473;135480;170164;165817;117801;120883;124063;159238;111165;165818;145075;113975;179441;157493;161202;130512;116669;131010;169714;176811;179387;132214;178353;109568;181550;0;0;0;0;0;0;0;0;0;0;0;0;30;16;1;27;29;13;24;5;4;3;15;20;28;22;19;21;18;10;14;8;6;23;25;11;7;17;31;26;0;0;0;0;0;0;0;0;0;0;0;0;0;0;0;0;0;0;0;0;0;0;0;0;0;0;0;0;0;0;0;0;0;0;0;0;0;0;0;0;0;0;0;0;0;0;0;0;0;0;0;0;28
2071;167436;47200;178398;102913;135531;175592;108917;133123;181557;160725;120448;140928;162113;120602;178731;169349;162302;168420;128647;181556;120533;138466;152927;108475;166094;170411;0;0;0;0;0;0;0;0;0;0;0;0;0;0;1;32;22;4;2;5;3;44;15;24;28;6;8;14;25;38;7;18;21;33;17;11;30;10;9;19;0;0;0;0;0;0;0;0;0;0;0;0;0;0;0;0;0;0;0;0;0;0;0;0;0;0;0;0;0;0;0;0;0;0;0;0;0;0;0;0;0;0;0;0;0;0;0;0;0;0;0;0;0;0;26
2078;90693;91390;144864;154212;138296;142985;91474;129467;142152;91477;91345;140808;55862;157274;91569;90384;91475;155677;142078;146752;168886;0;0;0;0;0;0;0;0;0;0;0;0;0;0;0;0;0;0;0;1;33;16;43;4;2;41;20;6;13;30;5;29;9;10;44;38;8;3;7;11;0;0;0;0;0;0;0;0;0;0;0;0;0;0;0;0;0;0;0;0;0;0;0;0;0;0;0;0;0;0;0;0;0;0;0;0;0;0;0;0;0;0;0;0;0;0;0;0;0;0;0;0;0;0;0;0;0;0;0;21
2081;144183;90841;119513;169946;54339;157597;95157;144432;90839;146307;90429;113289;161833;91329;129050;95150;91354;164659;146765;90488;91322;0;0;0;0;0;0;0;0;0;0;0;0;0;0;0;0;0;0;0;53;40;24;3;35;47;30;5;17;22;23;4;80;25;10;15;38;11;77;20;13;0;0;0;0;0;0;0;0;0;0;0;0;0;0;0;0;0;0;0;0;0;0;0;0;0;0;0;0;0;0;0;0;0;0;0;0;0;0;0;0;0;0;0;0;0;0;0;0;0;0;0;0;0;0;0;0;0;0;0;21
2092;90943;91692;90255;91065;90968;91049;90889;95225;129252;91135;117595;133078;91194;104742;141682;102841;90974;90781;91051;91361;129242;148099;0;0;0;0;0;0;0;0;0;0;0;0;0;0;0;0;0;0;35;13;16;43;23;4;25;2;11;26;32;18;27;10;49;37;6;8;70;17;9;22;0;0;0;0;0;0;0;0;0;0;0;0;0;0;0;0;0;0;0;0;0;0;0;0;0;0;0;0;0;0;0;0;0;0;0;0;0;0;0;0;0;0;0;0;0;0;0;0;0;0;0;0;0;0;0;0;0;0;22
2126;91333;172518;90978;95174;90916;90949;119724;90918;142530;140160;130234;169993;118169;141213;133151;146500;167751;91505;152413;123358;91314;151521;54852;167229;55181;0;0;0;0;0;0;0;0;0;0;0;0;0;0;0;41;4;12;3;55;13;16;15;14;2;17;18;22;6;24;5;11;7;10;8;23;25;9;19;91;0;0;0;0;0;0;0;0;0;0;0;0;0;0;0;0;0;0;0;0;0;0;0;0;0;0;0;0;0;0;0;0;0;0;0;0;0;0;0;0;0;0;0;0;0;0;0;0;0;0;0;0;0;0;0;25
2178;140185;40520;109383;119514;117457;116315;90983;43266;120377;157050;113286;108394;90622;111039;123719;108759;155794;59142;90963;160946;0;0;0;0;0;0;0;0;0;0;0;0;0;0;0;0;0;0;0;0;1;27;22;34;2;21;6;5;3;9;7;4;11;16;10;19;14;13;20;8;0;0;0;0;0;0;0;0;0;0;0;0;0;0;0;0;0;0;0;0;0;0;0;0;0;0;0;0;0;0;0;0;0;0;0;0;0;0;0;0;0;0;0;0;0;0;0;0;0;0;0;0;0;0;0;0;0;0;0;0;20
2185;118730;45004;54996;173697;126681;132415;103225;121193;141721;132626;125810;102948;90520;129127;114678;55850;101136;157412;123753;116660;102893;120737;38051;119488;164597;0;0;0;0;0;0;0;0;0;0;0;0;0;0;0;23;40;98;30;5;12;27;9;3;2;17;4;20;31;1;80;11;33;7;10;13;15;8;6;85;0;0;0;0;0;0;0;0;0;0;0;0;0;0;0;0;0;0;0;0;0;0;0;0;0;0;0;0;0;0;0;0;0;0;0;0;0;0;0;0;0;0;0;0;0;0;0;0;0;0;0;0;0;0;0;25
2187;61672;47237;60558;173970;100012;160938;134419;38797;63399;101617;140936;166551;37827;133100;114298;107941;169648;160836;128057;100967;127656;151993;106778;63738;143405;116577;37304;147589;167234;151755;116571;173147;173117;176198;0;0;0;0;0;0;22;13;1;25;55;12;16;17;5;24;4;2;20;18;8;6;29;14;23;11;21;3;15;10;19;9;7;38;35;37;42;52;30;26;0;0;0;0;0;0;0;0;0;0;0;0;0;0;0;0;0;0;0;0;0;0;0;0;0;0;0;0;0;0;0;0;0;0;0;0;0;0;0;0;0;0;0;0;0;0;34
2188;108602;171938;45158;110756;155203;42481;155327;166489;128307;162979;131468;119777;155379;128161;131402;135885;41096;114421;179115;144614;109962;58367;155162;162147;126273;41085;175773;173146;0;0;0;0;0;0;0;0;0;0;0;0;1;30;13;12;4;14;5;8;17;3;2;10;16;6;23;33;20;21;24;15;11;19;18;31;7;9;22;39;0;0;0;0;0;0;0;0;0;0;0;0;0;0;0;0;0;0;0;0;0;0;0;0;0;0;0;0;0;0;0;0;0;0;0;0;0;0;0;0;0;0;0;0;0;0;0;0;0;0;0;0;28
2191;136003;59353;134139;105364;118537;59418;168492;39699;168596;42751;175760;59443;108512;135181;102967;127779;60134;154257;124590;128279;160465;160587;133392;59333;160466;121968;111001;160345;160589;0;0;0;0;0;0;0;0;0;0;0;1;27;2;19;26;23;4;17;39;3;6;28;20;22;5;35;8;12;7;10;14;46;11;15;25;30;9;24;16;0;0;0;0;0;0;0;0;0;0;0;0;0;0;0;0;0;0;0;0;0;0;0;0;0;0;0;0;0;0;0;0;0;0;0;0;0;0;0;0;0;0;0;0;0;0;0;0;0;0;0;29
2192;128762;140384;143679;152894;130504;128763;152728;118282;160459;152727;123231;175375;132035;172403;112661;60977;110847;159396;140887;122318;132944;144086;160823;152160;111420;108643;0;0;0;0;0;0;0;0;0;0;0;0;0;0;1;51;25;12;13;3;4;29;14;23;2;15;5;16;8;24;28;17;18;27;10;7;21;9;11;6;0;0;0;0;0;0;0;0;0;0;0;0;0;0;0;0;0;0;0;0;0;0;0;0;0;0;0;0;0;0;0;0;0;0;0;0;0;0;0;0;0;0;0;0;0;0;0;0;0;0;0;0;0;0;26
2193;180722;136961;36703;167082;130209;109607;152876;47834;117497;121371;172605;109629;128809;157069;114598;61457;117523;107784;151247;110154;142487;117501;111355;0;0;0;0;0;0;0;0;0;0;0;0;0;0;0;0;0;44;15;1;28;4;16;33;20;6;21;26;8;80;19;30;10;29;7;13;18;27;17;9;0;0;0;0;0;0;0;0;0;0;0;0;0;0;0;0;0;0;0;0;0;0;0;0;0;0;0;0;0;0;0;0;0;0;0;0;0;0;0;0;0;0;0;0;0;0;0;0;0;0;0;0;0;0;0;0;0;23
2195;126323;170647;179655;174560;123786;151110;174559;145678;177903;147577;160480;127392;159196;181943;136972;169348;106264;151502;179405;178107;120265;168442;147416;136977;145650;126017;123973;177900;0;0;0;0;0;0;0;0;0;0;0;0;1;23;2;4;25;16;24;17;19;22;34;28;6;15;11;3;8;5;20;14;13;38;12;21;40;7;9;33;0;0;0;0;0;0;0;0;0;0;0;0;0;0;0;0;0;0;0;0;0;0;0;0;0;0;0;0;0;0;0;0;0;0;0;0;0;0;0;0;0;0;0;0;0;0;0;0;0;0;0;0;28
2198;170188;90365;128028;44279;91699;169943;167783;65148;90945;169941;91336;91335;48012;146969;60355;91331;160182;90199;44987;1697;36862;108055;58137;48016;0;0;0;0;0;0;0;0;0;0;0;0;0;0;0;0;12;15;11;5;1;4;17;2;6;26;21;22;8;3;13;28;18;9;10;24;7;14;16;19;0;0;0;0;0;0;0;0;0;0;0;0;0;0;0;0;0;0;0;0;0;0;0;0;0;0;0;0;0;0;0;0;0;0;0;0;0;0;0;0;0;0;0;0;0;0;0;0;0;0;0;0;0;0;0;0;24
2208;63348;152742;154246;147226;156837;60891;105536;117775;155731;126857;114790;156800;134134;174857;106310;117774;105425;134918;154249;133552;167695;127116;123709;160287;65240;154247;59407;0;0;0;0;0;0;0;0;0;0;0;0;0;1;51;12;4;17;24;16;5;19;18;14;27;2;28;26;21;7;13;25;6;11;20;29;10;30;15;3;0;0;0;0;0;0;0;0;0;0;0;0;0;0;0;0;0;0;0;0;0;0;0;0;0;0;0;0;0;0;0;0;0;0;0;0;0;0;0;0;0;0;0;0;0;0;0;0;0;0;0;0;0;27
2209;60982;154251;37862;128973;105532;172189;47813;141454;147692;176145;105584;117982;181997;143683;41428;60815;41451;143689;116611;157100;160453;134351;102227;102052;41425;0;0;0;0;0;0;0;0;0;0;0;0;0;0;0;25;30;1;2;5;31;22;12;14;15;17;6;24;16;21;8;20;10;19;28;23;7;18;9;11;0;0;0;0;0;0;0;0;0;0;0;0;0;0;0;0;0;0;0;0;0;0;0;0;0;0;0;0;0;0;0;0;0;0;0;0;0;0;0;0;0;0;0;0;0;0;0;0;0;0;0;0;0;0;0;25
2210;103851;48000;44622;145729;120270;159016;169286;120147;104540;146184;120284;122917;181804;176679;120151;47984;142274;152097;127633;106265;120037;128982;119909;164610;157234;61118;151501;160994;0;0;0;0;0;0;0;0;0;0;0;0;1;3;12;4;24;23;17;33;18;2;26;29;88;16;31;6;25;7;8;14;10;13;11;20;9;19;55;28;0;0;0;0;0;0;0;0;0;0;0;0;0;0;0;0;0;0;0;0;0;0;0;0;0;0;0;0;0;0;0;0;0;0;0;0;0;0;0;0;0;0;0;0;0;0;0;0;0;0;0;0;28
2215;134946;105409;110130;118077;123034;39798;132202;91337;144858;91434;159610;129462;142779;142886;60236;48119;160277;131745;109772;111361;103997;126621;142435;159609;102991;132262;0;0;0;0;0;0;0;0;0;0;0;0;0;0;1;25;4;3;5;29;2;33;27;14;26;6;23;17;16;10;7;99;19;8;24;30;20;11;90;9;0;0;0;0;0;0;0;0;0;0;0;0;0;0;0;0;0;0;0;0;0;0;0;0;0;0;0;0;0;0;0;0;0;0;0;0;0;0;0;0;0;0;0;0;0;0;0;0;0;0;0;0;0;0;26
2216;129460;117400;106339;45788;129461;160695;146994;110845;116597;113456;159211;118447;160697;46570;61583;46303;102019;125027;111356;90189;159711;40976;107061;0;0;0;0;0;0;0;0;0;0;0;0;0;0;0;0;0;31;12;2;10;5;29;6;8;1;55;3;25;26;19;47;9;4;7;14;39;16;11;13;0;0;0;0;0;0;0;0;0;0;0;0;0;0;0;0;0;0;0;0;0;0;0;0;0;0;0;0;0;0;0;0;0;0;0;0;0;0;0;0;0;0;0;0;0;0;0;0;0;0;0;0;0;0;0;0;0;23
2218;90940;91324;109787;164576;105191;61133;57604;39718;41965;60208;104216;58114;90427;91330;104609;45835;107166;52970;104241;90941;60043;90950;155670;136975;90360;170649;121381;0;0;0;0;0;0;0;0;0;0;0;0;0;50;1;12;14;26;3;33;27;13;5;2;15;20;10;17;8;11;19;9;18;6;35;7;16;21;22;23;0;0;0;0;0;0;0;0;0;0;0;0;0;0;0;0;0;0;0;0;0;0;0;0;0;0;0;0;0;0;0;0;0;0;0;0;0;0;0;0;0;0;0;0;0;0;0;0;0;0;0;0;0;27
2229;145178;138534;90510;147525;91334;132220;131021;91563;91199;90276;91218;111431;139770;141777;126391;91739;139772;114552;122071;135678;90419;90361;138092;148046;132394;133017;0;0;0;0;0;0;0;0;0;0;0;0;0;0;1;71;13;4;3;5;78;22;67;34;6;28;40;87;8;58;10;18;19;9;17;7;62;77;69;99;0;0;0;0;0;0;0;0;0;0;0;0;0;0;0;0;0;0;0;0;0;0;0;0;0;0;0;0;0;0;0;0;0;0;0;0;0;0;0;0;0;0;0;0;0;0;0;0;0;0;0;0;0;0;26
2283;91553;39786;123139;65024;141381;105133;173695;144718;173694;170185;45605;91566;61594;90967;169886;116381;95198;90314;43813;111285;90591;63362;0;0;0;0;0;0;0;0;0;0;0;0;0;0;0;0;0;0;7;1;10;4;27;5;8;2;6;14;23;21;26;80;3;11;34;12;17;99;77;9;0;0;0;0;0;0;0;0;0;0;0;0;0;0;0;0;0;0;0;0;0;0;0;0;0;0;0;0;0;0;0;0;0;0;0;0;0;0;0;0;0;0;0;0;0;0;0;0;0;0;0;0;0;0;0;0;0;0;22
2284;126837;120042;157077;167932;127182;141174;168016;120006;155660;166788;131087;164270;123951;131332;135889;120160;146193;127382;142737;61510;166653;166780;127168;124069;142519;38274;141567;141566;157078;167708;131067;0;0;0;0;0;0;0;0;0;35;12;25;1;2;23;16;18;3;30;43;22;4;15;88;5;11;10;8;13;14;28;9;70;7;17;73;63;51;77;19;0;0;0;0;0;0;0;0;0;0;0;0;0;0;0;0;0;0;0;0;0;0;0;0;0;0;0;0;0;0;0;0;0;0;0;0;0;0;0;0;0;0;0;0;0;0;0;0;0;31
2285;169914;120145;120001;130184;147227;151246;119930;146770;124924;159046;124058;109609;120182;140183;120233;167742;123907;124936;170774;120118;135912;47772;44636;135333;40749;41640;153206;0;0;0;0;0;0;0;0;0;0;0;0;0;1;30;24;98;33;5;26;27;3;34;22;28;14;80;7;20;25;88;21;77;18;8;10;9;29;70;42;0;0;0;0;0;0;0;0;0;0;0;0;0;0;0;0;0;0;0;0;0;0;0;0;0;0;0;0;0;0;0;0;0;0;0;0;0;0;0;0;0;0;0;0;0;0;0;0;0;0;0;0;0;27
2287;65044;65185;153048;117404;128894;117406;174325;90158;110223;143152;163652;48134;159606;103742;110852;42181;43198;65280;159710;117532;140905;90073;90197;36821;8823;43387;59269;173740;103602;127561;0;0;0;0;0;0;0;0;0;0;32;1;12;6;5;4;18;23;21;13;14;3;15;17;2;7;10;20;55;27;19;8;16;9;34;11;24;25;26;28;0;0;0;0;0;0;0;0;0;0;0;0;0;0;0;0;0;0;0;0;0;0;0;0;0;0;0;0;0;0;0;0;0;0;0;0;0;0;0;0;0;0;0;0;0;0;0;0;0;0;30
2320;154060;133047;164867;176557;162283;110722;106662;103127;131814;158785;178581;102851;114113;108392;100108;173975;157655;154064;178578;176553;162591;176552;161635;164986;42630;113941;112646;103011;45057;160443;107823;103034;0;0;0;0;0;0;0;0;14;22;1;12;72;32;5;4;58;55;13;3;30;18;6;44;86;21;23;8;7;78;17;41;10;77;92;25;24;11;20;15;0;0;0;0;0;0;0;0;0;0;0;0;0;0;0;0;0;0;0;0;0;0;0;0;0;0;0;0;0;0;0;0;0;0;0;0;0;0;0;0;0;0;0;0;0;0;0;0;32
2360;174438;129381;158982;117068;143688;61115;160463;43377;121967;126953;166734;158983;134155;143685;128678;134157;116554;59326;133390;127535;143880;118493;180510;169171;158861;134900;180504;0;0;0;0;0;0;0;0;0;0;0;0;0;1;13;24;17;6;3;5;4;11;15;23;7;21;10;19;16;8;14;20;12;25;22;77;2;9;18;29;0;0;0;0;0;0;0;0;0;0;0;0;0;0;0;0;0;0;0;0;0;0;0;0;0;0;0;0;0;0;0;0;0;0;0;0;0;0;0;0;0;0;0;0;0;0;0;0;0;0;0;0;0;27
2361;144313;46203;123808;158834;145740;150954;133087;154282;120141;107783;129402;123787;154896;65045;152874;146872;157063;123949;123941;136957;123902;117688;162159;145741;155033;136965;0;0;0;0;0;0;0;0;0;0;0;0;0;0;22;1;2;3;5;4;20;30;17;80;6;29;14;15;10;24;18;8;28;7;9;11;25;12;55;13;0;0;0;0;0;0;0;0;0;0;0;0;0;0;0;0;0;0;0;0;0;0;0;0;0;0;0;0;0;0;0;0;0;0;0;0;0;0;0;0;0;0;0;0;0;0;0;0;0;0;0;0;0;0;26
2372;115398;39000;124131;174693;120799;105989;135450;121725;16345;128805;16813;159647;168165;133597;61312;136845;61276;174783;172343;121654;121663;163032;16652;128275;152702;126732;60761;152173;121696;135470;167654;169345;121804;0;0;0;0;0;0;0;1;13;44;17;5;19;50;14;3;4;2;26;6;88;16;31;18;28;60;8;11;38;23;10;22;7;27;39;20;9;99;49;15;0;0;0;0;0;0;0;0;0;0;0;0;0;0;0;0;0;0;0;0;0;0;0;0;0;0;0;0;0;0;0;0;0;0;0;0;0;0;0;0;0;0;0;0;0;0;0;33
2373;121712;111531;160722;142741;127760;121727;61318;128775;121650;16423;121942;124175;128352;181866;139668;182022;39031;121806;181865;117721;172341;152672;61385;113365;139667;124174;121931;121659;127836;170627;107373;121734;154916;181864;0;0;0;0;0;0;1;13;30;26;48;50;4;6;29;25;22;23;17;45;3;37;5;24;44;21;34;33;19;10;41;14;20;8;16;11;9;18;28;39;0;0;0;0;0;0;0;0;0;0;0;0;0;0;0;0;0;0;0;0;0;0;0;0;0;0;0;0;0;0;0;0;0;0;0;0;0;0;0;0;0;0;0;0;0;0;34
2375;105028;90527;90291;90964;108052;108916;136600;118719;167652;114898;91317;123307;114690;140525;91114;100871;131247;132576;113839;110620;55542;91318;90462;117751;158465;90555;146748;104373;0;0;0;0;0;0;0;0;0;0;0;0;90;2;99;29;27;3;28;4;22;44;25;21;80;66;15;5;88;20;47;36;16;76;1;6;13;30;75;8;0;0;0;0;0;0;0;0;0;0;0;0;0;0;0;0;0;0;0;0;0;0;0;0;0;0;0;0;0;0;0;0;0;0;0;0;0;0;0;0;0;0;0;0;0;0;0;0;0;0;0;0;28
2380;106352;127756;174845;140755;135176;165299;112526;165016;141912;161201;103205;126039;143666;165034;170917;154883;159431;178116;134693;127109;134028;147442;165240;170535;174336;130038;0;0;0;0;0;0;0;0;0;0;0;0;0;0;12;1;30;5;3;66;15;4;6;44;25;28;21;22;46;20;89;14;10;7;24;11;19;18;23;17;0;0;0;0;0;0;0;0;0;0;0;0;0;0;0;0;0;0;0;0;0;0;0;0;0;0;0;0;0;0;0;0;0;0;0;0;0;0;0;0;0;0;0;0;0;0;0;0;0;0;0;0;0;0;26
2383;42479;141367;164678;140599;170910;147613;128434;179137;132757;157208;131336;170911;132769;138299;114683;178018;115157;42348;168325;114002;123242;122909;158742;164684;173140;164687;173061;178509;0;0;0;0;0;0;0;0;0;0;0;0;1;16;31;44;25;5;4;18;24;20;2;22;10;6;8;7;12;21;19;99;14;9;11;29;88;62;97;57;0;0;0;0;0;0;0;0;0;0;0;0;0;0;0;0;0;0;0;0;0;0;0;0;0;0;0;0;0;0;0;0;0;0;0;0;0;0;0;0;0;0;0;0;0;0;0;0;0;0;0;0;28
2387;133304;114857;143340;119486;162604;167650;114856;135131;137106;161913;159317;172425;135269;158478;179279;142365;151745;177944;138064;164864;133154;107543;177943;167144;104067;158531;164909;176989;172040;175407;0;0;0;0;0;0;0;0;0;0;30;99;4;39;48;59;3;12;2;20;45;8;5;6;82;10;95;32;11;7;22;77;27;89;23;29;17;80;16;28;0;0;0;0;0;0;0;0;0;0;0;0;0;0;0;0;0;0;0;0;0;0;0;0;0;0;0;0;0;0;0;0;0;0;0;0;0;0;0;0;0;0;0;0;0;0;0;0;0;0;30
2388;125908;102286;100090;182240;144486;108409;164795;177835;176536;151931;158772;138397;173340;177976;174358;151852;143574;153508;170931;119792;160506;126446;145870;143128;153154;0;0;0;0;0;0;0;0;0;0;0;0;0;0;0;13;16;22;6;3;26;66;27;17;76;2;5;71;8;25;15;23;21;30;11;78;7;10;99;9;0;0;0;0;0;0;0;0;0;0;0;0;0;0;0;0;0;0;0;0;0;0;0;0;0;0;0;0;0;0;0;0;0;0;0;0;0;0;0;0;0;0;0;0;0;0;0;0;0;0;0;0;0;0;0;25
2391;115178;146589;141438;141201;153108;47224;112582;143937;121194;118512;128041;137279;128315;164460;157210;152327;138661;130158;152156;132645;140399;107347;171504;178473;154267;0;0;0;0;0;0;0;0;0;0;0;0;0;0;0;1;12;25;32;23;21;4;64;5;42;2;8;37;35;77;78;10;70;11;49;7;39;17;24;3;0;0;0;0;0;0;0;0;0;0;0;0;0;0;0;0;0;0;0;0;0;0;0;0;0;0;0;0;0;0;0;0;0;0;0;0;0;0;0;0;0;0;0;0;0;0;0;0;0;0;0;0;0;0;0;25
2450;58692;133540;104489;107520;107065;109274;162025;127742;126674;115138;127889;154313;132410;60114;136043;141887;168702;161281;141618;43687;157864;0;0;0;0;0;0;0;0;0;0;0;0;0;0;0;0;0;0;0;1;19;3;45;2;36;4;20;24;6;16;8;7;5;10;12;13;77;18;9;11;0;0;0;0;0;0;0;0;0;0;0;0;0;0;0;0;0;0;0;0;0;0;0;0;0;0;0;0;0;0;0;0;0;0;0;0;0;0;0;0;0;0;0;0;0;0;0;0;0;0;0;0;0;0;0;0;0;0;0;21
2451;126950;43975;154264;151141;58744;142725;108444;157092;130148;116622;42473;146563;161273;117570;59519;159731;128363;121402;130109;0;0;0;0;0;0;0;0;0;0;0;0;0;0;0;0;0;0;0;0;0;1;17;9;2;4;11;12;13;7;14;16;24;23;19;10;21;3;5;6;0;0;0;0;0;0;0;0;0;0;0;0;0;0;0;0;0;0;0;0;0;0;0;0;0;0;0;0;0;0;0;0;0;0;0;0;0;0;0;0;0;0;0;0;0;0;0;0;0;0;0;0;0;0;0;0;0;0;0;0;0;19
2452;161249;117056;154871;153520;162099;101117;146067;114720;135502;168663;114742;146072;141628;121265;126962;127170;65264;161259;133356;16825;0;0;0;0;0;0;0;0;0;0;0;0;0;0;0;0;0;0;0;0;5;1;12;13;15;34;66;77;3;9;16;6;8;17;18;19;20;21;2;4;0;0;0;0;0;0;0;0;0;0;0;0;0;0;0;0;0;0;0;0;0;0;0;0;0;0;0;0;0;0;0;0;0;0;0;0;0;0;0;0;0;0;0;0;0;0;0;0;0;0;0;0;0;0;0;0;0;0;0;0;20
2453;109566;101574;45958;132535;152597;115244;108587;168097;152020;174490;135148;115056;160599;63702;168676;134483;128068;142715;115246;127826;46373;160838;167816;152713;140601;135042;125301;175455;45962;61450;0;0;0;0;0;0;0;0;0;0;1;34;22;21;3;4;33;43;44;83;46;25;66;2;31;8;14;26;6;11;10;16;52;23;99;15;7;89;12;27;0;0;0;0;0;0;0;0;0;0;0;0;0;0;0;0;0;0;0;0;0;0;0;0;0;0;0;0;0;0;0;0;0;0;0;0;0;0;0;0;0;0;0;0;0;0;0;0;0;0;30
2454;132901;123081;115002;152889;108580;123101;133318;91313;130764;60744;130123;144706;130178;123112;115296;143554;111382;46387;117584;161041;102244;121269;154310;0;0;0;0;0;0;0;0;0;0;0;0;0;0;0;0;0;94;1;14;15;33;13;5;10;2;6;25;20;16;26;4;8;9;29;77;3;7;12;11;0;0;0;0;0;0;0;0;0;0;0;0;0;0;0;0;0;0;0;0;0;0;0;0;0;0;0;0;0;0;0;0;0;0;0;0;0;0;0;0;0;0;0;0;0;0;0;0;0;0;0;0;0;0;0;0;0;23
2459;111470;46628;128260;160958;174429;101118;152323;144024;130724;110559;140619;159706;146390;140624;114661;46021;91435;126979;159732;135547;132808;154316;145806;169376;152149;177990;140607;152763;147391;119093;63400;121292;0;0;0;0;0;0;0;0;1;18;37;24;2;14;16;4;3;29;12;23;34;5;35;6;15;7;22;25;80;10;19;17;30;13;21;32;9;11;8;20;0;0;0;0;0;0;0;0;0;0;0;0;0;0;0;0;0;0;0;0;0;0;0;0;0;0;0;0;0;0;0;0;0;0;0;0;0;0;0;0;0;0;0;0;0;0;0;0;32
2460;111474;122297;58813;62013;102203;127874;106611;153365;125014;111302;128065;111315;114392;156854;41984;131918;60803;122669;133573;135296;160205;115302;91366;118410;0;0;0;0;0;0;0;0;0;0;0;0;0;0;0;0;1;12;16;22;4;3;2;15;14;6;23;25;26;24;27;7;77;28;10;17;29;8;9;5;0;0;0;0;0;0;0;0;0;0;0;0;0;0;0;0;0;0;0;0;0;0;0;0;0;0;0;0;0;0;0;0;0;0;0;0;0;0;0;0;0;0;0;0;0;0;0;0;0;0;0;0;0;0;0;0;24
2465;164499;45644;160499;115282;165697;143596;38848;143326;157237;130520;104525;133415;115083;160231;117075;165661;143540;145584;153171;121293;44940;160101;143415;131778;46201;106233;148057;123441;0;0;0;0;0;0;0;0;0;0;0;0;22;12;1;3;11;13;33;20;2;21;17;16;23;18;7;6;24;38;5;19;15;8;9;10;14;4;25;26;0;0;0;0;0;0;0;0;0;0;0;0;0;0;0;0;0;0;0;0;0;0;0;0;0;0;0;0;0;0;0;0;0;0;0;0;0;0;0;0;0;0;0;0;0;0;0;0;0;0;0;0;28
2468;154273;58706;143619;170642;118832;103353;133204;115783;109929;126974;154151;144475;118520;40551;104477;131072;108819;47519;46386;0;0;0;0;0;0;0;0;0;0;0;0;0;0;0;0;0;0;0;0;0;1;8;16;4;17;3;13;22;2;19;23;24;5;25;26;27;7;6;10;0;0;0;0;0;0;0;0;0;0;0;0;0;0;0;0;0;0;0;0;0;0;0;0;0;0;0;0;0;0;0;0;0;0;0;0;0;0;0;0;0;0;0;0;0;0;0;0;0;0;0;0;0;0;0;0;0;0;0;0;0;19
2469;55272;55273;55274;55275;55288;55277;55278;55279;55280;55281;55282;55283;55284;55285;55286;55287;55276;55289;55290;55292;55291;55293;55294;55295;55296;55297;55298;55299;0;0;0;0;0;0;0;0;0;0;0;0;1;2;3;4;5;6;7;8;9;10;11;12;13;14;15;16;17;18;19;20;21;22;23;24;25;26;27;28;0;0;0;0;0;0;0;0;0;0;0;0;0;0;0;0;0;0;0;0;0;0;0;0;0;0;0;0;0;0;0;0;0;0;0;0;0;0;0;0;0;0;0;0;0;0;0;0;0;0;0;0;28
2502;91535;90923;91541;130261;113970;91149;91540;91545;91546;91550;144865;119057;104214;61593;105326;91561;91562;101879;60667;119976;124944;0;0;0;0;0;0;0;0;0;0;0;0;0;0;0;0;0;0;0;12;1;13;5;25;27;33;35;2;6;21;16;8;30;7;26;18;4;11;3;9;0;0;0;0;0;0;0;0;0;0;0;0;0;0;0;0;0;0;0;0;0;0;0;0;0;0;0;0;0;0;0;0;0;0;0;0;0;0;0;0;0;0;0;0;0;0;0;0;0;0;0;0;0;0;0;0;0;0;0;21
2506;108799;127885;146574;115295;47728;171874;159829;54990;133495;159405;46242;45888;108817;138124;135548;133500;106577;131911;122724;61168;168271;129628;0;0;0;0;0;0;0;0;0;0;0;0;0;0;0;0;0;0;12;1;23;44;2;34;8;3;4;21;11;10;5;13;6;17;7;97;28;14;9;15;0;0;0;0;0;0;0;0;0;0;0;0;0;0;0;0;0;0;0;0;0;0;0;0;0;0;0;0;0;0;0;0;0;0;0;0;0;0;0;0;0;0;0;0;0;0;0;0;0;0;0;0;0;0;0;0;0;0;22
2517;111272;140286;169585;159854;118219;111951;135430;158776;147342;166143;172201;113853;179355;155271;124275;164736;138365;160213;114866;129494;112891;176565;128246;181701;154897;147532;145667;112589;174223;173550;0;0;0;0;0;0;0;0;0;0;1;23;16;33;6;13;14;21;25;76;2;24;29;55;28;8;10;17;37;5;98;77;18;70;90;7;9;27;58;20;0;0;0;0;0;0;0;0;0;0;0;0;0;0;0;0;0;0;0;0;0;0;0;0;0;0;0;0;0;0;0;0;0;0;0;0;0;0;0;0;0;0;0;0;0;0;0;0;0;0;30
2525;121991;92825;90980;133292;132219;91371;91215;110604;128288;91735;90040;127293;110472;147594;91656;91433;122584;90175;60851;91451;139972;165143;45190;0;0;0;0;0;0;0;0;0;0;0;0;0;0;0;0;0;1;33;22;12;31;14;32;5;17;38;8;6;23;4;35;21;7;11;9;34;24;2;10;0;0;0;0;0;0;0;0;0;0;0;0;0;0;0;0;0;0;0;0;0;0;0;0;0;0;0;0;0;0;0;0;0;0;0;0;0;0;0;0;0;0;0;0;0;0;0;0;0;0;0;0;0;0;0;0;0;23
2536;167903;60224;168229;104103;112606;118133;45582;175990;169128;112568;181809;150996;129367;160276;60202;127823;45334;174324;164957;169119;135418;60203;177355;112888;103440;169131;177354;182408;0;0;0;0;0;0;0;0;0;0;0;0;25;23;28;16;6;14;17;13;53;3;26;5;21;59;10;11;55;32;42;20;51;24;29;22;9;37;62;67;0;0;0;0;0;0;0;0;0;0;0;0;0;0;0;0;0;0;0;0;0;0;0;0;0;0;0;0;0;0;0;0;0;0;0;0;0;0;0;0;0;0;0;0;0;0;0;0;0;0;0;0;28
2538;146854;150974;154186;168189;178131;153069;157442;152724;108725;60234;160863;177926;108726;164896;135983;60171;173981;151010;60265;134022;147119;179508;63725;179651;150897;150999;157199;111027;175800;156850;0;0;0;0;0;0;0;0;0;0;21;28;40;13;2;32;26;11;12;3;35;4;30;24;6;58;17;22;23;20;8;46;7;31;19;9;10;25;29;65;0;0;0;0;0;0;0;0;0;0;0;0;0;0;0;0;0;0;0;0;0;0;0;0;0;0;0;0;0;0;0;0;0;0;0;0;0;0;0;0;0;0;0;0;0;0;0;0;0;0;30
2541;132290;111415;144213;132819;116602;144585;174751;128730;59268;172578;135483;173038;160864;168518;143970;113436;152646;41464;160889;110410;174750;126310;130796;168517;168516;159927;136025;114351;0;0;0;0;0;0;0;0;0;0;0;0;1;31;23;33;22;21;27;20;6;3;15;2;28;5;17;11;8;10;14;7;26;29;24;30;16;32;18;9;0;0;0;0;0;0;0;0;0;0;0;0;0;0;0;0;0;0;0;0;0;0;0;0;0;0;0;0;0;0;0;0;0;0;0;0;0;0;0;0;0;0;0;0;0;0;0;0;0;0;0;0;28
2543;105360;39791;45514;112660;103598;60572;63429;47952;125674;147236;45669;47757;122814;59246;132445;132033;59364;105480;121198;142006;143864;59339;37148;0;0;0;0;0;0;0;0;0;0;0;0;0;0;0;0;0;25;12;1;3;2;5;13;11;4;7;14;22;8;27;16;30;10;20;24;17;21;9;32;0;0;0;0;0;0;0;0;0;0;0;0;0;0;0;0;0;0;0;0;0;0;0;0;0;0;0;0;0;0;0;0;0;0;0;0;0;0;0;0;0;0;0;0;0;0;0;0;0;0;0;0;0;0;0;0;0;23
2544;105223;108875;152953;126470;116048;166676;156803;60365;128860;141611;148977;111967;111287;60220;115357;181994;140063;105413;152245;166671;173223;43686;45667;175377;103469;0;0;0;0;0;0;0;0;0;0;0;0;0;0;0;1;22;31;5;2;26;17;33;16;21;29;6;4;8;23;20;14;10;25;18;15;11;9;30;3;0;0;0;0;0;0;0;0;0;0;0;0;0;0;0;0;0;0;0;0;0;0;0;0;0;0;0;0;0;0;0;0;0;0;0;0;0;0;0;0;0;0;0;0;0;0;0;0;0;0;0;0;0;0;0;25
2545;168469;141995;151368;134122;60583;63347;168998;168689;143680;143857;144551;167704;126229;59450;135372;168468;168691;178034;113993;61578;134220;160492;143863;134050;126048;135031;160494;0;0;0;0;0;0;0;0;0;0;0;0;0;1;25;13;17;14;5;3;27;4;24;2;8;46;6;10;22;33;30;7;23;44;11;29;9;15;16;19;0;0;0;0;0;0;0;0;0;0;0;0;0;0;0;0;0;0;0;0;0;0;0;0;0;0;0;0;0;0;0;0;0;0;0;0;0;0;0;0;0;0;0;0;0;0;0;0;0;0;0;0;0;27
2546;60250;60898;138422;143976;158966;122273;108880;168659;115914;143759;111062;127530;105539;153183;114715;168454;175867;160585;102402;105441;108879;59207;165281;153180;153181;153182;153184;153185;153177;135030;0;0;0;0;0;0;0;0;0;0;1;12;6;27;3;13;4;26;25;2;5;24;8;29;21;18;31;17;10;7;19;11;9;54;15;16;37;58;35;14;0;0;0;0;0;0;0;0;0;0;0;0;0;0;0;0;0;0;0;0;0;0;0;0;0;0;0;0;0;0;0;0;0;0;0;0;0;0;0;0;0;0;0;0;0;0;0;0;0;0;30
2548;113432;158812;144638;103121;105570;60155;60579;135106;157935;168502;160624;172217;60095;168500;59270;42483;140157;112667;123234;108733;157009;159914;63462;174409;173609;59405;175786;160290;0;0;0;0;0;0;0;0;0;0;0;0;25;1;4;3;16;6;28;23;13;29;2;22;5;15;10;18;8;14;27;11;24;21;7;20;19;9;12;17;0;0;0;0;0;0;0;0;0;0;0;0;0;0;0;0;0;0;0;0;0;0;0;0;0;0;0;0;0;0;0;0;0;0;0;0;0;0;0;0;0;0;0;0;0;0;0;0;0;0;0;0;28
2553;143849;174396;134303;111101;115895;132724;140386;169012;140382;106822;148016;60587;128473;173102;168584;105563;144867;123656;160122;154255;168651;126558;143855;142314;0;0;0;0;0;0;0;0;0;0;0;0;0;0;0;0;12;30;20;28;16;15;4;34;22;25;5;17;6;13;27;10;7;11;14;24;23;8;19;1;0;0;0;0;0;0;0;0;0;0;0;0;0;0;0;0;0;0;0;0;0;0;0;0;0;0;0;0;0;0;0;0;0;0;0;0;0;0;0;0;0;0;0;0;0;0;0;0;0;0;0;0;0;0;0;0;24
2555;107873;117481;90121;140144;61067;156952;95153;100986;135580;126183;95152;160746;95155;118363;102999;141390;91530;110569;90977;112462;126541;126542;0;0;0;0;0;0;0;0;0;0;0;0;0;0;0;0;0;0;7;1;5;17;30;11;89;4;9;13;22;3;6;8;10;12;25;23;14;2;20;16;0;0;0;0;0;0;0;0;0;0;0;0;0;0;0;0;0;0;0;0;0;0;0;0;0;0;0;0;0;0;0;0;0;0;0;0;0;0;0;0;0;0;0;0;0;0;0;0;0;0;0;0;0;0;0;0;0;0;22
2556;177734;103796;91565;95147;103455;90006;169210;60802;90207;141166;171965;42611;91567;90955;95165;59813;144378;127152;90944;141647;132064;168488;134934;145956;110895;0;0;0;0;0;0;0;0;0;0;0;0;0;0;0;12;6;1;16;3;49;17;5;26;65;9;35;23;15;8;18;2;90;77;19;10;20;14;4;13;0;0;0;0;0;0;0;0;0;0;0;0;0;0;0;0;0;0;0;0;0;0;0;0;0;0;0;0;0;0;0;0;0;0;0;0;0;0;0;0;0;0;0;0;0;0;0;0;0;0;0;0;0;0;0;25
2559;161217;101904;126187;90085;146804;140802;90088;58694;105043;90176;101860;90705;118203;127503;54755;90099;52925;90172;59504;127504;177758;146690;90135;119559;90627;102928;0;0;0;0;0;0;0;0;0;0;0;0;0;0;10;1;55;43;6;4;44;70;3;97;17;12;7;5;8;66;13;24;14;99;15;32;2;11;19;9;0;0;0;0;0;0;0;0;0;0;0;0;0;0;0;0;0;0;0;0;0;0;0;0;0;0;0;0;0;0;0;0;0;0;0;0;0;0;0;0;0;0;0;0;0;0;0;0;0;0;0;0;0;0;26
2576;104095;129692;125437;121947;112253;122582;90582;163230;154420;90538;114750;90573;90530;90597;108746;90556;135895;112254;163239;90147;91502;0;0;0;0;0;0;0;0;0;0;0;0;0;0;0;0;0;0;0;12;1;31;44;17;2;4;3;13;15;33;28;5;70;9;94;7;11;6;88;49;0;0;0;0;0;0;0;0;0;0;0;0;0;0;0;0;0;0;0;0;0;0;0;0;0;0;0;0;0;0;0;0;0;0;0;0;0;0;0;0;0;0;0;0;0;0;0;0;0;0;0;0;0;0;0;0;0;0;0;21
2577;129510;135727;122583;126719;45290;135728;154379;163235;135732;172675;145282;171187;129721;47396;123135;145323;111730;60446;57304;122581;141171;126336;171186;4522;136781;135734;0;0;0;0;0;0;0;0;0;0;0;0;0;0;24;1;36;3;26;5;4;12;23;83;96;70;2;11;17;19;14;21;10;29;20;79;60;7;9;16;0;0;0;0;0;0;0;0;0;0;0;0;0;0;0;0;0;0;0;0;0;0;0;0;0;0;0;0;0;0;0;0;0;0;0;0;0;0;0;0;0;0;0;0;0;0;0;0;0;0;0;0;0;0;26
2580;115188;172853;106628;90706;122432;171237;52963;171334;171231;113710;108472;157731;107769;120303;143520;171236;90404;123136;154589;122429;60689;90079;0;0;0;0;0;0;0;0;0;0;0;0;0;0;0;0;0;0;1;37;4;17;3;2;16;6;9;18;24;20;8;99;5;10;12;7;14;15;11;19;0;0;0;0;0;0;0;0;0;0;0;0;0;0;0;0;0;0;0;0;0;0;0;0;0;0;0;0;0;0;0;0;0;0;0;0;0;0;0;0;0;0;0;0;0;0;0;0;0;0;0;0;0;0;0;0;0;0;22
2614;155019;141001;130722;132599;153073;140736;103181;147177;140068;147159;147321;117848;178339;157327;110275;133717;109055;159321;161560;170167;130649;151971;116173;100997;128076;107980;0;0;0;0;0;0;0;0;0;0;0;0;0;0;31;30;1;4;20;44;5;60;21;48;27;2;32;10;97;15;8;79;14;90;23;70;7;16;26;29;0;0;0;0;0;0;0;0;0;0;0;0;0;0;0;0;0;0;0;0;0;0;0;0;0;0;0;0;0;0;0;0;0;0;0;0;0;0;0;0;0;0;0;0;0;0;0;0;0;0;0;0;0;0;26
2616;173767;161676;159241;168686;118586;153801;170988;126882;102077;138174;138062;142217;179063;170361;107726;165144;169854;169320;165041;169445;163061;174606;176660;166524;165055;61149;132680;165228;167191;159397;172182;172180;172183;172181;174164;0;0;0;0;0;1;13;5;15;19;22;24;4;21;3;17;2;27;6;11;16;8;18;28;20;30;31;7;29;9;10;14;42;26;65;37;32;34;38;25;0;0;0;0;0;0;0;0;0;0;0;0;0;0;0;0;0;0;0;0;0;0;0;0;0;0;0;0;0;0;0;0;0;0;0;0;0;0;0;0;0;0;0;0;0;35
2618;138402;91296;91212;133378;113528;90074;58757;122112;61206;90318;153213;104585;122119;126277;153101;90484;109934;90566;140603;147362;142085;90400;137100;91320;91206;110260;60876;91321;90217;0;0;0;0;0;0;0;0;0;0;0;1;16;34;4;3;17;5;2;15;59;32;20;98;53;6;77;66;24;10;88;7;29;11;90;41;23;9;96;21;0;0;0;0;0;0;0;0;0;0;0;0;0;0;0;0;0;0;0;0;0;0;0;0;0;0;0;0;0;0;0;0;0;0;0;0;0;0;0;0;0;0;0;0;0;0;0;0;0;0;0;29
2621;140222;117560;143725;157037;133743;157979;125827;140082;147479;137851;110922;154989;122262;131734;162127;125793;153081;132767;126320;170851;121445;121534;172400;177692;181553;168844;169192;0;0;0;0;0;0;0;0;0;0;0;0;0;1;13;4;22;5;6;3;12;2;16;8;24;48;10;28;7;20;18;21;17;25;15;26;11;27;19;14;0;0;0;0;0;0;0;0;0;0;0;0;0;0;0;0;0;0;0;0;0;0;0;0;0;0;0;0;0;0;0;0;0;0;0;0;0;0;0;0;0;0;0;0;0;0;0;0;0;0;0;0;0;27
2625;47160;124561;172267;172268;110677;123157;179369;161029;146816;110664;60961;121092;174142;133681;132147;165865;103294;121006;106764;147105;147036;126525;137458;132245;114868;135542;127807;121009;102566;164958;166549;172001;0;0;0;0;0;0;0;0;1;25;61;98;50;20;4;29;21;33;2;22;47;16;26;5;8;71;10;19;12;11;30;18;34;77;9;17;23;42;13;15;0;0;0;0;0;0;0;0;0;0;0;0;0;0;0;0;0;0;0;0;0;0;0;0;0;0;0;0;0;0;0;0;0;0;0;0;0;0;0;0;0;0;0;0;0;0;0;0;32
2650;144352;44023;131975;147904;146719;117504;47996;120014;144358;102569;103091;61494;151239;146194;128301;119923;177288;181797;113039;158492;45684;160723;61125;128431;177797;173093;158634;177673;0;0;0;0;0;0;0;0;0;0;0;0;38;1;39;4;12;2;21;3;26;28;27;7;6;13;25;8;20;22;10;19;18;14;9;23;11;33;46;5;0;0;0;0;0;0;0;0;0;0;0;0;0;0;0;0;0;0;0;0;0;0;0;0;0;0;0;0;0;0;0;0;0;0;0;0;0;0;0;0;0;0;0;0;0;0;0;0;0;0;0;0;28
2651;119978;63577;119972;61503;146198;117510;120158;152746;119908;128564;151427;168923;124262;151051;164668;151503;120197;152361;151498;159156;167416;152268;177234;101960;159803;65065;0;0;0;0;0;0;0;0;0;0;0;0;0;0;12;1;5;13;23;24;3;6;20;2;16;8;4;15;52;18;14;17;11;25;99;27;9;7;28;29;0;0;0;0;0;0;0;0;0;0;0;0;0;0;0;0;0;0;0;0;0;0;0;0;0;0;0;0;0;0;0;0;0;0;0;0;0;0;0;0;0;0;0;0;0;0;0;0;0;0;0;0;0;0;26
2652;126543;121224;173382;124261;162714;141869;128404;135884;61508;108615;173380;128554;174440;180591;180590;151948;142383;119954;142384;135898;144398;135881;128046;156819;174766;144325;182119;166652;62016;0;0;0;0;0;0;0;0;0;0;0;24;1;51;2;4;3;28;30;13;22;15;16;17;18;21;5;12;8;33;6;7;70;20;77;11;19;10;9;32;0;0;0;0;0;0;0;0;0;0;0;0;0;0;0;0;0;0;0;0;0;0;0;0;0;0;0;0;0;0;0;0;0;0;0;0;0;0;0;0;0;0;0;0;0;0;0;0;0;0;0;29
2653;105120;181926;109827;129506;159061;110949;123929;147619;165858;120077;128484;151496;128504;152366;135894;119910;104581;160123;118572;147631;181599;160124;159011;119971;120143;0;0;0;0;0;0;0;0;0;0;0;0;0;0;0;1;12;3;5;20;29;2;30;32;18;6;26;22;24;16;4;14;90;8;11;15;13;9;99;17;0;0;0;0;0;0;0;0;0;0;0;0;0;0;0;0;0;0;0;0;0;0;0;0;0;0;0;0;0;0;0;0;0;0;0;0;0;0;0;0;0;0;0;0;0;0;0;0;0;0;0;0;0;0;0;25
2654;112153;158911;140727;169877;142370;151977;120040;150966;166505;132553;177361;160631;118856;142738;142359;176337;152875;130048;123953;181927;168788;166793;181601;169696;172611;181600;128343;0;0;0;0;0;0;0;0;0;0;0;0;0;1;12;23;5;2;3;13;14;15;16;26;27;28;33;34;29;30;7;19;6;17;9;10;8;11;18;4;0;0;0;0;0;0;0;0;0;0;0;0;0;0;0;0;0;0;0;0;0;0;0;0;0;0;0;0;0;0;0;0;0;0;0;0;0;0;0;0;0;0;0;0;0;0;0;0;0;0;0;0;0;27
2657;120268;128499;127797;104547;136980;41538;60345;104538;102561;147273;132061;144314;145731;128483;141083;152880;47999;157813;103117;103227;126890;151238;167662;113040;32782;145732;120070;112921;0;0;0;0;0;0;0;0;0;0;0;0;1;12;3;26;15;18;32;24;13;14;23;27;25;20;21;6;16;7;10;8;22;5;9;19;11;55;2;4;0;0;0;0;0;0;0;0;0;0;0;0;0;0;0;0;0;0;0;0;0;0;0;0;0;0;0;0;0;0;0;0;0;0;0;0;0;0;0;0;0;0;0;0;0;0;0;0;0;0;0;0;28
2658;106367;91301;90134;144340;110861;102229;140081;90072;90089;148157;170907;143734;90257;133408;42212;47819;60266;90084;144860;159545;60165;47814;0;0;0;0;0;0;0;0;0;0;0;0;0;0;0;0;0;0;1;77;14;4;5;3;6;12;18;26;27;9;10;28;23;2;13;15;11;8;16;7;0;0;0;0;0;0;0;0;0;0;0;0;0;0;0;0;0;0;0;0;0;0;0;0;0;0;0;0;0;0;0;0;0;0;0;0;0;0;0;0;0;0;0;0;0;0;0;0;0;0;0;0;0;0;0;0;0;0;22
2659;114371;91421;91047;142256;118529;54160;108607;130365;53722;144856;104543;91292;152254;61610;104042;44761;101877;90077;144344;144298;105390;152711;120066;0;0;0;0;0;0;0;0;0;0;0;0;0;0;0;0;0;22;13;2;1;14;5;8;15;56;9;3;7;20;10;31;30;4;12;11;16;17;19;6;0;0;0;0;0;0;0;0;0;0;0;0;0;0;0;0;0;0;0;0;0;0;0;0;0;0;0;0;0;0;0;0;0;0;0;0;0;0;0;0;0;0;0;0;0;0;0;0;0;0;0;0;0;0;0;0;0;23
2696;56289;56290;56291;56292;56293;56294;56295;56296;56297;56298;56299;56300;56301;55229;56303;56304;56305;55234;56306;56309;56308;56310;56311;55239;56313;56314;56315;56316;0;0;0;0;0;0;0;0;0;0;0;0;1;2;3;4;5;6;7;8;9;10;11;12;13;14;15;16;17;18;19;20;21;22;23;24;25;26;27;28;0;0;0;0;0;0;0;0;0;0;0;0;0;0;0;0;0;0;0;0;0;0;0;0;0;0;0;0;0;0;0;0;0;0;0;0;0;0;0;0;0;0;0;0;0;0;0;0;0;0;0;0;28
2699;63843;101697;156790;59200;140885;59354;126954;114821;134343;164621;143959;128674;47943;105432;168586;134055;153025;150997;160044;157878;170194;60139;159793;102977;164956;153199;153201;0;0;0;0;0;0;0;0;0;0;0;0;0;1;25;58;4;6;5;3;15;14;16;2;18;21;28;13;17;10;19;22;11;29;8;7;20;9;35;55;0;0;0;0;0;0;0;0;0;0;0;0;0;0;0;0;0;0;0;0;0;0;0;0;0;0;0;0;0;0;0;0;0;0;0;0;0;0;0;0;0;0;0;0;0;0;0;0;0;0;0;0;0;27
2707;150914;59415;168484;134370;135562;135374;117773;181996;112659;59191;134372;132291;134302;112663;136724;111082;108739;170201;105289;181995;151396;169003;156801;128542;142004;114563;167984;110874;40661;0;0;0;0;0;0;0;0;0;0;0;1;13;21;2;4;15;3;29;28;16;17;23;26;7;6;14;8;5;10;18;30;20;24;22;11;27;9;25;12;0;0;0;0;0;0;0;0;0;0;0;0;0;0;0;0;0;0;0;0;0;0;0;0;0;0;0;0;0;0;0;0;0;0;0;0;0;0;0;0;0;0;0;0;0;0;0;0;0;0;0;29
2717;60029;111309;43773;114675;144224;102233;127619;182044;140815;43646;132690;129359;122827;110415;61104;60305;47611;146608;173262;122034;160152;150853;141104;150984;132536;173264;173267;118155;113856;152906;156945;183376;182043;182834;0;0;0;0;0;0;1;23;17;33;28;25;6;71;3;18;2;4;21;8;32;5;13;16;55;80;10;11;20;27;77;7;47;9;19;22;30;12;14;15;0;0;0;0;0;0;0;0;0;0;0;0;0;0;0;0;0;0;0;0;0;0;0;0;0;0;0;0;0;0;0;0;0;0;0;0;0;0;0;0;0;0;0;0;0;0;34
2719;118449;114291;126461;177970;126619;113865;175474;114169;143294;176343;119827;61098;151533;152710;180370;105119;181993;142315;123005;123023;101961;170776;172328;135937;153388;161893;153487;124860;63357;179444;159641;180369;181992;0;0;0;0;0;0;0;25;1;12;26;6;20;36;32;21;2;3;24;16;45;19;8;5;37;11;28;7;31;10;23;27;34;22;18;9;35;30;44;43;0;0;0;0;0;0;0;0;0;0;0;0;0;0;0;0;0;0;0;0;0;0;0;0;0;0;0;0;0;0;0;0;0;0;0;0;0;0;0;0;0;0;0;0;0;0;0;33
2722;164906;105345;141205;132817;118960;105269;158651;182111;121213;121215;141978;136651;121304;151214;168959;35250;135268;134877;129366;134936;47594;169735;147355;105307;153223;140600;182110;182861;182907;181949;181947;181948;0;0;0;0;0;0;0;0;22;1;36;29;21;6;2;32;27;26;16;33;55;8;15;11;50;17;10;18;20;23;25;19;7;24;30;9;58;42;43;44;0;0;0;0;0;0;0;0;0;0;0;0;0;0;0;0;0;0;0;0;0;0;0;0;0;0;0;0;0;0;0;0;0;0;0;0;0;0;0;0;0;0;0;0;0;0;0;0;32
2726;180265;110480;141206;144288;175475;174121;126347;146870;181663;166636;111301;104265;141404;141146;166804;106322;151318;144669;174355;134875;134023;109637;180636;153383;160831;158941;108519;177257;113041;163019;177830;181837;0;0;0;0;0;0;0;0;30;12;1;42;13;2;15;40;6;3;14;36;34;8;21;25;5;23;10;11;77;22;27;19;43;37;9;17;7;35;58;4;0;0;0;0;0;0;0;0;0;0;0;0;0;0;0;0;0;0;0;0;0;0;0;0;0;0;0;0;0;0;0;0;0;0;0;0;0;0;0;0;0;0;0;0;0;0;0;0;32
2727;121982;136120;159064;108673;110603;105106;182094;166609;114481;122699;159066;119138;117784;122739;177672;121216;118597;141976;168122;160749;182100;118638;182099;176051;127210;177864;115650;151265;117984;134025;63367;172532;182095;182098;177671;0;0;0;0;0;28;16;35;6;26;30;22;32;3;33;44;2;13;55;61;19;5;10;21;15;27;8;72;25;20;24;14;9;7;11;29;54;92;17;18;0;0;0;0;0;0;0;0;0;0;0;0;0;0;0;0;0;0;0;0;0;0;0;0;0;0;0;0;0;0;0;0;0;0;0;0;0;0;0;0;0;0;0;0;0;35
2730;45581;164563;159846;104334;166703;41275;169663;169975;153418;60254;152759;143729;168429;143966;128521;105194;150982;169306;159626;182017;156238;60668;130537;136225;176296;160832;157443;119543;110834;105527;167093;182016;169972;182212;182211;178045;0;0;0;0;1;12;44;3;6;2;34;39;33;13;29;4;17;5;25;14;15;31;8;18;30;11;22;26;10;19;27;9;7;24;32;16;40;20;21;23;0;0;0;0;0;0;0;0;0;0;0;0;0;0;0;0;0;0;0;0;0;0;0;0;0;0;0;0;0;0;0;0;0;0;0;0;0;0;0;0;0;0;0;0;36
3095;111352;142874;176367;151951;151784;176358;145837;147097;132609;162326;166566;133643;125924;132160;176364;176366;176359;162458;132296;178325;179240;128207;170946;157133;173219;172286;0;0;0;0;0;0;0;0;0;0;0;0;0;0;21;1;71;25;99;13;4;26;5;3;19;6;18;15;8;11;23;98;28;20;22;14;7;27;29;2;0;0;0;0;0;0;0;0;0;0;0;0;0;0;0;0;0;0;0;0;0;0;0;0;0;0;0;0;0;0;0;0;0;0;0;0;0;0;0;0;0;0;0;0;0;0;0;0;0;0;0;0;0;0;26
3099;110540;101506;127514;138457;155498;164699;119103;167733;182262;153737;148100;177366;146625;119448;141717;178077;143718;165303;157132;161825;179350;131248;59589;145645;138463;138691;175630;178191;0;0;0;0;0;0;0;0;0;0;0;0;34;93;30;1;5;44;21;22;6;7;88;67;70;18;24;15;17;16;23;20;45;26;27;90;77;9;19;37;0;0;0;0;0;0;0;0;0;0;0;0;0;0;0;0;0;0;0;0;0;0;0;0;0;0;0;0;0;0;0;0;0;0;0;0;0;0;0;0;0;0;0;0;0;0;0;0;0;0;0;0;28
4071;143823;165734;36768;127315;111073;179353;136146;158470;139934;154158;161466;101771;123303;143489;104185;121448;182073;114845;118425;133023;151990;115227;121276;159991;160977;107854;174272;159730;157930;161976;0;0;0;0;0;0;0;0;0;0;1;29;17;18;5;44;23;45;3;6;20;15;12;8;4;10;27;19;16;21;11;7;9;37;22;26;50;34;35;13;0;0;0;0;0;0;0;0;0;0;0;0;0;0;0;0;0;0;0;0;0;0;0;0;0;0;0;0;0;0;0;0;0;0;0;0;0;0;0;0;0;0;0;0;0;0;0;0;0;0;30
4092;91417;115593;91289;114080;129475;119190;64774;90751;119281;112374;133923;95207;145813;108150;172875;91284;122556;59572;114924;172719;163150;151935;131298;0;0;0;0;0;0;0;0;0;0;0;0;0;0;0;0;0;16;26;37;5;15;36;28;20;3;32;19;13;23;8;21;58;18;25;11;27;45;10;9;0;0;0;0;0;0;0;0;0;0;0;0;0;0;0;0;0;0;0;0;0;0;0;0;0;0;0;0;0;0;0;0;0;0;0;0;0;0;0;0;0;0;0;0;0;0;0;0;0;0;0;0;0;0;0;0;0;23
4094;102585;119319;175831;60523;172722;115598;40805;122891;133931;171026;124954;111622;111625;170625;154846;111632;110552;119354;114701;175829;169578;114328;172874;135571;102698;119259;127256;145141;115601;163148;0;0;0;0;0;0;0;0;0;0;1;12;53;3;40;13;5;32;28;31;19;23;4;8;38;20;10;6;21;47;17;11;49;33;7;26;45;22;14;50;0;0;0;0;0;0;0;0;0;0;0;0;0;0;0;0;0;0;0;0;0;0;0;0;0;0;0;0;0;0;0;0;0;0;0;0;0;0;0;0;0;0;0;0;0;0;0;0;0;0;30
4108;126313;102703;154231;135061;114839;113453;60960;152344;143494;132922;116150;151781;124280;182216;170637;135164;131912;131774;140393;130129;167934;173540;169232;114524;101762;142818;160638;135015;106350;116410;160354;133503;59749;0;0;0;0;0;0;0;98;1;3;4;25;33;15;21;35;37;91;13;2;26;23;99;27;22;17;16;5;19;8;20;10;31;77;97;94;7;70;18;11;0;0;0;0;0;0;0;0;0;0;0;0;0;0;0;0;0;0;0;0;0;0;0;0;0;0;0;0;0;0;0;0;0;0;0;0;0;0;0;0;0;0;0;0;0;0;0;33
4115;145258;145259;171455;177570;179826;145272;145266;174675;170032;145270;16303;16691;171451;154738;145274;129860;170039;145276;179824;143331;179828;171450;0;0;0;0;0;0;0;0;0;0;0;0;0;0;0;0;0;0;1;19;3;20;22;4;5;8;7;9;6;10;2;11;23;13;14;15;12;21;24;16;0;0;0;0;0;0;0;0;0;0;0;0;0;0;0;0;0;0;0;0;0;0;0;0;0;0;0;0;0;0;0;0;0;0;0;0;0;0;0;0;0;0;0;0;0;0;0;0;0;0;0;0;0;0;0;0;0;0;22
4123;178414;170947;143663;164877;179321;100449;173806;114641;177746;118122;101223;47419;178513;133697;170621;42589;118641;179742;176634;168261;178021;114199;124846;114071;109260;126504;173578;173339;0;0;0;0;0;0;0;0;0;0;0;0;1;61;40;38;15;5;4;97;27;39;70;2;25;8;12;21;20;33;29;19;9;10;7;99;30;11;17;45;0;0;0;0;0;0;0;0;0;0;0;0;0;0;0;0;0;0;0;0;0;0;0;0;0;0;0;0;0;0;0;0;0;0;0;0;0;0;0;0;0;0;0;0;0;0;0;0;0;0;0;0;28
4124;57797;157718;91080;140015;91510;17646;119611;143372;44716;91048;128309;120427;90734;142229;139727;90953;52399;91586;127385;54789;156817;114526;91283;141060;144090;151839;116355;177742;90885;0;0;0;0;0;0;0;0;0;0;0;1;22;25;5;40;31;16;34;6;41;13;3;43;27;17;19;14;42;4;8;30;20;36;32;11;21;38;39;12;0;0;0;0;0;0;0;0;0;0;0;0;0;0;0;0;0;0;0;0;0;0;0;0;0;0;0;0;0;0;0;0;0;0;0;0;0;0;0;0;0;0;0;0;0;0;0;0;0;0;0;29
4126;142147;55769;91538;140672;169895;108487;124270;17254;90448;106635;126698;126345;162661;125873;90868;54442;168887;91117;104749;181367;174085;91271;130145;58276;91208;17620;0;0;0;0;0;0;0;0;0;0;0;0;0;0;1;37;36;21;2;28;5;25;45;13;15;34;7;18;16;6;22;10;27;29;20;11;23;19;33;9;0;0;0;0;0;0;0;0;0;0;0;0;0;0;0;0;0;0;0;0;0;0;0;0;0;0;0;0;0;0;0;0;0;0;0;0;0;0;0;0;0;0;0;0;0;0;0;0;0;0;0;0;0;0;26
4137;125981;40253;54393;141214;170958;137899;54394;136378;17645;56155;143352;157287;91000;137005;90645;144886;91034;119644;123130;90959;143435;91039;57908;55555;114098;134044;90969;129115;0;0;0;0;0;0;0;0;0;0;0;0;1;20;44;33;22;2;4;39;3;15;32;28;6;5;34;18;8;17;11;13;16;37;30;29;9;7;19;23;0;0;0;0;0;0;0;0;0;0;0;0;0;0;0;0;0;0;0;0;0;0;0;0;0;0;0;0;0;0;0;0;0;0;0;0;0;0;0;0;0;0;0;0;0;0;0;0;0;0;0;0;28
4139;144721;90034;90649;175761;120929;17259;53498;159082;132854;118166;91119;91393;91168;104186;140237;142719;95234;133410;120431;145255;47417;129090;111354;134424;90842;124158;90551;91394;95216;95233;0;0;0;0;0;0;0;0;0;0;22;1;30;47;8;4;5;15;25;3;23;21;11;2;14;6;42;16;20;24;7;10;28;27;19;18;9;59;38;34;0;0;0;0;0;0;0;0;0;0;0;0;0;0;0;0;0;0;0;0;0;0;0;0;0;0;0;0;0;0;0;0;0;0;0;0;0;0;0;0;0;0;0;0;0;0;0;0;0;0;30
4140;116137;91455;91572;169919;111265;126593;119852;91543;138448;136884;136775;53512;116646;128479;128348;17652;120514;129962;90067;95188;91743;168369;108243;91037;0;0;0;0;0;0;0;0;0;0;0;0;0;0;0;0;1;31;25;14;5;4;34;15;39;18;28;6;8;13;33;19;24;11;9;17;10;23;7;21;0;0;0;0;0;0;0;0;0;0;0;0;0;0;0;0;0;0;0;0;0;0;0;0;0;0;0;0;0;0;0;0;0;0;0;0;0;0;0;0;0;0;0;0;0;0;0;0;0;0;0;0;0;0;0;0;24
4141;155261;154859;117095;110097;153677;100429;157177;168184;115147;138067;173887;117975;148221;101911;138139;128238;178124;152084;157617;136678;116968;176496;47557;157667;131413;161641;60495;143286;153823;108352;0;0;0;0;0;0;0;0;0;0;30;53;1;77;45;4;63;19;44;56;78;3;2;29;20;6;27;16;39;24;21;10;94;11;14;18;7;8;9;99;0;0;0;0;0;0;0;0;0;0;0;0;0;0;0;0;0;0;0;0;0;0;0;0;0;0;0;0;0;0;0;0;0;0;0;0;0;0;0;0;0;0;0;0;0;0;0;0;0;0;30
4143;91100;40418;58585;160717;103063;142398;126394;91303;136165;152607;114522;54771;118962;112520;117041;131895;146642;90970;91518;122258;142840;126350;90844;114554;53912;123623;91528;90413;0;0;0;0;0;0;0;0;0;0;0;0;80;30;39;31;23;5;24;18;47;65;3;2;15;72;22;8;6;14;20;77;11;10;7;19;26;9;70;99;0;0;0;0;0;0;0;0;0;0;0;0;0;0;0;0;0;0;0;0;0;0;0;0;0;0;0;0;0;0;0;0;0;0;0;0;0;0;0;0;0;0;0;0;0;0;0;0;0;0;0;0;28
4145;116741;36878;138017;182248;116709;173988;162601;118076;47405;142849;125682;118371;111342;157088;115653;138522;101065;157373;174714;103582;113604;140896;111343;168024;166203;158447;152230;174156;166194;166520;181206;0;0;0;0;0;0;0;0;0;1;13;5;16;2;3;24;14;17;8;23;6;10;19;18;20;4;21;7;15;11;22;9;34;35;25;32;53;30;31;12;0;0;0;0;0;0;0;0;0;0;0;0;0;0;0;0;0;0;0;0;0;0;0;0;0;0;0;0;0;0;0;0;0;0;0;0;0;0;0;0;0;0;0;0;0;0;0;0;0;31
4146;132679;138545;138175;133162;114293;47675;44946;160383;134688;114981;122905;42516;155462;109956;165032;147369;128181;110380;157773;170470;128167;111448;147370;143486;173164;173165;176281;179121;179406;179122;177127;0;0;0;0;0;0;0;0;0;13;1;21;4;15;23;24;3;2;22;8;6;30;14;16;11;5;19;18;10;17;9;20;74;28;27;52;12;25;26;29;0;0;0;0;0;0;0;0;0;0;0;0;0;0;0;0;0;0;0;0;0;0;0;0;0;0;0;0;0;0;0;0;0;0;0;0;0;0;0;0;0;0;0;0;0;0;0;0;0;31
4148;144342;167263;160164;142658;181372;143008;142464;174852;175553;179278;132188;174853;148705;176136;125379;45374;153010;119632;137263;162693;174667;104295;120648;181988;142543;174228;132129;175552;177246;57177;0;0;0;0;0;0;0;0;0;0;1;44;25;3;4;16;22;5;38;14;15;2;24;42;6;17;35;7;10;29;37;19;11;12;8;27;9;28;20;34;0;0;0;0;0;0;0;0;0;0;0;0;0;0;0;0;0;0;0;0;0;0;0;0;0;0;0;0;0;0;0;0;0;0;0;0;0;0;0;0;0;0;0;0;0;0;0;0;0;0;30
4151;152815;168372;142946;176035;128044;164480;119476;175927;175611;127050;60463;172521;143016;181715;47433;121372;153033;157080;162995;168772;156793;158695;143076;130317;181716;160498;124031;91248;125677;175612;0;0;0;0;0;0;0;0;0;0;28;1;24;54;18;21;4;12;22;2;31;45;14;48;20;7;25;17;16;29;23;30;10;8;47;27;9;15;11;46;0;0;0;0;0;0;0;0;0;0;0;0;0;0;0;0;0;0;0;0;0;0;0;0;0;0;0;0;0;0;0;0;0;0;0;0;0;0;0;0;0;0;0;0;0;0;0;0;0;0;30
4153;143002;168214;142966;134835;142641;142713;175501;181711;181713;159315;177275;118705;143595;175500;156985;168497;182040;127396;58728;148735;181712;182039;181710;145767;133041;158525;177352;174350;125910;168218;182517;182516;0;0;0;0;0;0;0;0;40;30;31;3;5;25;22;26;34;32;24;18;2;29;8;55;6;12;17;50;27;14;20;11;7;77;28;35;9;23;15;16;0;0;0;0;0;0;0;0;0;0;0;0;0;0;0;0;0;0;0;0;0;0;0;0;0;0;0;0;0;0;0;0;0;0;0;0;0;0;0;0;0;0;0;0;0;0;0;0;32
4155;160890;142588;144329;142660;142716;147418;160286;15433;148801;135361;142517;181555;121716;148806;174323;142520;175401;169466;121985;148622;144379;45944;142077;170170;125968;133396;142160;139903;0;0;0;0;0;0;0;0;0;0;0;0;1;12;30;5;15;25;20;4;51;3;14;50;2;19;26;6;8;21;10;22;16;18;27;24;28;11;99;9;0;0;0;0;0;0;0;0;0;0;0;0;0;0;0;0;0;0;0;0;0;0;0;0;0;0;0;0;0;0;0;0;0;0;0;0;0;0;0;0;0;0;0;0;0;0;0;0;0;0;0;0;28
4156;144592;115131;160151;119959;144386;144404;144411;152848;160252;145766;175762;170895;143012;182019;132513;156834;182018;128174;142963;173659;174878;142473;143074;162695;164959;143095;144415;175563;0;0;0;0;0;0;0;0;0;0;0;0;31;1;3;4;2;5;24;13;17;19;39;27;6;36;8;22;26;10;16;29;18;21;7;23;9;14;28;35;0;0;0;0;0;0;0;0;0;0;0;0;0;0;0;0;0;0;0;0;0;0;0;0;0;0;0;0;0;0;0;0;0;0;0;0;0;0;0;0;0;0;0;0;0;0;0;0;0;0;0;0;28
4157;142619;169395;174340;120995;146183;142591;160608;142621;160304;175594;168443;152819;174855;160813;128459;147144;136834;148958;57226;174854;176627;142630;154181;142981;164631;179244;130367;0;0;0;0;0;0;0;0;0;0;0;0;0;6;73;33;2;3;4;22;88;5;38;25;23;12;30;8;80;14;21;10;18;35;13;41;7;32;11;9;0;0;0;0;0;0;0;0;0;0;0;0;0;0;0;0;0;0;0;0;0;0;0;0;0;0;0;0;0;0;0;0;0;0;0;0;0;0;0;0;0;0;0;0;0;0;0;0;0;0;0;0;0;27
4158;114916;142914;148053;164653;142224;142494;163651;143053;142918;142513;154206;178132;175602;174498;162180;152969;148929;142594;101872;168614;169944;178133;168545;140055;42245;166147;171567;148584;0;0;0;0;0;0;0;0;0;0;0;0;41;23;1;21;6;26;5;3;12;2;29;4;88;77;48;35;11;8;10;37;70;79;22;17;13;16;66;33;0;0;0;0;0;0;0;0;0;0;0;0;0;0;0;0;0;0;0;0;0;0;0;0;0;0;0;0;0;0;0;0;0;0;0;0;0;0;0;0;0;0;0;0;0;0;0;0;0;0;0;0;28
4160;143001;142545;144349;142533;170790;182011;142483;141084;175482;135908;142620;143084;169702;132463;104052;43711;136093;142648;143722;179082;136006;130483;142499;160275;59188;175866;0;0;0;0;0;0;0;0;0;0;0;0;0;0;41;25;26;4;20;6;18;27;23;29;5;15;16;12;80;21;10;17;11;99;28;7;22;19;9;88;0;0;0;0;0;0;0;0;0;0;0;0;0;0;0;0;0;0;0;0;0;0;0;0;0;0;0;0;0;0;0;0;0;0;0;0;0;0;0;0;0;0;0;0;0;0;0;0;0;0;0;0;0;0;26
4162;114450;142968;168551;170632;160481;143085;174508;174666;142622;109229;168603;142598;119089;175593;181508;168677;168924;152834;152826;130616;112932;142601;174510;144384;116652;152827;148820;0;0;0;0;0;0;0;0;0;0;0;0;0;42;36;22;31;5;4;18;25;24;87;2;9;40;20;35;38;34;21;10;6;14;16;29;28;11;7;19;0;0;0;0;0;0;0;0;0;0;0;0;0;0;0;0;0;0;0;0;0;0;0;0;0;0;0;0;0;0;0;0;0;0;0;0;0;0;0;0;0;0;0;0;0;0;0;0;0;0;0;0;0;27
4163;146749;116322;155707;148834;104444;152772;165861;106004;142547;142552;169641;148829;169644;123306;143032;168527;102905;179694;155043;127012;116321;162646;142525;107804;143073;169642;181924;0;0;0;0;0;0;0;0;0;0;0;0;0;26;24;50;25;28;4;39;20;5;16;85;33;37;7;31;44;11;90;14;10;17;93;9;13;19;95;36;0;0;0;0;0;0;0;0;0;0;0;0;0;0;0;0;0;0;0;0;0;0;0;0;0;0;0;0;0;0;0;0;0;0;0;0;0;0;0;0;0;0;0;0;0;0;0;0;0;0;0;0;0;27
4164;142572;142544;168627;174252;175498;144447;175626;174253;159529;148881;181708;159916;174394;170871;143198;128508;109081;140675;162207;122127;144341;135416;175556;0;0;0;0;0;0;0;0;0;0;0;0;0;0;0;0;0;1;30;36;12;15;23;28;2;99;8;20;13;16;14;55;22;6;10;17;93;11;9;19;0;0;0;0;0;0;0;0;0;0;0;0;0;0;0;0;0;0;0;0;0;0;0;0;0;0;0;0;0;0;0;0;0;0;0;0;0;0;0;0;0;0;0;0;0;0;0;0;0;0;0;0;0;0;0;0;0;23
4166;61329;142945;143026;159918;143062;142953;174008;168428;153469;114168;164646;159013;177240;103038;143050;126702;142564;144391;168447;103153;145759;175991;126500;178159;182208;120482;40714;142508;177284;174700;0;0;0;0;0;0;0;0;0;0;1;32;30;2;33;4;15;12;28;3;29;18;41;20;6;26;16;8;59;25;22;97;7;17;14;11;13;24;19;50;0;0;0;0;0;0;0;0;0;0;0;0;0;0;0;0;0;0;0;0;0;0;0;0;0;0;0;0;0;0;0;0;0;0;0;0;0;0;0;0;0;0;0;0;0;0;0;0;0;0;30
4168;144185;36612;140546;132614;162959;61444;162960;126137;154837;119211;63874;64791;119157;154848;102323;154850;109215;126138;154854;44828;91485;132867;64795;144187;108438;133400;172739;172738;172740;0;0;0;0;0;0;0;0;0;0;0;1;14;32;23;4;33;15;31;2;11;5;6;35;34;22;37;20;24;28;10;17;29;21;7;9;19;40;42;41;0;0;0;0;0;0;0;0;0;0;0;0;0;0;0;0;0;0;0;0;0;0;0;0;0;0;0;0;0;0;0;0;0;0;0;0;0;0;0;0;0;0;0;0;0;0;0;0;0;0;0;29
4171;171310;167776;44366;161148;171304;171306;104948;123396;136881;171318;167778;123397;57064;117371;123399;112346;130274;104949;171305;166038;167779;104954;136880;171316;107406;112348;161144;172928;0;0;0;0;0;0;0;0;0;0;0;0;33;40;1;34;30;25;5;17;9;10;11;12;13;2;4;6;8;18;19;26;16;22;29;24;27;20;7;28;0;0;0;0;0;0;0;0;0;0;0;0;0;0;0;0;0;0;0;0;0;0;0;0;0;0;0;0;0;0;0;0;0;0;0;0;0;0;0;0;0;0;0;0;0;0;0;0;0;0;0;0;28
4180;114022;167798;114691;172109;130524;121961;121422;117708;112806;159570;127597;140865;40295;159206;120426;114568;127719;120428;146909;140702;142146;117940;143713;159960;135287;173106;144060;169189;182301;0;0;0;0;0;0;0;0;0;0;0;1;12;31;41;22;4;20;5;3;33;2;27;6;18;8;10;23;24;17;14;7;11;19;45;9;47;44;16;13;0;0;0;0;0;0;0;0;0;0;0;0;0;0;0;0;0;0;0;0;0;0;0;0;0;0;0;0;0;0;0;0;0;0;0;0;0;0;0;0;0;0;0;0;0;0;0;0;0;0;0;29
4183;156933;170780;107489;138149;120381;118068;118333;124329;154879;101780;132310;138599;107869;137321;120449;120452;136414;118528;162613;159499;128770;167941;148029;117612;158501;138688;168641;0;0;0;0;0;0;0;0;0;0;0;0;0;19;1;13;4;15;22;26;3;33;21;27;20;6;5;29;16;28;8;10;14;7;18;24;11;23;9;65;0;0;0;0;0;0;0;0;0;0;0;0;0;0;0;0;0;0;0;0;0;0;0;0;0;0;0;0;0;0;0;0;0;0;0;0;0;0;0;0;0;0;0;0;0;0;0;0;0;0;0;0;0;27
4192;136449;112963;44717;157302;125352;135068;147612;117663;125396;142871;118225;112795;118178;118338;147081;120379;123990;124468;59767;140042;147615;166234;175747;148010;113851;170377;144548;146387;122990;175748;0;0;0;0;0;0;0;0;0;0;1;12;13;51;14;19;42;6;16;26;18;3;44;2;35;4;8;15;11;21;23;5;25;17;10;22;9;28;24;20;0;0;0;0;0;0;0;0;0;0;0;0;0;0;0;0;0;0;0;0;0;0;0;0;0;0;0;0;0;0;0;0;0;0;0;0;0;0;0;0;0;0;0;0;0;0;0;0;0;0;30
4194;124364;112962;172389;146823;126596;173775;100297;136703;142785;136408;127770;145604;126421;178128;110356;164870;60914;114556;167207;158565;112573;153191;111465;165829;126302;115522;121987;122332;159282;101356;101113;168609;158702;0;0;0;0;0;0;0;1;17;31;25;2;6;15;14;5;3;12;38;16;32;27;18;44;8;42;11;22;4;48;28;24;10;19;23;7;9;45;58;20;0;0;0;0;0;0;0;0;0;0;0;0;0;0;0;0;0;0;0;0;0;0;0;0;0;0;0;0;0;0;0;0;0;0;0;0;0;0;0;0;0;0;0;0;0;0;0;33
4200;106724;112829;166193;133098;147395;126952;47426;167661;169719;176620;157031;151591;126646;100698;157452;173557;176847;159325;137158;172432;181704;152929;147421;117800;115137;164878;159853;175496;172619;173560;173556;0;0;0;0;0;0;0;0;0;40;16;34;28;88;25;21;44;39;59;45;80;20;6;15;46;11;27;8;18;87;10;7;14;9;29;90;19;35;22;42;0;0;0;0;0;0;0;0;0;0;0;0;0;0;0;0;0;0;0;0;0;0;0;0;0;0;0;0;0;0;0;0;0;0;0;0;0;0;0;0;0;0;0;0;0;0;0;0;0;31
4201;152005;138447;39290;104390;132269;143111;158694;179540;157678;125936;179544;182221;176841;179543;136261;179547;45099;176851;151922;176842;179545;179546;143675;176850;176854;174260;163000;0;0;0;0;0;0;0;0;0;0;0;0;0;30;99;16;1;5;15;25;4;3;12;24;97;22;33;18;19;90;14;21;28;10;7;23;11;17;26;9;0;0;0;0;0;0;0;0;0;0;0;0;0;0;0;0;0;0;0;0;0;0;0;0;0;0;0;0;0;0;0;0;0;0;0;0;0;0;0;0;0;0;0;0;0;0;0;0;0;0;0;0;0;27
4206;173099;113009;181264;152274;115841;172320;47210;60753;165760;174148;108981;127509;178426;170622;151924;178425;102496;152463;170814;173111;127313;172553;170376;162999;132775;178424;107897;106493;159627;0;0;0;0;0;0;0;0;0;0;0;60;1;36;4;26;22;23;30;12;42;2;27;24;6;15;87;16;20;8;18;7;77;69;11;10;57;9;19;66;0;0;0;0;0;0;0;0;0;0;0;0;0;0;0;0;0;0;0;0;0;0;0;0;0;0;0;0;0;0;0;0;0;0;0;0;0;0;0;0;0;0;0;0;0;0;0;0;0;0;0;29
4211;135053;109010;63536;140739;151772;145620;130547;38701;167651;117358;161203;109351;112576;102840;109266;164337;132295;176179;108110;106773;114003;112833;137687;113843;155740;110461;136274;118687;138677;41066;114639;165244;168859;0;0;0;0;0;0;0;16;35;1;6;42;5;31;15;19;28;2;14;22;21;33;17;18;23;4;27;7;20;10;93;24;13;26;9;11;36;29;44;32;0;0;0;0;0;0;0;0;0;0;0;0;0;0;0;0;0;0;0;0;0;0;0;0;0;0;0;0;0;0;0;0;0;0;0;0;0;0;0;0;0;0;0;0;0;0;0;33
4212;118149;47336;101851;157420;116606;104433;164840;169792;132678;152504;134929;127497;170687;161571;169791;157904;161576;100940;177287;127156;161577;133051;161578;137754;177796;173562;178568;0;0;0;0;0;0;0;0;0;0;0;0;0;16;40;1;20;27;24;5;6;3;2;4;81;19;98;12;22;11;10;25;91;7;9;23;29;21;17;30;0;0;0;0;0;0;0;0;0;0;0;0;0;0;0;0;0;0;0;0;0;0;0;0;0;0;0;0;0;0;0;0;0;0;0;0;0;0;0;0;0;0;0;0;0;0;0;0;0;0;0;0;0;27
4213;151751;133089;47550;139965;163543;160569;140223;110079;157677;155038;159386;177262;146165;164306;167412;153143;172362;146512;157956;153087;162980;167701;139835;158590;159579;169724;173906;181488;182251;182387;0;0;0;0;0;0;0;0;0;0;39;50;1;6;5;24;2;3;22;18;8;83;32;17;29;7;11;19;20;42;27;80;10;9;15;35;30;14;16;13;0;0;0;0;0;0;0;0;0;0;0;0;0;0;0;0;0;0;0;0;0;0;0;0;0;0;0;0;0;0;0;0;0;0;0;0;0;0;0;0;0;0;0;0;0;0;0;0;0;0;30
4218;112863;63542;141747;114222;160469;121331;115005;166249;171508;47707;159587;170245;159389;106652;165014;134721;114753;172101;177710;181677;122030;173149;155274;160544;100177;151538;157799;102805;111850;0;0;0;0;0;0;0;0;0;0;0;1;99;12;22;26;3;4;37;6;5;73;72;78;18;70;17;8;25;77;20;13;21;44;80;7;28;9;92;32;0;0;0;0;0;0;0;0;0;0;0;0;0;0;0;0;0;0;0;0;0;0;0;0;0;0;0;0;0;0;0;0;0;0;0;0;0;0;0;0;0;0;0;0;0;0;0;0;0;0;0;29
4219;103498;181506;140100;169091;63238;168467;103268;142065;103125;155459;58843;133177;119573;175348;141212;126567;132964;42892;182314;155214;141911;172552;165866;156291;118072;144997;43094;178104;179506;179505;176566;0;0;0;0;0;0;0;0;0;1;21;44;12;22;14;34;2;5;3;18;77;31;28;23;6;33;8;15;10;20;17;38;42;19;11;7;16;49;24;78;0;0;0;0;0;0;0;0;0;0;0;0;0;0;0;0;0;0;0;0;0;0;0;0;0;0;0;0;0;0;0;0;0;0;0;0;0;0;0;0;0;0;0;0;0;0;0;0;0;31
4220;104704;63597;152015;164898;138047;104719;147187;45196;161478;59465;109907;155265;148223;40677;139658;118400;117704;103133;117301;114439;117576;148110;61164;103970;112461;100479;100159;173978;175772;165225;0;0;0;0;0;0;0;0;0;0;1;16;69;30;24;5;6;15;55;23;3;4;22;33;39;32;27;2;18;29;7;14;99;90;77;9;10;46;31;58;0;0;0;0;0;0;0;0;0;0;0;0;0;0;0;0;0;0;0;0;0;0;0;0;0;0;0;0;0;0;0;0;0;0;0;0;0;0;0;0;0;0;0;0;0;0;0;0;0;0;30
4225;102968;100426;126239;179217;136082;165645;100481;112882;111124;159452;177968;126574;131212;152258;45409;133456;162197;160233;178396;126163;127564;181811;177969;178587;117976;165715;131957;153157;179518;177823;164941;110052;108360;168345;177000;0;0;0;0;0;1;12;45;22;2;47;34;4;14;3;43;33;17;7;31;16;44;8;66;57;26;15;6;72;23;80;90;10;27;91;93;11;9;77;98;0;0;0;0;0;0;0;0;0;0;0;0;0;0;0;0;0;0;0;0;0;0;0;0;0;0;0;0;0;0;0;0;0;0;0;0;0;0;0;0;0;0;0;0;0;35
4228;111148;102299;154070;102347;157850;162258;170526;100401;179388;31378;154071;147281;162485;170699;140794;115655;131699;140544;119747;100181;129499;113143;41011;153922;131206;140152;154077;172008;165302;0;0;0;0;0;0;0;0;0;0;0;31;22;62;1;28;19;3;34;4;5;24;94;23;6;18;14;21;26;89;79;7;17;99;33;9;11;90;58;12;0;0;0;0;0;0;0;0;0;0;0;0;0;0;0;0;0;0;0;0;0;0;0;0;0;0;0;0;0;0;0;0;0;0;0;0;0;0;0;0;0;0;0;0;0;0;0;0;0;0;0;29
4229;135365;114240;102300;109942;157131;140317;146459;146977;147951;128253;132193;46941;157592;157392;143368;170471;142577;161457;114626;47007;117038;138535;140318;133353;170429;161931;128835;163644;161593;0;0;0;0;0;0;0;0;0;0;0;1;22;14;23;3;30;2;33;48;16;4;5;18;20;37;8;6;28;71;32;24;21;19;10;11;99;9;29;80;0;0;0;0;0;0;0;0;0;0;0;0;0;0;0;0;0;0;0;0;0;0;0;0;0;0;0;0;0;0;0;0;0;0;0;0;0;0;0;0;0;0;0;0;0;0;0;0;0;0;0;29
4230;100286;136490;131251;153911;163056;131522;113148;161929;116446;176383;155269;181515;140959;117195;153918;118232;172175;178330;176377;114818;63612;161879;176372;169564;115289;162594;182327;131267;0;0;0;0;0;0;0;0;0;0;0;0;1;22;99;80;57;6;23;38;15;81;46;3;5;4;8;32;27;25;77;94;7;26;24;19;10;11;9;17;0;0;0;0;0;0;0;0;0;0;0;0;0;0;0;0;0;0;0;0;0;0;0;0;0;0;0;0;0;0;0;0;0;0;0;0;0;0;0;0;0;0;0;0;0;0;0;0;0;0;0;0;28
4233;63451;157053;179259;165688;169647;110502;140246;162454;59998;178025;155048;157489;147313;177915;114988;104457;167175;108401;116604;160545;170825;113872;168313;157668;100617;42621;101918;153663;147947;172122;0;0;0;0;0;0;0;0;0;0;22;1;12;99;6;4;84;26;23;5;33;27;2;62;21;10;32;20;98;80;14;28;30;19;94;77;9;8;39;38;0;0;0;0;0;0;0;0;0;0;0;0;0;0;0;0;0;0;0;0;0;0;0;0;0;0;0;0;0;0;0;0;0;0;0;0;0;0;0;0;0;0;0;0;0;0;0;0;0;0;30
4234;147074;109453;152291;158764;134547;157584;151998;177680;128385;111053;153958;152600;172067;112897;172065;140431;173575;119866;116715;160183;179236;164495;169563;167653;157763;173115;144667;147090;177993;132398;172063;172069;0;0;0;0;0;0;0;0;22;75;12;3;30;79;2;6;23;5;19;20;21;14;16;8;18;92;32;10;24;17;80;7;40;99;9;28;11;90;29;26;0;0;0;0;0;0;0;0;0;0;0;0;0;0;0;0;0;0;0;0;0;0;0;0;0;0;0;0;0;0;0;0;0;0;0;0;0;0;0;0;0;0;0;0;0;0;0;0;32
4237;47143;129957;151682;179185;168332;179274;161915;157803;178041;128202;130798;156939;123196;147428;152446;157694;109563;146980;151529;165269;170962;118352;132470;130533;128741;167127;160192;153694;173974;174932;178548;178547;0;0;0;0;0;0;0;0;30;1;32;33;44;5;4;18;13;25;3;17;20;8;79;10;29;14;6;16;36;23;19;50;11;22;9;99;55;52;80;28;0;0;0;0;0;0;0;0;0;0;0;0;0;0;0;0;0;0;0;0;0;0;0;0;0;0;0;0;0;0;0;0;0;0;0;0;0;0;0;0;0;0;0;0;0;0;0;0;32
4241;113264;60560;59453;119096;170210;162730;5518;104649;102311;172427;114702;129529;160160;162707;154969;117420;147573;132598;40631;155280;145699;159670;118092;114627;117598;181950;172238;135312;102369;170702;0;0;0;0;0;0;0;0;0;0;1;22;12;5;2;26;39;33;4;44;6;8;35;14;21;20;36;15;11;19;3;99;10;23;7;17;9;81;32;18;0;0;0;0;0;0;0;0;0;0;0;0;0;0;0;0;0;0;0;0;0;0;0;0;0;0;0;0;0;0;0;0;0;0;0;0;0;0;0;0;0;0;0;0;0;0;0;0;0;0;30
4247;61167;138060;138322;116749;108114;161595;178026;108684;61010;116878;155209;125895;155212;113671;151826;173185;171964;164734;109955;110738;118272;179152;135005;111836;164853;171962;171963;174441;173184;0;0;0;0;0;0;0;0;0;0;0;13;1;3;8;12;22;2;15;4;5;14;10;23;6;28;17;33;30;21;16;11;31;9;20;7;25;18;43;44;0;0;0;0;0;0;0;0;0;0;0;0;0;0;0;0;0;0;0;0;0;0;0;0;0;0;0;0;0;0;0;0;0;0;0;0;0;0;0;0;0;0;0;0;0;0;0;0;0;0;0;29
4252;112534;101017;155451;133422;172219;176004;147371;176537;119807;63604;124882;103867;107317;103367;143896;151721;165253;116860;162737;102773;153762;153514;131175;126477;164866;132530;103470;181287;180339;0;0;0;0;0;0;0;0;0;0;0;13;1;26;16;36;21;2;4;5;3;12;17;24;22;28;8;23;6;31;14;10;7;20;15;11;9;19;25;18;0;0;0;0;0;0;0;0;0;0;0;0;0;0;0;0;0;0;0;0;0;0;0;0;0;0;0;0;0;0;0;0;0;0;0;0;0;0;0;0;0;0;0;0;0;0;0;0;0;0;0;29
4260;161189;61145;131742;104647;60875;108118;138023;161700;116143;106925;59802;110495;131722;164304;136117;9375;126604;180347;153483;138703;113406;125050;145758;159422;153515;167106;166173;173216;155290;176230;179222;177103;0;0;0;0;0;0;0;0;1;13;16;2;4;12;25;3;22;24;20;11;23;5;6;8;21;27;15;7;14;10;9;17;19;35;37;30;26;36;31;32;0;0;0;0;0;0;0;0;0;0;0;0;0;0;0;0;0;0;0;0;0;0;0;0;0;0;0;0;0;0;0;0;0;0;0;0;0;0;0;0;0;0;0;0;0;0;0;0;32
4272;108075;122904;103258;157782;155202;100144;140367;131317;47671;178050;109220;172300;147277;107880;127150;100707;112503;125000;153150;177799;147278;164981;144676;131328;169187;173172;173923;147275;177949;177948;181228;180262;0;0;0;0;0;0;0;0;1;13;3;6;2;5;4;15;7;22;24;26;8;16;14;20;9;10;11;21;17;18;19;23;34;44;48;12;25;28;27;29;0;0;0;0;0;0;0;0;0;0;0;0;0;0;0;0;0;0;0;0;0;0;0;0;0;0;0;0;0;0;0;0;0;0;0;0;0;0;0;0;0;0;0;0;0;0;0;0;32
4276;161753;151945;173569;160690;161755;161759;176905;161757;151946;176908;173568;176904;161761;176909;176901;179361;173567;173565;176907;176917;176112;176902;176914;173566;178378;181291;181803;182405;0;0;0;0;0;0;0;0;0;0;0;0;1;13;4;15;27;3;23;2;22;29;8;16;6;14;21;31;10;19;26;17;7;11;18;9;20;24;25;28;0;0;0;0;0;0;0;0;0;0;0;0;0;0;0;0;0;0;0;0;0;0;0;0;0;0;0;0;0;0;0;0;0;0;0;0;0;0;0;0;0;0;0;0;0;0;0;0;0;0;0;0;28
4302;100730;45291;103581;109995;134733;151927;128128;148602;176669;171619;128132;171926;177953;102497;138146;155215;134754;124997;166564;109078;109966;155361;111177;133165;117879;176855;165859;157885;179285;174897;180292;0;0;0;0;0;0;0;0;0;13;1;24;22;23;5;21;3;27;2;15;8;12;4;6;18;17;14;28;16;7;11;10;20;9;19;29;33;25;26;30;0;0;0;0;0;0;0;0;0;0;0;0;0;0;0;0;0;0;0;0;0;0;0;0;0;0;0;0;0;0;0;0;0;0;0;0;0;0;0;0;0;0;0;0;0;0;0;0;0;31
4308;152612;114559;172386;141710;147279;155455;145878;159277;179127;110000;177908;112229;159250;155037;161591;63666;159266;45267;170232;110646;146370;179317;162104;154197;148212;173968;47523;179126;173920;179359;180434;0;0;0;0;0;0;0;0;0;13;1;14;6;2;27;38;21;33;20;29;3;5;15;18;8;24;11;16;22;10;12;19;37;17;23;9;26;41;57;25;0;0;0;0;0;0;0;0;0;0;0;0;0;0;0;0;0;0;0;0;0;0;0;0;0;0;0;0;0;0;0;0;0;0;0;0;0;0;0;0;0;0;0;0;0;0;0;0;0;31
4326;54383;111304;157049;91243;133752;103570;54979;109596;57924;55164;127730;140199;144732;127556;128395;113584;110811;157324;113592;91035;146965;55109;104828;0;0;0;0;0;0;0;0;0;0;0;0;0;0;0;0;0;99;1;97;89;13;5;81;55;27;44;2;6;30;9;8;3;4;11;10;15;21;22;7;0;0;0;0;0;0;0;0;0;0;0;0;0;0;0;0;0;0;0;0;0;0;0;0;0;0;0;0;0;0;0;0;0;0;0;0;0;0;0;0;0;0;0;0;0;0;0;0;0;0;0;0;0;0;0;0;0;23
4344;95171;58337;90087;132437;123211;105051;175506;42929;153139;91158;130433;146833;59820;135419;125336;91238;57031;40284;129122;146725;110839;159210;0;0;0;0;0;0;0;0;0;0;0;0;0;0;0;0;0;0;71;31;35;13;12;6;1;4;3;23;28;2;88;77;8;18;21;7;11;5;14;15;0;0;0;0;0;0;0;0;0;0;0;0;0;0;0;0;0;0;0;0;0;0;0;0;0;0;0;0;0;0;0;0;0;0;0;0;0;0;0;0;0;0;0;0;0;0;0;0;0;0;0;0;0;0;0;0;0;0;22
4347;167797;144823;56048;114578;91377;91325;91343;91389;91213;147164;144474;91247;169111;55106;91030;116108;161188;124011;55114;90417;58074;90326;91680;152877;123785;0;0;0;0;0;0;0;0;0;0;0;0;0;0;0;2;1;29;13;44;50;26;4;6;3;5;12;17;47;61;11;10;7;42;24;27;31;9;14;15;0;0;0;0;0;0;0;0;0;0;0;0;0;0;0;0;0;0;0;0;0;0;0;0;0;0;0;0;0;0;0;0;0;0;0;0;0;0;0;0;0;0;0;0;0;0;0;0;0;0;0;0;0;0;0;25
4355;113288;102907;90347;90507;110941;112539;173731;103915;112393;90787;113632;120808;124978;54667;102626;114093;91729;90164;143309;140669;158736;114305;142944;146555;125926;131342;118064;0;0;0;0;0;0;0;0;0;0;0;0;0;39;1;67;15;24;4;7;5;3;13;17;2;30;82;18;23;10;16;20;11;77;37;12;8;9;14;6;0;0;0;0;0;0;0;0;0;0;0;0;0;0;0;0;0;0;0;0;0;0;0;0;0;0;0;0;0;0;0;0;0;0;0;0;0;0;0;0;0;0;0;0;0;0;0;0;0;0;0;0;0;27
4365;172459;137713;175427;112853;171362;118490;111403;137715;118239;172457;182390;137341;169604;113897;152942;111478;138038;161219;156961;106421;171520;104020;172458;47640;174943;178096;114156;140652;154827;168571;148965;132709;114646;137733;174728;153189;0;0;0;0;1;26;30;31;14;4;5;34;6;17;55;3;24;2;22;21;18;16;38;7;19;8;41;23;27;47;37;11;10;15;29;36;40;9;20;25;0;0;0;0;0;0;0;0;0;0;0;0;0;0;0;0;0;0;0;0;0;0;0;0;0;0;0;0;0;0;0;0;0;0;0;0;0;0;0;0;0;0;0;0;36
4370;157444;106739;118667;126644;131294;141955;142764;110773;144696;136617;130656;165132;157276;104437;138628;148995;146915;144112;181894;151613;126165;122869;161810;167718;0;0;0;0;0;0;0;0;0;0;0;0;0;0;0;0;13;16;1;5;4;24;21;29;27;26;17;22;30;8;6;10;19;11;9;7;2;12;20;37;0;0;0;0;0;0;0;0;0;0;0;0;0;0;0;0;0;0;0;0;0;0;0;0;0;0;0;0;0;0;0;0;0;0;0;0;0;0;0;0;0;0;0;0;0;0;0;0;0;0;0;0;0;0;0;0;24
4372;110719;138546;164285;160308;146604;177788;170536;177786;133042;151590;162738;139678;139921;177787;136010;152234;173051;178535;135577;170502;173103;139798;143646;147452;157419;144214;0;0;0;0;0;0;0;0;0;0;0;0;0;0;1;16;30;3;4;5;24;21;15;25;6;26;8;22;27;7;12;34;20;28;13;9;11;18;10;19;0;0;0;0;0;0;0;0;0;0;0;0;0;0;0;0;0;0;0;0;0;0;0;0;0;0;0;0;0;0;0;0;0;0;0;0;0;0;0;0;0;0;0;0;0;0;0;0;0;0;0;0;0;0;26
4379;109515;40607;162218;109496;164484;175449;128197;117304;160012;162441;168163;161637;159557;157540;168107;161788;128386;148167;159568;141368;171506;100230;169370;159747;172319;126988;140961;144119;102864;131224;0;0;0;0;0;0;0;0;0;0;1;24;34;22;5;27;29;13;20;15;50;17;3;96;2;80;21;98;36;10;19;18;28;30;23;77;99;11;9;7;0;0;0;0;0;0;0;0;0;0;0;0;0;0;0;0;0;0;0;0;0;0;0;0;0;0;0;0;0;0;0;0;0;0;0;0;0;0;0;0;0;0;0;0;0;0;0;0;0;0;30
4395;132740;115093;115010;136012;100790;170915;153766;107340;122855;102827;118323;172296;132984;159470;161343;164474;118630;177728;118049;128729;152305;126154;157635;182055;166492;179318;169799;178112;0;0;0;0;0;0;0;0;0;0;0;0;13;1;3;4;5;12;2;17;22;25;8;15;6;21;10;16;14;18;7;11;29;19;9;23;32;52;26;55;0;0;0;0;0;0;0;0;0;0;0;0;0;0;0;0;0;0;0;0;0;0;0;0;0;0;0;0;0;0;0;0;0;0;0;0;0;0;0;0;0;0;0;0;0;0;0;0;0;0;0;0;28
4914;114731;121396;179287;165123;134862;130326;108688;114782;120686;179202;179204;114617;159451;158777;109252;104502;42650;100414;100477;124236;147190;140986;60563;164573;109253;156969;112034;139927;60494;172633;173068;181593;181770;182071;179203;0;0;0;0;0;20;1;43;3;44;6;13;15;2;33;27;19;24;21;32;8;14;26;7;28;23;30;17;11;10;25;47;9;37;86;90;55;54;52;56;0;0;0;0;0;0;0;0;0;0;0;0;0;0;0;0;0;0;0;0;0;0;0;0;0;0;0;0;0;0;0;0;0;0;0;0;0;0;0;0;0;0;0;0;0;35
4941;125520;163541;125465;125631;176705;174562;154751;174427;177686;125484;135962;170606;170131;156268;61270;125412;104989;16726;128257;129595;57099;127441;16114;125456;111399;158957;156269;170643;151995;0;0;0;0;0;0;0;0;0;0;0;28;49;93;66;44;16;89;47;22;2;29;24;33;81;15;5;6;17;4;27;18;8;31;9;7;14;11;95;99;0;0;0;0;0;0;0;0;0;0;0;0;0;0;0;0;0;0;0;0;0;0;0;0;0;0;0;0;0;0;0;0;0;0;0;0;0;0;0;0;0;0;0;0;0;0;0;0;0;0;0;29
4959;122713;174977;41209;111167;151142;133252;104488;123090;127963;117060;108793;126167;133532;138527;155069;47491;141782;91307;135048;0;0;0;0;0;0;0;0;0;0;0;0;0;0;0;0;0;0;0;0;0;12;31;44;35;16;2;25;28;29;15;96;18;20;19;30;77;14;1;3;0;0;0;0;0;0;0;0;0;0;0;0;0;0;0;0;0;0;0;0;0;0;0;0;0;0;0;0;0;0;0;0;0;0;0;0;0;0;0;0;0;0;0;0;0;0;0;0;0;0;0;0;0;0;0;0;0;0;0;0;0;19
4965;131945;117806;157977;145828;146890;117374;129959;177666;163589;118057;175952;146652;143004;148134;164663;137843;123988;146413;138134;155530;158731;119760;178174;114851;111032;138560;147018;0;0;0;0;0;0;0;0;0;0;0;0;0;1;16;99;13;6;3;17;4;26;7;47;46;2;29;49;25;8;14;21;27;19;10;24;18;11;9;91;0;0;0;0;0;0;0;0;0;0;0;0;0;0;0;0;0;0;0;0;0;0;0;0;0;0;0;0;0;0;0;0;0;0;0;0;0;0;0;0;0;0;0;0;0;0;0;0;0;0;0;0;0;27
4971;0;0;0;0;0;0;0;0;0;0;0;0;0;0;0;0;0;0;0;0;0;0;0;0;0;0;0;0;0;0;0;0;0;0;0;0;0;0;0;0;0;0;0;0;0;0;0;0;0;0;0;0;0;0;0;0;0;0;0;0;0;0;0;0;0;0;0;0;0;0;0;0;0;0;0;0;0;0;0;0;0;0;0;0;0;0;0;0;0;0;0;0;0;0;0;0;0;0;0;0;0;0;0;0;0;0;0;0;0;0;0;0;0;0;0;0;0;0;0;0;0
4995;44037;164562;141559;118502;169122;160833;152478;165278;122281;117676;144001;141370;105251;150993;132672;113038;152761;168043;108771;160755;160137;146791;65258;141124;177881;174690;168824;0;0;0;0;0;0;0;0;0;0;0;0;0;1;25;6;2;17;23;42;26;3;33;20;13;22;5;18;8;4;10;11;29;7;19;27;9;37;39;30;0;0;0;0;0;0;0;0;0;0;0;0;0;0;0;0;0;0;0;0;0;0;0;0;0;0;0;0;0;0;0;0;0;0;0;0;0;0;0;0;0;0;0;0;0;0;0;0;0;0;0;0;0;27
5009;146773;91537;90220;91130;90190;91129;91079;129126;128522;91057;91107;111059;91582;90229;91556;91113;152101;90224;90196;91559;55924;91584;138407;53702;126767;127629;90016;0;0;0;0;0;0;0;0;0;0;0;0;0;41;40;34;4;5;6;28;32;25;23;2;30;16;3;20;33;22;21;17;38;8;31;10;18;29;11;9;0;0;0;0;0;0;0;0;0;0;0;0;0;0;0;0;0;0;0;0;0;0;0;0;0;0;0;0;0;0;0;0;0;0;0;0;0;0;0;0;0;0;0;0;0;0;0;0;0;0;0;0;0;27
5010;126752;38784;90014;144571;139795;116649;116647;146017;90155;142082;113281;170390;144436;91589;155500;123131;172266;90633;142155;176104;148101;159158;170553;151507;147375;162990;95238;0;0;0;0;0;0;0;0;0;0;0;0;0;26;1;25;23;5;4;16;22;35;17;39;19;13;20;6;24;10;33;14;49;7;27;21;9;40;11;47;0;0;0;0;0;0;0;0;0;0;0;0;0;0;0;0;0;0;0;0;0;0;0;0;0;0;0;0;0;0;0;0;0;0;0;0;0;0;0;0;0;0;0;0;0;0;0;0;0;0;0;0;0;27
5028;138291;128433;134716;130509;160945;166545;182383;174721;111133;164943;140403;118268;165255;162647;174908;157806;143538;141615;159748;162696;107909;110571;153142;140004;178064;164722;164720;154268;173207;168088;172358;178585;0;0;0;0;0;0;0;0;25;1;3;16;13;55;4;28;5;17;2;6;14;8;15;20;7;11;77;18;10;23;80;12;9;26;31;36;47;48;22;21;0;0;0;0;0;0;0;0;0;0;0;0;0;0;0;0;0;0;0;0;0;0;0;0;0;0;0;0;0;0;0;0;0;0;0;0;0;0;0;0;0;0;0;0;0;0;0;0;32
5046;60198;169288;169294;160330;138344;60167;60663;123035;182113;182863;108757;126736;126255;176029;143733;156851;140874;158880;150979;164384;105298;176254;169290;128033;147624;120025;176259;176258;159959;135217;173590;0;0;0;0;0;0;0;0;0;22;1;12;44;14;4;19;6;32;2;23;20;28;45;5;8;13;55;26;21;18;30;46;37;11;7;24;36;77;10;49;0;0;0;0;0;0;0;0;0;0;0;0;0;0;0;0;0;0;0;0;0;0;0;0;0;0;0;0;0;0;0;0;0;0;0;0;0;0;0;0;0;0;0;0;0;0;0;0;0;31
5048;128015;111383;130149;135478;43688;157963;146583;139905;152596;130127;139665;160957;108822;60764;146075;113478;45507;160943;137988;168259;0;0;0;0;0;0;0;0;0;0;0;0;0;0;0;0;0;0;0;0;2;1;3;4;5;19;7;6;8;20;9;10;11;12;13;14;15;16;17;18;0;0;0;0;0;0;0;0;0;0;0;0;0;0;0;0;0;0;0;0;0;0;0;0;0;0;0;0;0;0;0;0;0;0;0;0;0;0;0;0;0;0;0;0;0;0;0;0;0;0;0;0;0;0;0;0;0;0;0;0;20
5061;142656;144453;143024;181700;59535;141533;121971;181551;175627;152870;175628;142712;164855;114155;119105;117813;145124;181552;160196;153502;168949;127283;35883;132023;153316;168395;137007;146534;176045;167420;0;0;0;0;0;0;0;0;0;0;49;30;18;70;13;34;19;3;23;22;2;24;38;21;55;8;5;4;32;29;47;7;10;11;26;88;17;16;99;36;0;0;0;0;0;0;0;0;0;0;0;0;0;0;0;0;0;0;0;0;0;0;0;0;0;0;0;0;0;0;0;0;0;0;0;0;0;0;0;0;0;0;0;0;0;0;0;0;0;0;30
5062;142947;157213;161221;142532;104497;168255;143044;175814;132481;169089;61049;175526;171621;120027;118184;167821;120168;168693;168475;169931;175525;160326;182166;0;0;0;0;0;0;0;0;0;0;0;0;0;0;0;0;0;71;12;4;6;21;29;24;19;8;5;16;35;25;20;10;11;77;14;34;87;65;13;23;0;0;0;0;0;0;0;0;0;0;0;0;0;0;0;0;0;0;0;0;0;0;0;0;0;0;0;0;0;0;0;0;0;0;0;0;0;0;0;0;0;0;0;0;0;0;0;0;0;0;0;0;0;0;0;0;0;23
5086;127608;111117;101393;164543;106429;140315;126919;162216;132531;171532;112948;104837;157846;115321;164979;131710;114032;167977;107988;171531;159446;140058;136705;139707;159500;136541;122666;157265;159447;140218;122809;114971;171530;0;0;0;0;0;0;0;1;21;13;31;29;6;3;37;12;26;22;24;15;2;5;14;4;38;8;36;33;44;23;7;10;19;32;17;27;16;11;9;39;0;0;0;0;0;0;0;0;0;0;0;0;0;0;0;0;0;0;0;0;0;0;0;0;0;0;0;0;0;0;0;0;0;0;0;0;0;0;0;0;0;0;0;0;0;0;0;33
5099;157417;103414;113900;132713;101490;137788;124740;172253;165761;157120;167272;159458;117660;107895;124753;163022;159459;172418;160423;157696;173891;166533;165242;0;0;0;0;0;0;0;0;0;0;0;0;0;0;0;0;0;22;30;25;97;23;4;19;3;8;2;26;84;20;14;21;6;87;11;10;9;34;18;17;0;0;0;0;0;0;0;0;0;0;0;0;0;0;0;0;0;0;0;0;0;0;0;0;0;0;0;0;0;0;0;0;0;0;0;0;0;0;0;0;0;0;0;0;0;0;0;0;0;0;0;0;0;0;0;0;0;23
5129;0;0;0;0;0;0;0;0;0;0;0;0;0;0;0;0;0;0;0;0;0;0;0;0;0;0;0;0;0;0;0;0;0;0;0;0;0;0;0;0;0;0;0;0;0;0;0;0;0;0;0;0;0;0;0;0;0;0;0;0;0;0;0;0;0;0;0;0;0;0;0;0;0;0;0;0;0;0;0;0;0;0;0;0;0;0;0;0;0;0;0;0;0;0;0;0;0;0;0;0;0;0;0;0;0;0;0;0;0;0;0;0;0;0;0;0;0;0;0;0;0
5137;115545;135084;142805;160311;111370;106572;152246;36782;134505;63475;104499;135245;127976;111180;168852;161056;144216;121312;152471;127209;125029;132447;106361;127961;40659;135325;0;0;0;0;0;0;0;0;0;0;0;0;0;0;93;12;21;31;4;34;47;3;97;5;28;1;2;8;88;26;44;7;75;10;6;9;17;25;11;71;0;0;0;0;0;0;0;0;0;0;0;0;0;0;0;0;0;0;0;0;0;0;0;0;0;0;0;0;0;0;0;0;0;0;0;0;0;0;0;0;0;0;0;0;0;0;0;0;0;0;0;0;0;0;26
5139;127900;152352;103065;154858;135340;127964;123429;145637;116151;143102;108228;113329;125699;132886;113576;129952;157356;153348;111776;46148;0;0;0;0;0;0;0;0;0;0;0;0;0;0;0;0;0;0;0;0;12;30;31;32;33;25;13;27;17;14;7;8;19;10;9;22;11;4;20;1;0;0;0;0;0;0;0;0;0;0;0;0;0;0;0;0;0;0;0;0;0;0;0;0;0;0;0;0;0;0;0;0;0;0;0;0;0;0;0;0;0;0;0;0;0;0;0;0;0;0;0;0;0;0;0;0;0;0;0;0;20
5142;57411;108823;114467;107990;153053;132449;159847;139661;158664;157637;123113;157201;166451;121267;103601;157402;163532;139705;53514;134478;0;0;0;0;0;0;0;0;0;0;0;0;0;0;0;0;0;0;0;0;16;3;18;17;9;8;10;4;13;12;15;55;2;14;32;11;5;33;1;7;0;0;0;0;0;0;0;0;0;0;0;0;0;0;0;0;0;0;0;0;0;0;0;0;0;0;0;0;0;0;0;0;0;0;0;0;0;0;0;0;0;0;0;0;0;0;0;0;0;0;0;0;0;0;0;0;0;0;0;0;20
5143;119784;111366;142364;101944;105087;157355;105192;132039;124892;131857;159693;160355;157341;172529;108656;136955;110614;102824;153446;116156;152324;143202;143891;133221;159992;133738;168803;0;0;0;0;0;0;0;0;0;0;0;0;0;12;1;15;11;5;55;33;6;18;3;4;8;88;29;20;30;7;28;17;14;9;22;2;10;19;21;99;0;0;0;0;0;0;0;0;0;0;0;0;0;0;0;0;0;0;0;0;0;0;0;0;0;0;0;0;0;0;0;0;0;0;0;0;0;0;0;0;0;0;0;0;0;0;0;0;0;0;0;0;0;27
5145;108824;130147;127881;159964;143938;57418;106344;118655;115057;153208;110476;107883;132038;139809;135043;130634;101566;119902;37496;126471;107422;152228;109932;164518;145640;143517;128991;110802;114580;132762;135294;134944;116351;124849;127930;124252;0;0;0;0;97;88;94;27;3;13;17;5;4;54;24;16;2;79;12;14;28;20;77;55;8;7;15;33;11;21;10;22;9;45;39;1;6;18;19;23;0;0;0;0;0;0;0;0;0;0;0;0;0;0;0;0;0;0;0;0;0;0;0;0;0;0;0;0;0;0;0;0;0;0;0;0;0;0;0;0;0;0;0;0;36
5148;151277;91300;91308;153217;42268;157790;91328;152919;46209;91339;91341;91344;145791;91350;91355;91356;91357;91358;44852;115043;112738;141455;130521;116417;106602;139842;0;0;0;0;0;0;0;0;0;0;0;0;0;0;8;1;19;9;4;13;16;25;2;24;5;21;14;7;10;30;18;22;17;29;3;15;20;28;26;12;0;0;0;0;0;0;0;0;0;0;0;0;0;0;0;0;0;0;0;0;0;0;0;0;0;0;0;0;0;0;0;0;0;0;0;0;0;0;0;0;0;0;0;0;0;0;0;0;0;0;0;0;0;0;26
5171;64784;91517;119357;138663;104506;147892;162889;56143;90003;132312;138574;119371;107844;132582;90119;119197;141226;143931;90007;110917;123881;138667;116574;123759;119375;119355;103264;0;0;0;0;0;0;0;0;0;0;0;0;0;26;10;18;33;36;23;3;9;2;4;11;16;6;22;14;20;1;12;19;40;17;21;13;7;24;29;5;0;0;0;0;0;0;0;0;0;0;0;0;0;0;0;0;0;0;0;0;0;0;0;0;0;0;0;0;0;0;0;0;0;0;0;0;0;0;0;0;0;0;0;0;0;0;0;0;0;0;0;0;0;27
5173;128995;135511;54980;126139;126140;119388;171412;145143;115929;138684;171253;138627;128971;101785;171407;178222;175862;115605;58445;171409;126141;100989;172881;111527;113520;126690;140551;171414;31899;128948;0;0;0;0;0;0;0;0;0;0;14;1;31;4;5;26;3;27;13;2;16;25;33;8;36;38;48;17;15;43;21;10;45;30;9;29;11;18;40;22;0;0;0;0;0;0;0;0;0;0;0;0;0;0;0;0;0;0;0;0;0;0;0;0;0;0;0;0;0;0;0;0;0;0;0;0;0;0;0;0;0;0;0;0;0;0;0;0;0;0;30
5175;91298;123849;91127;117022;122878;123895;166110;64793;129013;162012;114896;128997;119277;112530;119279;154839;154841;116052;105876;107799;114625;123897;90041;0;0;0;0;0;0;0;0;0;0;0;0;0;0;0;0;0;25;21;26;18;6;4;31;17;3;27;10;14;28;5;30;24;20;8;29;7;9;11;19;0;0;0;0;0;0;0;0;0;0;0;0;0;0;0;0;0;0;0;0;0;0;0;0;0;0;0;0;0;0;0;0;0;0;0;0;0;0;0;0;0;0;0;0;0;0;0;0;0;0;0;0;0;0;0;0;0;23
5180;141664;105877;112732;163282;133927;122879;133926;154781;46723;123858;163286;102699;139973;133933;109447;165198;144063;163276;91143;128950;102596;143826;0;0;0;0;0;0;0;0;0;0;0;0;0;0;0;0;0;0;33;1;36;5;3;26;16;4;8;14;19;29;10;22;28;11;18;20;23;7;9;2;0;0;0;0;0;0;0;0;0;0;0;0;0;0;0;0;0;0;0;0;0;0;0;0;0;0;0;0;0;0;0;0;0;0;0;0;0;0;0;0;0;0;0;0;0;0;0;0;0;0;0;0;0;0;0;0;0;0;22
5181;52986;64798;119177;117838;119230;119276;91579;119271;119247;133207;91173;128838;140912;130107;58463;119309;129018;121816;156798;119322;91174;133917;135530;91504;91410;0;0;0;0;0;0;0;0;0;0;0;0;0;0;0;1;21;29;6;26;27;4;3;16;35;28;5;37;15;18;33;8;10;47;11;20;14;9;7;17;0;0;0;0;0;0;0;0;0;0;0;0;0;0;0;0;0;0;0;0;0;0;0;0;0;0;0;0;0;0;0;0;0;0;0;0;0;0;0;0;0;0;0;0;0;0;0;0;0;0;0;0;0;0;0;25
5184;90577;91294;91508;110669;133916;111592;58544;90215;104934;160189;112490;111530;91597;123878;128380;91450;91480;171303;113247;91223;90611;129484;53397;0;0;0;0;0;0;0;0;0;0;0;0;0;0;0;0;0;1;13;35;32;23;5;15;22;4;36;8;12;17;6;10;21;11;31;7;29;58;20;24;0;0;0;0;0;0;0;0;0;0;0;0;0;0;0;0;0;0;0;0;0;0;0;0;0;0;0;0;0;0;0;0;0;0;0;0;0;0;0;0;0;0;0;0;0;0;0;0;0;0;0;0;0;0;0;0;0;23
5185;57037;127360;90533;64800;146246;59565;91488;163181;122767;119330;133083;91253;103891;128461;105890;123873;90065;136959;105894;136765;132872;121275;119172;111624;128945;111593;91515;116335;126606;0;0;0;0;0;0;0;0;0;0;0;31;15;26;4;19;18;16;3;20;6;17;21;10;30;8;27;29;25;2;12;13;9;7;22;1;23;24;32;33;0;0;0;0;0;0;0;0;0;0;0;0;0;0;0;0;0;0;0;0;0;0;0;0;0;0;0;0;0;0;0;0;0;0;0;0;0;0;0;0;0;0;0;0;0;0;0;0;0;0;0;29
5189;60381;132480;121342;159994;135536;90479;127129;132167;117424;152750;90517;91192;135952;126178;128349;157002;146943;133439;157206;173699;107335;164451;140880;61091;0;0;0;0;0;0;0;0;0;0;0;0;0;0;0;0;36;35;1;5;4;2;27;3;18;6;33;37;19;12;23;21;8;17;7;20;26;13;25;15;0;0;0;0;0;0;0;0;0;0;0;0;0;0;0;0;0;0;0;0;0;0;0;0;0;0;0;0;0;0;0;0;0;0;0;0;0;0;0;0;0;0;0;0;0;0;0;0;0;0;0;0;0;0;0;0;24
5191;135138;110266;157313;143379;153094;128446;159738;164643;46978;123805;172416;159744;104811;158463;179408;46642;164692;174681;179723;144036;164529;172417;163202;108004;133699;156918;154434;42058;109045;160543;175791;175792;164642;0;0;0;0;0;0;0;41;15;81;33;20;25;4;21;3;5;17;2;23;16;6;8;34;43;78;30;10;22;9;7;24;14;19;11;18;79;92;76;12;0;0;0;0;0;0;0;0;0;0;0;0;0;0;0;0;0;0;0;0;0;0;0;0;0;0;0;0;0;0;0;0;0;0;0;0;0;0;0;0;0;0;0;0;0;0;0;33
5194;125290;157145;157701;126289;119497;129161;61271;125966;170660;135196;126411;163587;114192;164830;128832;177363;111083;175470;138029;164455;177954;151527;160993;157596;157396;165677;170882;0;0;0;0;0;0;0;0;0;0;0;0;0;16;12;21;4;23;26;5;22;34;3;18;60;8;33;6;14;13;99;11;53;31;10;38;7;42;77;37;0;0;0;0;0;0;0;0;0;0;0;0;0;0;0;0;0;0;0;0;0;0;0;0;0;0;0;0;0;0;0;0;0;0;0;0;0;0;0;0;0;0;0;0;0;0;0;0;0;0;0;0;0;27
5196;91239;122039;91237;147526;91415;91123;135360;91263;103810;90146;127121;122178;91454;165670;122177;91698;90282;147116;122261;90785;91200;57595;127620;105096;91594;91235;132658;116681;0;0;0;0;0;0;0;0;0;0;0;0;1;14;72;4;2;22;90;5;8;81;82;40;32;42;11;37;27;17;10;19;70;88;7;9;23;20;13;77;0;0;0;0;0;0;0;0;0;0;0;0;0;0;0;0;0;0;0;0;0;0;0;0;0;0;0;0;0;0;0;0;0;0;0;0;0;0;0;0;0;0;0;0;0;0;0;0;0;0;0;0;28
5202;116638;42273;147171;155669;113224;129124;109580;175433;168444;146814;110485;145888;138675;118416;153996;158486;178017;141028;135953;113792;177345;106020;120994;175752;104311;125831;181492;181286;182220;180284;0;0;0;0;0;0;0;0;0;0;1;48;3;50;20;5;30;2;58;42;17;6;21;94;8;11;18;88;12;14;27;16;7;38;9;10;43;44;46;49;0;0;0;0;0;0;0;0;0;0;0;0;0;0;0;0;0;0;0;0;0;0;0;0;0;0;0;0;0;0;0;0;0;0;0;0;0;0;0;0;0;0;0;0;0;0;0;0;0;0;30
5203;147304;143110;155722;152514;145629;137693;132339;140578;169837;161411;157041;153991;154995;147546;155409;133403;164291;40472;143186;128603;138496;134512;159783;159849;174946;174168;0;0;0;0;0;0;0;0;0;0;0;0;0;0;1;17;33;4;26;23;5;3;45;30;20;6;18;2;77;22;15;12;10;8;11;9;39;19;14;97;0;0;0;0;0;0;0;0;0;0;0;0;0;0;0;0;0;0;0;0;0;0;0;0;0;0;0;0;0;0;0;0;0;0;0;0;0;0;0;0;0;0;0;0;0;0;0;0;0;0;0;0;0;0;26
5204;159525;126211;171553;143903;59595;131418;147265;126191;47806;159407;135167;130820;110616;154966;109296;132278;138161;143241;175481;177130;118044;152124;118061;170641;120871;154925;178412;57340;140554;132638;173180;171554;0;0;0;0;0;0;0;0;1;13;29;39;20;4;22;5;15;24;12;3;23;21;16;19;18;77;42;30;10;70;17;8;32;7;11;9;40;99;91;27;0;0;0;0;0;0;0;0;0;0;0;0;0;0;0;0;0;0;0;0;0;0;0;0;0;0;0;0;0;0;0;0;0;0;0;0;0;0;0;0;0;0;0;0;0;0;0;0;32
5207;128563;61505;180730;126279;47965;146185;150939;127393;180749;120189;126563;174432;131514;179087;152217;135883;128578;166639;160964;166695;153057;41637;141143;182054;45539;159243;151465;179304;173188;0;0;0;0;0;0;0;0;0;0;0;12;1;18;3;5;6;21;15;22;16;60;23;24;31;9;7;13;14;11;19;8;17;32;20;77;28;58;4;2;0;0;0;0;0;0;0;0;0;0;0;0;0;0;0;0;0;0;0;0;0;0;0;0;0;0;0;0;0;0;0;0;0;0;0;0;0;0;0;0;0;0;0;0;0;0;0;0;0;0;0;29
5208;126437;126682;124940;153041;126054;151220;146855;142380;107835;151440;108047;65093;164667;128485;120285;105181;65068;136933;108185;146204;130490;126073;178401;140855;141739;179242;0;0;0;0;0;0;0;0;0;0;0;0;0;0;12;3;23;4;2;14;25;19;18;20;28;22;6;21;7;10;8;15;11;17;9;27;13;30;33;1;0;0;0;0;0;0;0;0;0;0;0;0;0;0;0;0;0;0;0;0;0;0;0;0;0;0;0;0;0;0;0;0;0;0;0;0;0;0;0;0;0;0;0;0;0;0;0;0;0;0;0;0;0;0;26
5217;133688;107924;141133;172534;121620;126937;146605;114443;178152;169117;135495;128156;114630;169687;46979;163573;119688;134722;156975;114794;136604;126544;114562;163580;165266;115070;177934;153629;138461;157680;174170;174483;173946;0;0;0;0;0;0;0;1;16;61;95;5;28;34;3;15;63;30;27;77;99;4;24;8;6;48;10;33;21;7;14;19;39;9;17;50;52;57;40;42;0;0;0;0;0;0;0;0;0;0;0;0;0;0;0;0;0;0;0;0;0;0;0;0;0;0;0;0;0;0;0;0;0;0;0;0;0;0;0;0;0;0;0;0;0;0;0;33
5220;123062;143865;175943;113238;111456;160844;137721;101837;175535;172254;140127;145998;144885;132105;181946;111197;143380;170408;172535;132610;179223;148486;176682;159301;168338;174967;181808;164942;0;0;0;0;0;0;0;0;0;0;0;0;37;1;18;21;5;48;26;16;3;29;27;19;8;6;23;17;14;25;22;10;11;12;30;13;7;20;9;44;0;0;0;0;0;0;0;0;0;0;0;0;0;0;0;0;0;0;0;0;0;0;0;0;0;0;0;0;0;0;0;0;0;0;0;0;0;0;0;0;0;0;0;0;0;0;0;0;0;0;0;0;28
5221;140288;153619;159676;134444;125292;164728;168036;182338;166532;46843;173110;142518;178413;114077;163649;105073;177327;134933;169020;146242;161234;181674;129658;168201;170369;144887;175945;174635;153628;0;0;0;0;0;0;0;0;0;0;0;99;30;31;40;5;6;4;24;3;33;28;22;23;34;46;8;12;39;17;13;77;11;7;38;90;94;10;9;29;0;0;0;0;0;0;0;0;0;0;0;0;0;0;0;0;0;0;0;0;0;0;0;0;0;0;0;0;0;0;0;0;0;0;0;0;0;0;0;0;0;0;0;0;0;0;0;0;0;0;0;29
5225;151525;101623;170581;137997;152629;146055;168391;182226;165868;120447;120509;178068;176116;124352;170821;169355;162112;136718;136826;146050;129006;120879;147750;153883;152954;0;0;0;0;0;0;0;0;0;0;0;0;0;0;0;30;1;16;3;4;40;25;15;24;2;19;28;26;20;33;36;7;14;17;10;22;8;11;23;9;0;0;0;0;0;0;0;0;0;0;0;0;0;0;0;0;0;0;0;0;0;0;0;0;0;0;0;0;0;0;0;0;0;0;0;0;0;0;0;0;0;0;0;0;0;0;0;0;0;0;0;0;0;0;0;25
5226;131084;123554;126815;135481;145822;177936;169804;172502;153878;130540;124606;169780;139894;120638;161960;171496;179366;169777;153881;172504;140301;141742;172519;169781;0;0;0;0;0;0;0;0;0;0;0;0;0;0;0;0;16;1;12;5;4;19;21;23;13;20;22;3;26;6;7;31;17;24;11;29;15;9;28;35;0;0;0;0;0;0;0;0;0;0;0;0;0;0;0;0;0;0;0;0;0;0;0;0;0;0;0;0;0;0;0;0;0;0;0;0;0;0;0;0;0;0;0;0;0;0;0;0;0;0;0;0;0;0;0;0;24
5229;141489;138676;176492;168075;151472;165804;178366;176489;166206;125817;146059;120434;127524;138267;165271;123543;173020;151523;176491;120547;120555;123451;162042;152190;130491;152517;170204;0;0;0;0;0;0;0;0;0;0;0;0;0;90;42;23;5;4;3;15;8;17;24;14;12;18;6;21;11;16;20;13;10;7;98;97;25;9;19;29;0;0;0;0;0;0;0;0;0;0;0;0;0;0;0;0;0;0;0;0;0;0;0;0;0;0;0;0;0;0;0;0;0;0;0;0;0;0;0;0;0;0;0;0;0;0;0;0;0;0;0;0;0;27
5235;146346;147002;168388;147029;116106;111438;182344;61155;179281;124608;123450;165783;123462;136468;140725;162017;115112;166558;176108;167734;120419;120453;160097;178059;148206;136247;177325;136190;101642;166559;0;0;0;0;0;0;0;0;0;0;1;24;33;5;13;14;15;4;21;3;2;23;34;6;30;8;17;26;27;16;11;10;80;20;7;19;32;9;18;31;0;0;0;0;0;0;0;0;0;0;0;0;0;0;0;0;0;0;0;0;0;0;0;0;0;0;0;0;0;0;0;0;0;0;0;0;0;0;0;0;0;0;0;0;0;0;0;0;0;0;30
5237;124301;155479;124348;143270;146348;164854;164664;132019;142205;170905;172517;121385;124310;162713;136716;148140;166260;153349;178181;182364;162329;182029;147228;123423;168553;0;0;0;0;0;0;0;0;0;0;0;0;0;0;0;1;16;24;55;5;32;30;23;18;26;31;4;13;10;6;8;33;11;29;14;7;17;21;9;19;0;0;0;0;0;0;0;0;0;0;0;0;0;0;0;0;0;0;0;0;0;0;0;0;0;0;0;0;0;0;0;0;0;0;0;0;0;0;0;0;0;0;0;0;0;0;0;0;0;0;0;0;0;0;0;25
5242;179164;131288;90594;164577;90598;91364;91033;95172;103506;126115;95180;90604;61082;91448;95190;90435;127013;90724;105038;174883;0;0;0;0;0;0;0;0;0;0;0;0;0;0;0;0;0;0;0;0;4;9;1;33;3;10;6;19;21;26;16;23;17;18;20;7;2;5;8;11;0;0;0;0;0;0;0;0;0;0;0;0;0;0;0;0;0;0;0;0;0;0;0;0;0;0;0;0;0;0;0;0;0;0;0;0;0;0;0;0;0;0;0;0;0;0;0;0;0;0;0;0;0;0;0;0;0;0;0;0;20
5253;160120;57846;90302;90381;90584;112178;146395;144871;134785;138163;90607;90313;90621;140819;90671;95179;157690;124970;161211;90675;90664;0;0;0;0;0;0;0;0;0;0;0;0;0;0;0;0;0;0;0;12;1;44;4;6;13;15;7;26;5;8;19;14;23;10;16;25;9;17;21;77;0;0;0;0;0;0;0;0;0;0;0;0;0;0;0;0;0;0;0;0;0;0;0;0;0;0;0;0;0;0;0;0;0;0;0;0;0;0;0;0;0;0;0;0;0;0;0;0;0;0;0;0;0;0;0;0;0;0;0;21
5269;90738;90722;145864;121322;146876;147043;125376;170360;169005;119859;144407;123150;90623;91595;90423;102649;61143;134422;114299;117791;170828;172107;142730;0;0;0;0;0;0;0;0;0;0;0;0;0;0;0;0;0;50;22;13;1;3;14;4;27;15;21;31;6;85;8;86;11;5;2;7;10;12;9;17;0;0;0;0;0;0;0;0;0;0;0;0;0;0;0;0;0;0;0;0;0;0;0;0;0;0;0;0;0;0;0;0;0;0;0;0;0;0;0;0;0;0;0;0;0;0;0;0;0;0;0;0;0;0;0;0;0;23
5288;91570;142418;126902;118167;140027;90686;91234;146109;91217;54121;91385;159536;91592;173867;90708;91598;169998;91252;119863;103661;90696;165274;118293;91596;0;0;0;0;0;0;0;0;0;0;0;0;0;0;0;0;1;48;4;12;25;2;24;5;6;30;23;3;7;19;11;20;26;8;80;10;9;18;17;13;0;0;0;0;0;0;0;0;0;0;0;0;0;0;0;0;0;0;0;0;0;0;0;0;0;0;0;0;0;0;0;0;0;0;0;0;0;0;0;0;0;0;0;0;0;0;0;0;0;0;0;0;0;0;0;0;24
5295;91593;91070;143481;126944;91539;135960;153192;170187;91696;130137;91222;123765;91323;90477;134747;90025;147101;90703;133139;129100;90546;148082;139882;137271;144343;91360;91363;0;0;0;0;0;0;0;0;0;0;0;0;0;67;44;81;16;2;25;4;21;46;77;68;23;8;26;5;14;73;10;22;11;15;69;91;18;90;28;39;0;0;0;0;0;0;0;0;0;0;0;0;0;0;0;0;0;0;0;0;0;0;0;0;0;0;0;0;0;0;0;0;0;0;0;0;0;0;0;0;0;0;0;0;0;0;0;0;0;0;0;0;0;27
5296;91376;126176;131885;169922;139841;141020;90932;159299;136356;148083;130953;91332;133553;139771;54778;91128;152608;122693;128283;102682;91196;91493;90335;131888;91709;90609;122245;90599;0;0;0;0;0;0;0;0;0;0;0;0;35;99;3;44;33;4;37;25;17;82;27;28;16;14;20;34;19;8;7;45;10;23;18;29;59;11;98;9;0;0;0;0;0;0;0;0;0;0;0;0;0;0;0;0;0;0;0;0;0;0;0;0;0;0;0;0;0;0;0;0;0;0;0;0;0;0;0;0;0;0;0;0;0;0;0;0;0;0;0;0;28
5300;122064;136013;91202;141650;167781;118672;54155;148576;90459;90760;55592;90082;91188;91120;90298;122150;90660;90356;90266;91470;91233;91319;126481;123871;165126;104122;90973;0;0;0;0;0;0;0;0;0;0;0;0;0;30;1;25;2;24;22;4;23;16;32;15;70;3;8;6;78;29;69;77;19;17;40;88;27;21;10;14;0;0;0;0;0;0;0;0;0;0;0;0;0;0;0;0;0;0;0;0;0;0;0;0;0;0;0;0;0;0;0;0;0;0;0;0;0;0;0;0;0;0;0;0;0;0;0;0;0;0;0;0;0;27
5301;128961;90137;107851;139766;53470;122126;91590;128407;91082;133111;108040;91299;138089;127106;143423;129048;146567;128962;160258;95186;95166;95201;144589;140859;91732;135286;90311;90315;91198;0;0;0;0;0;0;0;0;0;0;0;1;99;88;4;38;5;26;6;32;3;18;2;22;57;59;33;37;20;21;27;7;29;16;11;78;19;9;30;24;0;0;0;0;0;0;0;0;0;0;0;0;0;0;0;0;0;0;0;0;0;0;0;0;0;0;0;0;0;0;0;0;0;0;0;0;0;0;0;0;0;0;0;0;0;0;0;0;0;0;0;29
5317;176505;121468;112068;136201;165028;153888;131485;159207;132451;114023;176506;121484;152021;173957;121425;127145;176511;137439;170677;173035;167070;159638;128688;164748;176510;128687;0;0;0;0;0;0;0;0;0;0;0;0;0;0;1;12;19;15;28;5;6;20;3;42;2;8;21;17;29;23;14;18;24;11;22;30;9;27;16;7;0;0;0;0;0;0;0;0;0;0;0;0;0;0;0;0;0;0;0;0;0;0;0;0;0;0;0;0;0;0;0;0;0;0;0;0;0;0;0;0;0;0;0;0;0;0;0;0;0;0;0;0;0;0;26
5319;104283;116140;141457;38827;57408;178357;182035;140895;121513;165656;181554;153188;146678;101361;124875;146659;165233;124472;101280;117755;178358;136577;126779;181707;152183;137557;103276;59634;0;0;0;0;0;0;0;0;0;0;0;0;28;13;32;27;5;23;3;19;2;24;20;25;6;37;15;26;40;8;22;10;31;29;11;21;7;9;17;18;0;0;0;0;0;0;0;0;0;0;0;0;0;0;0;0;0;0;0;0;0;0;0;0;0;0;0;0;0;0;0;0;0;0;0;0;0;0;0;0;0;0;0;0;0;0;0;0;0;0;0;0;28
5325;143106;120301;120906;90554;147563;122092;102492;128107;120433;90561;120794;120528;90915;111026;90616;90615;138514;90613;90617;144626;0;0;0;0;0;0;0;0;0;0;0;0;0;0;0;0;0;0;0;0;31;2;30;29;6;8;23;15;13;18;10;7;16;9;20;25;24;11;17;1;0;0;0;0;0;0;0;0;0;0;0;0;0;0;0;0;0;0;0;0;0;0;0;0;0;0;0;0;0;0;0;0;0;0;0;0;0;0;0;0;0;0;0;0;0;0;0;0;0;0;0;0;0;0;0;0;0;0;0;0;20
5354;118339;140674;175386;165674;118620;146366;137628;141787;134723;120542;161722;177344;170211;107688;155420;171552;124824;140876;165672;164558;164509;164834;126528;102667;124257;0;0;0;0;0;0;0;0;0;0;0;0;0;0;0;75;1;35;4;27;2;3;65;54;5;37;70;6;20;10;18;14;7;77;99;50;17;19;9;11;0;0;0;0;0;0;0;0;0;0;0;0;0;0;0;0;0;0;0;0;0;0;0;0;0;0;0;0;0;0;0;0;0;0;0;0;0;0;0;0;0;0;0;0;0;0;0;0;0;0;0;0;0;0;0;25
5356;128393;124947;121102;132335;132357;111164;121172;104434;146334;114286;125804;141789;147494;127143;181723;143773;57025;181722;159822;135489;177096;172057;118942;133206;181275;178573;0;0;0;0;0;0;0;0;0;0;0;0;0;0;20;71;23;5;4;14;30;77;18;2;22;6;61;3;17;10;44;8;32;11;26;16;9;70;85;99;0;0;0;0;0;0;0;0;0;0;0;0;0;0;0;0;0;0;0;0;0;0;0;0;0;0;0;0;0;0;0;0;0;0;0;0;0;0;0;0;0;0;0;0;0;0;0;0;0;0;0;0;0;0;26
5361;58610;140158;178521;173926;111981;125349;101012;155690;181675;170422;116667;161423;160087;121116;121307;155176;179262;176639;108966;119884;126468;155186;155576;121053;116671;140314;157278;179468;181676;136441;121079;142070;119477;126594;178520;0;0;0;0;0;1;71;33;48;4;24;37;96;15;17;28;23;2;18;29;55;25;73;10;5;20;12;14;8;21;77;47;16;30;7;11;70;19;9;99;0;0;0;0;0;0;0;0;0;0;0;0;0;0;0;0;0;0;0;0;0;0;0;0;0;0;0;0;0;0;0;0;0;0;0;0;0;0;0;0;0;0;0;0;0;35
5366;110841;136645;151185;105176;111334;60672;136744;140466;142339;170808;123038;136720;174879;118406;152179;111286;181867;168083;130982;105355;174273;174329;182822;177963;174331;126980;170586;112567;126083;150985;181868;182023;182024;182025;0;0;0;0;0;0;1;12;24;22;6;19;4;5;13;28;15;36;2;27;16;20;25;14;23;30;29;31;3;35;40;10;8;9;11;17;21;7;18;26;0;0;0;0;0;0;0;0;0;0;0;0;0;0;0;0;0;0;0;0;0;0;0;0;0;0;0;0;0;0;0;0;0;0;0;0;0;0;0;0;0;0;0;0;0;0;34
5370;120038;160996;174764;160380;146635;43666;166779;144417;182480;120015;120224;146256;141182;159025;152358;168015;125400;179760;127689;151760;144419;117678;103993;109636;179675;152491;174765;0;0;0;0;0;0;0;0;0;0;0;0;0;3;4;7;34;15;9;2;10;19;21;27;16;5;1;77;12;29;22;8;11;13;17;6;18;14;24;20;0;0;0;0;0;0;0;0;0;0;0;0;0;0;0;0;0;0;0;0;0;0;0;0;0;0;0;0;0;0;0;0;0;0;0;0;0;0;0;0;0;0;0;0;0;0;0;0;0;0;0;0;0;27
5371;181678;159059;166697;128501;146187;145733;181679;159022;123809;180729;159017;169302;119900;182013;131065;159020;129401;129375;108154;166699;176022;119977;181856;157623;119901;166701;136659;159007;0;0;0;0;0;0;0;0;0;0;0;0;1;32;51;2;18;3;13;15;4;16;17;21;14;6;8;25;30;33;7;35;10;11;26;29;9;24;19;28;0;0;0;0;0;0;0;0;0;0;0;0;0;0;0;0;0;0;0;0;0;0;0;0;0;0;0;0;0;0;0;0;0;0;0;0;0;0;0;0;0;0;0;0;0;0;0;0;0;0;0;0;28
5373;118846;157109;135915;106277;132462;47995;159058;151430;142546;140915;158923;125678;158838;143193;180780;140522;120255;170545;123865;128558;109611;158839;169113;136934;147133;143114;0;0;0;0;0;0;0;0;0;0;0;0;0;0;1;29;22;18;25;21;2;16;26;3;27;17;5;4;28;6;14;12;19;7;10;8;13;30;24;15;0;0;0;0;0;0;0;0;0;0;0;0;0;0;0;0;0;0;0;0;0;0;0;0;0;0;0;0;0;0;0;0;0;0;0;0;0;0;0;0;0;0;0;0;0;0;0;0;0;0;0;0;0;0;26
5376;120116;152923;128808;146874;180826;119975;159105;142454;142786;120060;41623;158908;152175;127725;144318;120033;60652;160517;136968;127573;109632;152523;45998;127764;109634;141002;0;0;0;0;0;0;0;0;0;0;0;0;0;0;1;12;32;4;2;29;3;20;21;5;25;14;23;6;13;18;10;16;15;17;7;8;11;22;26;24;0;0;0;0;0;0;0;0;0;0;0;0;0;0;0;0;0;0;0;0;0;0;0;0;0;0;0;0;0;0;0;0;0;0;0;0;0;0;0;0;0;0;0;0;0;0;0;0;0;0;0;0;0;0;26
5433;115008;106559;121401;142275;138340;115245;140610;125356;127860;154315;134511;120275;124234;137866;101135;158848;120192;114030;132581;59526;45970;176734;104526;0;0;0;0;0;0;0;0;0;0;0;0;0;0;0;0;0;1;13;7;23;27;21;26;24;5;4;16;8;3;88;10;2;25;20;9;28;29;15;11;0;0;0;0;0;0;0;0;0;0;0;0;0;0;0;0;0;0;0;0;0;0;0;0;0;0;0;0;0;0;0;0;0;0;0;0;0;0;0;0;0;0;0;0;0;0;0;0;0;0;0;0;0;0;0;0;0;23
5439;91573;136764;90715;91281;129076;90467;91418;90268;91280;129074;55117;129077;129066;144958;95185;90283;129072;91604;129071;136763;129069;129068;129075;91564;129082;129060;0;0;0;0;0;0;0;0;0;0;0;0;0;0;13;1;12;3;2;4;5;15;16;18;14;17;23;6;24;9;7;19;10;8;20;21;25;26;11;22;0;0;0;0;0;0;0;0;0;0;0;0;0;0;0;0;0;0;0;0;0;0;0;0;0;0;0;0;0;0;0;0;0;0;0;0;0;0;0;0;0;0;0;0;0;0;0;0;0;0;0;0;0;0;26
5440;118006;131945;129125;110651;140672;90788;91491;129124;137466;119573;91193;54789;46144;118416;91155;144692;91183;154123;136855;111026;139904;119693;108905;91271;90658;121112;0;0;0;0;0;0;0;0;0;0;0;0;0;0;12;1;13;2;27;3;6;5;21;18;26;15;7;14;4;20;10;8;24;22;17;19;9;25;23;11;0;0;0;0;0;0;0;0;0;0;0;0;0;0;0;0;0;0;0;0;0;0;0;0;0;0;0;0;0;0;0;0;0;0;0;0;0;0;0;0;0;0;0;0;0;0;0;0;0;0;0;0;0;0;26
5454;124249;117792;132695;159958;154990;159910;114385;45575;168977;152445;168106;132738;173603;113840;170855;151765;170863;182263;168980;118365;146789;115030;111040;168104;147946;121205;135392;166797;167107;172117;168963;128353;182072;121305;0;0;0;0;0;0;20;1;22;13;6;32;42;31;34;3;25;4;15;5;17;8;24;26;27;23;10;16;18;29;11;7;33;43;28;47;9;99;19;21;0;0;0;0;0;0;0;0;0;0;0;0;0;0;0;0;0;0;0;0;0;0;0;0;0;0;0;0;0;0;0;0;0;0;0;0;0;0;0;0;0;0;0;0;0;0;34
5458;90992;90086;90557;90513;90070;150990;90502;51582;90076;90080;90446;141450;90193;90453;65129;90516;90081;166598;112013;63861;123141;90157;0;0;0;0;0;0;0;0;0;0;0;0;0;0;0;0;0;0;32;40;3;2;55;1;4;10;25;8;5;21;34;19;11;20;18;79;7;9;6;12;0;0;0;0;0;0;0;0;0;0;0;0;0;0;0;0;0;0;0;0;0;0;0;0;0;0;0;0;0;0;0;0;0;0;0;0;0;0;0;0;0;0;0;0;0;0;0;0;0;0;0;0;0;0;0;0;0;0;22
5573;127825;91365;42428;152379;57428;57417;134707;154311;111205;146176;127875;158660;46315;154905;107058;143145;145639;47579;128486;164639;58793;0;0;0;0;0;0;0;0;0;0;0;0;0;0;0;0;0;0;0;21;16;3;1;4;5;8;9;12;13;15;18;17;19;20;7;22;23;10;2;24;0;0;0;0;0;0;0;0;0;0;0;0;0;0;0;0;0;0;0;0;0;0;0;0;0;0;0;0;0;0;0;0;0;0;0;0;0;0;0;0;0;0;0;0;0;0;0;0;0;0;0;0;0;0;0;0;0;0;0;21
5586;128952;111590;95208;90039;102701;139704;115596;91457;91340;90475;141773;46079;122573;112637;115600;46694;90027;47701;90126;119235;122894;100608;91369;128708;119245;0;0;0;0;0;0;0;0;0;0;0;0;0;0;0;23;8;1;2;3;6;30;33;7;31;40;21;18;4;5;13;22;14;27;19;29;11;16;24;12;0;0;0;0;0;0;0;0;0;0;0;0;0;0;0;0;0;0;0;0;0;0;0;0;0;0;0;0;0;0;0;0;0;0;0;0;0;0;0;0;0;0;0;0;0;0;0;0;0;0;0;0;0;0;0;25
5633;143860;178011;157510;32664;127488;148076;135206;174881;34799;127605;182356;132543;63726;45678;152993;147298;128470;178502;140596;159314;134425;110691;143946;153261;160190;155140;57447;138012;0;0;0;0;0;0;0;0;0;0;0;0;1;95;12;33;27;4;43;3;6;5;75;72;18;42;8;24;80;19;21;11;7;29;17;13;23;10;90;99;0;0;0;0;0;0;0;0;0;0;0;0;0;0;0;0;0;0;0;0;0;0;0;0;0;0;0;0;0;0;0;0;0;0;0;0;0;0;0;0;0;0;0;0;0;0;0;0;0;0;0;0;28
5644;161886;147438;102251;125882;144697;153982;108664;138321;128147;118725;145946;157151;131610;176876;116523;147096;116475;172073;161468;170898;165871;167220;153805;160531;141708;134476;114758;0;0;0;0;0;0;0;0;0;0;0;0;0;25;13;1;12;4;5;23;19;20;17;2;8;6;18;14;24;28;29;10;21;16;15;3;7;11;9;22;0;0;0;0;0;0;0;0;0;0;0;0;0;0;0;0;0;0;0;0;0;0;0;0;0;0;0;0;0;0;0;0;0;0;0;0;0;0;0;0;0;0;0;0;0;0;0;0;0;0;0;0;0;27
5652;140014;123594;167727;45670;109474;136321;153419;168040;176432;103974;127323;47432;141963;60262;182343;133358;44694;161408;103531;145969;126219;176428;168012;104675;61405;176420;181683;155663;181682;0;0;0;0;0;0;0;0;0;0;0;13;99;96;3;4;22;94;24;32;25;33;47;6;5;19;8;11;16;23;70;17;72;80;10;37;20;88;21;15;0;0;0;0;0;0;0;0;0;0;0;0;0;0;0;0;0;0;0;0;0;0;0;0;0;0;0;0;0;0;0;0;0;0;0;0;0;0;0;0;0;0;0;0;0;0;0;0;0;0;0;29
5657;109830;118031;175468;174497;118405;159639;108899;61126;41527;159928;102610;103312;109615;60293;151093;173958;151094;110892;151097;143643;106321;144276;176983;113855;174647;125721;158595;135165;105202;145683;174848;0;0;0;0;0;0;0;0;0;1;30;38;14;31;2;15;37;32;6;4;13;25;5;17;16;79;33;10;8;28;18;36;11;24;7;9;20;21;23;22;0;0;0;0;0;0;0;0;0;0;0;0;0;0;0;0;0;0;0;0;0;0;0;0;0;0;0;0;0;0;0;0;0;0;0;0;0;0;0;0;0;0;0;0;0;0;0;0;0;31
5685;111147;126625;170903;178574;170578;170577;166162;113124;141378;173547;136615;46493;161247;173034;178512;101226;44664;177809;157252;164738;172309;123443;176846;104428;174327;166160;144040;162144;132793;172428;176302;173548;0;0;0;0;0;0;0;0;1;16;30;40;18;27;41;6;23;34;26;21;4;2;3;5;17;25;29;24;42;22;8;7;19;28;80;71;9;33;11;37;0;0;0;0;0;0;0;0;0;0;0;0;0;0;0;0;0;0;0;0;0;0;0;0;0;0;0;0;0;0;0;0;0;0;0;0;0;0;0;0;0;0;0;0;0;0;0;0;32
5736;170214;41270;130462;144870;118361;148991;148550;160819;135943;175607;110210;116633;168625;143565;133281;148557;148561;182280;176034;148943;107800;181598;120598;104790;103424;114223;105482;121609;0;0;0;0;0;0;0;0;0;0;0;0;42;1;4;5;6;55;47;3;18;50;2;8;23;12;7;35;28;16;48;20;59;40;11;22;10;9;19;30;0;0;0;0;0;0;0;0;0;0;0;0;0;0;0;0;0;0;0;0;0;0;0;0;0;0;0;0;0;0;0;0;0;0;0;0;0;0;0;0;0;0;0;0;0;0;0;0;0;0;0;0;28
5737;152780;148763;157164;142989;111213;174873;132433;142934;58856;142534;140553;121344;179280;143088;159213;111462;162987;181672;182010;178173;114980;158471;140002;142506;172306;173976;168628;0;0;0;0;0;0;0;0;0;0;0;0;0;18;13;1;12;21;3;15;4;2;24;5;20;11;27;37;10;22;30;29;66;9;14;99;16;17;19;51;0;0;0;0;0;0;0;0;0;0;0;0;0;0;0;0;0;0;0;0;0;0;0;0;0;0;0;0;0;0;0;0;0;0;0;0;0;0;0;0;0;0;0;0;0;0;0;0;0;0;0;0;0;27
5738;143025;135359;142708;143528;143641;109842;145651;163647;112523;153007;129364;160362;132749;160784;168129;60241;157971;166137;170765;179395;7511;152391;111419;34881;0;0;0;0;0;0;0;0;0;0;0;0;0;0;0;0;97;34;13;16;2;37;17;26;3;32;4;62;22;41;42;7;8;20;24;56;10;21;19;9;0;0;0;0;0;0;0;0;0;0;0;0;0;0;0;0;0;0;0;0;0;0;0;0;0;0;0;0;0;0;0;0;0;0;0;0;0;0;0;0;0;0;0;0;0;0;0;0;0;0;0;0;0;0;0;0;24
5739;143081;139644;153045;143083;132497;120050;144410;147259;174533;145685;130312;148879;171551;47702;174351;153131;145498;174300;107762;109000;169952;105146;175555;143092;160251;110449;168522;0;0;0;0;0;0;0;0;0;0;0;0;0;1;99;13;5;3;4;22;21;33;27;2;18;23;31;15;16;8;20;6;10;41;7;37;19;14;9;17;0;0;0;0;0;0;0;0;0;0;0;0;0;0;0;0;0;0;0;0;0;0;0;0;0;0;0;0;0;0;0;0;0;0;0;0;0;0;0;0;0;0;0;0;0;0;0;0;0;0;0;0;0;27
5740;142711;151605;102654;178099;120682;145689;135207;148098;144331;120537;132402;175960;101064;148034;144335;120949;167112;173109;164634;130464;143055;120782;148866;146371;142943;130314;168700;158542;0;0;0;0;0;0;0;0;0;0;0;0;1;12;5;35;4;15;29;30;23;3;17;2;6;33;8;14;20;38;32;10;7;16;19;11;9;21;51;50;0;0;0;0;0;0;0;0;0;0;0;0;0;0;0;0;0;0;0;0;0;0;0;0;0;0;0;0;0;0;0;0;0;0;0;0;0;0;0;0;0;0;0;0;0;0;0;0;0;0;0;0;28
5741;8574;142948;153369;121526;119990;142512;130310;165825;173086;175488;142514;116565;146556;121950;146023;123304;143010;174322;142960;157616;170564;43063;108192;143056;104961;168434;172512;154978;142488;0;0;0;0;0;0;0;0;0;0;0;1;12;31;5;4;91;33;15;45;29;24;14;6;46;11;8;66;22;21;65;70;7;99;18;19;30;77;27;17;0;0;0;0;0;0;0;0;0;0;0;0;0;0;0;0;0;0;0;0;0;0;0;0;0;0;0;0;0;0;0;0;0;0;0;0;0;0;0;0;0;0;0;0;0;0;0;0;0;0;0;29
5750;104704;114672;156323;137504;103519;167177;156307;41088;156310;107940;136585;119764;156312;63508;165027;63490;127195;156313;156324;131248;163138;167465;156305;155608;122809;163119;0;0;0;0;0;0;0;0;0;0;0;0;0;0;13;1;27;30;9;16;28;14;29;12;2;26;8;24;3;22;6;4;5;15;21;17;7;19;25;11;0;0;0;0;0;0;0;0;0;0;0;0;0;0;0;0;0;0;0;0;0;0;0;0;0;0;0;0;0;0;0;0;0;0;0;0;0;0;0;0;0;0;0;0;0;0;0;0;0;0;0;0;0;0;26
5751;166117;129331;166123;167512;166114;166124;166127;166122;166128;162888;166130;167515;166436;166433;167503;166434;167508;165195;166131;167507;166118;166113;167506;154955;167519;167518;0;0;0;0;0;0;0;0;0;0;0;0;0;0;1;13;33;28;2;5;4;15;3;18;25;12;6;14;8;16;17;10;19;20;21;9;7;24;11;26;0;0;0;0;0;0;0;0;0;0;0;0;0;0;0;0;0;0;0;0;0;0;0;0;0;0;0;0;0;0;0;0;0;0;0;0;0;0;0;0;0;0;0;0;0;0;0;0;0;0;0;0;0;0;26
5757;166068;167568;166445;166071;118838;166059;166057;166058;166440;166072;167426;166070;166063;166073;166069;166065;167571;166062;147593;166061;164552;157461;166067;167430;167429;167566;0;0;0;0;0;0;0;0;0;0;0;0;0;0;27;22;16;4;1;28;29;30;7;31;32;17;33;6;3;2;5;8;12;10;14;21;13;15;25;20;0;0;0;0;0;0;0;0;0;0;0;0;0;0;0;0;0;0;0;0;0;0;0;0;0;0;0;0;0;0;0;0;0;0;0;0;0;0;0;0;0;0;0;0;0;0;0;0;0;0;0;0;0;0;26
5767;58756;101743;63511;172406;151357;114813;123439;113542;46338;60789;123091;126448;60782;104480;106569;100393;127785;132487;113532;46431;41517;128032;117057;136031;133623;133253;108451;141627;146175;108791;124842;107271;0;0;0;0;0;0;0;0;22;23;1;90;4;34;2;97;6;12;14;32;20;25;5;3;8;21;7;33;26;10;77;27;11;17;96;13;95;99;9;15;0;0;0;0;0;0;0;0;0;0;0;0;0;0;0;0;0;0;0;0;0;0;0;0;0;0;0;0;0;0;0;0;0;0;0;0;0;0;0;0;0;0;0;0;0;0;0;0;32
5768;101569;132199;118459;140304;175162;125700;145615;91312;125653;134039;104539;143146;138597;130112;127957;151149;135247;43004;132804;114501;142802;169058;127981;104655;108855;0;0;0;0;0;0;0;0;0;0;0;0;0;0;0;93;23;1;22;4;14;33;2;77;24;21;18;6;28;19;25;50;7;15;11;41;10;90;30;3;0;0;0;0;0;0;0;0;0;0;0;0;0;0;0;0;0;0;0;0;0;0;0;0;0;0;0;0;0;0;0;0;0;0;0;0;0;0;0;0;0;0;0;0;0;0;0;0;0;0;0;0;0;0;0;25
5820;47873;147358;182359;146701;46379;153332;107983;179429;124385;169577;132578;181698;155179;165263;157642;153995;181697;120983;182358;118662;171261;115107;179430;117640;178434;0;0;0;0;0;0;0;0;0;0;0;0;0;0;0;1;24;31;16;4;5;68;3;77;88;2;22;17;20;55;28;15;8;27;23;10;7;93;19;26;0;0;0;0;0;0;0;0;0;0;0;0;0;0;0;0;0;0;0;0;0;0;0;0;0;0;0;0;0;0;0;0;0;0;0;0;0;0;0;0;0;0;0;0;0;0;0;0;0;0;0;0;0;0;0;25
5821;116359;178346;124381;134514;178443;102750;43077;155410;124331;121120;132965;167260;140869;159584;59709;161774;130348;117600;121041;176439;164564;109141;60565;161425;146178;0;0;0;0;0;0;0;0;0;0;0;0;0;0;0;1;83;35;5;6;4;21;3;2;22;14;20;8;98;10;23;17;99;75;18;70;7;9;11;19;0;0;0;0;0;0;0;0;0;0;0;0;0;0;0;0;0;0;0;0;0;0;0;0;0;0;0;0;0;0;0;0;0;0;0;0;0;0;0;0;0;0;0;0;0;0;0;0;0;0;0;0;0;0;0;25
5844;162131;142199;177749;46032;165716;134538;151129;176242;148054;165142;172110;132874;147740;133386;169721;138265;182109;170563;173291;154919;174771;118938;126672;177914;169852;126930;146530;126192;109389;182407;181945;151695;0;0;0;0;0;0;0;0;1;13;22;40;25;30;14;83;5;3;23;24;2;27;21;6;39;19;8;28;63;10;11;18;80;26;99;20;9;17;70;77;0;0;0;0;0;0;0;0;0;0;0;0;0;0;0;0;0;0;0;0;0;0;0;0;0;0;0;0;0;0;0;0;0;0;0;0;0;0;0;0;0;0;0;0;0;0;0;0;32
5845;153133;135401;140400;140590;165130;151797;179142;42872;164343;168283;172348;168737;181899;138010;151742;178360;133504;178361;181898;126343;106613;137264;141203;178365;111818;168604;157305;151906;60808;164928;178363;178362;161053;0;0;0;0;0;0;0;13;31;1;23;33;4;3;5;14;55;12;82;17;21;16;30;26;6;27;2;18;10;20;11;25;8;9;19;91;77;15;37;24;0;0;0;0;0;0;0;0;0;0;0;0;0;0;0;0;0;0;0;0;0;0;0;0;0;0;0;0;0;0;0;0;0;0;0;0;0;0;0;0;0;0;0;0;0;0;0;33
5895;108216;107491;153984;145944;176543;100591;112794;118308;155285;107028;45157;157757;104496;128417;167960;176541;103003;159752;138224;138300;153568;142897;102984;112991;172200;160617;0;0;0;0;0;0;0;0;0;0;0;0;0;0;13;1;15;24;4;6;3;16;17;2;20;5;14;10;26;7;8;12;19;18;22;11;23;25;27;9;0;0;0;0;0;0;0;0;0;0;0;0;0;0;0;0;0;0;0;0;0;0;0;0;0;0;0;0;0;0;0;0;0;0;0;0;0;0;0;0;0;0;0;0;0;0;0;0;0;0;0;0;0;0;26
5909;127907;128006;46152;133269;65043;110683;60958;101477;139780;107526;118013;127927;46389;123087;130027;115782;46926;130130;115014;106583;91752;159380;122284;111473;0;0;0;0;0;0;0;0;0;0;0;0;0;0;0;0;40;1;4;3;5;97;33;6;2;77;8;17;30;28;29;11;31;27;10;20;19;22;7;9;0;0;0;0;0;0;0;0;0;0;0;0;0;0;0;0;0;0;0;0;0;0;0;0;0;0;0;0;0;0;0;0;0;0;0;0;0;0;0;0;0;0;0;0;0;0;0;0;0;0;0;0;0;0;0;0;24
5912;115420;166372;106025;168530;121766;162806;130280;111561;174518;64954;174519;135863;154797;170365;130338;166356;16219;127784;166379;166297;166112;129888;168490;167846;166846;154806;115426;162805;61352;129777;130301;166298;58559;142170;124981;166826;162849;144902;0;0;1;25;89;31;40;3;98;5;35;16;2;72;88;23;33;6;22;8;20;30;44;14;73;66;17;13;70;27;7;10;9;19;12;99;4;11;15;18;0;0;0;0;0;0;0;0;0;0;0;0;0;0;0;0;0;0;0;0;0;0;0;0;0;0;0;0;0;0;0;0;0;0;0;0;0;0;0;0;0;0;38
5954;143702;127873;106513;140593;109345;169808;111092;58847;178186;118016;135934;160790;139706;127575;174715;140621;170063;152878;162111;111449;177818;126863;177964;63677;40230;0;0;0;0;0;0;0;0;0;0;0;0;0;0;0;1;93;88;42;35;3;26;33;12;24;5;97;70;27;19;8;23;14;11;10;21;17;20;7;18;0;0;0;0;0;0;0;0;0;0;0;0;0;0;0;0;0;0;0;0;0;0;0;0;0;0;0;0;0;0;0;0;0;0;0;0;0;0;0;0;0;0;0;0;0;0;0;0;0;0;0;0;0;0;0;25
5973;106618;111365;90512;103460;47867;91026;90570;91442;131867;162097;91749;91750;119051;91751;119092;160437;109559;107718;169384;122733;169235;101578;160235;159089;144355;160014;136477;146566;144680;134535;60757;0;0;0;0;0;0;0;0;0;22;8;11;1;2;12;14;15;5;6;16;18;17;19;9;10;21;24;26;28;13;3;7;20;23;4;29;30;31;32;25;0;0;0;0;0;0;0;0;0;0;0;0;0;0;0;0;0;0;0;0;0;0;0;0;0;0;0;0;0;0;0;0;0;0;0;0;0;0;0;0;0;0;0;0;0;0;0;0;0;31
5980;115379;113343;115067;181983;168519;63426;173625;130502;173607;114822;59336;106320;168303;115119;60817;106838;122824;127734;181985;181984;126737;134049;160827;0;0;0;0;0;0;0;0;0;0;0;0;0;0;0;0;0;1;17;2;5;3;24;4;23;7;25;6;27;21;20;10;16;19;8;15;11;26;9;13;0;0;0;0;0;0;0;0;0;0;0;0;0;0;0;0;0;0;0;0;0;0;0;0;0;0;0;0;0;0;0;0;0;0;0;0;0;0;0;0;0;0;0;0;0;0;0;0;0;0;0;0;0;0;0;0;0;23
5987;170077;170074;170079;160431;103481;170067;170069;170066;170075;170068;152836;142597;137141;170078;170073;170081;170071;170076;170082;145769;170065;170084;170070;170083;170463;170072;0;0;0;0;0;0;0;0;0;0;0;0;0;0;1;13;21;4;5;6;2;3;23;18;25;16;8;14;15;12;17;10;19;20;7;22;9;24;11;26;0;0;0;0;0;0;0;0;0;0;0;0;0;0;0;0;0;0;0;0;0;0;0;0;0;0;0;0;0;0;0;0;0;0;0;0;0;0;0;0;0;0;0;0;0;0;0;0;0;0;0;0;0;0;26
5988;170145;173677;170135;170140;170131;170134;170458;170150;170141;170144;170146;170147;170143;170137;170149;147746;170139;170136;173676;170138;170133;170142;170148;170130;170132;173678;0;0;0;0;0;0;0;0;0;0;0;0;0;0;1;2;3;4;5;6;7;8;9;10;11;12;13;14;15;16;17;18;19;20;21;22;23;24;25;26;0;0;0;0;0;0;0;0;0;0;0;0;0;0;0;0;0;0;0;0;0;0;0;0;0;0;0;0;0;0;0;0;0;0;0;0;0;0;0;0;0;0;0;0;0;0;0;0;0;0;0;0;0;0;26
6044;145376;171251;171241;171245;61208;128030;171252;171244;171243;147995;162772;162762;171242;108857;163513;155647;147990;169986;171246;145396;162775;147996;110280;122004;171248;47093;109198;146336;116393;120902;159613;0;0;0;0;0;0;0;0;0;1;2;3;4;5;6;7;8;9;10;11;12;13;14;15;16;17;18;19;20;21;22;23;24;25;26;27;28;29;30;31;0;0;0;0;0;0;0;0;0;0;0;0;0;0;0;0;0;0;0;0;0;0;0;0;0;0;0;0;0;0;0;0;0;0;0;0;0;0;0;0;0;0;0;0;0;0;0;0;0;31
6051;171666;171658;171670;171675;171677;171667;171662;171672;173812;173815;171676;171673;173814;171674;171665;171663;171656;173831;173810;173811;171655;171671;171668;171659;171657;173813;0;0;0;0;0;0;0;0;0;0;0;0;0;0;1;2;3;4;5;6;7;8;9;10;11;12;13;14;15;16;17;18;19;20;21;22;23;24;25;26;0;0;0;0;0;0;0;0;0;0;0;0;0;0;0;0;0;0;0;0;0;0;0;0;0;0;0;0;0;0;0;0;0;0;0;0;0;0;0;0;0;0;0;0;0;0;0;0;0;0;0;0;0;0;26
6052;171637;173684;173692;171649;173679;173685;173680;173681;173691;171636;173687;173686;147219;171647;171634;173682;171638;173690;173689;171641;173881;173683;171650;171640;171635;173688;0;0;0;0;0;0;0;0;0;0;0;0;0;0;1;2;3;4;5;6;7;8;9;10;11;12;13;14;15;16;17;18;19;20;21;22;23;24;25;26;0;0;0;0;0;0;0;0;0;0;0;0;0;0;0;0;0;0;0;0;0;0;0;0;0;0;0;0;0;0;0;0;0;0;0;0;0;0;0;0;0;0;0;0;0;0;0;0;0;0;0;0;0;0;26
6061;173724;173722;173708;173705;173709;173719;173829;173723;173726;173710;173828;173717;173718;173725;173712;173714;173713;173715;173830;173711;173706;173827;173720;173716;173721;173707;0;0;0;0;0;0;0;0;0;0;0;0;0;0;1;2;3;4;5;6;7;8;9;10;11;12;13;14;15;16;17;18;19;20;21;26;22;23;24;25;0;0;0;0;0;0;0;0;0;0;0;0;0;0;0;0;0;0;0;0;0;0;0;0;0;0;0;0;0;0;0;0;0;0;0;0;0;0;0;0;0;0;0;0;0;0;0;0;0;0;0;0;0;0;26
6069;143923;45458;118200;179452;153940;176879;111079;136407;151776;137344;115035;130446;133576;122794;178371;110556;111479;120328;162583;137222;100150;121432;119838;133567;178469;121576;114999;118175;162082;39259;0;0;0;0;0;0;0;0;0;0;1;21;25;31;2;4;6;5;3;22;24;13;12;29;34;18;15;27;14;20;37;10;33;47;42;7;19;28;11;16;0;0;0;0;0;0;0;0;0;0;0;0;0;0;0;0;0;0;0;0;0;0;0;0;0;0;0;0;0;0;0;0;0;0;0;0;0;0;0;0;0;0;0;0;0;0;0;0;0;0;30
9000;103035;90463;90470;90441;55961;91346;145320;107995;145445;90521;90543;125816;90575;91018;90232;90403;91170;103062;90330;90528;167805;90710;106067;0;0;0;0;0;0;0;0;0;0;0;0;0;0;0;0;0;14;23;31;50;3;34;4;1;27;2;13;32;8;16;11;15;88;10;19;7;17;70;9;0;0;0;0;0;0;0;0;0;0;0;0;0;0;0;0;0;0;0;0;0;0;0;0;0;0;0;0;0;0;0;0;0;0;0;0;0;0;0;0;0;0;0;0;0;0;0;0;0;0;0;0;0;0;0;0;0;23
9001;131552;130264;103403;100675;147610;35207;155795;120854;102815;167808;174870;132130;125391;173900;147326;118476;114017;118696;100412;135226;132759;160803;130728;126386;0;0;0;0;0;0;0;0;0;0;0;0;0;0;0;0;1;93;23;5;15;4;35;12;6;2;3;7;26;50;13;88;8;30;17;11;77;14;33;9;0;0;0;0;0;0;0;0;0;0;0;0;0;0;0;0;0;0;0;0;0;0;0;0;0;0;0;0;0;0;0;0;0;0;0;0;0;0;0;0;0;0;0;0;0;0;0;0;0;0;0;0;0;0;0;0;24
9002;109017;55152;104258;131345;91446;165925;145281;115508;154460;90363;90031;102394;135444;129719;154386;91342;47541;57094;168363;135731;116607;109996;90976;0;0;0;0;0;0;0;0;0;0;0;0;0;0;0;0;0;82;22;5;4;13;87;23;2;12;7;33;3;19;6;15;18;20;88;1;11;10;9;24;0;0;0;0;0;0;0;0;0;0;0;0;0;0;0;0;0;0;0;0;0;0;0;0;0;0;0;0;0;0;0;0;0;0;0;0;0;0;0;0;0;0;0;0;0;0;0;0;0;0;0;0;0;0;0;0;0;23
9003;113251;90652;90388;173751;90480;90377;90380;90382;129716;90586;90379;129697;115503;129702;90537;104349;126726;90587;144993;90116;90559;90181;108701;90233;0;0;0;0;0;0;0;0;0;0;0;0;0;0;0;0;1;33;30;15;3;23;4;20;13;22;12;6;14;88;21;8;10;7;2;90;80;24;11;5;0;0;0;0;0;0;0;0;0;0;0;0;0;0;0;0;0;0;0;0;0;0;0;0;0;0;0;0;0;0;0;0;0;0;0;0;0;0;0;0;0;0;0;0;0;0;0;0;0;0;0;0;0;0;0;0;24
9004;118075;126671;145318;130418;159551;47005;129695;162969;90933;154466;64907;166449;57095;171337;90629;47533;61043;173119;174895;90539;170862;40507;171338;0;0;0;0;0;0;0;0;0;0;0;0;0;0;0;0;0;1;15;26;2;21;3;11;22;4;6;7;8;13;10;9;20;14;19;5;25;16;17;18;0;0;0;0;0;0;0;0;0;0;0;0;0;0;0;0;0;0;0;0;0;0;0;0;0;0;0;0;0;0;0;0;0;0;0;0;0;0;0;0;0;0;0;0;0;0;0;0;0;0;0;0;0;0;0;0;0;23
9005;60754;129693;90673;61151;57524;90259;163077;90393;59129;90646;115177;155519;128324;177370;90456;90402;90422;113693;116350;154426;0;0;0;0;0;0;0;0;0;0;0;0;0;0;0;0;0;0;0;0;9;1;16;6;19;4;13;11;27;8;10;5;18;14;21;12;7;3;2;15;0;0;0;0;0;0;0;0;0;0;0;0;0;0;0;0;0;0;0;0;0;0;0;0;0;0;0;0;0;0;0;0;0;0;0;0;0;0;0;0;0;0;0;0;0;0;0;0;0;0;0;0;0;0;0;0;0;0;0;0;20
9006;109319;111727;90234;58786;90471;106065;135724;90253;90542;171234;90728;130386;132807;90975;90899;147351;111728;154467;139861;145582;108298;90408;90681;90525;121288;0;0;0;0;0;0;0;0;0;0;0;0;0;0;0;16;87;22;3;4;53;12;13;11;19;21;17;20;5;18;8;15;23;1;14;98;10;2;7;24;0;0;0;0;0;0;0;0;0;0;0;0;0;0;0;0;0;0;0;0;0;0;0;0;0;0;0;0;0;0;0;0;0;0;0;0;0;0;0;0;0;0;0;0;0;0;0;0;0;0;0;0;0;0;0;25
9007;38700;111711;40874;130419;90508;45346;57091;113951;90364;90411;90245;90450;59646;90368;46599;90392;127662;107514;117816;90552;59959;0;0;0;0;0;0;0;0;0;0;0;0;0;0;0;0;0;0;0;49;96;4;3;1;6;13;5;33;39;28;25;21;12;10;19;9;93;11;15;7;0;0;0;0;0;0;0;0;0;0;0;0;0;0;0;0;0;0;0;0;0;0;0;0;0;0;0;0;0;0;0;0;0;0;0;0;0;0;0;0;0;0;0;0;0;0;0;0;0;0;0;0;0;0;0;0;0;0;0;21
9008;47271;90185;119551;124232;126687;91190;113947;135409;118297;95154;126034;109360;132863;138561;134024;161137;91521;38937;114111;59388;90729;118478;102022;110768;114347;103423;0;0;0;0;0;0;0;0;0;0;0;0;0;0;1;94;7;14;6;4;3;12;2;22;31;26;8;90;10;5;18;15;13;25;19;11;30;29;9;23;0;0;0;0;0;0;0;0;0;0;0;0;0;0;0;0;0;0;0;0;0;0;0;0;0;0;0;0;0;0;0;0;0;0;0;0;0;0;0;0;0;0;0;0;0;0;0;0;0;0;0;0;0;0;26
9010;121364;90272;118842;147466;59997;59121;90280;90386;165152;110547;111731;129526;147368;163078;116305;59097;90405;163237;141392;90188;0;0;0;0;0;0;0;0;0;0;0;0;0;0;0;0;0;0;0;0;31;30;19;2;23;4;7;15;12;96;39;6;3;8;9;11;70;46;1;47;0;0;0;0;0;0;0;0;0;0;0;0;0;0;0;0;0;0;0;0;0;0;0;0;0;0;0;0;0;0;0;0;0;0;0;0;0;0;0;0;0;0;0;0;0;0;0;0;0;0;0;0;0;0;0;0;0;0;0;0;20
9012;63777;90391;107310;152495;42874;90378;129707;58912;60861;129717;91707;113296;90299;104594;145285;90667;63495;164468;154381;161048;145452;119811;119019;90443;0;0;0;0;0;0;0;0;0;0;0;0;0;0;0;0;1;21;28;17;6;4;3;12;87;77;2;5;40;8;10;11;25;22;7;80;18;32;33;9;0;0;0;0;0;0;0;0;0;0;0;0;0;0;0;0;0;0;0;0;0;0;0;0;0;0;0;0;0;0;0;0;0;0;0;0;0;0;0;0;0;0;0;0;0;0;0;0;0;0;0;0;0;0;0;0;24
9014;130432;165989;17195;40257;112154;111701;163086;163211;165631;106083;165991;117931;165990;129708;165192;46987;126069;107712;171228;118675;117745;145286;135755;0;0;0;0;0;0;0;0;0;0;0;0;0;0;0;0;0;52;1;13;5;4;21;2;18;70;22;75;30;6;14;7;8;11;23;24;10;12;15;9;0;0;0;0;0;0;0;0;0;0;0;0;0;0;0;0;0;0;0;0;0;0;0;0;0;0;0;0;0;0;0;0;0;0;0;0;0;0;0;0;0;0;0;0;0;0;0;0;0;0;0;0;0;0;0;0;0;23
9015;132630;91228;91115;95200;122057;114549;152758;91226;91549;95219;90749;90466;139767;95230;162953;95169;122246;162748;90432;146644;91139;126484;164683;173759;58582;90166;0;0;0;0;0;0;0;0;0;0;0;0;0;0;27;39;33;4;5;99;24;43;77;71;22;13;72;16;6;21;47;10;9;19;55;25;11;7;28;98;0;0;0;0;0;0;0;0;0;0;0;0;0;0;0;0;0;0;0;0;0;0;0;0;0;0;0;0;0;0;0;0;0;0;0;0;0;0;0;0;0;0;0;0;0;0;0;0;0;0;0;0;0;0;26
9016;122169;107547;91231;123360;143455;164625;57953;169884;90464;91230;114551;130193;91229;121366;90206;90732;90293;91456;91195;141851;91122;36256;147162;0;0;0;0;0;0;0;0;0;0;0;0;0;0;0;0;0;88;78;32;24;19;26;21;89;5;15;80;8;35;23;6;91;81;10;71;7;69;22;11;0;0;0;0;0;0;0;0;0;0;0;0;0;0;0;0;0;0;0;0;0;0;0;0;0;0;0;0;0;0;0;0;0;0;0;0;0;0;0;0;0;0;0;0;0;0;0;0;0;0;0;0;0;0;0;0;0;23
9019;90454;95144;141780;145865;154139;90038;135244;123802;140022;118961;121226;116366;130408;90165;146342;114129;90669;136185;95229;40925;90222;118457;127665;95164;112073;61726;91574;0;0;0;0;0;0;0;0;0;0;0;0;0;77;20;5;30;81;4;2;1;14;31;55;22;6;8;7;40;24;10;13;3;17;16;19;21;9;11;34;0;0;0;0;0;0;0;0;0;0;0;0;0;0;0;0;0;0;0;0;0;0;0;0;0;0;0;0;0;0;0;0;0;0;0;0;0;0;0;0;0;0;0;0;0;0;0;0;0;0;0;0;0;27
9020;148158;116664;121596;90046;90183;40463;132385;47054;160300;103621;42480;146805;119642;132887;108165;102812;143134;159983;153146;126095;90547;140843;159552;0;0;0;0;0;0;0;0;0;0;0;0;0;0;0;0;0;99;1;5;38;33;4;12;3;11;2;14;60;17;15;6;19;7;13;10;16;30;70;72;0;0;0;0;0;0;0;0;0;0;0;0;0;0;0;0;0;0;0;0;0;0;0;0;0;0;0;0;0;0;0;0;0;0;0;0;0;0;0;0;0;0;0;0;0;0;0;0;0;0;0;0;0;0;0;0;0;23
9029;90241;107227;157471;90634;90780;90243;90333;90396;90247;112384;154106;90248;90071;90250;91297;160195;144891;90252;107612;122433;122658;90628;115092;114499;90055;144842;90590;0;0;0;0;0;0;0;0;0;0;0;0;0;31;1;15;4;20;6;2;12;28;30;3;23;13;36;8;22;5;19;7;17;14;11;25;29;9;10;35;0;0;0;0;0;0;0;0;0;0;0;0;0;0;0;0;0;0;0;0;0;0;0;0;0;0;0;0;0;0;0;0;0;0;0;0;0;0;0;0;0;0;0;0;0;0;0;0;0;0;0;0;0;27
9030;167752;90254;112822;172927;90263;90264;90269;142287;90260;90635;95218;91513;100772;143709;138526;91131;61065;123169;90637;91499;157103;36967;173711;163588;42296;0;0;0;0;0;0;0;0;0;0;0;0;0;0;0;12;1;22;15;13;24;51;5;21;26;23;3;6;10;33;25;20;14;7;29;27;11;9;2;4;0;0;0;0;0;0;0;0;0;0;0;0;0;0;0;0;0;0;0;0;0;0;0;0;0;0;0;0;0;0;0;0;0;0;0;0;0;0;0;0;0;0;0;0;0;0;0;0;0;0;0;0;0;0;0;25
9033;154143;90281;90305;167790;112118;90903;90901;90309;90638;90811;55660;90474;90312;91409;95235;90440;90416;90827;90023;90024;119869;90317;90409;114345;90589;59100;90289;161741;168371;141037;0;0;0;0;0;0;0;0;0;0;32;1;26;15;5;30;22;20;12;13;2;25;3;38;8;14;4;17;36;37;11;35;28;10;7;24;19;6;9;16;0;0;0;0;0;0;0;0;0;0;0;0;0;0;0;0;0;0;0;0;0;0;0;0;0;0;0;0;0;0;0;0;0;0;0;0;0;0;0;0;0;0;0;0;0;0;0;0;0;0;30
65815;122462;166939;162852;128082;144899;166851;166293;166896;176133;154801;163524;169694;129774;162807;108073;167930;154778;154780;154776;115454;169693;169692;166302;117944;144900;123159;168045;175360;137946;131863;0;0;0;0;0;0;0;0;0;0;31;1;29;5;2;4;3;15;74;77;66;39;23;8;16;36;73;12;13;28;33;17;11;10;7;21;34;96;9;99;0;0;0;0;0;0;0;0;0;0;0;0;0;0;0;0;0;0;0;0;0;0;0;0;0;0;0;0;0;0;0;0;0;0;0;0;0;0;0;0;0;0;0;0;0;0;0;0;0;0;30
65817;145326;162814;162804;170395;121920;145332;174503;167928;129892;172682;166848;174499;37600;165098;39187;167915;173500;167917;45486;116149;134975;156936;162847;145352;153117;166930;181829;174500;135866;0;0;0;0;0;0;0;0;0;0;0;21;1;23;91;20;4;24;5;33;3;2;13;17;31;40;16;8;70;7;77;11;30;12;19;25;9;10;18;37;0;0;0;0;0;0;0;0;0;0;0;0;0;0;0;0;0;0;0;0;0;0;0;0;0;0;0;0;0;0;0;0;0;0;0;0;0;0;0;0;0;0;0;0;0;0;0;0;0;0;0;29
66871;57106;64978;172871;162958;165634;155637;171040;132485;165887;171044;115624;162955;129919;106001;165888;58923;129915;60403;105138;171046;127051;155638;144836;172872;165636;165197;135854;165889;162952;153140;103170;133727;169926;0;0;0;0;0;0;0;17;1;50;3;44;16;46;15;40;28;11;66;6;5;70;23;18;13;10;27;20;8;21;72;30;77;9;90;26;2;4;7;12;0;0;0;0;0;0;0;0;0;0;0;0;0;0;0;0;0;0;0;0;0;0;0;0;0;0;0;0;0;0;0;0;0;0;0;0;0;0;0;0;0;0;0;0;0;0;0;33
66877;111644;59025;172967;154339;129649;122351;111499;172966;115674;39771;154373;145180;57189;135676;115673;59075;105937;154343;178620;111513;172962;107318;178617;171055;61073;178619;111515;171058;0;0;0;0;0;0;0;0;0;0;0;0;1;21;77;55;58;30;2;95;18;28;14;66;10;8;19;24;88;7;79;70;32;23;17;12;22;20;9;3;0;0;0;0;0;0;0;0;0;0;0;0;0;0;0;0;0;0;0;0;0;0;0;0;0;0;0;0;0;0;0;0;0;0;0;0;0;0;0;0;0;0;0;0;0;0;0;0;0;0;0;0;28
66882;129793;171399;104415;142268;166059;167426;111619;171403;101365;113459;146493;122504;154565;57200;57088;132024;154572;139947;145525;104766;60554;42538;58955;0;0;0;0;0;0;0;0;0;0;0;0;0;0;0;0;0;1;31;5;13;55;33;3;12;4;18;8;14;25;23;6;28;17;11;15;10;29;32;30;0;0;0;0;0;0;0;0;0;0;0;0;0;0;0;0;0;0;0;0;0;0;0;0;0;0;0;0;0;0;0;0;0;0;0;0;0;0;0;0;0;0;0;0;0;0;0;0;0;0;0;0;0;0;0;0;0;23
66895;167608;111674;162822;167491;162843;145355;162816;154475;129766;122474;167607;122473;58484;172850;112319;144798;146367;106121;140298;101186;154435;0;0;0;0;0;0;0;0;0;0;0;0;0;0;0;0;0;0;0;12;1;5;13;55;3;20;6;7;77;23;4;27;9;21;8;11;17;50;10;14;0;0;0;0;0;0;0;0;0;0;0;0;0;0;0;0;0;0;0;0;0;0;0;0;0;0;0;0;0;0;0;0;0;0;0;0;0;0;0;0;0;0;0;0;0;0;0;0;0;0;0;0;0;0;0;0;0;0;0;21
67024;104105;133193;59031;171369;171365;16546;63181;154510;154518;154522;171367;44291;154507;171368;125778;37440;104780;157645;118398;36990;171371;154516;154512;122600;129813;109076;59011;0;0;0;0;0;0;0;0;0;0;0;0;0;14;18;40;22;42;20;6;37;21;5;34;12;33;29;1;24;25;7;13;8;99;19;15;17;26;9;3;0;0;0;0;0;0;0;0;0;0;0;0;0;0;0;0;0;0;0;0;0;0;0;0;0;0;0;0;0;0;0;0;0;0;0;0;0;0;0;0;0;0;0;0;0;0;0;0;0;0;0;0;0;27
67029;40256;125447;123381;166411;140207;47235;123384;122495;122493;59978;119764;129152;57100;111978;125523;122496;114309;123132;138266;164975;147000;101389;113529;122490;122489;120393;113189;170031;140509;140511;125526;0;0;0;0;0;0;0;0;0;13;1;34;22;18;6;25;3;2;5;14;17;15;16;27;8;23;44;4;29;20;19;7;21;9;26;28;24;54;59;10;0;0;0;0;0;0;0;0;0;0;0;0;0;0;0;0;0;0;0;0;0;0;0;0;0;0;0;0;0;0;0;0;0;0;0;0;0;0;0;0;0;0;0;0;0;0;0;0;0;31
67112;145454;40669;175823;167482;122524;111639;64832;135626;172965;155952;175827;145093;170995;115671;172952;175822;101071;175824;171059;119515;60412;154341;166393;172951;108720;54388;167507;122530;179767;0;0;0;0;0;0;0;0;0;0;0;76;1;60;19;23;5;3;55;27;33;18;2;6;4;66;15;17;88;87;12;77;20;70;80;9;11;99;7;8;0;0;0;0;0;0;0;0;0;0;0;0;0;0;0;0;0;0;0;0;0;0;0;0;0;0;0;0;0;0;0;0;0;0;0;0;0;0;0;0;0;0;0;0;0;0;0;0;0;0;0;29
67114;171357;171361;60545;135632;145122;168320;172715;129858;115559;111744;171355;154824;173131;171358;171359;171360;171354;143754;171364;168000;171353;101251;128077;171160;145499;172711;0;0;0;0;0;0;0;0;0;0;0;0;0;0;1;2;25;3;7;4;6;8;5;10;11;13;16;14;18;15;19;9;17;12;20;21;27;26;23;24;0;0;0;0;0;0;0;0;0;0;0;0;0;0;0;0;0;0;0;0;0;0;0;0;0;0;0;0;0;0;0;0;0;0;0;0;0;0;0;0;0;0;0;0;0;0;0;0;0;0;0;0;0;0;26
68138;61699;120750;165171;172724;135661;132746;57042;163252;179768;122522;163246;111509;115736;105925;106168;172728;113270;165173;112341;172726;163251;132855;179769;172729;155610;128058;177434;179771;0;0;0;0;0;0;0;0;0;0;0;0;1;30;49;70;33;4;3;5;44;22;17;11;18;2;21;8;7;6;9;98;20;77;88;27;99;19;25;31;0;0;0;0;0;0;0;0;0;0;0;0;0;0;0;0;0;0;0;0;0;0;0;0;0;0;0;0;0;0;0;0;0;0;0;0;0;0;0;0;0;0;0;0;0;0;0;0;0;0;0;0;28
68179;177896;140650;174864;179109;177701;152273;121808;176751;179107;119627;128885;179110;63456;116657;174677;152118;115690;168412;159986;124771;165026;108806;118109;139884;126366;147734;181843;165024;0;0;0;0;0;0;0;0;0;0;0;0;1;33;38;4;5;29;28;35;13;27;3;39;19;6;23;30;14;16;34;24;17;7;9;11;8;21;45;20;0;0;0;0;0;0;0;0;0;0;0;0;0;0;0;0;0;0;0;0;0;0;0;0;0;0;0;0;0;0;0;0;0;0;0;0;0;0;0;0;0;0;0;0;0;0;0;0;0;0;0;0;28
69706;135825;172870;154493;161125;167484;144929;112315;166095;144808;171443;163479;163487;109023;163486;144812;163484;145569;123353;166100;147968;130458;123355;171442;0;0;0;0;0;0;0;0;0;0;0;0;0;0;0;0;0;1;21;22;4;8;36;24;15;12;27;31;14;5;25;6;11;30;9;10;7;29;18;28;0;0;0;0;0;0;0;0;0;0;0;0;0;0;0;0;0;0;0;0;0;0;0;0;0;0;0;0;0;0;0;0;0;0;0;0;0;0;0;0;0;0;0;0;0;0;0;0;0;0;0;0;0;0;0;0;0;23
69709;122621;59904;135796;102395;116939;122617;104982;112065;145550;107524;119499;159472;135800;144433;46174;177627;165221;110378;59952;64860;112067;142182;140408;135801;113958;105029;0;0;0;0;0;0;0;0;0;0;0;0;0;0;22;1;31;29;5;37;16;2;66;6;77;24;13;4;18;26;27;33;10;8;84;15;21;23;19;12;0;0;0;0;0;0;0;0;0;0;0;0;0;0;0;0;0;0;0;0;0;0;0;0;0;0;0;0;0;0;0;0;0;0;0;0;0;0;0;0;0;0;0;0;0;0;0;0;0;0;0;0;0;0;26
69710;123393;115461;175357;115445;166933;177238;15971;140064;175355;64943;135745;64929;115433;180521;162845;154766;162855;129780;130337;175356;142542;141901;162848;166394;151290;157211;128826;166380;167910;0;0;0;0;0;0;0;0;0;0;0;21;23;13;15;4;66;19;28;96;17;26;77;2;16;6;24;22;10;14;72;91;27;33;8;11;99;9;18;20;0;0;0;0;0;0;0;0;0;0;0;0;0;0;0;0;0;0;0;0;0;0;0;0;0;0;0;0;0;0;0;0;0;0;0;0;0;0;0;0;0;0;0;0;0;0;0;0;0;0;0;29
69714;144797;179848;122471;122479;154473;172890;106129;172887;154478;163102;154476;108027;179849;106158;172893;123744;111680;102528;172891;0;0;0;0;0;0;0;0;0;0;0;0;0;0;0;0;0;0;0;0;0;1;21;2;22;3;5;4;7;8;6;10;9;11;12;14;20;13;15;19;0;0;0;0;0;0;0;0;0;0;0;0;0;0;0;0;0;0;0;0;0;0;0;0;0;0;0;0;0;0;0;0;0;0;0;0;0;0;0;0;0;0;0;0;0;0;0;0;0;0;0;0;0;0;0;0;0;0;0;0;0;19
70481;171278;137287;172709;102761;60665;123352;122996;171296;171292;182498;57207;177416;63490;156317;171293;171286;156311;166020;171290;177417;133219;130494;156322;127195;167465;114738;132120;131860;140937;0;0;0;0;0;0;0;0;0;0;0;14;1;81;93;48;55;4;5;16;44;3;66;33;19;6;11;23;18;26;85;92;8;67;2;7;90;17;94;98;0;0;0;0;0;0;0;0;0;0;0;0;0;0;0;0;0;0;0;0;0;0;0;0;0;0;0;0;0;0;0;0;0;0;0;0;0;0;0;0;0;0;0;0;0;0;0;0;0;0;0;29
70484;156301;122345;172820;125878;122665;131346;154816;135782;100187;101304;60061;129833;129828;145441;148039;154817;132856;129842;132603;118148;108252;166087;129835;46732;35113;114787;151739;113491;131172;101130;58672;135784;102623;16555;113486;60770;111300;140342;0;0;16;58;12;5;13;1;3;15;23;14;27;25;22;2;11;91;33;29;6;32;87;18;4;21;30;24;8;17;7;10;20;42;77;37;28;9;19;26;0;0;0;0;0;0;0;0;0;0;0;0;0;0;0;0;0;0;0;0;0;0;0;0;0;0;0;0;0;0;0;0;0;0;0;0;0;0;0;0;0;0;38
70487;130459;162743;172959;115675;104935;171050;112338;173727;172960;64830;172958;171053;145082;165224;64813;135680;135567;105944;104937;135658;64843;105963;145420;171051;172961;47414;45283;59048;111507;0;0;0;0;0;0;0;0;0;0;0;1;22;13;6;8;76;4;3;37;23;15;77;27;14;7;80;70;2;19;21;11;9;10;18;29;12;5;16;17;0;0;0;0;0;0;0;0;0;0;0;0;0;0;0;0;0;0;0;0;0;0;0;0;0;0;0;0;0;0;0;0;0;0;0;0;0;0;0;0;0;0;0;0;0;0;0;0;0;0;0;29
70490;123251;172913;172926;167493;145502;179947;172924;172922;166000;172916;116264;172917;145506;171344;165998;172915;172914;172921;104945;172911;145508;171346;167495;145507;153429;0;0;0;0;0;0;0;0;0;0;0;0;0;0;0;1;2;22;3;4;23;6;5;7;8;9;10;11;12;13;14;15;16;17;18;19;20;21;24;25;0;0;0;0;0;0;0;0;0;0;0;0;0;0;0;0;0;0;0;0;0;0;0;0;0;0;0;0;0;0;0;0;0;0;0;0;0;0;0;0;0;0;0;0;0;0;0;0;0;0;0;0;0;0;0;25
70923;145423;172702;178991;129922;155614;165900;100817;165897;165895;44358;129929;172698;165890;131978;172704;133749;172703;145438;129938;145512;91611;0;0;0;0;0;0;0;0;0;0;0;0;0;0;0;0;0;0;0;21;3;1;2;5;6;7;8;9;10;11;12;13;14;15;16;17;18;19;20;22;0;0;0;0;0;0;0;0;0;0;0;0;0;0;0;0;0;0;0;0;0;0;0;0;0;0;0;0;0;0;0;0;0;0;0;0;0;0;0;0;0;0;0;0;0;0;0;0;0;0;0;0;0;0;0;0;0;0;0;21
70924;122405;171144;16173;45076;108510;112450;17200;129685;170902;135009;122397;122418;147318;171145;106114;171143;102915;167581;145231;63707;105237;129679;122406;157604;144322;60855;146747;0;0;0;0;0;0;0;0;0;0;0;0;0;55;32;1;2;5;4;28;3;15;16;12;13;11;14;44;6;22;18;17;10;31;23;7;24;8;29;26;0;0;0;0;0;0;0;0;0;0;0;0;0;0;0;0;0;0;0;0;0;0;0;0;0;0;0;0;0;0;0;0;0;0;0;0;0;0;0;0;0;0;0;0;0;0;0;0;0;0;0;0;0;27
70930;125550;140628;125082;168321;106556;115688;125538;125116;125129;153375;125580;172429;123385;142400;128888;125121;109948;58518;125542;107423;181699;125553;111982;108477;176757;171448;130442;47445;110443;129397;37814;0;0;0;0;0;0;0;0;0;1;7;9;88;12;26;36;3;4;21;24;72;6;96;27;8;13;18;5;39;14;19;10;11;15;17;16;30;20;22;2;0;0;0;0;0;0;0;0;0;0;0;0;0;0;0;0;0;0;0;0;0;0;0;0;0;0;0;0;0;0;0;0;0;0;0;0;0;0;0;0;0;0;0;0;0;0;0;0;0;31
70937;112144;120457;125126;177820;127626;125206;127481;116286;125528;167738;156312;125555;128865;112149;152141;125554;125434;112152;146737;161375;123386;177999;171572;110797;152144;59725;0;0;0;0;0;0;0;0;0;0;0;0;0;0;1;93;31;13;17;36;16;22;26;23;3;4;33;8;47;5;44;2;6;9;10;12;38;27;14;18;0;0;0;0;0;0;0;0;0;0;0;0;0;0;0;0;0;0;0;0;0;0;0;0;0;0;0;0;0;0;0;0;0;0;0;0;0;0;0;0;0;0;0;0;0;0;0;0;0;0;0;0;0;0;26
71134;179774;135602;154716;133363;61714;162794;129837;172059;154717;162787;176719;154737;132723;118088;128277;154735;154729;108398;125368;162798;106552;42817;172690;0;0;0;0;0;0;0;0;0;0;0;0;0;0;0;0;0;6;1;2;3;4;5;13;7;8;9;24;11;12;14;10;15;16;18;17;19;21;22;25;0;0;0;0;0;0;0;0;0;0;0;0;0;0;0;0;0;0;0;0;0;0;0;0;0;0;0;0;0;0;0;0;0;0;0;0;0;0;0;0;0;0;0;0;0;0;0;0;0;0;0;0;0;0;0;0;0;23
71135;172758;145177;165930;154391;145183;154757;148068;145192;165933;145187;165931;124414;145193;154400;145188;145199;119436;154399;57079;167590;141860;165932;0;0;0;0;0;0;0;0;0;0;0;0;0;0;0;0;0;0;12;99;5;3;28;7;15;2;17;16;8;10;13;11;63;9;4;1;6;14;18;19;0;0;0;0;0;0;0;0;0;0;0;0;0;0;0;0;0;0;0;0;0;0;0;0;0;0;0;0;0;0;0;0;0;0;0;0;0;0;0;0;0;0;0;0;0;0;0;0;0;0;0;0;0;0;0;0;0;0;22
71212;145241;16182;154401;115620;159313;171469;135846;130342;130340;168091;139971;154404;115642;154407;173778;60145;57111;135718;165207;35189;157722;110013;117989;61260;122391;154411;135811;135118;154408;145243;0;0;0;0;0;0;0;0;0;0;26;40;1;17;20;5;12;18;4;13;28;2;19;24;23;8;88;6;3;49;10;77;11;7;14;21;15;16;30;80;0;0;0;0;0;0;0;0;0;0;0;0;0;0;0;0;0;0;0;0;0;0;0;0;0;0;0;0;0;0;0;0;0;0;0;0;0;0;0;0;0;0;0;0;0;0;0;0;0;0;30
71311;132589;146296;128256;145210;146295;145206;142283;172832;122545;172828;145213;165974;172833;172830;146284;146293;172829;172834;145215;145295;145212;0;0;0;0;0;0;0;0;0;0;0;0;0;0;0;0;0;0;0;1;13;5;3;17;4;22;10;2;12;7;14;15;16;19;21;20;23;11;6;8;0;0;0;0;0;0;0;0;0;0;0;0;0;0;0;0;0;0;0;0;0;0;0;0;0;0;0;0;0;0;0;0;0;0;0;0;0;0;0;0;0;0;0;0;0;0;0;0;0;0;0;0;0;0;0;0;0;0;0;21
71450;122447;166395;174550;58575;16750;175487;181889;166386;166277;122465;111581;167865;166412;174548;181891;168534;129784;175486;166392;136993;167866;61083;166396;171576;0;0;0;0;0;0;0;0;0;0;0;0;0;0;0;0;1;12;31;39;6;29;5;3;23;2;80;88;14;21;4;10;13;16;70;99;30;7;18;43;0;0;0;0;0;0;0;0;0;0;0;0;0;0;0;0;0;0;0;0;0;0;0;0;0;0;0;0;0;0;0;0;0;0;0;0;0;0;0;0;0;0;0;0;0;0;0;0;0;0;0;0;0;0;0;0;24
71574;154119;171219;104840;154445;147156;171220;147657;179843;166009;154444;167633;145167;147666;147665;171213;105850;147667;117061;147671;147668;115571;117655;167475;171223;0;0;0;0;0;0;0;0;0;0;0;0;0;0;0;0;1;24;5;55;21;32;15;27;44;4;22;33;45;6;16;9;18;10;7;11;29;35;17;72;0;0;0;0;0;0;0;0;0;0;0;0;0;0;0;0;0;0;0;0;0;0;0;0;0;0;0;0;0;0;0;0;0;0;0;0;0;0;0;0;0;0;0;0;0;0;0;0;0;0;0;0;0;0;0;0;24
71576;112158;146372;145501;167497;135275;165999;161229;179916;171479;112161;171481;162936;179914;101283;113781;167498;179915;165909;179917;116261;172905;165910;179918;182505;182504;165911;179919;0;0;0;0;0;0;0;0;0;0;0;0;0;1;22;99;15;4;70;21;55;5;24;12;30;66;8;19;10;29;98;16;13;33;11;14;3;9;20;90;0;0;0;0;0;0;0;0;0;0;0;0;0;0;0;0;0;0;0;0;0;0;0;0;0;0;0;0;0;0;0;0;0;0;0;0;0;0;0;0;0;0;0;0;0;0;0;0;0;0;0;0;0;27
71577;166083;167552;171135;124393;171132;177492;162206;166088;170038;129825;166086;171137;171130;125864;171129;144818;167550;167547;167540;171126;154799;171133;156298;166374;145117;174250;171125;139997;171138;0;0;0;0;0;0;0;0;0;0;0;33;31;1;15;55;4;3;44;16;93;2;14;32;12;28;8;6;10;77;19;5;76;7;17;11;18;42;91;13;0;0;0;0;0;0;0;0;0;0;0;0;0;0;0;0;0;0;0;0;0;0;0;0;0;0;0;0;0;0;0;0;0;0;0;0;0;0;0;0;0;0;0;0;0;0;0;0;0;0;0;29
