Id;Name;Country;Stadium;Coach;National;NameJapanese;NameSpanish;NameLatamSpanish;NameEnglish;NameUSEnglish;NameItalian;NamePortuguese;NameBrazilian;NameFrench;NameGerman;NameDutch;NameSwedish;NameRussian;NameGreek;NameTurkish;NameSimplifiedChinese;NameDatabase;NameEmpty1;NameEmpty2;NameEmpty3;NameEmpty4;ShortNameLicensed;ShortNameFake;Abbreviation;Commentary;StadiumFile;StadiumName;StadiumFileName;EmblemFile;EmblemFileName;Rival1;Rival2;Rival3;Banner1;Banner2;Banner3;Banner4;Kit1;Kit2;Kit3;Kit4;Kit5;Kit6;Kit7;Kit8;Kit9;Kit10;TeamColor1R;TeamColor1G;TeamColor1B;TeamColor2R;TeamColor2G;TeamColor2B;TurfPattern;SidelineColour;SeatColour;GoalStyle;NetPattern;GoalNettingDesign;GoalNettingColor1R;GoalNettingColor1G;GoalNettingColor1B;GoalNettingColor2R;GoalNettingColor2G;GoalNettingColor2B;Sponsor1;Sponsor2;Sponsor3;SponsorFile1;SponsorFile2;SponsorFile3;SponsorColorR;SponsorColorG;SponsorColorB;EditName;EditEmblem;EditStadium;EditStadiumName;EditStadiumFile;EditStadiumDetails;EditStadiumDetails2;EditRivals;EditBanners;EditTeamColors;EditCoach;EditSponsorFile;EditSponsorColors;EditSponsor;Edit1;Fake;LicencedPlayers;LicencedKits;LicencedCoach;LicencedCoach2;FeederTeam;ParentTeam;NonPlayableLeague;HasAnthem;AnthemStandingStyle;AnthemPlayersSinging;AnthemStandingAngle;Value1;Value2;Value3;Value4;Value5;Value6;Value7;ValueFF;Team2020_1;Team2020_2;Team2020_3;Team2020_4;Team2020_5;Team2020_6;Team2020_7;Team2020_8;Team2020_9;Team2020_10;Team2020_11;Country2020_1;Country2020_2;Country2020_3;Country2020_4;Country2020_5;Value2020_1;Value2020_2;Value2020_3;Value2020_4;Value2020_5;Value2020_6;Value2020_7;Value2020_8;Value2020_9;Value2020_10;Value2020_11;Value2020_12;Value2020_13;Value2020_14;Value2020_15;Value2020_16;Value2020_17
1;Ireland;214;29;35452;True;;;;;;;;;;;;;;;;;;;;;;;;IRL;-1;-1;Aviva Stadium;;-1;;262143;262143;262143;;;;;16384;16385;16512;16386;4294950912;4294950912;4294950912;4294950912;4294950912;4294950912;0;38;25;61;30;8;0;5;5;1;1;1;0;38;25;61;30;8;-1;-1;-1;;;;63;63;63;False;False;False;True;False;False;False;False;False;False;False;False;False;True;False;False;False;True;False;False;0;0;0;False;0;0;0;-1;False;0;0;0;0;-1;0;0;0;0;0;0;0;0;0;0;0;0;0;0;0;0;0;-1;-1;-1;0;0;0;0;-1;0;0;0;0;0;0;0;0;0
2;Northern Ireland;225;29;1045;True;;;;;;;;;;;;;;;;;;;;;;;;NIR;-1;-1;National Stadium at Windsor;;-1;;262143;262143;262143;;;;;32768;32769;32896;4294950912;4294950912;4294950912;4294950912;4294950912;4294950912;4294950912;0;32;0;63;63;63;0;1;8;1;1;1;0;32;0;63;63;63;-1;-1;-1;;;;63;63;63;False;False;False;True;False;False;False;False;False;False;False;False;False;True;False;False;False;True;False;False;0;0;0;False;0;0;0;-1;False;0;0;0;0;-1;0;0;0;0;0;0;0;0;0;0;0;0;0;0;0;0;0;-1;-1;-1;0;0;0;0;-1;0;0;0;0;0;0;0;0;0
3;Scotland;232;29;34924;True;;;;;;;;;;;;;;;;;;;;;;;;SCO;-1;-1;Hampden Park;;-1;;262143;262143;262143;;;;;49152;49153;49280;4294950912;4294950912;4294950912;4294950912;4294950912;4294950912;4294950912;0;27;45;63;63;63;0;4;8;1;1;1;0;27;45;63;63;63;-1;-1;-1;;;;63;63;63;False;False;False;True;False;False;False;False;False;False;False;False;False;True;False;False;False;True;False;False;0;0;0;False;0;0;0;-1;False;0;0;0;0;-1;0;0;0;0;0;0;0;0;0;0;0;0;0;0;0;0;0;-1;-1;-1;0;0;0;0;-1;0;0;0;0;0;0;0;0;0
4;Wales;241;13;1214;True;;;;;;;;;;;;;;;;;;;;;;;;WAL;-1;-1;Cardiff City Stadium;;-1;;262143;262143;262143;;;;;65536;65537;65664;4294950912;4294950912;4294950912;4294950912;4294950912;4294950912;4294950912;55;10;12;13;37;22;0;1;4;1;1;1;55;10;12;13;37;22;-1;-1;-1;;;;63;63;63;False;False;False;True;False;False;False;False;False;False;False;False;False;True;False;False;False;True;False;False;0;0;0;False;0;0;0;-1;False;0;0;0;0;-1;0;0;0;0;0;0;0;0;0;0;0;0;0;0;0;0;0;-1;-1;-1;0;0;0;0;-1;0;0;0;0;0;0;0;0;0
5;England;204;5;101599;True;;;;;;;;;;;;;;;;;;;;;;;;ENG;-1;-1;Wembley Stadium;;-1;;262143;262143;262143;;;;;81920;81921;82048;4294950912;4294950912;4294950912;4294950912;4294950912;4294950912;4294950912;63;63;63;51;0;0;0;1;4;1;1;1;63;63;63;51;0;0;-1;-1;-1;;;;63;63;63;False;False;False;True;False;False;False;False;False;False;False;False;False;True;False;False;False;True;False;False;0;0;0;False;0;0;0;-1;False;0;0;0;0;-1;0;0;0;0;0;0;0;0;0;0;0;0;0;0;0;0;0;-1;-1;-1;0;0;0;0;-1;0;0;0;0;0;0;0;0;0
6;Portugal;228;10;131073;True;;;;;;;;;;;;;;;;;;;;;;;;POR;-1;-1;Estadio Sport Lisboa e Benfica;;-1;;262143;262143;262143;;;;;98304;98305;98432;4294950912;4294950912;4294950912;4294950912;4294950912;4294950912;4294950912;44;2;4;7;28;19;0;6;4;1;1;1;44;2;4;7;28;19;-1;-1;-1;;;;63;63;63;False;False;False;True;False;False;False;False;False;False;False;False;False;True;False;False;False;True;False;False;0;0;0;False;0;0;0;-1;False;0;0;0;0;-1;0;0;0;0;0;0;0;0;0;0;0;0;0;0;0;0;0;-1;-1;-1;0;0;0;0;-1;0;0;0;0;0;0;0;0;0
7;Spain;236;29;101589;True;;;;;;;;;;;;;;;;;;;;;;;;ESP;-1;-1;Santiago Bernabeu Stadium;;-1;;262143;262143;262143;;;;;114688;114689;114816;4294950912;4294950912;4294950912;4294950912;4294950912;4294950912;4294950912;50;0;0;63;58;0;0;6;7;3;1;1;50;0;0;63;58;0;-1;-1;-1;;;;63;63;63;False;False;False;True;False;False;False;False;False;False;False;False;False;True;False;False;False;True;False;False;0;0;0;False;0;0;0;-1;False;0;0;0;0;-1;0;0;0;0;0;0;0;0;0;0;0;0;0;0;0;0;0;-1;-1;-1;0;0;0;0;-1;0;0;0;0;0;0;0;0;0
8;France;208;42;603;True;;;;;;;;;;;;;;;;;;;;;;;;FRA;-1;-1;Stade de France;;-1;;262143;262143;262143;;;;;131072;131073;131200;4294950912;4294950912;4294950912;4294950912;4294950912;4294950912;4294950912;5;18;29;63;63;63;0;8;1;4;2;1;5;18;29;63;63;63;-1;-1;-1;;;;63;63;63;False;False;False;True;False;False;False;False;False;False;False;False;False;True;False;False;False;True;False;False;0;0;0;False;0;0;0;-1;False;0;0;0;0;-1;0;0;0;0;0;0;0;0;0;0;0;0;0;0;0;0;0;-1;-1;-1;0;0;0;0;-1;0;0;0;0;0;0;0;0;0
9;Belgium;197;29;1177;True;;;;;;;;;;;;;;;;;;;;;;;;BEL;-1;-1;King Baudouin Stadiu;;-1;;262143;262143;262143;;;;;147456;147457;147584;4294950912;4294950912;4294950912;4294950912;4294950912;4294950912;4294950912;57;0;0;63;53;0;0;2;8;1;2;1;57;0;0;63;53;0;-1;-1;-1;;;;63;63;63;False;False;False;True;False;False;False;False;False;False;False;False;False;True;False;False;False;True;False;False;0;0;0;False;0;0;0;-1;False;0;0;0;0;-1;0;0;0;0;0;0;0;0;0;0;0;0;0;0;0;0;0;-1;-1;-1;0;0;0;0;-1;0;0;0;0;0;0;0;0;0
10;Netherlands;224;70;4;True;;;;;;;;;;;;;;;;;;;;;;;;NED;-1;-1;Feyenoord Stadium;;-1;;262143;262143;262143;;;;;163840;163841;163968;4294950912;4294950912;4294950912;4294950912;4294950912;4294950912;4294950912;63;22;0;63;63;63;0;5;4;1;1;1;63;22;0;63;63;63;-1;-1;-1;;;;63;63;63;False;False;False;True;False;False;False;False;False;False;False;False;False;True;False;False;False;True;False;False;0;0;0;False;0;0;0;-1;False;0;0;0;0;-1;0;0;0;0;0;0;0;0;0;0;0;0;0;0;0;0;0;-1;-1;-1;0;0;0;0;-1;0;0;0;0;0;0;0;0;0
11;Switzerland;238;29;604;True;;;;;;;;;;;;;;;;;;;;;;;;SUI;-1;-1;Stade de Suisse;;-1;;262143;262143;262143;;;;;180224;180225;180352;4294950912;4294950912;4294950912;4294950912;4294950912;4294950912;4294950912;59;7;9;63;63;63;0;1;7;4;2;1;59;7;9;63;63;63;-1;-1;-1;;;;63;63;63;False;False;False;True;False;False;False;False;False;False;False;False;False;True;False;False;False;True;False;False;0;0;0;False;0;0;0;-1;False;0;0;0;0;-1;0;0;0;0;0;0;0;0;0;0;0;0;0;0;0;0;0;-1;-1;-1;0;0;0;0;-1;0;0;0;0;0;0;0;0;0
12;Italy;215;6;100851;True;;;;;;;;;;;;;;;;;;;;;;;;ITA;-1;-1;Stadio Olimpico;;-1;;262143;262143;262143;;;;;196608;196609;196736;4294950912;4294950912;4294950912;4294950912;4294950912;4294950912;4294950912;2;23;40;63;63;63;0;3;7;1;1;1;2;23;40;63;63;63;-1;-1;-1;;;;63;63;63;False;False;False;True;False;False;False;False;False;False;False;False;False;True;False;False;False;True;False;False;0;0;0;False;0;0;0;-1;False;0;0;0;0;-1;0;0;0;0;0;0;0;0;0;0;0;0;0;0;0;0;0;-1;-1;-1;0;0;0;0;-1;0;0;0;0;0;0;0;0;0
13;Czech Republic;202;29;36349;True;;;;;;;;;;;;;;;;;;;;;;;;CZE;-1;-1;Sinobo Stadium;;-1;;262143;262143;262143;;;;;212992;212993;213120;4294950912;4294950912;4294950912;4294950912;4294950912;4294950912;4294950912;53;0;10;0;18;33;0;5;4;1;2;1;53;0;10;0;18;33;-1;-1;-1;;;;63;63;63;False;False;False;True;False;False;False;False;False;False;False;False;False;True;False;False;False;True;False;False;0;0;0;False;0;0;0;-1;False;0;0;0;0;-1;0;0;0;0;0;0;0;0;0;0;0;0;0;0;0;0;0;-1;-1;-1;0;0;0;0;-1;0;0;0;0;0;0;0;0;0
14;Germany;210;11;2400;True;;;;;;;;;;;;;;;;;;;;;;;;GER;-1;-1;Allianz Arena;;-1;;262143;262143;262143;;;;;229376;229377;229504;4294950912;4294950912;4294950912;4294950912;4294950912;4294950912;4294950912;63;63;63;0;0;0;0;8;1;1;1;1;63;63;63;0;0;0;-1;-1;-1;;;;63;63;63;False;False;False;True;False;False;False;False;False;False;False;False;False;True;False;False;False;True;False;False;0;0;0;False;0;0;0;-1;False;0;0;0;0;-1;0;0;0;0;0;0;0;0;0;0;0;0;0;0;0;0;0;-1;-1;-1;0;0;0;0;-1;0;0;0;0;0;0;0;0;0
15;Denmark;203;29;71;True;;;;;;;;;;;;;;;;;;;;;;;;DEN;-1;-1;Telia Parken;;-1;;262143;262143;262143;;;;;245760;245761;245888;4294950912;4294950912;4294950912;4294950912;4294950912;4294950912;4294950912;57;0;0;63;63;63;0;6;4;1;2;1;57;0;0;63;63;63;-1;-1;-1;;;;63;63;63;False;False;False;True;False;False;False;False;False;False;False;False;False;True;False;False;False;True;False;False;0;0;0;False;0;0;0;-1;False;0;0;0;0;-1;0;0;0;0;0;0;0;0;0;0;0;0;0;0;0;0;0;-1;-1;-1;0;0;0;0;-1;0;0;0;0;0;0;0;0;0
16;Norway;226;20;90;True;;;;;;;;;;;;;;;;;;;;;;;;NOR;-1;-1;Ullevaal Stadion;;-1;;262143;262143;262143;;;;;262144;262145;262272;4294950912;4294950912;4294950912;4294950912;4294950912;4294950912;4294950912;59;7;9;9;10;25;0;5;4;4;1;1;59;7;9;9;10;25;-1;-1;-1;;;;63;63;63;False;False;False;True;False;False;False;False;False;False;False;False;False;True;False;False;False;True;False;False;0;0;0;False;0;0;0;-1;False;0;0;0;0;-1;0;0;0;0;0;0;0;0;0;0;0;0;0;0;0;0;0;-1;-1;-1;0;0;0;0;-1;0;0;0;0;0;0;0;0;0
17;Sweden;237;13;101231;True;;;;;;;;;;;;;;;;;;;;;;;;SWE;-1;-1;Friends Arena;;-1;;262143;262143;262143;;;;;278528;278529;278656;4294950912;4294950912;4294950912;4294950912;4294950912;4294950912;4294950912;63;53;0;0;26;41;0;6;7;1;2;1;63;53;0;0;26;41;-1;-1;-1;;;;63;63;63;False;False;False;True;False;False;False;False;False;False;False;False;False;True;False;False;False;True;False;False;0;0;0;False;0;0;0;-1;False;0;0;0;0;-1;0;0;0;0;0;0;0;0;0;0;0;0;0;0;0;0;0;-1;-1;-1;0;0;0;0;-1;0;0;0;0;0;0;0;0;0
18;Finland;207;15;34782;True;;;;;;;;;;;;;;;;;;;;;;;;FIN;-1;-1;Tampere Stadium;;-1;;262143;262143;262143;;;;;294912;294913;295040;4294950912;4294950912;4294950912;4294950912;4294950912;4294950912;4294950912;63;63;63;0;13;32;0;3;1;1;1;1;63;63;63;63;63;63;-1;-1;-1;;;;63;63;63;False;False;False;True;False;False;False;False;False;False;False;False;False;True;False;False;False;True;False;False;0;0;0;False;0;0;0;-1;False;0;0;0;0;-1;0;0;0;0;0;0;0;0;0;0;0;0;0;0;0;0;0;-1;-1;-1;0;0;0;0;-1;0;0;0;0;0;0;0;0;0
19;Poland;227;29;35739;True;;;;;;;;;;;;;;;;;;;;;;;;POL;-1;-1;PGE Narodowy;;-1;;262143;262143;262143;;;;;311296;311297;311424;4294950912;4294950912;4294950912;4294950912;4294950912;4294950912;4294950912;59;7;9;63;63;63;0;6;4;1;2;1;59;7;9;63;63;63;-1;-1;-1;;;;63;63;63;False;False;False;True;False;False;False;False;False;False;False;False;False;True;False;False;False;True;False;False;0;0;0;False;0;0;0;-1;False;0;0;0;0;-1;0;0;0;0;0;0;0;0;0;0;0;0;0;0;0;0;0;-1;-1;-1;0;0;0;0;-1;0;0;0;0;0;0;0;0;0
20;Slovakia;234;29;90024;True;;;;;;;;;;;;;;;;;;;;;;;;SVK;-1;-1;Stadion Antona Malatinskeho;;-1;;262143;262143;262143;;;;;327680;327681;327808;4294950912;4294950912;4294950912;4294950912;4294950912;4294950912;4294950912;63;63;63;0;19;40;0;6;4;1;2;1;63;63;63;0;19;40;-1;-1;-1;;;;63;63;63;False;False;False;True;False;False;False;False;False;False;False;False;False;True;False;False;False;True;False;False;0;0;0;False;0;0;0;-1;False;0;0;0;0;-1;0;0;0;0;0;0;0;0;0;0;0;0;0;0;0;0;0;-1;-1;-1;0;0;0;0;-1;0;0;0;0;0;0;0;0;0
21;Austria;194;29;151;True;;;;;;;;;;;;;;;;;;;;;;;;AUT;-1;-1;Ernst Happel Stadium;;-1;;262143;262143;262143;;;;;344064;344065;344192;4294950912;4294950912;4294950912;4294950912;4294950912;4294950912;4294950912;57;0;0;63;63;63;0;3;4;1;1;1;57;0;0;63;63;63;-1;-1;-1;;;;63;63;63;False;False;False;True;False;False;False;False;False;False;False;False;False;True;False;False;False;True;False;False;0;0;0;False;0;0;0;-1;False;0;0;0;0;-1;0;0;0;0;0;0;0;0;0;0;0;0;0;0;0;0;0;-1;-1;-1;0;0;0;0;-1;0;0;0;0;0;0;0;0;0
22;Hungary;212;15;36286;True;;;;;;;;;;;;;;;;;;;;;;;;HUN;-1;-1;Groupama Arena;;-1;;262143;262143;262143;;;;;360448;360449;360576;4294950912;4294950912;4294950912;4294950912;4294950912;4294950912;4294950912;57;0;0;0;32;18;0;2;5;1;1;1;57;0;0;0;32;18;-1;-1;-1;;;;63;63;63;False;False;False;True;False;False;False;False;False;False;False;False;False;True;False;False;False;True;False;False;0;0;0;False;0;0;0;-1;False;0;0;0;0;-1;0;0;0;0;0;0;0;0;0;0;0;0;0;0;0;0;0;-1;-1;-1;0;0;0;0;-1;0;0;0;0;0;0;0;0;0
23;Slovenia;235;29;36348;True;;;;;;;;;;;;;;;;;;;;;;;;SVN;-1;-1;Stozice Stadium;;-1;;262143;262143;262143;;;;;376832;376833;376960;4294950912;4294950912;4294950912;4294950912;4294950912;4294950912;4294950912;63;63;63;8;17;9;0;6;8;4;1;7;63;63;63;8;17;9;-1;-1;-1;;;;63;63;63;False;False;False;True;False;False;False;False;False;False;False;False;False;True;False;False;False;True;False;False;0;0;0;False;0;0;0;-1;False;0;0;0;0;-1;0;0;0;0;0;0;0;0;0;0;0;0;0;0;0;0;0;-1;-1;-1;0;0;0;0;-1;0;0;0;0;0;0;0;0;0
24;Croatia;200;17;606;True;;;;;;;;;;;;;;;;;;;;;;;;CRO;-1;-1;Stadion Poljud;;-1;;262143;262143;262143;;;;;393216;393217;393344;4294950912;4294950912;4294950912;4294950912;4294950912;4294950912;4294950912;57;0;0;63;63;63;0;8;7;1;1;1;57;0;0;63;63;63;-1;-1;-1;;;;63;63;63;False;False;False;True;False;False;False;False;False;False;False;False;False;True;False;False;False;True;False;False;0;0;0;False;0;0;0;-1;False;0;0;0;0;-1;0;0;0;0;0;0;0;0;0;0;0;0;0;0;0;0;0;-1;-1;-1;0;0;0;0;-1;0;0;0;0;0;0;0;0;0
26;Romania;229;29;119;True;;;;;;;;;;;;;;;;;;;;;;;;ROU;-1;-1;National Arena;;-1;;262143;262143;262143;;;;;425984;425985;426112;425986;4294950912;4294950912;4294950912;4294950912;4294950912;4294950912;63;55;0;59;7;9;0;1;2;1;1;1;63;55;0;59;7;9;-1;-1;-1;;;;63;63;63;False;False;False;True;False;False;False;False;False;False;False;False;False;True;False;False;False;True;False;False;0;0;0;False;0;0;0;-1;False;0;0;0;0;-1;0;0;0;0;0;0;0;0;0;0;0;0;0;0;0;0;0;-1;-1;-1;0;0;0;0;-1;0;0;0;0;0;0;0;0;0
27;Bulgaria;199;20;100123;True;;;;;;;;;;;;;;;;;;;;;;;;BUL;-1;-1;Vasil Levski National Stadium;;-1;;262143;262143;262143;;;;;442368;442369;442496;4294950912;4294950912;4294950912;4294950912;4294950912;4294950912;4294950912;0;38;28;57;0;0;0;3;6;1;1;1;0;38;28;57;0;0;-1;-1;-1;;;;63;63;63;False;False;False;True;False;False;False;False;False;False;False;False;False;True;False;False;False;True;False;False;0;0;0;False;0;0;0;-1;False;0;0;0;0;-1;0;0;0;0;0;0;0;0;0;0;0;0;0;0;0;0;0;-1;-1;-1;0;0;0;0;-1;0;0;0;0;0;0;0;0;0
28;Greece;211;29;102287;True;;;;;;;;;;;;;;;;;;;;;;;;GRE;-1;-1;Main Olympic Staium;;-1;;262143;262143;262143;;;;;458752;458753;458880;4294950912;4294950912;4294950912;4294950912;4294950912;4294950912;4294950912;63;63;63;0;15;31;0;4;4;1;1;1;63;63;63;0;15;31;-1;-1;-1;;;;63;63;63;False;False;False;True;False;False;False;False;False;False;False;False;False;True;False;False;False;True;False;False;0;0;0;False;0;0;0;-1;False;0;0;0;0;-1;0;0;0;0;0;0;0;0;0;0;0;0;0;0;0;0;0;-1;-1;-1;0;0;0;0;-1;0;0;0;0;0;0;0;0;0
29;Turkey;190;15;100178;True;;;;;;;;;;;;;;;;;;;;;;;;TUR;-1;-1;Konya Buyuksehir Stadium;;-1;;262143;262143;262143;;;;;475136;475137;475264;4294950912;4294950912;4294950912;4294950912;4294950912;4294950912;4294950912;59;2;7;63;63;63;0;3;1;1;1;1;59;2;7;63;63;63;-1;-1;-1;;;;63;63;63;False;False;False;True;False;False;False;False;False;False;False;False;False;True;False;False;False;True;False;False;0;0;0;False;0;0;0;-1;False;0;0;0;0;-1;0;0;0;0;0;0;0;0;0;0;0;0;0;0;0;0;0;-1;-1;-1;0;0;0;0;-1;0;0;0;0;0;0;0;0;0
30;Ukraine;239;29;102303;True;;;;;;;;;;;;;;;;;;;;;;;;UKR;-1;-1;National Sports Complex;;-1;;262143;262143;262143;;;;;491520;491521;491648;4294950912;4294950912;4294950912;4294950912;4294950912;4294950912;4294950912;63;57;0;0;22;42;0;7;2;1;1;1;63;57;0;0;22;42;-1;-1;-1;;;;63;63;63;False;False;False;True;False;False;False;False;False;False;False;False;False;True;False;False;False;True;False;False;0;0;0;False;0;0;0;-1;False;0;0;0;0;-1;0;0;0;0;0;0;0;0;0;0;0;0;0;0;0;0;0;-1;-1;-1;0;0;0;0;-1;0;0;0;0;0;0;0;0;0
31;Russia;230;15;489;True;;;;;;;;;;;;;;;;;;;;;;;;RUS;-1;-1;Luzhniki Stadium;;-1;;262143;262143;262143;;;;;507904;507905;508032;4294950912;4294950912;4294950912;4294950912;4294950912;4294950912;4294950912;59;7;9;0;27;45;0;7;7;4;1;1;59;7;9;0;27;45;-1;-1;-1;;;;63;63;63;False;False;False;True;False;False;False;False;False;False;False;False;False;True;False;False;False;True;False;False;0;0;0;False;0;0;0;-1;False;0;0;0;0;-1;0;0;0;0;0;0;0;0;0;0;0;0;0;0;0;0;0;-1;-1;-1;0;0;0;0;-1;0;0;0;0;0;0;0;0;0
32;Morocco;76;15;121596;True;;;;;;;;;;;;;;;;;;;;;;;;MAR;-1;-1;Stade Mohammed V;;-1;;262143;262143;262143;;;;;524288;524289;524416;4294950912;4294950912;4294950912;4294950912;4294950912;4294950912;4294950912;12;42;32;59;6;9;0;2;7;1;1;1;12;42;32;59;6;9;-1;-1;-1;;;;63;63;63;False;False;False;True;False;False;False;False;False;False;False;False;False;True;False;False;False;True;False;False;0;0;0;False;0;0;0;-1;False;0;0;0;0;-1;0;0;0;0;0;0;0;0;0;0;0;0;0;0;0;0;0;-1;-1;-1;0;0;0;0;-1;0;0;0;0;0;0;0;0;0
33;Tunisia;92;29;294;True;;;;;;;;;;;;;;;;;;;;;;;;TUN;-1;-1;Stade Olympique de Rades;;-1;;262143;262143;262143;;;;;540672;540673;540800;4294950912;4294950912;4294950912;4294950912;4294950912;4294950912;4294950912;56;0;6;63;63;63;0;2;4;1;1;1;56;0;6;63;63;63;-1;-1;-1;;;;63;63;63;False;False;False;True;False;False;False;False;False;False;False;False;False;True;False;False;False;True;False;False;0;0;0;False;0;0;0;-1;False;0;0;0;0;-1;0;0;0;0;0;0;0;0;0;0;0;0;0;0;0;0;0;-1;-1;-1;0;0;0;0;-1;0;0;0;0;0;0;0;0;0
34;Egypt;58;15;34720;True;;;;;;;;;;;;;;;;;;;;;;;;EGY;-1;-1;Cairo International Stadium;;-1;;262143;262143;262143;;;;;557056;557057;557184;4294950912;4294950912;4294950912;4294950912;4294950912;4294950912;4294950912;61;6;11;63;63;63;0;7;1;1;2;1;61;6;11;63;63;63;-1;-1;-1;;;;63;63;63;False;False;False;True;False;False;False;False;False;False;False;False;False;True;False;False;False;True;False;False;0;0;0;False;0;0;0;-1;False;0;0;0;0;-1;0;0;0;0;0;0;0;0;0;0;0;0;0;0;0;0;0;-1;-1;-1;0;0;0;0;-1;0;0;0;0;0;0;0;0;0
35;Nigeria;80;15;35952;True;;;;;;;;;;;;;;;;;;;;;;;;NGA;-1;-1;Moshood Abiola National Stadium;;-1;;262143;262143;262143;;;;;573440;573441;573568;4294950912;4294950912;4294950912;4294950912;4294950912;4294950912;4294950912;7;33;18;63;63;63;0;3;4;1;1;1;7;33;18;63;63;63;-1;-1;-1;;;;63;63;63;False;False;False;True;False;False;False;False;False;False;False;False;False;True;False;False;False;True;False;False;0;0;0;False;0;0;0;-1;False;0;0;0;0;-1;0;0;0;0;0;0;0;0;0;0;0;0;0;0;0;0;0;-1;-1;-1;0;0;0;0;-1;0;0;0;0;0;0;0;0;0
36;Cameroon;50;15;100112;True;;;;;;;;;;;;;;;;;;;;;;;;CMR;-1;-1;Stade Ahmadou Ahidjo;;-1;;262143;262143;262143;;;;;589824;589825;589952;4294950912;4294950912;4294950912;4294950912;4294950912;4294950912;4294950912;16;36;14;55;0;6;0;3;2;3;1;1;16;36;14;55;0;6;-1;-1;-1;;;;63;63;63;False;False;False;True;False;False;False;False;False;False;False;False;False;True;False;False;False;True;False;False;0;0;0;False;0;0;0;-1;False;0;0;0;0;-1;0;0;0;0;0;0;0;0;0;0;0;0;0;0;0;0;0;-1;-1;-1;0;0;0;0;-1;0;0;0;0;0;0;0;0;0
37;South Africa;87;29;36638;True;;;;;;;;;;;;;;;;;;;;;;;;ZAF;-1;-1;Ellis Park Stadium;;-1;;262143;262143;262143;;;;;606208;606209;606336;4294950912;4294950912;4294950912;4294950912;4294950912;4294950912;4294950912;63;54;1;7;39;16;0;3;3;4;1;1;63;54;1;7;39;16;-1;-1;-1;;;;63;63;63;False;False;False;True;False;False;False;False;False;False;False;False;False;True;False;False;False;True;False;False;0;0;0;False;0;0;0;-1;False;0;0;0;0;-1;0;0;0;0;0;0;0;0;0;0;0;0;0;0;0;0;0;-1;-1;-1;0;0;0;0;-1;0;0;0;0;0;0;0;0;0
38;Senegal;83;15;100087;True;;;;;;;;;;;;;;;;;;;;;;;;SEN;-1;-1;Stade Leopold Sedar Senghor;;-1;;262143;262143;262143;;;;;622592;622593;622720;4294950912;4294950912;4294950912;4294950912;4294950912;4294950912;4294950912;7;26;9;63;63;0;0;3;1;1;1;1;7;26;9;63;63;0;-1;-1;-1;;;;63;63;63;False;False;False;True;False;False;False;False;False;False;False;False;False;True;False;False;False;True;False;False;0;0;0;False;0;0;0;-1;False;0;0;0;0;-1;0;0;0;0;0;0;0;0;0;0;0;0;0;0;0;0;0;-1;-1;-1;0;0;0;0;-1;0;0;0;0;0;0;0;0;0
39;United States;135;29;100818;True;;;;;;;;;;;;;;;;;;;;;;;;USA;-1;-1;Robert Kennedy Memorial Stadium;;-1;;262143;262143;262143;;;;;638976;638977;639104;4294950912;4294950912;4294950912;4294950912;4294950912;4294950912;4294950912;63;63;63;8;10;17;0;1;2;2;1;1;63;63;63;8;10;17;-1;-1;-1;;;;63;63;63;False;False;False;True;False;False;False;False;False;False;False;False;False;True;False;False;False;True;False;False;0;0;0;False;0;0;0;-1;False;0;0;0;0;-1;0;0;0;0;0;0;0;0;0;0;0;0;0;0;0;0;0;-1;-1;-1;0;0;0;0;-1;0;0;0;0;0;0;0;0;0
40;Mexico;124;29;54;True;;;;;;;;;;;;;;;;;;;;;;;;MEX;-1;-1;Aztec Stadium;;-1;;262143;262143;262143;;;;;655360;655361;655488;4294950912;4294950912;4294950912;4294950912;4294950912;4294950912;4294950912;4;41;21;61;15;11;0;2;4;2;2;1;4;41;21;61;15;11;-1;-1;-1;;;;63;63;63;False;False;False;True;False;False;False;False;False;False;False;False;False;True;False;False;False;True;False;False;0;0;0;False;0;0;0;-1;False;0;0;0;0;-1;0;0;0;0;0;0;0;0;0;0;0;0;0;0;0;0;0;-1;-1;-1;0;0;0;0;-1;0;0;0;0;0;0;0;0;0
41;Jamaica;122;15;2373;True;;;;;;;;;;;;;;;;;;;;;;;;JAM;-1;-1;Independence Park;;-1;;262143;262143;262143;;;;;671744;671745;671872;4294950912;4294950912;4294950912;4294950912;4294950912;4294950912;4294950912;63;52;0;0;38;14;0;8;1;3;1;1;63;52;0;0;38;14;-1;-1;-1;;;;63;63;63;False;False;False;True;False;False;False;False;False;False;False;False;False;True;False;False;False;True;False;False;0;0;0;False;0;0;0;-1;False;0;0;0;0;-1;0;0;0;0;0;0;0;0;0;0;0;0;0;0;0;0;0;-1;-1;-1;0;0;0;0;-1;0;0;0;0;0;0;0;0;0
42;Costa Rica;112;29;101748;True;;;;;;;;;;;;;;;;;;;;;;;;CRI;-1;-1;Estadio Nacional de Costa Rica;;-1;;262143;262143;262143;;;;;688128;688129;688256;4294950912;4294950912;4294950912;4294950912;4294950912;4294950912;4294950912;52;6;7;1;19;35;0;2;7;3;1;1;52;6;7;1;19;35;-1;-1;-1;;;;63;63;63;False;False;False;True;False;False;False;False;False;False;False;False;False;True;False;False;False;True;False;False;0;0;0;False;0;0;0;-1;False;0;0;0;0;-1;0;0;0;0;0;0;0;0;0;0;0;0;0;0;0;0;0;-1;-1;-1;0;0;0;0;-1;0;0;0;0;0;0;0;0;0
43;Honduras;121;15;100349;True;;;;;;;;;;;;;;;;;;;;;;;;HND;-1;-1;Estadio Olimico Metropolitano;;-1;;262143;262143;262143;;;;;704512;704513;704640;4294950912;4294950912;4294950912;4294950912;4294950912;4294950912;4294950912;63;63;63;0;23;40;0;2;1;1;1;1;63;63;63;0;23;40;-1;-1;-1;;;;63;63;63;False;False;False;True;False;False;False;False;False;False;False;False;False;True;False;False;False;True;False;False;0;0;0;False;0;0;0;-1;False;0;0;0;0;-1;0;0;0;0;0;0;0;0;0;0;0;0;0;0;0;0;0;-1;-1;-1;0;0;0;0;-1;0;0;0;0;0;0;0;0;0
44;Colombia;148;15;90031;True;;;;;;;;;;;;;;;;;;;;;;;;COL;-1;-1;Estadio Metropolitano Roberto Melende;;-1;;262143;262143;262143;;;;;720896;720897;721024;4294950912;4294950912;4294950912;4294950912;4294950912;4294950912;4294950912;63;48;9;4;4;23;0;7;8;3;2;1;63;48;9;4;4;23;-1;-1;-1;;;;63;63;63;False;False;False;True;False;False;False;False;False;False;False;False;False;True;False;False;False;True;False;False;0;0;0;False;0;0;0;-1;False;0;0;0;0;-1;0;0;0;0;0;0;0;0;0;0;0;0;0;0;0;0;0;-1;-1;-1;0;0;0;0;-1;0;0;0;0;0;0;0;0;0
45;Brazil;146;24;51;True;;;;;;;;;;;;;;;;;;;;;;;;BRA;-1;-1;Estadio do Maracana;;-1;;262143;262143;262143;;;;;737280;737281;737408;4294950912;4294950912;4294950912;4294950912;4294950912;4294950912;4294950912;50;42;7;6;29;6;0;6;2;1;1;1;50;42;7;6;29;6;-1;-1;-1;;;;63;63;63;False;False;False;True;False;False;False;False;False;False;False;False;False;True;False;False;False;True;False;False;0;0;0;False;0;0;0;-1;False;0;0;0;0;-1;0;0;0;0;0;0;0;0;0;0;0;0;0;0;0;0;0;-1;-1;-1;0;0;0;0;-1;0;0;0;0;0;0;0;0;0
46;Peru;151;15;100663;True;;;;;;;;;;;;;;;;;;;;;;;;PER;-1;-1;Estadio Nacional;;-1;;262143;262143;262143;;;;;753664;753665;753792;4294950912;4294950912;4294950912;4294950912;4294950912;4294950912;4294950912;63;63;63;50;4;8;0;7;1;1;1;1;63;63;63;50;4;8;-1;-1;-1;;;;63;63;63;False;False;False;True;False;False;False;False;False;False;False;False;False;True;False;False;False;True;False;False;0;0;0;False;0;0;0;-1;False;0;0;0;0;-1;0;0;0;0;0;0;0;0;0;0;0;0;0;0;0;0;0;-1;-1;-1;0;0;0;0;-1;0;0;0;0;0;0;0;0;0
47;Chile;147;40;100004;True;;;;;;;;;;;;;;;;;;;;;;;;CHL;-1;-1;Estadio Nacional Julio Martinez Prada;;-1;;262143;262143;262143;;;;;770048;770049;770176;4294950912;4294950912;4294950912;4294950912;4294950912;4294950912;4294950912;56;1;4;0;20;36;0;7;4;1;1;1;56;1;4;0;20;36;-1;-1;-1;;;;63;63;63;False;False;False;True;False;False;False;False;False;False;False;False;False;True;False;False;False;True;False;False;0;0;0;False;0;0;0;-1;False;0;0;0;0;-1;0;0;0;0;0;0;0;0;0;0;0;0;0;0;0;0;0;-1;-1;-1;0;0;0;0;-1;0;0;0;0;0;0;0;0;0
48;Paraguay;150;15;36124;True;;;;;;;;;;;;;;;;;;;;;;;;PRY;-1;-1;Estadio Defensores del Chaco;;-1;;262143;262143;262143;;;;;786432;786433;786560;4294950912;4294950912;4294950912;4294950912;4294950912;4294950912;4294950912;56;1;4;63;63;63;0;5;4;3;2;1;56;1;4;63;63;63;-1;-1;-1;;;;63;63;63;False;False;False;True;False;False;False;False;False;False;False;False;False;True;False;False;False;True;False;False;0;0;0;False;0;0;0;-1;False;0;0;0;0;-1;0;0;0;0;0;0;0;0;0;0;0;0;0;0;0;0;0;-1;-1;-1;0;0;0;0;-1;0;0;0;0;0;0;0;0;0
49;Uruguay;152;15;396;True;;;;;;;;;;;;;;;;;;;;;;;;URY;-1;-1;Estadio Centenario;;-1;;262143;262143;262143;;;;;802816;802817;802944;4294950912;4294950912;4294950912;4294950912;4294950912;4294950912;4294950912;25;47;59;0;0;0;0;2;1;1;1;1;25;47;59;0;0;0;-1;-1;-1;;;;63;63;63;False;False;False;True;False;False;False;False;False;False;False;False;False;True;False;False;False;True;False;False;0;0;0;False;0;0;0;-1;False;0;0;0;0;-1;0;0;0;0;0;0;0;0;0;0;0;0;0;0;0;0;0;-1;-1;-1;0;0;0;0;-1;0;0;0;0;0;0;0;0;0
50;Argentina;144;28;36271;True;;;;;;;;;;;;;;;;;;;;;;;;ARG;-1;-1;La Bombonera;;-1;;262143;262143;262143;;;;;819200;819201;819328;4294950912;4294950912;4294950912;4294950912;4294950912;4294950912;4294950912;34;50;59;63;63;63;0;3;1;1;1;1;34;50;59;63;63;63;-1;-1;-1;;;;63;63;63;False;False;False;True;False;False;False;False;False;False;False;False;False;True;False;False;False;True;False;False;0;0;0;False;0;0;0;-1;False;0;0;0;0;-1;0;0;0;0;0;0;0;0;0;0;0;0;0;0;0;0;0;-1;-1;-1;0;0;0;0;-1;0;0;0;0;0;0;0;0;0
51;Ecuador;149;15;100109;True;;;;;;;;;;;;;;;;;;;;;;;;ECU;-1;-1;Estadio Olimpico Atahualpa;;-1;;262143;262143;262143;;;;;835584;835585;835712;4294950912;4294950912;4294950912;4294950912;4294950912;4294950912;4294950912;59;54;6;0;10;24;0;2;4;1;1;1;59;54;6;0;10;24;-1;-1;-1;;;;63;63;63;False;False;False;True;False;False;False;False;False;False;False;False;False;True;False;False;False;True;False;False;0;0;0;False;0;0;0;-1;False;0;0;0;0;-1;0;0;0;0;0;0;0;0;0;0;0;0;0;0;0;0;0;-1;-1;-1;0;0;0;0;-1;0;0;0;0;0;0;0;0;0
52;Japan;13;23;121567;True;;;;;;;;;;;;;;;;;;;;;;;;JPN;-1;-1;Saitama Stadium 2002;;-1;;262143;262143;262143;;;;;851968;851969;852096;4294950912;4294950912;4294950912;4294950912;4294950912;4294950912;4294950912;8;15;38;4;7;31;0;6;8;1;2;1;8;15;38;4;7;31;-1;-1;-1;;;;63;63;63;False;False;False;True;False;False;False;False;False;False;False;False;False;True;False;False;False;True;False;False;0;0;0;False;0;0;0;-1;False;0;0;0;0;-1;0;0;0;0;0;0;0;0;0;0;0;0;0;0;0;0;0;-1;-1;-1;0;0;0;0;-1;0;0;0;0;0;0;0;0;0
53;South Korea;16;13;100963;True;;;;;;;;;;;;;;;;;;;;;;;;KOR;-1;-1;Seoul World Cup Stadium;;-1;;262143;262143;262143;;;;;868352;868353;868480;4294950912;4294950912;4294950912;4294950912;4294950912;4294950912;4294950912;52;7;9;2;19;40;0;3;7;1;2;1;52;7;9;2;19;40;-1;-1;-1;;;;63;63;63;False;False;False;True;False;False;False;False;False;False;False;False;False;True;False;False;False;True;False;False;0;0;0;False;0;0;0;-1;False;0;0;0;0;-1;0;0;0;0;0;0;0;0;0;0;0;0;0;0;0;0;0;-1;-1;-1;0;0;0;0;-1;0;0;0;0;0;0;0;0;0
54;China;7;29;241;True;;;;;;;;;;;;;;;;;;;;;;;;CHN;-1;-1;Kunming Tuodong Sports Center;;-1;;262143;262143;262143;;;;;884736;884737;884864;4294950912;4294950912;4294950912;4294950912;4294950912;4294950912;4294950912;57;0;4;63;63;63;0;3;6;1;1;1;57;0;4;63;63;63;-1;-1;-1;;;;63;63;63;False;False;False;True;False;False;False;False;False;False;False;False;False;True;False;False;False;True;False;False;0;0;0;False;0;0;0;-1;False;0;0;0;0;-1;0;0;0;0;0;0;0;0;0;0;0;0;0;0;0;0;0;-1;-1;-1;0;0;0;0;-1;0;0;0;0;0;0;0;0;0
55;Iran;11;15;100006;True;;;;;;;;;;;;;;;;;;;;;;;;IRN;-1;-1;Azadi Stadium;;-1;;262143;262143;262143;;;;;901120;901121;901248;4294950912;4294950912;4294950912;4294950912;4294950912;4294950912;4294950912;63;63;63;54;9;7;0;2;1;1;2;1;63;63;63;54;9;7;-1;-1;-1;;;;63;63;63;False;False;False;True;False;False;False;False;False;False;False;False;False;True;False;False;False;True;False;False;0;0;0;False;0;0;0;-1;False;0;0;0;0;-1;0;0;0;0;0;0;0;0;0;0;0;0;0;0;0;0;0;-1;-1;-1;0;0;0;0;-1;0;0;0;0;0;0;0;0;0
56;Saudi Arabia;31;29;121590;True;;;;;;;;;;;;;;;;;;;;;;;;SAU;-1;-1;King Abdullah Sport City Stadium;;-1;;262143;262143;262143;;;;;917504;917505;917632;4294950912;4294950912;4294950912;4294950912;4294950912;4294950912;4294950912;2;23;8;63;63;63;0;3;8;1;2;1;2;23;8;63;63;63;-1;-1;-1;;;;63;63;63;False;False;False;True;False;False;False;False;False;False;False;False;False;True;False;False;False;True;False;False;0;0;0;False;0;0;0;-1;False;0;0;0;0;-1;0;0;0;0;0;0;0;0;0;0;0;0;0;0;0;0;0;-1;-1;-1;0;0;0;0;-1;0;0;0;0;0;0;0;0;0
57;Australia;162;17;100531;True;;;;;;;;;;;;;;;;;;;;;;;;AUS;-1;-1;ANZ Stadium;;-1;;262143;262143;262143;;;;;933888;933889;934016;4294950912;4294950912;4294950912;4294950912;4294950912;4294950912;4294950912;63;52;0;0;26;15;0;5;3;1;1;1;63;52;0;0;26;15;-1;-1;-1;;;;63;63;63;False;False;False;True;False;False;False;False;False;False;False;False;False;True;False;False;False;True;False;False;0;0;0;False;0;0;0;-1;False;0;0;0;0;-1;0;0;0;0;0;0;0;0;0;0;0;0;0;0;0;0;0;-1;-1;-1;0;0;0;0;-1;0;0;0;0;0;0;0;0;0
59;Latvia;217;29;100007;True;;;;;;;;;;;;;;;;;;;;;;;;LVA;-1;-1;Daugava Stadium in Riga;;-1;;262143;262143;262143;;;;;966656;966657;966784;4294950912;4294950912;4294950912;4294950912;4294950912;4294950912;4294950912;39;11;13;63;63;63;0;0;0;1;1;1;63;63;63;63;63;63;-1;-1;-1;;;;63;63;63;False;False;False;True;False;False;False;False;False;False;False;False;False;True;False;False;False;True;False;False;0;0;0;False;0;0;0;-1;False;0;0;0;0;-1;0;0;0;0;0;0;0;0;0;0;0;0;0;0;0;0;0;-1;-1;-1;0;0;0;0;-1;0;0;0;0;0;0;0;0;0
100;Manchester United;204;7;501;False;;;;;;;;;;;;;;;;;;;;;;;;MUN;-1;-1;Old Trafford;;-1;;173;103;101;;;;;1638400;1638401;1638528;1638402;4294950912;4294950912;4294950912;4294950912;4294950912;4294950912;53;0;7;53;0;7;0;3;4;3;1;2;63;63;63;53;0;7;-1;-1;-1;;;;63;63;63;False;False;False;True;False;False;False;True;False;False;False;False;False;True;False;False;False;True;False;False;0;0;0;False;0;0;0;-1;False;0;0;0;0;-1;0;0;0;0;0;0;0;0;0;0;0;0;0;0;0;0;0;-1;-1;-1;0;0;0;0;-1;0;0;0;0;0;0;0;0;0
101;Arsenal FC;204;52;102109;False;;;;;;;;;;;;;;;;;;;;;;;;ARS;-1;-1;Emirates Stadium;;-1;;179;100;102;;;;;1654784;1654785;1654912;1654786;4294950912;4294950912;4294950912;4294950912;4294950912;4294950912;52;0;0;63;63;63;0;3;4;1;1;2;63;63;63;52;0;0;-1;-1;-1;;;;63;63;63;False;False;False;True;False;False;False;True;False;False;False;False;False;True;False;False;False;True;False;False;0;0;0;False;0;0;0;-1;False;0;0;0;0;-1;0;0;0;0;0;0;0;0;0;0;0;0;0;0;0;0;0;-1;-1;-1;0;0;0;0;-1;0;0;0;0;0;0;0;0;0
102;Chelsea FC;204;18;101314;False;;;;;;;;;;;;;;;;;;;;;;;;CHE;-1;-1;Stamford Bridge;;-1;;101;179;100;;;;;1671168;1671169;1671296;1671170;4294950912;4294950912;4294950912;4294950912;4294950912;4294950912;0;12;29;0;12;29;0;8;7;2;1;1;0;12;29;0;12;29;-1;-1;-1;;;;63;63;63;False;False;False;True;False;False;False;True;False;False;False;False;False;True;False;False;False;True;False;False;0;0;0;False;0;0;0;-1;False;0;0;0;0;-1;0;0;0;0;0;0;0;0;0;0;0;0;0;0;0;0;0;-1;-1;-1;0;0;0;0;-1;0;0;0;0;0;0;0;0;0
103;Liverpool FC;204;42;100198;False;;;;;;;;;;;;;;;;;;;;;;;;LIV;-1;-1;Anfield;;-1;;177;173;100;;;;;1687552;1687553;1687680;1687554;4294950912;4294950912;4294950912;4294950912;4294950912;4294950912;53;0;3;53;0;3;0;3;4;1;1;2;63;63;63;53;0;3;-1;-1;-1;;;;63;63;63;False;False;False;True;False;False;False;True;False;False;False;False;False;True;False;False;False;True;False;False;0;0;0;False;0;0;0;-1;False;0;0;0;0;-1;0;0;0;0;0;0;0;0;0;0;0;0;0;0;0;0;0;-1;-1;-1;0;0;0;0;-1;0;0;0;0;0;0;0;0;0
104;Leeds United;204;42;101074;False;;;;;;;;;;;;;;;;;;;;;;;;LEE;-1;-1;Elland Road;;-1;;100;102;387;;;;;1703936;1703937;1704064;1703938;4294950912;4294950912;4294950912;4294950912;4294950912;4294950912;63;63;63;0;22;39;0;4;7;2;1;1;63;63;63;0;22;39;-1;-1;-1;;;;63;63;63;False;False;False;True;False;False;False;True;False;False;False;False;False;True;False;False;False;True;False;False;0;0;0;False;0;0;0;-1;False;0;0;0;0;-1;0;0;0;0;0;0;0;0;0;0;0;0;0;0;0;0;0;-1;-1;-1;0;0;0;0;-1;0;0;0;0;0;0;0;0;0
105;West Ham United;204;20;389;False;;;;;;;;;;;;;;;;;;;;;;;;WHU;-1;-1;Olympic Stadium;;-1;;387;179;102;;;;;1720320;1720321;1720448;1720322;4294950912;4294950912;4294950912;4294950912;4294950912;4294950912;30;9;14;6;44;57;0;3;4;2;1;1;30;9;14;6;44;57;-1;-1;-1;;;;63;63;63;False;False;False;True;False;False;False;True;False;False;False;False;False;True;False;False;False;True;False;False;0;0;0;False;0;0;0;-1;False;0;0;0;0;-1;0;0;0;0;0;0;0;0;0;0;0;0;0;0;0;0;0;-1;-1;-1;0;0;0;0;-1;0;0;0;0;0;0;0;0;0
106;Newcastle United;204;42;240;False;;;;;;;;;;;;;;;;;;;;;;;;NEW;-1;-1;St James Park;;-1;;205;396;262143;;;;;1736704;1736705;1736832;1736706;4294950912;4294950912;4294950912;4294950912;4294950912;4294950912;63;63;63;0;0;0;0;4;8;2;1;1;63;63;63;0;0;0;-1;-1;-1;;;;63;63;63;False;False;False;True;False;False;False;True;False;False;False;False;False;True;False;False;False;True;False;False;0;0;0;False;0;0;0;-1;False;0;0;0;0;-1;0;0;0;0;0;0;0;0;0;0;0;0;0;0;0;0;0;-1;-1;-1;0;0;0;0;-1;0;0;0;0;0;0;0;0;0
107;Aston Villa FC;204;29;50;False;;;;;;;;;;;;;;;;;;;;;;;;AVL;-1;-1;Villa Park;;-1;;4183;208;399;;;;;1753088;1753089;1753216;1753090;4294950912;4294950912;4294950912;4294950912;4294950912;4294950912;25;0;12;37;47;57;0;3;6;2;1;1;25;0;12;37;47;57;-1;-1;-1;;;;63;63;63;False;False;False;True;False;False;False;True;False;False;False;False;False;True;False;False;False;True;False;False;0;0;0;False;0;0;0;-1;False;0;0;0;0;-1;0;0;0;0;0;0;0;0;0;0;0;0;0;0;0;0;0;-1;-1;-1;0;0;0;0;-1;0;0;0;0;0;0;0;0;0
108;FC Barcelona;236;2;102080;False;;;;;;;;;;;;;;;;;;;;;;;;BAR;-1;-1;Spotify Camp Nou;;-1;;109;172;259;;;;;1769472;1769473;1769600;1769474;4294950912;4294950912;4294950912;4294950912;4294950912;4294950912;0;9;29;41;0;17;0;2;4;1;1;2;63;63;63;0;9;29;-1;-1;-1;;;;63;63;63;False;False;False;True;False;False;False;True;False;False;False;False;False;True;False;False;False;True;False;False;0;0;0;False;0;0;0;-1;False;0;0;0;0;-1;0;0;0;0;0;0;0;0;0;0;0;0;0;0;0;0;0;-1;-1;-1;0;0;0;0;-1;0;0;0;0;0;0;0;0;0
109;Real Madrid CF;236;13;100526;False;;;;;;;;;;;;;;;;;;;;;;;;RMA;-1;-1;Santiago Bernabeu;;-1;;108;172;110;;;;;1785856;1785857;1785984;1785858;4294950912;4294950912;4294950912;4294950912;4294950912;4294950912;63;63;63;3;6;11;0;8;7;1;1;2;63;63;63;3;6;11;-1;-1;-1;;;;63;63;63;False;False;False;True;False;False;False;True;False;False;False;False;False;True;False;False;False;True;False;False;0;0;0;False;0;0;0;-1;False;0;0;0;0;-1;0;0;0;0;0;0;0;0;0;0;0;0;0;0;0;0;0;-1;-1;-1;0;0;0;0;-1;0;0;0;0;0;0;0;0;0
110;Valencia CF;236;13;100342;False;;;;;;;;;;;;;;;;;;;;;;;;VAL;-1;-1;Mestalla;;-1;;366;109;267;;;;;1802240;1802241;1802368;1802242;4294950912;4294950912;4294950912;4294950912;4294950912;4294950912;60;32;0;63;63;63;0;3;3;1;1;1;60;32;0;63;63;63;-1;-1;-1;;;;63;63;63;False;False;False;True;False;False;False;True;False;False;False;False;False;True;False;False;False;True;False;False;0;0;0;False;0;0;0;-1;False;0;0;0;0;-1;0;0;0;0;0;0;0;0;0;0;0;0;0;0;0;0;0;-1;-1;-1;0;0;0;0;-1;0;0;0;0;0;0;0;0;0
111;Deportivo La Coruña;236;29;100421;False;;;;;;;;;;;;;;;;;;;;;;;;DEP;-1;-1;Abanca Riazor;;-1;;195;262143;262143;;;;;1818624;1818625;1818752;4294950912;4294950912;4294950912;4294950912;4294950912;4294950912;4294950912;8;24;44;8;24;44;0;3;7;1;1;1;13;38;60;63;63;63;-1;-1;-1;;;;63;63;63;False;False;False;True;False;False;False;False;False;False;False;False;False;True;False;False;False;True;False;False;0;0;0;False;0;0;0;-1;False;0;0;0;0;-1;0;0;0;0;0;0;0;0;0;0;0;0;0;0;0;0;0;-1;-1;-1;0;0;0;0;-1;0;0;0;0;0;0;0;0;0
112;AS Monaco;208;41;2399;False;;;;;;;;;;;;;;;;;;;;;;;;ASM;-1;-1;Stade Louis II;;-1;;217;113;262143;;;;;1835008;1835009;1835136;1835010;4294950912;4294950912;4294950912;4294950912;4294950912;4294950912;54;7;8;63;63;63;0;3;2;1;1;8;54;7;8;63;63;63;-1;-1;-1;;;;63;63;63;False;False;False;True;False;False;False;True;False;False;False;False;False;True;False;False;False;True;False;False;0;0;0;False;0;0;0;-1;False;0;0;0;0;-1;0;0;0;0;0;0;0;0;0;0;0;0;0;0;0;0;0;-1;-1;-1;0;0;0;0;-1;0;0;0;0;0;0;0;0;0
113;Olympique Marseille;208;29;100216;False;;;;;;;;;;;;;;;;;;;;;;;;OM;-1;-1;Orange Velodrome;;-1;;114;112;181;;;;;1851392;1851393;1851520;1851394;4294950912;4294950912;4294950912;4294950912;4294950912;4294950912;21;51;63;63;63;63;0;5;1;4;1;2;63;63;63;21;51;63;-1;-1;-1;;;;63;63;63;False;False;False;True;False;False;False;True;False;False;False;False;False;True;False;False;False;True;False;False;0;0;0;False;0;0;0;-1;False;0;0;0;0;-1;0;0;0;0;0;0;0;0;0;0;0;0;0;0;0;0;0;-1;-1;-1;0;0;0;0;-1;0;0;0;0;0;0;0;0;0
114;Paris Saint-Germain;208;29;131491;False;;;;;;;;;;;;;;;;;;;;;;;;PSG;-1;-1;Parc des Princes;;-1;;181;113;262143;;;;;1867776;1867777;1867904;1867778;4294950912;4294950912;4294950912;4294950912;4294950912;4294950912;0;16;28;44;4;5;0;8;7;1;1;2;63;63;63;0;16;28;-1;-1;-1;;;;63;63;63;False;False;False;True;False;False;False;True;False;False;False;False;False;True;False;False;False;True;False;False;0;0;0;False;0;0;0;-1;False;0;0;0;0;-1;0;0;0;0;0;0;0;0;0;0;0;0;0;0;0;0;0;-1;-1;-1;0;0;0;0;-1;0;0;0;0;0;0;0;0;0
116;Ajax Amsterdam;224;70;88;False;;;;;;;;;;;;;;;;;;;;;;;;AJA;-1;-1;Johan Cruijff ArenA;;-1;;118;117;251;;;;;1900544;1900545;1900672;1900546;4294950912;4294950912;4294950912;4294950912;4294950912;4294950912;56;0;15;63;63;63;0;6;4;1;1;4;56;0;15;63;63;63;-1;-1;-1;;;;63;63;63;False;False;False;True;False;False;False;True;False;False;False;False;False;True;False;False;False;True;False;False;0;0;0;False;0;0;0;-1;False;0;0;0;0;-1;0;0;0;0;0;0;0;0;0;0;0;0;0;0;0;0;0;-1;-1;-1;0;0;0;0;-1;0;0;0;0;0;0;0;0;0
117;Feyenoord Rotterdam;224;29;101570;False;;;;;;;;;;;;;;;;;;;;;;;;FEY;-1;-1;De Kuip;;-1;;116;351;118;;;;;1916928;1916929;1917056;1916930;4294950912;4294950912;4294950912;4294950912;4294950912;4294950912;53;0;0;63;63;63;0;1;7;1;1;3;53;0;0;63;63;63;-1;-1;-1;;;;63;63;63;False;False;False;True;False;False;False;True;False;False;False;False;False;True;False;False;False;True;False;False;0;0;0;False;0;0;0;-1;False;0;0;0;0;-1;0;0;0;0;0;0;0;0;0;0;0;0;0;0;0;0;0;-1;-1;-1;0;0;0;0;-1;0;0;0;0;0;0;0;0;0
118;PSV Eindhoven;224;29;17;False;;;;;;;;;;;;;;;;;;;;;;;;PSV;-1;-1;Philips Stadion;;-1;;116;117;262143;;;;;1933312;1933313;1933440;1933314;4294950912;4294950912;4294950912;4294950912;4294950912;4294950912;61;0;0;63;63;63;0;5;4;4;2;2;63;63;63;61;0;0;-1;-1;-1;;;;63;63;63;False;False;False;True;False;False;False;True;False;False;False;False;False;True;False;False;False;True;False;False;0;0;0;False;0;0;0;-1;False;0;0;0;0;-1;0;0;0;0;0;0;0;0;0;0;0;0;0;0;0;0;0;-1;-1;-1;0;0;0;0;-1;0;0;0;0;0;0;0;0;0
119;Inter Milan;215;46;100819;False;;;;;;;;;;;;;;;;;;;;;;;;INT;-1;-1;Giuseppe Meazza;;-1;;121;120;125;;;;;1949696;1949697;1949824;1949698;4294950912;4294950912;4294950912;4294950912;4294950912;4294950912;1;13;31;0;0;0;0;5;4;1;1;2;63;63;63;1;13;31;-1;-1;-1;;;;63;63;63;False;False;False;True;False;False;False;True;False;False;False;False;False;True;False;False;False;True;False;False;0;0;0;False;0;0;0;-1;False;0;0;0;0;-1;0;0;0;0;0;0;0;0;0;0;0;0;0;0;0;0;0;-1;-1;-1;0;0;0;0;-1;0;0;0;0;0;0;0;0;0
120;Juventus FC;215;22;101767;False;;;;;;;;;;;;;;;;;;;;;;;;JUV;-1;-1;Allianz Stadium;;-1;;333;119;121;;;;;1966080;1966081;1966208;1966082;4294950912;4294950912;4294950912;4294950912;4294950912;4294950912;0;0;0;63;63;63;0;5;1;3;1;2;63;63;63;0;0;0;-1;-1;-1;;;;63;63;63;False;False;False;True;False;False;False;True;False;False;False;False;False;True;False;False;False;True;False;False;0;0;0;False;0;0;0;-1;False;0;0;0;0;-1;0;0;0;0;0;0;0;0;0;0;0;0;0;0;0;0;0;-1;-1;-1;0;0;0;0;-1;0;0;0;0;0;0;0;0;0
121;AC Milan;215;46;23;False;;;;;;;;;;;;;;;;;;;;;;;;MIL;-1;-1;San Siro;;-1;;119;120;125;;;;;1982464;1982465;1982592;1982466;4294950912;4294950912;4294950912;4294950912;4294950912;4294950912;56;0;0;0;0;0;0;5;4;1;1;2;63;63;63;56;0;0;-1;-1;-1;;;;63;63;63;False;False;False;True;False;False;False;True;False;False;False;False;False;True;False;False;False;True;False;False;0;0;0;False;0;0;0;-1;False;0;0;0;0;-1;0;0;0;0;0;0;0;0;0;0;0;0;0;0;0;0;0;-1;-1;-1;0;0;0;0;-1;0;0;0;0;0;0;0;0;0
122;SS Lazio;215;6;436;False;;;;;;;;;;;;;;;;;;;;;;;;LAZ;-1;-1;Stadio Olimpico;;-1;;125;327;124;;;;;1998848;1998849;1998976;1998850;4294950912;4294950912;4294950912;4294950912;4294950912;4294950912;35;52;60;63;63;63;0;3;8;4;1;2;63;63;63;35;52;60;-1;-1;-1;;;;63;63;63;False;False;False;True;False;False;False;True;False;False;False;False;False;True;False;False;False;True;False;False;0;0;0;False;0;0;0;-1;False;0;0;0;0;-1;0;0;0;0;0;0;0;0;0;0;0;0;0;0;0;0;0;-1;-1;-1;0;0;0;0;-1;0;0;0;0;0;0;0;0;0
123;Parma Calcio;215;20;33;False;;;;;;;;;;;;;;;;;;;;;;;;PAR;-1;-1;Ennio Tardini;;-1;;186;237;4225;;;;;2015232;2015233;2015360;2015234;4294950912;4294950912;4294950912;4294950912;4294950912;4294950912;0;18;36;62;47;0;0;5;7;4;1;1;0;18;36;62;47;0;-1;-1;-1;;;;63;63;63;False;False;False;True;False;False;False;True;False;False;False;False;False;True;False;False;False;True;False;False;0;0;0;False;0;0;0;-1;False;0;0;0;0;-1;0;0;0;0;0;0;0;0;0;0;0;0;0;0;0;0;0;-1;-1;-1;0;0;0;0;-1;0;0;0;0;0;0;0;0;0
124;ACF Fiorentina;215;29;90020;False;;;;;;;;;;;;;;;;;;;;;;;;FIO;-1;-1;Artemio Franchi;;-1;;186;120;122;;;;;2031616;2031617;2031744;2031618;4294950912;4294950912;4294950912;4294950912;4294950912;4294950912;13;6;20;13;6;20;0;5;1;4;1;1;13;6;20;13;6;20;-1;-1;-1;;;;63;63;63;False;False;False;True;False;False;False;True;False;False;False;False;False;True;False;False;False;True;False;False;0;0;0;False;0;0;0;-1;False;0;0;0;0;-1;0;0;0;0;0;0;0;0;0;0;0;0;0;0;0;0;0;-1;-1;-1;0;0;0;0;-1;0;0;0;0;0;0;0;0;0
125;AS Roma;215;6;30;False;;;;;;;;;;;;;;;;;;;;;;;;ROM;-1;-1;Stadio Olimpico;;-1;;122;327;121;;;;;2048000;2048001;2048128;2048002;4294950912;4294950912;4294950912;4294950912;4294950912;4294950912;41;7;13;61;32;8;0;3;7;4;1;2;63;63;63;41;7;13;-1;-1;-1;;;;63;63;63;False;False;False;True;False;False;False;True;False;False;False;False;False;True;False;False;False;True;False;False;0;0;0;False;0;0;0;-1;False;0;0;0;0;-1;0;0;0;0;0;0;0;0;0;0;0;0;0;0;0;0;0;-1;-1;-1;0;0;0;0;-1;0;0;0;0;0;0;0;0;0
126;Borussia Dortmund;210;42;135;False;;;;;;;;;;;;;;;;;;;;;;;;BVB;-1;-1;Signal Iduna Park;;-1;;127;225;262143;;;;;2064384;2064385;2064512;2064386;4294950912;4294950912;4294950912;4294950912;4294950912;4294950912;63;57;0;0;0;0;0;0;0;1;1;1;63;63;63;63;63;63;-1;-1;-1;;;;63;63;63;False;False;False;True;False;True;False;True;False;False;False;False;False;True;False;False;False;True;False;False;0;0;0;False;0;0;0;-1;False;0;0;0;0;-1;0;0;0;0;0;0;0;0;0;0;0;0;0;0;0;0;0;-1;-1;-1;0;0;0;0;-1;0;0;0;0;0;0;0;0;0
127;Bayern München;210;11;101986;False;;;;;;;;;;;;;;;;;;;;;;;;FCB;-1;-1;Allianz Arena;;-1;;231;126;185;;;;;2080768;2080769;2080896;2080770;4294950912;4294950912;4294950912;4294950912;4294950912;4294950912;53;0;10;53;0;10;0;0;1;1;1;8;63;63;63;53;0;10;-1;-1;-1;;;;63;63;63;False;False;False;True;False;False;False;True;False;False;False;False;False;True;False;False;False;True;False;False;0;0;0;False;0;0;0;-1;False;0;0;0;0;-1;0;0;0;0;0;0;0;0;0;0;0;0;0;0;0;0;0;-1;-1;-1;0;0;0;0;-1;0;0;0;0;0;0;0;0;0
128;Bayer 04 Leverkusen;210;29;131403;False;;;;;;;;;;;;;;;;;;;;;;;;LEV;-1;-1;BayArena;;-1;;4137;127;262143;;;;;2097152;2097153;2097280;2097154;4294950912;4294950912;4294950912;4294950912;4294950912;4294950912;61;0;7;0;0;0;0;3;4;1;1;1;61;0;7;0;0;0;-1;-1;-1;;;;63;63;63;False;False;False;True;False;False;False;True;False;False;False;False;False;True;False;False;False;True;False;False;0;0;0;False;0;0;0;-1;False;0;0;0;0;-1;0;0;0;0;0;0;0;0;0;0;0;0;0;0;0;0;0;-1;-1;-1;0;0;0;0;-1;0;0;0;0;0;0;0;0;0
129;Hamburger SV;210;29;100041;False;;;;;;;;;;;;;;;;;;;;;;;;HSV;-1;-1;Volksparkstadion;;-1;;4139;127;185;;;;;2113536;2113537;2113664;2113538;4294950912;4294950912;4294950912;4294950912;4294950912;4294950912;2;15;34;53;53;53;0;0;0;1;1;1;63;63;63;63;63;63;-1;-1;-1;;;;63;63;63;False;False;False;True;False;True;False;True;False;False;False;False;False;True;False;False;False;True;False;False;0;0;0;False;0;0;0;-1;False;0;0;0;0;-1;0;0;0;0;0;0;0;0;0;0;0;0;0;0;0;0;0;-1;-1;-1;0;0;0;0;-1;0;0;0;0;0;0;0;0;0
130;Galatasaray SK;190;13;138;False;;;;;;;;;;;;;;;;;;;;;;;;GS;-1;-1;Turk Telekom Arena;;-1;;197;273;262143;;;;;2129920;2129921;2130048;2129922;4294950912;4294950912;4294950912;4294950912;4294950912;4294950912;43;0;10;62;47;0;0;6;4;1;1;10;43;0;10;62;47;0;-1;-1;-1;;;;63;63;63;False;False;False;True;False;False;False;True;False;False;False;False;False;True;False;False;False;True;False;False;0;0;0;False;0;0;0;-1;False;0;0;0;0;-1;0;0;0;0;0;0;0;0;0;0;0;0;0;0;0;0;0;-1;-1;-1;0;0;0;0;-1;0;0;0;0;0;0;0;0;0
131;Celtic FC;232;20;100016;False;;;;;;;;;;;;;;;;;;;;;;;;CEL;-1;-1;Celtic Park;;-1;;132;262143;262143;;;;;2146304;2146305;2146432;2146306;4294950912;4294950912;4294950912;4294950912;4294950912;4294950912;0;38;28;63;63;63;0;3;5;2;1;2;63;63;63;0;38;28;-1;-1;-1;;;;63;63;63;False;False;False;True;False;False;False;True;False;False;False;False;False;True;False;False;False;True;False;False;0;0;0;False;0;0;0;-1;False;0;0;0;0;-1;0;0;0;0;0;0;0;0;0;0;0;0;0;0;0;0;0;-1;-1;-1;0;0;0;0;-1;0;0;0;0;0;0;0;0;0
132;Rangers FC;232;29;101984;False;;;;;;;;;;;;;;;;;;;;;;;;RAN;-1;-1;Ibrox Stadium;;-1;;131;1219;1222;;;;;2162688;2162689;2162816;2162690;4294950912;4294950912;4294950912;4294950912;4294950912;4294950912;0;8;26;51;2;11;0;8;7;1;1;2;63;63;63;0;8;26;-1;-1;-1;;;;63;63;63;False;False;False;True;False;False;False;True;False;False;False;False;False;True;False;False;False;True;False;False;0;0;0;False;0;0;0;-1;False;0;0;0;0;-1;0;0;0;0;0;0;0;0;0;0;0;0;0;0;0;0;0;-1;-1;-1;0;0;0;0;-1;0;0;0;0;0;0;0;0;0
133;Olympiakos Piraeus;211;20;53;False;;;;;;;;;;;;;;;;;;;;;;;;OLY;-1;-1;Stadio Georgios Karaiskakis;;-1;;198;270;1212;;;;;2179072;2179073;2179200;2179074;4294950912;4294950912;4294950912;4294950912;4294950912;4294950912;57;0;4;63;63;63;0;3;4;1;1;1;57;0;4;63;63;63;-1;-1;-1;;;;63;63;63;False;False;False;True;False;False;False;True;False;False;False;False;False;True;False;False;False;True;False;False;0;0;0;False;0;0;0;-1;False;0;0;0;0;-1;0;0;0;0;0;0;0;0;0;0;0;0;0;0;0;0;0;-1;-1;-1;0;0;0;0;-1;0;0;0;0;0;0;0;0;0
134;Dynamo Kyiv;239;29;102159;False;;;;;;;;;;;;;;;;;;;;;;;;DYN;-1;-1;NSK Olimpisky;;-1;;262143;262143;262143;;;;;2195456;2195457;2195584;2195458;4294950912;4294950912;4294950912;4294950912;4294950912;4294950912;4;27;47;63;63;63;0;0;0;1;1;1;4;27;47;63;63;63;-1;-1;-1;;;;63;63;63;False;False;False;True;False;False;False;False;False;False;False;False;False;True;False;False;False;True;False;False;0;0;0;False;0;0;0;-1;False;0;0;0;0;-1;0;0;0;0;0;0;0;0;0;0;0;0;0;0;0;0;0;-1;-1;-1;0;0;0;0;-1;0;0;0;0;0;0;0;0;0
135;Spartak Moskva;230;46;131522;False;;;;;;;;;;;;;;;;;;;;;;;;SPM;-1;-1;Otkrytiye Arena;;-1;;1218;1217;1753;;;;;2211840;2211841;2211968;2211842;4294950912;4294950912;4294950912;4294950912;4294950912;4294950912;55;1;10;63;63;63;0;3;4;1;2;12;55;1;10;63;63;63;-1;-1;-1;;;;63;63;63;False;False;False;True;False;False;False;True;False;False;False;False;False;True;False;False;False;True;False;False;0;0;0;False;0;0;0;-1;False;0;0;0;0;-1;0;0;0;0;0;0;0;0;0;0;0;0;0;0;0;0;0;-1;-1;-1;0;0;0;0;-1;0;0;0;0;0;0;0;0;0
136;Vasco da Gama;146;15;101172;False;;;;;;;;;;;;;;;;;;;;;;;;VAS;-1;-1;Estadio Sao Januario;;-1;;1246;1249;1248;;;;;2228224;2228225;2228352;2228226;4294950912;4294950912;4294950912;4294950912;4294950912;4294950912;0;0;0;63;63;63;0;5;1;1;1;2;63;63;63;0;0;0;-1;-1;-1;;;;63;63;63;False;False;False;True;False;False;False;True;False;False;False;False;False;True;False;False;False;True;False;False;0;0;0;False;0;0;0;-1;False;0;0;0;0;-1;0;0;0;0;0;0;0;0;0;0;0;0;0;0;0;0;0;-1;-1;-1;0;0;0;0;-1;0;0;0;0;0;0;0;0;0
137;SE Palmeiras;146;46;471;False;;;;;;;;;;;;;;;;;;;;;;;;PAL;-1;-1;Allianz Parque;;-1;;1255;1247;1254;;;;;2244608;2244609;2244736;2244610;4294950912;4294950912;4294950912;4294950912;4294950912;4294950912;5;24;14;63;63;63;0;5;5;1;1;2;63;63;63;5;24;14;-1;-1;-1;;;;63;63;63;False;False;False;True;False;False;False;True;False;False;False;False;False;True;False;False;False;True;False;False;0;0;0;False;0;0;0;-1;False;0;0;0;0;-1;0;0;0;0;0;0;0;0;0;0;0;0;0;0;0;0;0;-1;-1;-1;0;0;0;0;-1;0;0;0;0;0;0;0;0;0
138;CA River Plate;144;27;25;False;;;;;;;;;;;;;;;;;;;;;;;;RIV;-1;-1;El Monumental;;-1;;139;262143;262143;;;;;2260992;2260993;2261120;2260994;4294950912;4294950912;4294950912;4294950912;4294950912;4294950912;63;63;63;57;1;7;0;3;1;1;1;4;57;1;7;63;63;63;-1;-1;-1;;;;63;63;63;False;False;False;True;False;False;False;True;False;False;False;False;False;True;False;False;False;True;False;False;0;0;0;False;0;0;0;-1;False;0;0;0;0;-1;0;0;0;0;0;0;0;0;0;0;0;0;0;0;0;0;0;-1;-1;-1;0;0;0;0;-1;0;0;0;0;0;0;0;0;0
139;CA Boca Juniors;144;28;102111;False;;;;;;;;;;;;;;;;;;;;;;;;BOC;-1;-1;Alberto J. Armando;;-1;;1243;138;262143;;;;;2277376;2277377;2277504;2277378;4294950912;4294950912;4294950912;4294950912;4294950912;4294950912;0;15;33;58;49;1;0;5;7;1;1;2;58;49;1;0;15;33;-1;-1;-1;;;;63;63;63;False;False;False;True;False;False;False;True;False;False;False;False;False;True;False;False;False;True;False;False;0;0;0;False;0;0;0;-1;False;0;0;0;0;-1;0;0;0;0;0;0;0;0;0;0;0;0;0;0;0;0;0;-1;-1;-1;0;0;0;0;-1;0;0;0;0;0;0;0;0;0
140;-;204;29;100135;False;;;;;;;;;;;;;;;;;;;;;;;;-;-1;-1;;;-1;;262143;262143;262143;;;;;2293760;2293761;2293888;4294950912;4294950912;4294950912;4294950912;4294950912;4294950912;4294950912;0;0;0;0;0;0;0;0;0;1;1;1;63;63;63;0;0;0;-1;-1;-1;;;;63;63;63;False;False;False;False;False;False;False;False;False;False;False;False;False;True;False;False;False;True;False;False;0;0;0;False;0;0;0;-1;False;0;0;0;0;-1;0;0;0;0;0;0;0;0;0;0;0;0;0;0;0;0;0;-1;-1;-1;0;0;0;0;-1;0;0;0;0;0;0;0;0;0
146;Kashima Antlers;13;17;100962;False;;;;;;;;;;;;;;;;;;;;;;;;KAA;-1;-1;Kashima Soccer Stadium;;-1;;262143;262143;262143;;;;;2392064;2392065;2392192;4294950912;4294950912;4294950912;4294950912;4294950912;4294950912;4294950912;45;6;15;0;0;0;0;0;0;1;1;1;63;63;63;63;63;63;-1;-1;-1;;;;63;63;63;False;False;False;True;False;True;False;False;False;False;False;False;False;True;False;False;False;True;False;False;0;0;0;False;0;0;0;-1;False;0;0;0;0;-1;0;0;0;0;0;0;0;0;0;0;0;0;0;0;0;0;0;-1;-1;-1;0;0;0;0;-1;0;0;0;0;0;0;0;0;0
147;Urawa Red Diamonds;13;23;101258;False;;;;;;;;;;;;;;;;;;;;;;;;URD;-1;-1;Saitama Stadium 2002;;-1;;157;150;262143;;;;;2408448;2408449;2408576;4294950912;4294950912;4294950912;4294950912;4294950912;4294950912;4294950912;57;0;11;0;0;0;0;0;0;1;1;1;63;63;63;63;63;63;-1;-1;-1;;;;63;63;63;False;False;False;True;False;True;False;True;False;False;False;False;False;True;False;False;False;True;False;False;0;0;0;False;0;0;0;-1;False;0;0;0;0;-1;0;0;0;0;0;0;0;0;0;0;0;0;0;0;0;0;0;-1;-1;-1;0;0;0;0;-1;0;0;0;0;0;0;0;0;0
148;JEF United Chiba;13;15;100031;False;;;;;;;;;;;;;;;;;;;;;;;;JEF;-1;-1;Fukuda Denshi Arena;;-1;;262143;262143;262143;;;;;2424832;2424833;2424960;4294950912;4294950912;4294950912;4294950912;4294950912;4294950912;4294950912;54;47;3;49;4;11;0;0;0;1;1;1;63;63;63;63;63;63;-1;-1;-1;;;;63;63;63;False;False;False;True;False;True;False;False;False;False;False;False;False;True;False;False;False;True;False;False;0;0;0;False;0;0;0;-1;False;0;0;0;0;-1;0;0;0;0;0;0;0;0;0;0;0;0;0;0;0;0;0;-1;-1;-1;0;0;0;0;-1;0;0;0;0;0;0;0;0;0
149;Kashiwa Reysol;13;15;1178;False;;;;;;;;;;;;;;;;;;;;;;;;KAS;-1;-1;Sankyo Frontier Kashiwa Stadium;;-1;;262143;262143;262143;;;;;2441216;2441217;2441344;4294950912;4294950912;4294950912;4294950912;4294950912;4294950912;4294950912;63;60;0;0;0;0;0;0;0;1;1;1;63;63;63;63;63;63;-1;-1;-1;;;;63;63;63;False;False;False;True;False;True;False;False;False;False;False;False;False;True;False;False;False;True;False;False;0;0;0;False;0;0;0;-1;False;0;0;0;0;-1;0;0;0;0;0;0;0;0;0;0;0;0;0;0;0;0;0;-1;-1;-1;0;0;0;0;-1;0;0;0;0;0;0;0;0;0
150;FC Tokyo;13;15;100048;False;;;;;;;;;;;;;;;;;;;;;;;;FCT;-1;-1;Ajinomoto Stadium;;-1;;163;147;262143;;;;;2457600;2457601;2457728;2457602;4294950912;4294950912;4294950912;4294950912;4294950912;4294950912;1;12;36;57;0;11;0;3;1;3;2;6;1;12;36;57;0;11;-1;-1;-1;;;;63;63;63;False;False;False;True;False;False;False;True;False;False;False;False;False;True;False;False;False;True;False;False;0;0;0;False;0;0;0;-1;False;0;0;0;0;-1;0;0;0;0;0;0;0;0;0;0;0;0;0;0;0;0;0;-1;-1;-1;0;0;0;0;-1;0;0;0;0;0;0;0;0;0
151;Tokyo Verdy;13;40;100042;False;;;;;;;;;;;;;;;;;;;;;;;;TOK;-1;-1;Ajinomoto Stadium;;-1;;262143;262143;262143;;;;;2473984;2473985;2474112;4294950912;4294950912;4294950912;4294950912;4294950912;4294950912;4294950912;1;25;12;53;53;53;0;0;0;1;1;1;63;63;63;63;63;63;-1;-1;-1;;;;63;63;63;False;False;False;True;False;True;False;False;False;False;False;False;False;True;False;False;False;True;False;False;0;0;0;False;0;0;0;-1;False;0;0;0;0;-1;0;0;0;0;0;0;0;0;0;0;0;0;0;0;0;0;0;-1;-1;-1;0;0;0;0;-1;0;0;0;0;0;0;0;0;0
152;Yokohama F. Marinos;13;13;100050;False;;;;;;;;;;;;;;;;;;;;;;;;YFM;-1;-1;Nissan Stadium;;-1;;163;164;159;;;;;2490368;2490369;2490496;4294950912;4294950912;4294950912;4294950912;4294950912;4294950912;4294950912;0;14;43;56;0;2;0;3;1;4;2;8;0;14;43;56;0;2;-1;-1;-1;;;;63;63;63;False;False;False;True;False;False;False;True;False;False;False;False;False;True;False;False;False;True;False;False;0;0;0;False;0;0;0;-1;False;0;0;0;0;-1;0;0;0;0;0;0;0;0;0;0;0;0;0;0;0;0;0;-1;-1;-1;0;0;0;0;-1;0;0;0;0;0;0;0;0;0
153;Shimizu S-Pulse;13;13;100077;False;;;;;;;;;;;;;;;;;;;;;;;;SMZ;-1;-1;IAI Stadium Nihondaira;;-1;;164;262143;262143;;;;;2506752;2506753;2506880;4294950912;4294950912;4294950912;4294950912;4294950912;4294950912;4294950912;52;24;12;6;14;22;0;0;0;1;1;1;63;63;63;63;63;63;-1;-1;-1;;;;63;63;63;False;False;False;True;False;True;False;True;False;False;False;False;False;True;False;False;False;True;False;False;0;0;0;False;0;0;0;-1;False;0;0;0;0;-1;0;0;0;0;0;0;0;0;0;0;0;0;0;0;0;0;0;-1;-1;-1;0;0;0;0;-1;0;0;0;0;0;0;0;0;0
155;Nagoya Grampus;13;20;100398;False;;;;;;;;;;;;;;;;;;;;;;;;NGY;-1;-1;Toyota Stadium;;-1;;262143;262143;262143;;;;;2539520;2539521;2539648;4294950912;4294950912;4294950912;4294950912;4294950912;4294950912;4294950912;53;3;6;60;38;0;0;0;0;1;1;1;63;63;63;63;63;63;-1;-1;-1;;;;63;63;63;False;False;False;True;False;True;False;False;False;False;False;False;False;True;False;False;False;True;False;False;0;0;0;False;0;0;0;-1;False;0;0;0;0;-1;0;0;0;0;0;0;0;0;0;0;0;0;0;0;0;0;0;-1;-1;-1;0;0;0;0;-1;0;0;0;0;0;0;0;0;0
156;Kyoto Sanga;13;15;100373;False;;;;;;;;;;;;;;;;;;;;;;;;KYT;-1;-1;Sanga Stadium by Kyocera;;-1;;262143;262143;262143;;;;;2555904;2555905;2556032;4294950912;4294950912;4294950912;4294950912;4294950912;4294950912;4294950912;22;14;34;22;14;34;0;0;0;1;1;1;63;63;63;63;63;63;-1;-1;-1;;;;63;63;63;False;False;False;True;False;True;False;False;False;False;False;False;False;True;False;False;False;True;False;False;0;0;0;False;0;0;0;-1;False;0;0;0;0;-1;0;0;0;0;0;0;0;0;0;0;0;0;0;0;0;0;0;-1;-1;-1;0;0;0;0;-1;0;0;0;0;0;0;0;0;0
157;Gamba Osaka;13;17;100039;False;;;;;;;;;;;;;;;;;;;;;;;;GAM;-1;-1;Panasonic Stadium Suita;;-1;;168;158;147;;;;;2572288;2572289;2572416;4294950912;4294950912;4294950912;4294950912;4294950912;4294950912;4294950912;0;19;40;0;0;0;0;0;0;1;1;1;63;63;63;63;63;63;-1;-1;-1;;;;63;63;63;False;False;False;True;False;True;False;True;False;False;False;False;False;True;False;False;False;True;False;False;0;0;0;False;0;0;0;-1;False;0;0;0;0;-1;0;0;0;0;0;0;0;0;0;0;0;0;0;0;0;0;0;-1;-1;-1;0;0;0;0;-1;0;0;0;0;0;0;0;0;0
158;Vissel Kobe;13;13;101229;False;;;;;;;;;;;;;;;;;;;;;;;;KBE;-1;-1;Noevir Stadium Kobe;;-1;;157;262143;262143;;;;;2588672;2588673;2588800;2588674;4294950912;4294950912;4294950912;4294950912;4294950912;4294950912;38;0;8;63;63;63;0;5;8;2;2;12;38;0;8;63;63;63;-1;-1;-1;;;;63;63;63;False;False;False;True;False;False;False;True;False;False;False;False;False;True;False;False;False;True;False;False;0;0;0;False;0;0;0;-1;False;0;0;0;0;-1;0;0;0;0;0;0;0;0;0;0;0;0;0;0;0;0;0;-1;-1;-1;0;0;0;0;-1;0;0;0;0;0;0;0;0;0
159;Sanfrecce Hiroshima;13;29;100217;False;;;;;;;;;;;;;;;;;;;;;;;;SAH;-1;-1;Edion Stadium Hiroshima;;-1;;152;262143;262143;;;;;2605056;2605057;2605184;4294950912;4294950912;4294950912;4294950912;4294950912;4294950912;4294950912;20;12;35;63;63;63;0;0;0;1;1;1;63;63;63;63;63;63;-1;-1;-1;;;;63;63;63;False;False;False;True;False;True;False;True;False;False;False;False;False;True;False;False;False;True;False;False;0;0;0;False;0;0;0;-1;False;0;0;0;0;-1;0;0;0;0;0;0;0;0;0;0;0;0;0;0;0;0;0;-1;-1;-1;0;0;0;0;-1;0;0;0;0;0;0;0;0;0
161;Mito Hollyhock;13;15;100672;False;;;;;;;;;;;;;;;;;;;;;;;;MIT;-1;-1;Ks denki Stadium Mito;;-1;;262143;262143;262143;;;;;2637824;2637825;2637952;4294950912;4294950912;4294950912;4294950912;4294950912;4294950912;4294950912;15;19;28;53;53;53;0;0;0;1;1;1;63;63;63;63;63;63;-1;-1;-1;;;;63;63;63;False;False;False;True;False;True;False;False;False;False;False;False;False;True;False;False;False;True;False;False;0;0;0;False;0;0;0;-1;False;0;0;0;0;-1;0;0;0;0;0;0;0;0;0;0;0;0;0;0;0;0;0;-1;-1;-1;0;0;0;0;-1;0;0;0;0;0;0;0;0;0
163;Kawasaki Frontale;13;15;100464;False;;;;;;;;;;;;;;;;;;;;;;;;KAF;-1;-1;Uvance Todoroki Stadium;;-1;;152;150;262143;;;;;2670592;2670593;2670720;4294950912;4294950912;4294950912;4294950912;4294950912;4294950912;4294950912;12;40;54;0;0;0;0;0;0;1;1;1;63;63;63;63;63;63;-1;-1;-1;;;;63;63;63;False;False;False;True;False;True;False;True;False;False;False;False;False;True;False;False;False;True;False;False;0;0;0;False;0;0;0;-1;False;0;0;0;0;-1;0;0;0;0;0;0;0;0;0;0;0;0;0;0;0;0;0;-1;-1;-1;0;0;0;0;-1;0;0;0;0;0;0;0;0;0
164;Yokohama FC;13;15;102140;False;;;;;;;;;;;;;;;;;;;;;;;;YFC;-1;-1;NHK Spring Mitsuzawa Stadium;;-1;;152;262143;262143;;;;;2686976;2686977;2687104;4294950912;4294950912;4294950912;4294950912;4294950912;4294950912;4294950912;16;26;56;0;0;63;0;0;0;1;1;1;63;63;63;63;63;63;-1;-1;-1;;;;63;63;63;False;False;False;True;False;False;False;False;False;False;False;False;False;True;False;False;False;True;False;False;0;0;0;False;0;0;0;-1;False;0;0;0;0;-1;0;0;0;0;0;0;0;0;0;0;0;0;0;0;0;0;0;-1;-1;-1;0;0;0;0;-1;0;0;0;0;0;0;0;0;0
165;Shonan Bellmare;13;29;100124;False;;;;;;;;;;;;;;;;;;;;;;;;SHN;-1;-1;Lemongas Stadium Hiratsuka;;-1;;262143;262143;262143;;;;;2703360;2703361;2703488;4294950912;4294950912;4294950912;4294950912;4294950912;4294950912;4294950912;28;46;10;0;18;49;0;0;0;1;1;1;63;63;63;63;63;63;-1;-1;-1;;;;63;63;63;False;False;False;True;False;False;False;False;False;False;False;False;False;True;False;False;False;True;False;False;0;0;0;False;0;0;0;-1;False;0;0;0;0;-1;0;0;0;0;0;0;0;0;0;0;0;0;0;0;0;0;0;-1;-1;-1;0;0;0;0;-1;0;0;0;0;0;0;0;0;0
167;Albirex Niigata;13;15;100177;False;;;;;;;;;;;;;;;;;;;;;;;;NGT;-1;-1;Niigata Big Swan Stadium;;-1;;262143;262143;262143;;;;;2736128;2736129;2736256;4294950912;4294950912;4294950912;4294950912;4294950912;4294950912;4294950912;63;23;9;63;23;9;0;0;0;1;1;1;63;63;63;63;63;63;-1;-1;-1;;;;63;63;63;False;False;False;True;False;False;False;False;False;False;False;False;False;True;False;False;False;True;False;False;0;0;0;False;0;0;0;-1;False;0;0;0;0;-1;0;0;0;0;0;0;0;0;0;0;0;0;0;0;0;0;0;-1;-1;-1;0;0;0;0;-1;0;0;0;0;0;0;0;0;0
168;Cerezo Osaka;13;29;35548;False;;;;;;;;;;;;;;;;;;;;;;;;COS;-1;-1;Yanmar Stadium Nagai;;-1;;157;262143;262143;;;;;2752512;2752513;2752640;4294950912;4294950912;4294950912;4294950912;4294950912;4294950912;4294950912;57;10;34;6;9;31;0;0;0;1;1;1;63;63;63;63;63;63;-1;-1;-1;;;;63;63;63;False;False;False;True;False;True;False;True;False;False;False;False;False;True;False;False;False;True;False;False;0;0;0;False;0;0;0;-1;False;0;0;0;0;-1;0;0;0;0;0;0;0;0;0;0;0;0;0;0;0;0;0;-1;-1;-1;0;0;0;0;-1;0;0;0;0;0;0;0;0;0
169;Avispa Fukuoka;13;29;77;False;;;;;;;;;;;;;;;;;;;;;;;;AVI;-1;-1;Best Denki Stadium;;-1;;262143;262143;262143;;;;;2768896;2768897;2769024;4294950912;4294950912;4294950912;4294950912;4294950912;4294950912;4294950912;6;6;28;28;40;57;0;0;0;1;1;1;63;63;63;63;63;63;-1;-1;-1;;;;63;63;63;False;False;False;True;False;True;False;False;False;False;False;False;False;True;False;False;False;True;False;False;0;0;0;False;0;0;0;-1;False;0;0;0;0;-1;0;0;0;0;0;0;0;0;0;0;0;0;0;0;0;0;0;-1;-1;-1;0;0;0;0;-1;0;0;0;0;0;0;0;0;0
172;Atlético Madrid;236;29;52;False;;;;;;;;;;;;;;;;;;;;;;;;ATM;-1;-1;Riyadh Air Metropolitano;;-1;;109;108;362;;;;;2818048;2818049;2818176;2818050;4294950912;4294950912;4294950912;4294950912;4294950912;4294950912;53;3;5;63;63;63;0;5;4;1;1;2;63;63;63;53;3;5;-1;-1;-1;;;;63;63;63;False;False;False;True;False;False;False;True;False;False;False;False;False;True;False;False;False;True;False;False;0;0;0;False;0;0;0;-1;False;0;0;0;0;-1;0;0;0;0;0;0;0;0;0;0;0;0;0;0;0;0;0;-1;-1;-1;0;0;0;0;-1;0;0;0;0;0;0;0;0;0
173;Manchester City;204;29;216;False;;;;;;;;;;;;;;;;;;;;;;;;MCI;-1;-1;Etihad Stadium;;-1;;100;103;179;;;;;2834432;2834433;2834560;2834434;4294950912;4294950912;4294950912;4294950912;4294950912;4294950912;37;48;57;7;11;22;0;8;7;2;1;2;63;63;63;37;48;57;-1;-1;-1;;;;63;63;63;False;False;False;True;False;False;False;True;False;False;False;False;False;True;False;False;False;True;False;False;0;0;0;False;0;0;0;-1;False;0;0;0;0;-1;0;0;0;0;0;0;0;0;0;0;0;0;0;0;0;0;0;-1;-1;-1;0;0;0;0;-1;0;0;0;0;0;0;0;0;0
174;RSC Anderlecht;197;42;100140;False;;;;;;;;;;;;;;;;;;;;;;;;AND;-1;-1;Lotto Park;;-1;;269;1197;5220;;;;;2850816;2850817;2850944;2850818;4294950912;4294950912;4294950912;4294950912;4294950912;4294950912;20;12;36;63;63;63;0;1;4;1;1;1;20;12;36;63;63;63;-1;-1;-1;;;;63;63;63;False;False;False;True;False;False;False;True;False;False;False;False;False;True;False;False;False;True;False;False;0;0;0;False;0;0;0;-1;False;0;0;0;0;-1;0;0;0;0;0;0;0;0;0;0;0;0;0;0;0;0;0;-1;-1;-1;0;0;0;0;-1;0;0;0;0;0;0;0;0;0
175;AC Sparta Prague;202;20;102024;False;;;;;;;;;;;;;;;;;;;;;;;;SPA;-1;-1;Generali Arena;;-1;;262143;262143;262143;;;;;2867200;2867201;2867328;2867202;4294950912;4294950912;4294950912;4294950912;4294950912;4294950912;28;5;7;63;63;63;0;1;4;3;1;1;28;5;7;63;63;63;-1;-1;-1;;;;63;63;63;False;False;False;True;False;False;False;False;False;False;False;False;False;True;False;False;False;True;False;False;0;0;0;False;0;0;0;-1;False;0;0;0;0;-1;0;0;0;0;0;0;0;0;0;0;0;0;0;0;0;0;0;-1;-1;-1;0;0;0;0;-1;0;0;0;0;0;0;0;0;0
176;Blackburn Rovers;204;42;1212;False;;;;;;;;;;;;;;;;;;;;;;;;BLB;-1;-1;Ewood Park;;-1;;378;4192;262143;;;;;2883584;2883585;2883712;2883586;4294950912;4294950912;4294950912;4294950912;4294950912;4294950912;0;43;59;63;63;63;0;3;8;2;1;1;0;43;59;63;63;63;-1;-1;-1;;;;63;63;63;False;False;False;True;False;False;False;True;False;False;False;False;False;True;False;False;False;True;False;False;0;0;0;False;0;0;0;-1;False;0;0;0;0;-1;0;0;0;0;0;0;0;0;0;0;0;0;0;0;0;0;0;-1;-1;-1;0;0;0;0;-1;0;0;0;0;0;0;0;0;0
177;Everton FC;204;42;100176;False;;;;;;;;;;;;;;;;;;;;;;;;EVE;-1;-1;Goodison Park;;-1;;103;262143;262143;;;;;2899968;2899969;2900096;2899970;4294950912;4294950912;4294950912;4294950912;4294950912;4294950912;0;4;17;63;63;63;0;7;8;1;1;2;0;4;17;63;63;63;-1;-1;-1;;;;63;63;63;False;False;False;True;False;False;False;True;False;False;False;False;False;True;False;False;False;True;False;False;0;0;0;False;0;0;0;-1;False;0;0;0;0;-1;0;0;0;0;0;0;0;0;0;0;0;0;0;0;0;0;0;-1;-1;-1;0;0;0;0;-1;0;0;0;0;0;0;0;0;0
178;Fulham FC;204;42;101852;False;;;;;;;;;;;;;;;;;;;;;;;;FUL;-1;-1;Craven Cottage;;-1;;4180;1327;102;;;;;2916352;2916353;2916480;2916354;4294950912;4294950912;4294950912;4294950912;4294950912;4294950912;63;63;63;50;10;9;0;1;8;1;1;1;63;63;63;50;10;9;-1;-1;-1;;;;63;63;63;False;False;False;True;False;False;False;True;False;False;False;False;False;True;False;False;False;True;False;False;0;0;0;False;0;0;0;-1;False;0;0;0;0;-1;0;0;0;0;0;0;0;0;0;0;0;0;0;0;0;0;0;-1;-1;-1;0;0;0;0;-1;0;0;0;0;0;0;0;0;0
179;Tottenham Hotspur;204;42;1195;False;;;;;;;;;;;;;;;;;;;;;;;;TOT;-1;-1;Tottenham Hotspur Stadium;;-1;;101;102;105;;;;;2932736;2932737;2932864;2932738;4294950912;4294950912;4294950912;4294950912;4294950912;4294950912;63;63;63;3;7;18;0;8;7;1;1;2;63;63;63;3;7;18;-1;-1;-1;;;;63;63;63;False;False;False;True;False;False;False;True;False;False;False;False;False;True;False;False;False;True;False;False;0;0;0;False;0;0;0;-1;False;0;0;0;0;-1;0;0;0;0;0;0;0;0;0;0;0;0;0;0;0;0;0;-1;-1;-1;0;0;0;0;-1;0;0;0;0;0;0;0;0;0
180;AJ Auxerre;208;42;247;False;;;;;;;;;;;;;;;;;;;;;;;;AJA;-1;-1;Abbe Deschamps;;-1;;420;262143;262143;;;;;2949120;2949121;2949248;2949122;4294950912;4294950912;4294950912;4294950912;4294950912;4294950912;4;34;50;63;63;63;0;1;1;4;1;15;4;34;50;63;63;63;-1;-1;-1;;;;63;63;63;False;False;False;True;False;False;False;True;False;False;False;False;False;True;False;False;False;True;False;False;0;0;0;False;0;0;0;-1;False;0;0;0;0;-1;0;0;0;0;0;0;0;0;0;0;0;0;0;0;0;0;0;-1;-1;-1;0;0;0;0;-1;0;0;0;0;0;0;0;0;0
181;Olympique Lyonnais;208;18;297;False;;;;;;;;;;;;;;;;;;;;;;;;OL;-1;-1;Parc OL;;-1;;418;114;113;;;;;2965504;2965505;2965632;2965506;4294950912;4294950912;4294950912;4294950912;4294950912;4294950912;0;14;32;63;63;63;0;6;7;4;2;2;63;63;63;0;14;32;-1;-1;-1;;;;63;63;63;False;False;False;True;False;False;False;True;False;False;False;False;False;True;False;False;False;True;False;False;0;0;0;False;0;0;0;-1;False;0;0;0;0;-1;0;0;0;0;0;0;0;0;0;0;0;0;0;0;0;0;0;-1;-1;-1;0;0;0;0;-1;0;0;0;0;0;0;0;0;0
182;RC Lens;208;20;1197;False;;;;;;;;;;;;;;;;;;;;;;;;RCL;-1;-1;Bollaert-Delelis;;-1;;213;262143;262143;;;;;2981888;2981889;2982016;2981890;4294950912;4294950912;4294950912;4294950912;4294950912;4294950912;56;8;6;63;58;1;0;6;2;2;1;1;56;8;6;63;58;1;-1;-1;-1;;;;63;63;63;False;False;False;True;False;False;False;True;False;False;False;False;False;True;False;False;False;True;False;False;0;0;0;False;0;0;0;-1;False;0;0;0;0;-1;0;0;0;0;0;0;0;0;0;0;0;0;0;0;0;0;0;-1;-1;-1;0;0;0;0;-1;0;0;0;0;0;0;0;0;0
185;SV Werder Bremen;210;20;101504;False;;;;;;;;;;;;;;;;;;;;;;;;SVW;-1;-1;wohninvest WESERSTADION;;-1;;127;129;232;;;;;3031040;3031041;3031168;3031042;4294950912;4294950912;4294950912;4294950912;4294950912;4294950912;10;35;30;10;35;30;0;0;0;1;1;1;63;63;63;63;63;63;-1;-1;-1;;;;63;63;63;False;False;False;True;False;True;False;True;False;False;False;False;False;True;False;False;False;True;False;False;0;0;0;False;0;0;0;-1;False;0;0;0;0;-1;0;0;0;0;0;0;0;0;0;0;0;0;0;0;0;0;0;-1;-1;-1;0;0;0;0;-1;0;0;0;0;0;0;0;0;0
186;Bologna FC;215;29;101967;False;;;;;;;;;;;;;;;;;;;;;;;;BOL;-1;-1;Renato Dall'Ara;;-1;;124;123;240;;;;;3047424;3047425;3047552;3047426;4294950912;4294950912;4294950912;4294950912;4294950912;4294950912;0;16;36;57;13;11;0;2;2;1;1;1;0;16;36;57;13;11;-1;-1;-1;;;;63;63;63;False;False;False;True;False;False;False;True;False;False;False;False;False;True;False;False;False;True;False;False;0;0;0;False;0;0;0;-1;False;0;0;0;0;-1;0;0;0;0;0;0;0;0;0;0;0;0;0;0;0;0;0;-1;-1;-1;0;0;0;0;-1;0;0;0;0;0;0;0;0;0
190;Udinese Calcio;215;29;90022;False;;;;;;;;;;;;;;;;;;;;;;;;UDI;-1;-1;Friuli;;-1;;4229;262143;262143;;;;;3112960;3112961;3113088;3112962;4294950912;4294950912;4294950912;4294950912;4294950912;4294950912;0;0;0;63;63;63;0;3;1;3;1;1;0;0;0;63;63;63;-1;-1;-1;;;;63;63;63;False;False;False;True;False;False;False;True;False;False;False;False;False;True;False;False;False;True;False;False;0;0;0;False;0;0;0;-1;False;0;0;0;0;-1;0;0;0;0;0;0;0;0;0;0;0;0;0;0;0;0;0;-1;-1;-1;0;0;0;0;-1;0;0;0;0;0;0;0;0;0
191;SL Benfica;228;29;100237;False;;;;;;;;;;;;;;;;;;;;;;;;SLB;-1;-1;Estadio da Luz;;-1;;192;193;262143;;;;;3129344;3129345;3129472;3129346;4294950912;4294950912;4294950912;4294950912;4294950912;4294950912;57;0;8;63;63;63;0;6;4;3;1;1;57;0;8;63;63;63;-1;-1;-1;;;;63;63;63;False;False;False;True;False;False;False;True;False;False;False;False;False;True;False;False;False;True;False;False;0;0;0;False;0;0;0;-1;False;0;0;0;0;-1;0;0;0;0;0;0;0;0;0;0;0;0;0;0;0;0;0;-1;-1;-1;0;0;0;0;-1;0;0;0;0;0;0;0;0;0
192;FC Porto;228;13;101839;False;;;;;;;;;;;;;;;;;;;;;;;;POR;-1;-1;Estadio do Dragao;;-1;;262143;193;191;;;;;3145728;3145729;3145856;3145730;4294950912;4294950912;4294950912;4294950912;4294950912;4294950912;0;11;28;63;63;63;0;1;7;4;2;1;0;11;28;63;63;63;-1;-1;-1;;;;63;63;63;False;False;False;True;False;False;False;True;False;False;False;False;False;True;False;False;False;True;False;False;0;0;0;False;0;0;0;-1;False;0;0;0;0;-1;0;0;0;0;0;0;0;0;0;0;0;0;0;0;0;0;0;-1;-1;-1;0;0;0;0;-1;0;0;0;0;0;0;0;0;0
193;Sporting CP;228;10;100913;False;;;;;;;;;;;;;;;;;;;;;;;;SCP;-1;-1;Estadio Jose Alvalade;;-1;;192;191;262143;;;;;3162112;3162113;3162240;3162114;4294950912;4294950912;4294950912;4294950912;4294950912;4294950912;0;35;24;63;63;63;0;5;5;1;2;2;63;63;63;0;35;24;-1;-1;-1;;;;63;63;63;False;False;False;True;False;False;False;True;False;False;False;False;False;True;False;False;False;True;False;False;0;0;0;False;0;0;0;-1;False;0;0;0;0;-1;0;0;0;0;0;0;0;0;0;0;0;0;0;0;0;0;0;-1;-1;-1;0;0;0;0;-1;0;0;0;0;0;0;0;0;0
194;Real Betis;236;29;93;False;;;;;;;;;;;;;;;;;;;;;;;;BET;-1;-1;Estadio Benito Villamarin;;-1;;265;260;1765;;;;;3178496;3178497;3178624;3178498;4294950912;4294950912;4294950912;4294950912;4294950912;4294950912;0;28;1;63;63;63;0;6;5;1;1;7;0;28;1;63;63;63;-1;-1;-1;;;;63;63;63;False;False;False;True;False;False;False;True;False;False;False;False;False;True;False;False;False;True;False;False;0;0;0;False;0;0;0;-1;False;0;0;0;0;-1;0;0;0;0;0;0;0;0;0;0;0;0;0;0;0;0;0;-1;-1;-1;0;0;0;0;-1;0;0;0;0;0;0;0;0;0
195;Celta de Vigo;236;15;100107;False;;;;;;;;;;;;;;;;;;;;;;;;CEL;-1;-1;Balaidos;;-1;;111;262143;262143;;;;;3194880;3194881;3195008;3194882;4294950912;4294950912;4294950912;4294950912;4294950912;4294950912;23;39;47;56;8;15;0;5;6;3;1;1;23;39;47;56;8;15;-1;-1;-1;;;;63;63;63;False;False;False;True;False;False;False;True;False;False;False;False;False;True;False;False;False;True;False;False;0;0;0;False;0;0;0;-1;False;0;0;0;0;-1;0;0;0;0;0;0;0;0;0;0;0;0;0;0;0;0;0;-1;-1;-1;0;0;0;0;-1;0;0;0;0;0;0;0;0;0
196;Real Sociedad;236;15;100179;False;;;;;;;;;;;;;;;;;;;;;;;;RSO;-1;-1;Anoeta;;-1;;258;4145;262143;;;;;3211264;3211265;3211392;3211266;4294950912;4294950912;4294950912;4294950912;4294950912;4294950912;5;15;34;63;63;63;0;3;6;1;1;1;5;15;34;63;63;63;-1;-1;-1;;;;63;63;63;False;False;False;True;False;False;False;True;False;False;False;False;False;True;False;False;False;True;False;False;0;0;0;False;0;0;0;-1;False;0;0;0;0;-1;0;0;0;0;0;0;0;0;0;0;0;0;0;0;0;0;0;-1;-1;-1;0;0;0;0;-1;0;0;0;0;0;0;0;0;0
197;Fenerbahçe SK;190;46;101066;False;;;;;;;;;;;;;;;;;;;;;;;;FB;-1;-1;Sukru Saracoglu Stadium;;-1;;130;273;1945;;;;;3227648;3227649;3227776;3227650;4294950912;4294950912;4294950912;4294950912;4294950912;4294950912;63;60;0;0;17;33;0;1;2;1;1;2;63;63;63;63;60;0;-1;-1;-1;;;;63;63;63;False;False;False;True;False;False;False;True;False;False;False;False;False;True;False;False;False;True;False;False;0;0;0;False;0;0;0;-1;False;0;0;0;0;-1;0;0;0;0;0;0;0;0;0;0;0;0;0;0;0;0;0;-1;-1;-1;0;0;0;0;-1;0;0;0;0;0;0;0;0;0
198;Panathinaikos FC;211;40;104;False;;;;;;;;;;;;;;;;;;;;;;;;PAN;-1;-1;Olympiako Stadio Athens Spyros;;-1;;133;270;1212;;;;;3244032;3244033;3244160;3244034;4294950912;4294950912;4294950912;4294950912;4294950912;4294950912;0;30;15;63;63;63;0;5;5;1;1;1;0;30;15;63;63;63;-1;-1;-1;;;;63;63;63;False;False;False;True;False;False;False;True;False;False;False;False;False;True;False;False;False;True;False;False;0;0;0;False;0;0;0;-1;False;0;0;0;0;-1;0;0;0;0;0;0;0;0;0;0;0;0;0;0;0;0;0;-1;-1;-1;0;0;0;0;-1;0;0;0;0;0;0;0;0;0
199;Zalgiris Vilnius;219;20;100025;False;;;;;;;;;;;;;;;;;;;;;;;;ZLG;-1;-1;;;-1;;262143;262143;262143;;;;;3260416;3260417;3260544;4294950912;4294950912;4294950912;4294950912;4294950912;4294950912;4294950912;63;63;63;63;63;63;0;5;4;1;1;11;63;63;63;63;63;63;-1;-1;-1;;;;63;63;63;False;False;False;False;False;False;False;False;False;False;False;False;False;True;False;False;False;False;False;False;0;0;0;False;0;0;0;-1;False;0;0;0;0;-1;0;0;0;0;0;0;0;0;0;0;0;0;0;0;0;0;0;-1;-1;-1;0;0;0;0;-1;0;0;0;0;0;0;0;0;0
200;Ceres Negros;29;29;100065;False;;;;;;;;;;;;;;;;;;;;;;;;CER;-1;-1;;;-1;;262143;262143;262143;;;;;3276800;3276801;3276928;4294950912;4294950912;4294950912;4294950912;4294950912;4294950912;4294950912;63;63;63;63;63;63;0;7;8;1;1;11;63;63;63;63;63;63;-1;-1;-1;;;;63;63;63;False;False;False;False;False;False;False;False;False;False;False;False;False;True;False;False;False;False;False;False;0;0;0;False;0;0;0;-1;False;0;0;0;0;-1;0;0;0;0;0;0;0;0;0;0;0;0;0;0;0;0;0;-1;-1;-1;0;0;0;0;-1;0;0;0;0;0;0;0;0;0
201;Birmingham City;204;20;101208;False;;;;;;;;;;;;;;;;;;;;;;;;BIR;-1;-1;St. Andrews;;-1;;107;208;399;;;;;3293184;3293185;3293312;3293186;4294950912;4294950912;4294950912;4294950912;4294950912;4294950912;11;21;49;63;63;63;0;7;7;1;1;1;0;15;33;63;63;63;-1;-1;-1;;;;63;63;63;False;False;False;True;False;False;False;True;False;False;False;False;False;True;False;False;False;True;False;False;0;0;0;False;0;0;0;-1;False;0;0;0;0;-1;0;0;0;0;0;0;0;0;0;0;0;0;0;0;0;0;0;-1;-1;-1;0;0;0;0;-1;0;0;0;0;0;0;0;0;0
203;Charlton Athletic;204;29;102219;False;;;;;;;;;;;;;;;;;;;;;;;;CHA;-1;-1;The Valley;;-1;;382;387;262143;;;;;3325952;3325953;3326080;3325954;4294950912;4294950912;4294950912;4294950912;4294950912;4294950912;47;6;10;10;10;10;0;3;4;1;1;5;54;10;10;63;63;63;-1;-1;-1;;;;63;63;63;False;False;False;True;False;False;False;True;False;False;False;False;False;True;False;False;False;True;False;False;0;0;0;False;0;0;0;-1;False;0;0;0;0;-1;0;0;0;0;0;0;0;0;0;0;0;0;0;0;0;0;0;-1;-1;-1;0;0;0;0;-1;0;0;0;0;0;0;0;0;0
204;Leicester City;204;42;90023;False;;;;;;;;;;;;;;;;;;;;;;;;LEI;-1;-1;King Power Stadium;;-1;;383;389;4183;;;;;3342336;3342337;3342464;3342338;4294950912;4294950912;4294950912;4294950912;4294950912;4294950912;0;2;26;63;63;63;0;1;8;2;1;1;0;2;26;63;63;63;-1;-1;-1;;;;63;63;63;False;False;False;True;False;False;False;True;False;False;False;False;False;True;False;False;False;True;False;False;0;0;0;False;0;0;0;-1;False;0;0;0;0;-1;0;0;0;0;0;0;0;0;0;0;0;0;0;0;0;0;0;-1;-1;-1;0;0;0;0;-1;0;0;0;0;0;0;0;0;0
205;Middlesbrough FC;204;20;36299;False;;;;;;;;;;;;;;;;;;;;;;;;MID;-1;-1;Riverside Stadium;;-1;;106;396;262143;;;;;3358720;3358721;3358848;3358722;4294950912;4294950912;4294950912;4294950912;4294950912;4294950912;53;0;11;63;63;63;0;3;4;2;1;1;53;0;11;63;63;63;-1;-1;-1;;;;63;63;63;False;False;False;True;False;False;False;True;False;False;False;False;False;True;False;False;False;True;False;False;0;0;0;False;0;0;0;-1;False;0;0;0;0;-1;0;0;0;0;0;0;0;0;0;0;0;0;0;0;0;0;0;-1;-1;-1;0;0;0;0;-1;0;0;0;0;0;0;0;0;0
207;Southampton FC;204;20;35;False;;;;;;;;;;;;;;;;;;;;;;;;SOU;-1;-1;St Marys Stadium;;-1;;4365;262143;262143;;;;;3391488;3391489;3391616;3391490;4294950912;4294950912;4294950912;4294950912;4294950912;4294950912;52;2;4;63;63;63;0;3;4;1;1;5;52;2;4;63;63;63;-1;-1;-1;;;;63;63;63;False;False;False;True;False;False;False;True;False;False;False;False;False;True;False;False;False;True;False;False;0;0;0;False;0;0;0;-1;False;0;0;0;0;-1;0;0;0;0;0;0;0;0;0;0;0;0;0;0;0;0;0;-1;-1;-1;0;0;0;0;-1;0;0;0;0;0;0;0;0;0
208;Wolverhampton Wanderers;204;42;502;False;;;;;;;;;;;;;;;;;;;;;;;;WOL;-1;-1;Molineux Stadium;;-1;;399;107;4183;;;;;3407872;3407873;3408000;3407874;4294950912;4294950912;4294950912;4294950912;4294950912;4294950912;63;46;5;0;0;0;0;4;3;2;1;1;63;46;5;0;0;0;-1;-1;-1;;;;63;63;63;False;False;False;True;False;False;False;True;False;False;False;False;False;True;False;False;False;True;False;False;0;0;0;False;0;0;0;-1;False;0;0;0;0;-1;0;0;0;0;0;0;0;0;0;0;0;0;0;0;0;0;0;-1;-1;-1;0;0;0;0;-1;0;0;0;0;0;0;0;0;0
210;SC Bastia;208;29;100403;False;;;;;;;;;;;;;;;;;;;;;;;;SCB;-1;-1;Stade Armand Cesari;;-1;;262143;217;262143;;;;;3440640;3440641;3440768;3440642;4294950912;4294950912;4294950912;4294950912;4294950912;4294950912;8;12;33;55;55;55;0;0;0;1;1;1;63;63;63;63;63;63;-1;-1;-1;;;;63;63;63;False;False;False;True;False;True;False;True;False;False;False;False;False;True;False;False;False;True;False;False;0;0;0;False;0;0;0;-1;False;0;0;0;0;-1;0;0;0;0;0;0;0;0;0;0;0;0;0;0;0;0;0;-1;-1;-1;0;0;0;0;-1;0;0;0;0;0;0;0;0;0
211;EA Guingamp;208;18;100598;False;;;;;;;;;;;;;;;;;;;;;;;;EAG;-1;-1;Roudourou;;-1;;218;1329;414;;;;;3457024;3457025;3457152;3457026;4294950912;4294950912;4294950912;4294950912;4294950912;4294950912;59;7;8;0;0;0;0;5;1;3;1;1;59;7;8;0;0;0;-1;-1;-1;;;;63;63;63;False;False;False;True;False;False;False;True;False;False;False;False;False;True;False;False;False;True;False;False;0;0;0;False;0;0;0;-1;False;0;0;0;0;-1;0;0;0;0;0;0;0;0;0;0;0;0;0;0;0;0;0;-1;-1;-1;0;0;0;0;-1;0;0;0;0;0;0;0;0;0
212;Le Mans FC;208;18;9;False;;;;;;;;;;;;;;;;;;;;;;;;MAN;-1;-1;Stade Marie-Marvingt;;-1;;262143;262143;262143;;;;;3473408;3473409;3473536;4294950912;4294950912;4294950912;4294950912;4294950912;4294950912;4294950912;42;11;12;53;53;53;0;0;0;1;1;1;63;63;63;63;63;63;-1;-1;-1;;;;63;63;63;False;False;False;True;False;True;False;False;False;False;False;False;False;True;False;False;False;True;False;False;0;0;0;False;0;0;0;-1;False;0;0;0;0;-1;0;0;0;0;0;0;0;0;0;0;0;0;0;0;0;0;0;-1;-1;-1;0;0;0;0;-1;0;0;0;0;0;0;0;0;0
213;LOSC Lille;208;13;101768;False;;;;;;;;;;;;;;;;;;;;;;;;LIL;-1;-1;Stade Pierre Mauroy;;-1;;182;1528;262143;;;;;3489792;3489793;3489920;3489794;4294950912;4294950912;4294950912;4294950912;4294950912;4294950912;49;0;6;63;63;63;0;5;1;4;1;2;49;0;6;63;63;63;-1;-1;-1;;;;63;63;63;False;False;False;True;False;False;False;True;False;False;False;False;False;True;False;False;False;True;False;False;0;0;0;False;0;0;0;-1;False;0;0;0;0;-1;0;0;0;0;0;0;0;0;0;0;0;0;0;0;0;0;0;-1;-1;-1;0;0;0;0;-1;0;0;0;0;0;0;0;0;0
215;Montpellier HSC;208;20;35502;False;;;;;;;;;;;;;;;;;;;;;;;;MON;-1;-1;Stade de la Mosson;;-1;;262143;262143;262143;;;;;3522560;3522561;3522688;3522562;4294950912;4294950912;4294950912;4294950912;4294950912;4294950912;1;10;28;63;31;8;0;5;7;4;1;1;1;10;28;63;31;8;-1;-1;-1;;;;63;63;63;False;False;False;True;False;False;False;False;False;False;False;False;False;True;False;False;False;True;False;False;0;0;0;False;0;0;0;-1;False;0;0;0;0;-1;0;0;0;0;0;0;0;0;0;0;0;0;0;0;0;0;0;-1;-1;-1;0;0;0;0;-1;0;0;0;0;0;0;0;0;0
216;FC Nantes;208;20;101068;False;;;;;;;;;;;;;;;;;;;;;;;;FCN;-1;-1;La Beaujoire;;-1;;403;218;414;;;;;3538944;3538945;3539072;4294950912;4294950912;4294950912;4294950912;4294950912;4294950912;4294950912;63;55;0;0;24;12;0;6;1;4;1;1;63;55;0;0;24;12;-1;-1;-1;;;;63;63;63;False;False;False;True;False;False;False;True;False;False;False;False;False;True;False;False;False;True;False;False;0;0;0;False;0;0;0;-1;False;0;0;0;0;-1;0;0;0;0;0;0;0;0;0;0;0;0;0;0;0;0;0;-1;-1;-1;0;0;0;0;-1;0;0;0;0;0;0;0;0;0
217;OGC Nice;208;29;392;False;;;;;;;;;;;;;;;;;;;;;;;;OGC;-1;-1;Allianz Riviera;;-1;;112;210;113;;;;;3555328;3555329;3555456;3555330;4294950912;4294950912;4294950912;4294950912;4294950912;4294950912;55;0;1;0;0;0;0;6;1;4;2;2;55;0;1;0;0;0;-1;-1;-1;;;;63;63;63;False;False;False;True;False;False;False;True;False;False;False;False;False;True;False;False;False;True;False;False;0;0;0;False;0;0;0;-1;False;0;0;0;0;-1;0;0;0;0;0;0;0;0;0;0;0;0;0;0;0;0;0;-1;-1;-1;0;0;0;0;-1;0;0;0;0;0;0;0;0;0
218;Stade Rennais FC;208;18;102010;False;;;;;;;;;;;;;;;;;;;;;;;;REN;-1;-1;Roazhon Park;;-1;;216;211;1329;;;;;3571712;3571713;3571840;3571714;4294950912;4294950912;4294950912;4294950912;4294950912;4294950912;54;6;6;0;0;0;0;6;5;3;1;1;54;6;6;0;0;0;-1;-1;-1;;;;63;63;63;False;False;False;True;False;False;False;True;False;False;False;False;False;True;False;False;False;True;False;False;0;0;0;False;0;0;0;-1;False;0;0;0;0;-1;0;0;0;0;0;0;0;0;0;0;0;0;0;0;0;0;0;-1;-1;-1;0;0;0;0;-1;0;0;0;0;0;0;0;0;0
219;FC Sochaux-Montbéliard;208;20;100835;False;;;;;;;;;;;;;;;;;;;;;;;;SOC;-1;-1;Stade Auguste Bonal;;-1;;262143;262143;262143;;;;;3588096;3588097;3588224;4294950912;4294950912;4294950912;4294950912;4294950912;4294950912;4294950912;63;53;0;0;8;21;0;5;8;4;1;15;63;53;0;0;8;21;-1;-1;-1;;;;63;63;63;False;False;False;True;False;False;False;False;False;False;False;False;False;True;False;False;False;True;False;False;0;0;0;False;0;0;0;-1;False;0;0;0;0;-1;0;0;0;0;0;0;0;0;0;0;0;0;0;0;0;0;0;-1;-1;-1;0;0;0;0;-1;0;0;0;0;0;0;0;0;0
221;Toulouse FC;208;17;244;False;;;;;;;;;;;;;;;;;;;;;;;;TFC;-1;-1;Stadium Municipal;;-1;;262143;262143;262143;;;;;3620864;3620865;3620992;3620866;4294950912;4294950912;4294950912;4294950912;4294950912;4294950912;26;22;34;63;63;63;0;1;8;4;1;2;26;22;34;63;63;63;-1;-1;-1;;;;63;63;63;False;False;False;True;False;False;False;False;False;False;False;False;False;True;False;False;False;True;False;False;0;0;0;False;0;0;0;-1;False;0;0;0;0;-1;0;0;0;0;0;0;0;0;0;0;0;0;0;0;0;0;0;-1;-1;-1;0;0;0;0;-1;0;0;0;0;0;0;0;0;0
225;Borussia Mönchengladbach;210;29;101524;False;;;;;;;;;;;;;;;;;;;;;;;;BMG;-1;-1;Stadion im Borussia Park;;-1;;126;4137;262143;;;;;3686400;3686401;3686528;3686402;4294950912;4294950912;4294950912;4294950912;4294950912;4294950912;63;63;63;21;44;10;0;0;0;1;1;1;63;63;63;63;63;63;-1;-1;-1;;;;63;63;63;False;False;False;True;False;True;False;True;False;False;False;False;False;True;False;False;False;True;False;False;0;0;0;False;0;0;0;-1;False;0;0;0;0;-1;0;0;0;0;0;0;0;0;0;0;0;0;0;0;0;0;0;-1;-1;-1;0;0;0;0;-1;0;0;0;0;0;0;0;0;0
226;Eintracht Frankfurt;210;47;2362;False;;;;;;;;;;;;;;;;;;;;;;;;SGE;-1;-1;Commerzbank Arena;;-1;;436;262143;262143;;;;;3702784;3702785;3702912;3702786;4294950912;4294950912;4294950912;4294950912;4294950912;4294950912;50;5;5;0;0;0;0;0;0;1;1;1;63;63;63;63;63;63;-1;-1;-1;;;;63;63;63;False;False;False;True;False;True;False;True;False;False;False;False;False;True;False;False;False;True;False;False;0;0;0;False;0;0;0;-1;False;0;0;0;0;-1;0;0;0;0;0;0;0;0;0;0;0;0;0;0;0;0;0;-1;-1;-1;0;0;0;0;-1;0;0;0;0;0;0;0;0;0
227;SC Freiburg;210;20;100030;False;;;;;;;;;;;;;;;;;;;;;;;;SCF;-1;-1;Schwarzwald Stadion;;-1;;231;262143;262143;;;;;3719168;3719169;3719296;3719170;4294950912;4294950912;4294950912;4294950912;4294950912;4294950912;51;5;5;0;0;0;0;0;0;1;1;1;63;63;63;63;63;63;-1;-1;-1;;;;63;63;63;False;False;False;True;False;True;False;True;False;False;False;False;False;True;False;False;False;True;False;False;0;0;0;False;0;0;0;-1;False;0;0;0;0;-1;0;0;0;0;0;0;0;0;0;0;0;0;0;0;0;0;0;-1;-1;-1;0;0;0;0;-1;0;0;0;0;0;0;0;0;0
231;VfB Stuttgart;210;17;100057;False;;;;;;;;;;;;;;;;;;;;;;;;VFB;-1;-1;Mercedes Benz Arena;;-1;;127;227;262143;;;;;3784704;3784705;3784832;3784706;4294950912;4294950912;4294950912;4294950912;4294950912;4294950912;52;0;10;63;63;63;0;0;0;1;1;1;63;63;63;63;63;63;-1;-1;-1;;;;63;63;63;False;False;False;True;False;True;False;True;False;False;False;False;False;True;False;False;False;True;False;False;0;0;0;False;0;0;0;-1;False;0;0;0;0;-1;0;0;0;0;0;0;0;0;0;0;0;0;0;0;0;0;0;-1;-1;-1;0;0;0;0;-1;0;0;0;0;0;0;0;0;0
232;VfL Wolfsburg;210;45;101761;False;;;;;;;;;;;;;;;;;;;;;;;;WOL;-1;-1;Volkswagen Arena;;-1;;185;262143;262143;;;;;3801088;3801089;3801216;3801090;4294950912;4294950912;4294950912;4294950912;4294950912;4294950912;24;44;11;63;63;63;0;0;0;1;1;1;63;63;63;63;63;63;-1;-1;-1;;;;63;63;63;False;False;False;True;False;True;False;True;False;False;False;False;False;True;False;False;False;True;False;False;0;0;0;False;0;0;0;-1;False;0;0;0;0;-1;0;0;0;0;0;0;0;0;0;0;0;0;0;0;0;0;0;-1;-1;-1;0;0;0;0;-1;0;0;0;0;0;0;0;0;0
234;Atalanta BC;215;44;101837;False;;;;;;;;;;;;;;;;;;;;;;;;ATA;-1;-1;Atleti Azzurri d'Italia;;-1;;125;119;327;;;;;3833856;3833857;3833984;3833858;4294950912;4294950912;4294950912;4294950912;4294950912;4294950912;0;24;42;0;0;0;0;5;7;4;1;1;0;24;42;0;0;0;-1;-1;-1;;;;63;63;63;False;False;False;True;False;False;False;True;False;False;False;False;False;True;False;False;False;True;False;False;0;0;0;False;0;0;0;-1;False;0;0;0;0;-1;0;0;0;0;0;0;0;0;0;0;0;0;0;0;0;0;0;-1;-1;-1;0;0;0;0;-1;0;0;0;0;0;0;0;0;0
235;FC Empoli;215;29;101952;False;;;;;;;;;;;;;;;;;;;;;;;;EMP;-1;-1;Carlo Castellani;;-1;;124;4241;262143;;;;;3850240;3850241;3850368;3850242;4294950912;4294950912;4294950912;4294950912;4294950912;4294950912;0;29;47;0;29;47;0;3;7;2;1;1;0;29;47;0;29;47;-1;-1;-1;;;;63;63;63;False;False;False;True;False;False;False;False;False;False;False;False;False;True;False;False;False;True;False;False;0;0;0;False;0;0;0;-1;False;0;0;0;0;-1;0;0;0;0;0;0;0;0;0;0;0;0;0;0;0;0;0;-1;-1;-1;0;0;0;0;-1;0;0;0;0;0;0;0;0;0
237;Modena FC;215;40;11;False;;;;;;;;;;;;;;;;;;;;;;;;MOD;-1;-1;Alberto Braglia Stadium;;-1;;1919;123;186;;;;;3883008;3883009;3883136;3883010;4294950912;4294950912;4294950912;4294950912;4294950912;4294950912;61;49;6;53;53;53;0;0;0;1;1;1;63;63;63;63;63;63;-1;-1;-1;;;;63;63;63;False;False;False;True;False;False;False;False;False;False;False;False;False;True;False;False;False;True;False;False;0;0;0;False;0;0;0;-1;False;0;0;0;0;-1;0;0;0;0;0;0;0;0;0;0;0;0;0;0;0;0;0;-1;-1;-1;0;0;0;0;-1;0;0;0;0;0;0;0;0;0
238;Palermo FC;215;29;100754;False;;;;;;;;;;;;;;;;;;;;;;;;PAL;-1;-1;Stadio Renzo Barbera;;-1;;320;262143;262143;;;;;3899392;3899393;3899520;3899394;4294950912;4294950912;4294950912;4294950912;4294950912;4294950912;54;32;47;8;8;10;0;0;0;1;1;1;63;63;63;63;63;63;-1;-1;-1;;;;63;63;63;False;False;False;True;False;False;False;False;False;False;False;False;False;True;False;False;False;True;False;False;0;0;0;False;0;0;0;-1;False;0;0;0;0;-1;0;0;0;0;0;0;0;0;0;0;0;0;0;0;0;0;0;-1;-1;-1;0;0;0;0;-1;0;0;0;0;0;0;0;0;0
240;UC Sampdoria;215;29;102248;False;;;;;;;;;;;;;;;;;;;;;;;;SAM;-1;-1;Luigi Ferraris;;-1;;323;327;186;;;;;3932160;3932161;3932288;3932162;4294950912;4294950912;4294950912;4294950912;4294950912;4294950912;8;13;38;63;63;63;0;6;7;3;1;1;8;13;38;63;63;63;-1;-1;-1;;;;63;63;63;False;False;False;True;False;False;False;False;False;False;False;False;False;True;False;False;False;True;False;False;0;0;0;False;0;0;0;-1;False;0;0;0;0;-1;0;0;0;0;0;0;0;0;0;0;0;0;0;0;0;0;0;-1;-1;-1;0;0;0;0;-1;0;0;0;0;0;0;0;0;0
242;AZ Alkmaar;224;17;395;False;;;;;;;;;;;;;;;;;;;;;;;;AZ;-1;-1;AFAS Stadion;;-1;;116;262143;262143;;;;;3964928;3964929;3965056;3964930;4294950912;4294950912;4294950912;4294950912;4294950912;4294950912;50;8;6;63;63;63;0;3;4;2;1;2;63;63;63;50;8;6;-1;-1;-1;;;;63;63;63;False;False;False;True;False;False;False;True;False;False;False;False;False;True;False;False;False;True;False;False;0;0;0;False;0;0;0;-1;False;0;0;0;0;-1;0;0;0;0;0;0;0;0;0;0;0;0;0;0;0;0;0;-1;-1;-1;0;0;0;0;-1;0;0;0;0;0;0;0;0;0
244;FC Groningen;224;17;100490;False;;;;;;;;;;;;;;;;;;;;;;;;GRO;-1;-1;Euroborg;;-1;;245;262143;262143;;;;;3997696;3997697;3997824;4294950912;4294950912;4294950912;4294950912;4294950912;4294950912;4294950912;7;27;20;63;63;63;0;5;5;1;1;8;7;27;20;63;63;63;-1;-1;-1;;;;63;63;63;False;False;False;True;False;False;False;True;False;False;False;False;False;True;False;False;False;True;False;False;0;0;0;False;0;0;0;-1;False;0;0;0;0;-1;0;0;0;0;0;0;0;0;0;0;0;0;0;0;0;0;0;-1;-1;-1;0;0;0;0;-1;0;0;0;0;0;0;0;0;0
245;SC Heerenveen;224;42;101331;False;;;;;;;;;;;;;;;;;;;;;;;;HEE;-1;-1;Abe Lenstra Stadion;;-1;;262143;244;262143;;;;;4014080;4014081;4014208;4014082;4294950912;4294950912;4294950912;4294950912;4294950912;4294950912;6;12;27;63;63;63;0;6;7;1;1;1;6;12;27;63;63;63;-1;-1;-1;;;;63;63;63;False;False;False;True;False;False;False;True;False;False;False;False;False;True;False;False;False;True;False;False;0;0;0;False;0;0;0;-1;False;0;0;0;0;-1;0;0;0;0;0;0;0;0;0;0;0;0;0;0;0;0;0;-1;-1;-1;0;0;0;0;-1;0;0;0;0;0;0;0;0;0
246;NAC Breda;224;42;90039;False;;;;;;;;;;;;;;;;;;;;;;;;NAC;-1;-1;Rat Verlegh Stadion;;-1;;262143;262143;262143;;;;;4030464;4030465;4030592;4294950912;4294950912;4294950912;4294950912;4294950912;4294950912;4294950912;53;50;12;10;10;10;0;0;0;1;1;1;63;63;63;63;63;63;-1;-1;-1;;;;63;63;63;False;False;False;True;False;True;False;False;False;False;False;False;False;True;False;False;False;True;False;False;0;0;0;False;0;0;0;-1;False;0;0;0;0;-1;0;0;0;0;0;0;0;0;0;0;0;0;0;0;0;0;0;-1;-1;-1;0;0;0;0;-1;0;0;0;0;0;0;0;0;0
247;NEC Nijmegen;224;29;1183;False;;;;;;;;;;;;;;;;;;;;;;;;NEC;-1;-1;Goffertstadion;;-1;;262143;262143;262143;;;;;4046848;4046849;4046976;4046850;4294950912;4294950912;4294950912;4294950912;4294950912;4294950912;57;12;12;11;35;19;0;0;0;1;1;1;63;63;63;63;63;63;-1;-1;-1;;;;63;63;63;False;False;False;True;False;True;False;False;False;False;False;False;False;True;False;False;False;True;False;False;0;0;0;False;0;0;0;-1;False;0;0;0;0;-1;0;0;0;0;0;0;0;0;0;0;0;0;0;0;0;0;0;-1;-1;-1;0;0;0;0;-1;0;0;0;0;0;0;0;0;0
250;FC Twente;224;42;100690;False;;;;;;;;;;;;;;;;;;;;;;;;TWE;-1;-1;De Grolsch Veste;;-1;;346;262143;262143;;;;;4096000;4096001;4096128;4096002;4294950912;4294950912;4294950912;4294950912;4294950912;4294950912;50;0;5;50;0;5;0;5;4;3;1;1;50;0;5;50;0;5;-1;-1;-1;;;;63;63;63;False;False;False;True;False;False;False;True;False;False;False;False;False;True;False;False;False;True;False;False;0;0;0;False;0;0;0;-1;False;0;0;0;0;-1;0;0;0;0;0;0;0;0;0;0;0;0;0;0;0;0;0;-1;-1;-1;0;0;0;0;-1;0;0;0;0;0;0;0;0;0
251;FC Utrecht;224;18;188;False;;;;;;;;;;;;;;;;;;;;;;;;UTR;-1;-1;Stadion Galgenwaard;;-1;;262143;116;262143;;;;;4112384;4112385;4112512;4112386;4294950912;4294950912;4294950912;4294950912;4294950912;4294950912;59;7;9;63;63;63;0;5;4;4;2;1;59;7;9;63;63;63;-1;-1;-1;;;;63;63;63;False;False;False;True;False;False;False;True;False;False;False;False;False;True;False;False;False;True;False;False;0;0;0;False;0;0;0;-1;False;0;0;0;0;-1;0;0;0;0;0;0;0;0;0;0;0;0;0;0;0;0;0;-1;-1;-1;0;0;0;0;-1;0;0;0;0;0;0;0;0;0
253;FC Volendam;224;29;100951;False;;;;;;;;;;;;;;;;;;;;;;;;VOL;-1;-1;Kras Stadion;;-1;;352;262143;262143;;;;;4145152;4145153;4145280;4294950912;4294950912;4294950912;4294950912;4294950912;4294950912;4294950912;60;25;3;55;55;55;0;0;0;1;1;1;63;63;63;63;63;63;-1;-1;-1;;;;63;63;63;False;False;False;True;False;True;False;True;False;False;False;False;False;True;False;False;False;True;False;False;0;0;0;False;0;0;0;-1;False;0;0;0;0;-1;0;0;0;0;0;0;0;0;0;0;0;0;0;0;0;0;0;-1;-1;-1;0;0;0;0;-1;0;0;0;0;0;0;0;0;0
256;PEC Zwolle;224;20;101327;False;;;;;;;;;;;;;;;;;;;;;;;;PEC;-1;-1;Mac3park Stadion;;-1;;262143;346;262143;;;;;4194304;4194305;4194432;4294950912;4294950912;4294950912;4294950912;4294950912;4294950912;4294950912;52;6;13;53;53;53;0;1;7;4;1;1;0;20;40;25;47;59;-1;-1;-1;;;;63;63;63;False;False;False;True;False;False;False;True;False;False;False;False;False;True;False;False;False;True;False;False;0;0;0;False;0;0;0;-1;False;0;0;0;0;-1;0;0;0;0;0;0;0;0;0;0;0;0;0;0;0;0;0;-1;-1;-1;0;0;0;0;-1;0;0;0;0;0;0;0;0;0
258;Athletic Bilbao;236;29;31;False;;;;;;;;;;;;;;;;;;;;;;;;ATH;-1;-1;San Mames;;-1;;196;109;4145;;;;;4227072;4227073;4227200;4227074;4294950912;4294950912;4294950912;4294950912;4294950912;4294950912;50;8;9;63;63;63;0;5;4;1;1;1;50;8;9;63;63;63;-1;-1;-1;;;;63;63;63;False;False;False;True;False;False;False;True;False;False;False;False;False;True;False;False;False;True;False;False;0;0;0;False;0;0;0;-1;False;0;0;0;0;-1;0;0;0;0;0;0;0;0;0;0;0;0;0;0;0;0;0;-1;-1;-1;0;0;0;0;-1;0;0;0;0;0;0;0;0;0
259;RCD Espanyol;236;17;131;False;;;;;;;;;;;;;;;;;;;;;;;;ESP;-1;-1;Estadi Cornella El Prat;;-1;;108;262143;262143;;;;;4243456;4243457;4243584;4243458;4294950912;4294950912;4294950912;4294950912;4294950912;4294950912;7;15;30;63;63;63;0;5;8;1;2;1;7;15;30;63;63;63;-1;-1;-1;;;;63;63;63;False;False;False;True;False;False;False;True;False;False;False;False;False;True;False;False;False;True;False;False;0;0;0;False;0;0;0;-1;False;0;0;0;0;-1;0;0;0;0;0;0;0;0;0;0;0;0;0;0;0;0;0;-1;-1;-1;0;0;0;0;-1;0;0;0;0;0;0;0;0;0
260;Málaga CF;236;40;90002;False;;;;;;;;;;;;;;;;;;;;;;;;MAL;-1;-1;La Rosaleda;;-1;;194;1765;262143;;;;;4259840;4259841;4259968;4259842;4294950912;4294950912;4294950912;4294950912;4294950912;4294950912;24;36;51;4;10;17;0;5;7;3;1;7;24;36;51;4;10;17;-1;-1;-1;;;;63;63;63;False;False;False;True;False;False;False;False;False;False;False;False;False;True;False;False;False;True;False;False;0;0;0;False;0;0;0;-1;False;0;0;0;0;-1;0;0;0;0;0;0;0;0;0;0;0;0;0;0;0;0;0;-1;-1;-1;0;0;0;0;-1;0;0;0;0;0;0;0;0;0
261;RCD Mallorca;236;29;237;False;;;;;;;;;;;;;;;;;;;;;;;;MLL;-1;-1;Iberostar Estadio;;-1;;2187;262143;262143;;;;;4276224;4276225;4276352;4276226;4294950912;4294950912;4294950912;4294950912;4294950912;4294950912;61;8;8;0;0;0;0;3;4;4;1;1;61;8;8;0;0;0;-1;-1;-1;;;;63;63;63;False;False;False;True;False;False;False;True;False;False;False;False;False;True;False;False;False;True;False;False;0;0;0;False;0;0;0;-1;False;0;0;0;0;-1;0;0;0;0;0;0;0;0;0;0;0;0;0;0;0;0;0;-1;-1;-1;0;0;0;0;-1;0;0;0;0;0;0;0;0;0
263;CA Osasuna;236;20;414;False;;;;;;;;;;;;;;;;;;;;;;;;OSA;-1;-1;El Sadar;;-1;;4145;258;268;;;;;4308992;4308993;4309120;4308994;4294950912;4294950912;4294950912;4294950912;4294950912;4294950912;1;14;21;46;8;9;0;5;4;1;1;2;1;14;21;46;8;9;-1;-1;-1;;;;63;63;63;False;False;False;True;False;False;False;True;False;False;False;False;False;True;False;False;False;True;False;False;0;0;0;False;0;0;0;-1;False;0;0;0;0;-1;0;0;0;0;0;0;0;0;0;0;0;0;0;0;0;0;0;-1;-1;-1;0;0;0;0;-1;0;0;0;0;0;0;0;0;0
264;Racing Santander;236;15;101801;False;;;;;;;;;;;;;;;;;;;;;;;;RRC;-1;-1;El Sardinero;;-1;;258;262143;262143;;;;;4325376;4325377;4325504;4325378;4294950912;4294950912;4294950912;4294950912;4294950912;4294950912;4;50;63;53;53;53;0;5;7;1;1;1;2;36;11;63;63;63;-1;-1;-1;;;;63;63;63;False;False;False;True;False;False;False;False;False;False;False;False;False;True;False;False;False;True;False;False;0;0;0;False;0;0;0;-1;False;0;0;0;0;-1;0;0;0;0;0;0;0;0;0;0;0;0;0;0;0;0;0;-1;-1;-1;0;0;0;0;-1;0;0;0;0;0;0;0;0;0
265;Sevilla FC;236;29;100063;False;;;;;;;;;;;;;;;;;;;;;;;;SEV;-1;-1;Ramon Sanchez Pizjuan;;-1;;194;262143;262143;;;;;4341760;4341761;4341888;4341762;4294950912;4294950912;4294950912;4294950912;4294950912;4294950912;47;0;0;63;63;63;0;5;1;2;2;2;47;0;0;63;63;63;-1;-1;-1;;;;63;63;63;False;False;False;True;False;False;False;True;False;False;False;False;False;True;False;False;False;True;False;False;0;0;0;False;0;0;0;-1;False;0;0;0;0;-1;0;0;0;0;0;0;0;0;0;0;0;0;0;0;0;0;0;-1;-1;-1;0;0;0;0;-1;0;0;0;0;0;0;0;0;0
266;Real Valladolid;236;29;129;False;;;;;;;;;;;;;;;;;;;;;;;;VLL;-1;-1;Nuevo Jose Zorrilla;;-1;;262143;262143;262143;;;;;4358144;4358145;4358272;4358146;4294950912;4294950912;4294950912;4294950912;4294950912;4294950912;25;10;31;63;63;63;0;5;8;1;2;1;25;10;31;63;63;63;-1;-1;-1;;;;63;63;63;False;False;False;True;False;False;False;False;False;False;False;False;False;True;False;False;False;True;False;False;0;0;0;False;0;0;0;-1;False;0;0;0;0;-1;0;0;0;0;0;0;0;0;0;0;0;0;0;0;0;0;0;-1;-1;-1;0;0;0;0;-1;0;0;0;0;0;0;0;0;0
267;Villarreal CF;236;40;198;False;;;;;;;;;;;;;;;;;;;;;;;;VIL;-1;-1;El Madrigal;;-1;;110;4395;262143;;;;;4374528;4374529;4374656;4374530;4294950912;4294950912;4294950912;4294950912;4294950912;4294950912;63;57;0;0;13;25;0;5;2;2;1;2;63;57;0;0;13;25;-1;-1;-1;;;;63;63;63;False;False;False;True;False;False;False;True;False;False;False;False;False;True;False;False;False;True;False;False;0;0;0;False;0;0;0;-1;False;0;0;0;0;-1;0;0;0;0;0;0;0;0;0;0;0;0;0;0;0;0;0;-1;-1;-1;0;0;0;0;-1;0;0;0;0;0;0;0;0;0
268;Real Zaragoza;236;20;321;False;;;;;;;;;;;;;;;;;;;;;;;;ZAR;-1;-1;La Romareda;;-1;;263;2188;2616;;;;;4390912;4390913;4391040;4390914;4294950912;4294950912;4294950912;4294950912;4294950912;4294950912;5;16;35;63;63;63;0;5;6;1;1;1;5;16;35;63;63;63;-1;-1;-1;;;;63;63;63;False;False;False;True;False;False;False;False;False;False;False;False;False;True;False;False;False;True;False;False;0;0;0;False;0;0;0;-1;False;0;0;0;0;-1;0;0;0;0;0;0;0;0;0;0;0;0;0;0;0;0;0;-1;-1;-1;0;0;0;0;-1;0;0;0;0;0;0;0;0;0
269;Club Brugge KV;197;42;101078;False;;;;;;;;;;;;;;;;;;;;;;;;BRU;-1;-1;Jan Breydel stadion;;-1;;2009;1196;174;;;;;4407296;4407297;4407424;4407298;4294950912;4294950912;4294950912;4294950912;4294950912;4294950912;0;19;40;0;0;0;0;0;0;1;1;1;0;19;40;0;0;0;-1;-1;-1;;;;63;63;63;False;False;False;True;False;False;False;True;False;False;False;False;False;True;False;False;False;True;False;False;0;0;0;False;0;0;0;-1;False;0;0;0;0;-1;0;0;0;0;0;0;0;0;0;0;0;0;0;0;0;0;0;-1;-1;-1;0;0;0;0;-1;0;0;0;0;0;0;0;0;0
270;AEK Athens;211;29;101534;False;;;;;;;;;;;;;;;;;;;;;;;;AEK;-1;-1;Olympiako Stadio Athinon;;-1;;198;1212;133;;;;;4423680;4423681;4423808;4423682;4294950912;4294950912;4294950912;4294950912;4294950912;4294950912;63;53;0;0;0;0;0;0;0;1;1;1;63;53;0;0;0;0;-1;-1;-1;;;;63;63;63;False;False;False;True;False;False;False;True;False;False;False;False;False;True;False;False;False;True;False;False;0;0;0;False;0;0;0;-1;False;0;0;0;0;-1;0;0;0;0;0;0;0;0;0;0;0;0;0;0;0;0;0;-1;-1;-1;0;0;0;0;-1;0;0;0;0;0;0;0;0;0
271;Lokomotiv Moskva;230;29;102052;False;;;;;;;;;;;;;;;;;;;;;;;;LMO;-1;-1;Lokomotiv Stadium;;-1;;135;1753;1218;;;;;4440064;4440065;4440192;4440066;4294950912;4294950912;4294950912;4294950912;4294950912;4294950912;49;8;8;0;36;16;0;5;4;2;1;8;49;8;8;0;36;16;-1;-1;-1;;;;63;63;63;False;False;False;True;False;False;False;True;False;False;False;False;False;True;False;False;False;True;False;False;0;0;0;False;0;0;0;-1;False;0;0;0;0;-1;0;0;0;0;0;0;0;0;0;0;0;0;0;0;0;0;0;-1;-1;-1;0;0;0;0;-1;0;0;0;0;0;0;0;0;0
272;FK Partizan;303;15;102077;False;;;;;;;;;;;;;;;;;;;;;;;;PTZ;-1;-1;Partizan Stadium;;-1;;1223;2054;262143;;;;;4456448;4456449;4456576;4456450;4294950912;4294950912;4294950912;4294950912;4294950912;4294950912;0;0;0;63;63;63;0;0;0;1;1;1;63;63;63;63;63;63;-1;-1;-1;;;;63;63;63;False;False;False;True;False;False;False;False;False;False;False;False;False;True;False;False;False;True;False;False;0;0;0;False;0;0;0;-1;False;0;0;0;0;-1;0;0;0;0;0;0;0;0;0;0;0;0;0;0;0;0;0;-1;-1;-1;0;0;0;0;-1;0;0;0;0;0;0;0;0;0
273;Beşiktaş JK;190;29;325;False;;;;;;;;;;;;;;;;;;;;;;;;BJK;-1;-1;Vodafone Park;;-1;;197;130;1945;;;;;4472832;4472833;4472960;4472834;4294950912;4294950912;4294950912;4294950912;4294950912;4294950912;63;63;63;0;0;0;0;3;1;1;1;1;63;63;63;0;0;0;-1;-1;-1;;;;63;63;63;False;False;False;True;False;False;False;True;False;False;False;False;False;True;False;False;False;True;False;False;0;0;0;False;0;0;0;-1;False;0;0;0;0;-1;0;0;0;0;0;0;0;0;0;0;0;0;0;0;0;0;0;-1;-1;-1;0;0;0;0;-1;0;0;0;0;0;0;0;0;0
274;Cruzeiro EC;146;15;100093;False;;;;;;;;;;;;;;;;;;;;;;;;CRU;-1;-1;Mineirao;;-1;;1245;2450;262143;;;;;4489216;4489217;4489344;4489218;4294950912;4294950912;4294950912;4294950912;4294950912;4294950912;0;19;36;63;63;63;0;5;1;1;2;5;0;19;36;63;63;63;-1;-1;-1;;;;63;63;63;False;False;False;True;False;False;False;True;False;False;False;False;False;True;False;False;False;True;False;False;0;0;0;False;0;0;0;-1;False;0;0;0;0;-1;0;0;0;0;0;0;0;0;0;0;0;0;0;0;0;0;0;-1;-1;-1;0;0;0;0;-1;0;0;0;0;0;0;0;0;0
295;Beijing Guoan;7;15;380;False;;;;;;;;;;;;;;;;;;;;;;;;BJG;-1;-1;Workers Stadium;;-1;;5173;4168;5175;;;;;4833280;4833281;4833408;4294950912;4294950912;4294950912;4294950912;4294950912;4294950912;4294950912;0;40;16;59;57;4;0;2;6;3;2;1;0;40;16;59;57;4;-1;-1;-1;;;;63;63;63;False;False;False;True;False;False;False;True;False;False;False;False;False;True;False;False;False;True;False;False;0;0;0;False;0;0;0;-1;False;0;0;0;0;-1;0;0;0;0;0;0;0;0;0;0;0;0;0;0;0;0;0;-1;-1;-1;0;0;0;0;-1;0;0;0;0;0;0;0;0;0
297;Qingdao Hainiu;7;54;101568;False;;;;;;;;;;;;;;;;;;;;;;;;QIN;-1;-1;Qingdao Guoxin Stadium;;-1;;4168;262143;262143;;;;;4866048;4866049;4866176;4294950912;4294950912;4294950912;4294950912;4294950912;4294950912;4294950912;53;53;53;10;10;10;0;0;0;1;1;1;63;63;63;63;63;63;-1;-1;-1;;;;63;63;63;False;False;False;True;False;True;False;True;False;False;False;False;False;True;False;False;False;True;False;False;0;0;0;False;0;0;0;-1;False;0;0;0;0;-1;0;0;0;0;0;0;0;0;0;0;0;0;0;0;0;0;0;-1;-1;-1;0;0;0;0;-1;0;0;0;0;0;0;0;0;0
302;Chongqing Tonglianglong;7;55;486;False;;;;;;;;;;;;;;;;;;;;;;;;CQT;-1;-1;Chongqing Longxing Stadium;;-1;;262143;262143;262143;;;;;4947968;4947969;4948096;4294950912;4294950912;4294950912;4294950912;4294950912;4294950912;4294950912;41;2;6;53;48;4;0;0;0;1;1;1;63;63;63;63;63;63;-1;-1;-1;;;;63;63;63;False;False;False;True;False;True;False;False;False;False;False;False;False;True;False;False;False;True;False;False;0;0;0;False;0;0;0;-1;False;0;0;0;0;-1;0;0;0;0;0;0;0;0;0;0;0;0;0;0;0;0;0;-1;-1;-1;0;0;0;0;-1;0;0;0;0;0;0;0;0;0
304;Wuhan Three Towns;7;29;102004;False;;;;;;;;;;;;;;;;;;;;;;;;WTL;-1;-1;Wuhan Sports Centre Stadium;;-1;;262143;262143;262143;;;;;4980736;4980737;4980864;4294950912;4294950912;4294950912;4294950912;4294950912;4294950912;4294950912;6;21;54;53;53;53;0;0;0;1;1;1;63;63;63;63;63;63;-1;-1;-1;;;;63;63;63;False;False;False;True;False;True;False;False;False;False;False;False;False;True;False;False;False;True;False;False;0;0;0;False;0;0;0;-1;False;0;0;0;0;-1;0;0;0;0;0;0;0;0;0;0;0;0;0;0;0;0;0;-1;-1;-1;0;0;0;0;-1;0;0;0;0;0;0;0;0;0
314;Chengdu Rongcheng;7;20;100074;False;;;;;;;;;;;;;;;;;;;;;;;;CDR;-1;-1;Phoenix Hill Sports Park;;-1;;262143;262143;262143;;;;;5144576;5144577;5144704;4294950912;4294950912;4294950912;4294950912;4294950912;4294950912;4294950912;49;11;12;26;26;26;0;0;0;1;1;1;63;63;63;63;63;63;-1;-1;-1;;;;63;63;63;False;False;False;True;False;True;False;False;False;False;False;False;False;True;False;False;False;True;False;False;0;0;0;False;0;0;0;-1;False;0;0;0;0;-1;0;0;0;0;0;0;0;0;0;0;0;0;0;0;0;0;0;-1;-1;-1;0;0;0;0;-1;0;0;0;0;0;0;0;0;0
319;SSC Bari;215;15;102247;False;;;;;;;;;;;;;;;;;;;;;;;;BAR;-1;-1;Stadio San Nicola;;-1;;327;4237;262143;;;;;5226496;5226497;5226624;5226498;4294950912;4294950912;4294950912;4294950912;4294950912;4294950912;53;53;53;52;9;9;0;0;0;1;1;1;63;63;63;63;63;63;-1;-1;-1;;;;63;63;63;False;False;False;True;False;False;False;False;False;False;False;False;False;True;False;False;False;True;False;False;0;0;0;False;0;0;0;-1;False;0;0;0;0;-1;0;0;0;0;0;0;0;0;0;0;0;0;0;0;0;0;0;-1;-1;-1;0;0;0;0;-1;0;0;0;0;0;0;0;0;0
320;Cagliari Calcio;215;29;100271;False;;;;;;;;;;;;;;;;;;;;;;;;CAG;-1;-1;Sardegna Arena;;-1;;238;262143;262143;;;;;5242880;5242881;5243008;5242882;4294950912;4294950912;4294950912;4294950912;4294950912;4294950912;0;10;19;35;2;4;0;3;8;1;1;1;0;10;19;35;2;4;-1;-1;-1;;;;63;63;63;False;False;False;True;False;False;False;True;False;False;False;False;False;True;False;False;False;True;False;False;0;0;0;False;0;0;0;-1;False;0;0;0;0;-1;0;0;0;0;0;0;0;0;0;0;0;0;0;0;0;0;0;-1;-1;-1;0;0;0;0;-1;0;0;0;0;0;0;0;0;0
323;Genoa CFC;215;18;100169;False;;;;;;;;;;;;;;;;;;;;;;;;GEN;-1;-1;Luigi Ferraris;;-1;;240;333;1600;;;;;5292032;5292033;5292160;5292034;4294950912;4294950912;4294950912;4294950912;4294950912;4294950912;5;8;12;39;0;10;0;6;7;3;1;1;5;8;12;39;0;10;-1;-1;-1;;;;63;63;63;False;False;False;True;False;False;False;True;False;False;False;False;False;True;False;False;False;True;False;False;0;0;0;False;0;0;0;-1;False;0;0;0;0;-1;0;0;0;0;0;0;0;0;0;0;0;0;0;0;0;0;0;-1;-1;-1;0;0;0;0;-1;0;0;0;0;0;0;0;0;0
327;SSC Napoli;215;15;106;False;;;;;;;;;;;;;;;;;;;;;;;;NAP;-1;-1;Diego Armando Maradona Stadium;;-1;;125;319;120;;;;;5357568;5357569;5357696;5357570;4294950912;4294950912;4294950912;4294950912;4294950912;4294950912;0;41;57;1;21;39;0;3;4;1;1;8;63;63;63;0;41;57;-1;-1;-1;;;;63;63;63;False;False;False;True;False;False;False;True;False;False;False;False;False;True;False;False;False;True;False;False;0;0;0;False;0;0;0;-1;False;0;0;0;0;-1;0;0;0;0;0;0;0;0;0;0;0;0;0;0;0;0;0;-1;-1;-1;0;0;0;0;-1;0;0;0;0;0;0;0;0;0
328;Delfino Pescara;215;40;100163;False;;;;;;;;;;;;;;;;;;;;;;;;PES;-1;-1;Stadio Adriatico;;-1;;262143;262143;262143;;;;;5373952;5373953;5374080;5373954;4294950912;4294950912;4294950912;4294950912;4294950912;4294950912;9;28;49;53;53;53;0;7;6;1;2;1;0;19;40;63;63;63;-1;-1;-1;;;;63;63;63;False;False;False;True;False;False;False;False;False;False;False;False;False;True;False;False;False;True;False;False;0;0;0;False;0;0;0;-1;False;0;0;0;0;-1;0;0;0;0;0;0;0;0;0;0;0;0;0;0;0;0;0;-1;-1;-1;0;0;0;0;-1;0;0;0;0;0;0;0;0;0
333;Torino FC;215;15;43;False;;;;;;;;;;;;;;;;;;;;;;;;TOR;-1;-1;Stadio Olimpico di Torino;;-1;;120;323;262143;;;;;5455872;5455873;5456000;5455874;4294950912;4294950912;4294950912;4294950912;4294950912;4294950912;30;2;2;51;35;0;0;6;1;3;1;1;30;2;2;51;35;0;-1;-1;-1;;;;63;63;63;False;False;False;True;False;False;False;True;False;False;False;False;False;True;False;False;False;True;False;False;0;0;0;False;0;0;0;-1;False;0;0;0;0;-1;0;0;0;0;0;0;0;0;0;0;0;0;0;0;0;0;0;-1;-1;-1;0;0;0;0;-1;0;0;0;0;0;0;0;0;0
336;Hellas Verona;215;15;102011;False;;;;;;;;;;;;;;;;;;;;;;;;VER;-1;-1;Marcantonio Bentegodi;;-1;;4379;4229;2320;;;;;5505024;5505025;5505152;5505026;4294950912;4294950912;4294950912;4294950912;4294950912;4294950912;0;18;37;61;57;1;0;7;1;4;1;1;0;18;37;61;57;1;-1;-1;-1;;;;63;63;63;False;False;False;True;False;False;False;True;False;False;False;False;False;True;False;False;False;True;False;False;0;0;0;False;0;0;0;-1;False;0;0;0;0;-1;0;0;0;0;0;0;0;0;0;0;0;0;0;0;0;0;0;-1;-1;-1;0;0;0;0;-1;0;0;0;0;0;0;0;0;0
344;Excelsior Rotterdam;224;20;108;False;;;;;;;;;;;;;;;;;;;;;;;;EXC;-1;-1;Stadion Woudestein;;-1;;351;117;262143;;;;;5636096;5636097;5636224;4294950912;4294950912;4294950912;4294950912;4294950912;4294950912;4294950912;10;10;10;53;53;53;0;0;0;1;1;1;63;63;63;63;63;63;-1;-1;-1;;;;63;63;63;False;False;False;True;False;True;False;True;False;False;False;False;False;True;False;False;False;True;False;False;0;0;0;False;0;0;0;-1;False;0;0;0;0;-1;0;0;0;0;0;0;0;0;0;0;0;0;0;0;0;0;0;-1;-1;-1;0;0;0;0;-1;0;0;0;0;0;0;0;0;0
345;Fortuna Sittard;224;29;101633;False;;;;;;;;;;;;;;;;;;;;;;;;FOR;-1;-1;Fortuna Sittard Stadion;;-1;;262143;262143;262143;;;;;5652480;5652481;5652608;5652482;4294950912;4294950912;4294950912;4294950912;4294950912;4294950912;63;56;6;0;27;20;0;0;0;1;1;1;63;56;6;0;27;20;-1;-1;-1;;;;63;63;63;False;False;False;True;False;False;False;False;False;False;False;False;False;True;False;False;False;True;False;False;0;0;0;False;0;0;0;-1;False;0;0;0;0;-1;0;0;0;0;0;0;0;0;0;0;0;0;0;0;0;0;0;-1;-1;-1;0;0;0;0;-1;0;0;0;0;0;0;0;0;0
346;Go Ahead Eagles;224;29;100125;False;;;;;;;;;;;;;;;;;;;;;;;;GAE;-1;-1;De Adelaarshorst;;-1;;250;256;262143;;;;;5668864;5668865;5668992;5668866;4294950912;4294950912;4294950912;4294950912;4294950912;4294950912;51;11;9;63;53;0;0;0;0;1;1;1;63;63;63;63;63;63;-1;-1;-1;;;;63;63;63;False;False;False;True;False;True;False;True;False;False;False;False;False;True;False;False;False;True;False;False;0;0;0;False;0;0;0;-1;False;0;0;0;0;-1;0;0;0;0;0;0;0;0;0;0;0;0;0;0;0;0;0;-1;-1;-1;0;0;0;0;-1;0;0;0;0;0;0;0;0;0
349;Heracles Almelo;224;42;100044;False;;;;;;;;;;;;;;;;;;;;;;;;HER;-1;-1;Erve Asito;;-1;;250;346;262143;;;;;5718016;5718017;5718144;5718018;4294950912;4294950912;4294950912;4294950912;4294950912;4294950912;2;3;23;0;13;40;0;1;4;2;1;1;0;0;0;63;63;63;-1;-1;-1;;;;63;63;63;False;False;False;True;False;False;False;True;False;False;False;False;False;True;False;False;False;True;False;False;0;0;0;False;0;0;0;-1;False;0;0;0;0;-1;0;0;0;0;0;0;0;0;0;0;0;0;0;0;0;0;0;-1;-1;-1;0;0;0;0;-1;0;0;0;0;0;0;0;0;0
351;Sparta Rotterdam;224;29;1176;False;;;;;;;;;;;;;;;;;;;;;;;;SPA;-1;-1;Het Kasteel;;-1;;117;262143;262143;;;;;5750784;5750785;5750912;5750786;4294950912;4294950912;4294950912;4294950912;4294950912;4294950912;58;6;12;63;63;63;0;0;0;1;1;1;58;6;12;63;63;63;-1;-1;-1;;;;63;63;63;False;False;False;True;False;False;False;True;False;False;False;False;False;True;False;False;False;True;False;False;0;0;0;False;0;0;0;-1;False;0;0;0;0;-1;0;0;0;0;0;0;0;0;0;0;0;0;0;0;0;0;0;-1;-1;-1;0;0;0;0;-1;0;0;0;0;0;0;0;0;0
352;SC Telstar;224;29;102154;False;;;;;;;;;;;;;;;;;;;;;;;;TEL;-1;-1;BUKO stadium;;-1;;253;262143;262143;;;;;5767168;5767169;5767296;4294950912;4294950912;4294950912;4294950912;4294950912;4294950912;4294950912;8;12;20;53;53;53;0;0;0;1;1;1;63;63;63;63;63;63;-1;-1;-1;;;;63;63;63;False;False;False;True;False;True;False;True;False;False;False;False;False;True;False;False;False;True;False;False;0;0;0;False;0;0;0;-1;False;0;0;0;0;-1;0;0;0;0;0;0;0;0;0;0;0;0;0;0;0;0;0;-1;-1;-1;0;0;0;0;-1;0;0;0;0;0;0;0;0;0
357;UD Almería;236;15;16;False;;;;;;;;;;;;;;;;;;;;;;;;ALM;-1;-1;Estadio del Mediterraneo;;-1;;1765;194;262143;;;;;5849088;5849089;5849216;5849090;4294950912;4294950912;4294950912;4294950912;4294950912;4294950912;53;4;9;63;63;63;0;2;6;1;1;8;53;4;9;63;63;63;-1;-1;-1;;;;63;63;63;False;False;False;True;False;False;False;False;False;False;False;False;False;True;False;False;False;True;False;False;0;0;0;False;0;0;0;-1;False;0;0;0;0;-1;0;0;0;0;0;0;0;0;0;0;0;0;0;0;0;0;0;-1;-1;-1;0;0;0;0;-1;0;0;0;0;0;0;0;0;0
359;Córdoba CF;236;42;1211;False;;;;;;;;;;;;;;;;;;;;;;;;COR;-1;-1;Nuevo Arcangel;;-1;;194;262143;262143;;;;;5881856;5881857;5881984;5881858;4294950912;4294950912;4294950912;4294950912;4294950912;4294950912;0;34;27;53;53;53;0;0;0;1;1;1;63;63;63;63;63;63;-1;-1;-1;;;;63;63;63;False;False;False;True;False;False;False;False;False;False;False;False;False;True;False;False;False;True;False;False;0;0;0;False;0;0;0;-1;False;0;0;0;0;-1;0;0;0;0;0;0;0;0;0;0;0;0;0;0;0;0;0;-1;-1;-1;0;0;0;0;-1;0;0;0;0;0;0;0;0;0
361;Elche CF;236;15;100368;False;;;;;;;;;;;;;;;;;;;;;;;;ELC;-1;-1;Martinez Valero;;-1;;364;262143;262143;;;;;5914624;5914625;5914752;5914626;4294950912;4294950912;4294950912;4294950912;4294950912;4294950912;0;28;0;63;63;63;0;6;5;2;2;6;0;28;0;63;63;63;-1;-1;-1;;;;63;63;63;False;False;False;True;False;False;False;True;False;False;False;False;False;True;False;False;False;True;False;False;0;0;0;False;0;0;0;-1;False;0;0;0;0;-1;0;0;0;0;0;0;0;0;0;0;0;0;0;0;0;0;0;-1;-1;-1;0;0;0;0;-1;0;0;0;0;0;0;0;0;0
362;Getafe CF;236;44;82;False;;;;;;;;;;;;;;;;;;;;;;;;GET;-1;-1;Coliseum Alfonso Perez;;-1;;109;172;262143;;;;;5931008;5931009;5931136;5931010;4294950912;4294950912;4294950912;4294950912;4294950912;4294950912;4;13;37;4;13;37;0;7;6;1;1;2;4;13;37;4;13;37;-1;-1;-1;;;;63;63;63;False;False;False;True;False;False;False;True;False;False;False;False;False;True;False;False;False;True;False;False;0;0;0;False;0;0;0;-1;False;0;0;0;0;-1;0;0;0;0;0;0;0;0;0;0;0;0;0;0;0;0;0;-1;-1;-1;0;0;0;0;-1;0;0;0;0;0;0;0;0;0
363;Sporting Gijón;236;18;102270;False;;;;;;;;;;;;;;;;;;;;;;;;GIJ;-1;-1;El Molinon;;-1;;4260;262143;262143;;;;;5947392;5947393;5947520;4294950912;4294950912;4294950912;4294950912;4294950912;4294950912;4294950912;57;0;4;63;63;63;0;5;4;2;2;2;57;0;4;63;63;63;-1;-1;-1;;;;63;63;63;False;False;False;True;False;False;False;False;False;False;False;False;False;True;False;False;False;True;False;False;0;0;0;False;0;0;0;-1;False;0;0;0;0;-1;0;0;0;0;0;0;0;0;0;0;0;0;0;0;0;0;0;-1;-1;-1;0;0;0;0;-1;0;0;0;0;0;0;0;0;0
364;UD Las Palmas;236;29;102235;False;;;;;;;;;;;;;;;;;;;;;;;;LAP;-1;-1;Gran Canaria;;-1;;262143;262143;262143;;;;;5963776;5963777;5963904;5963778;4294950912;4294950912;4294950912;4294950912;4294950912;4294950912;63;53;0;63;53;0;0;3;1;1;1;2;63;53;0;63;53;0;-1;-1;-1;;;;63;63;63;False;False;False;True;False;False;False;False;False;False;False;False;False;True;False;False;False;True;False;False;0;0;0;False;0;0;0;-1;False;0;0;0;0;-1;0;0;0;0;0;0;0;0;0;0;0;0;0;0;0;0;0;-1;-1;-1;0;0;0;0;-1;0;0;0;0;0;0;0;0;0
366;Levante UD;236;44;100524;False;;;;;;;;;;;;;;;;;;;;;;;;LEV;-1;-1;Ciudad de Valencia;;-1;;361;110;262143;;;;;5996544;5996545;5996672;5996546;4294950912;4294950912;4294950912;4294950912;4294950912;4294950912;5;11;28;29;0;1;0;5;7;1;2;10;5;11;28;29;0;1;-1;-1;-1;;;;63;63;63;False;False;False;True;False;False;False;True;False;False;False;False;False;True;False;False;False;True;False;False;0;0;0;False;0;0;0;-1;False;0;0;0;0;-1;0;0;0;0;0;0;0;0;0;0;0;0;0;0;0;0;0;-1;-1;-1;0;0;0;0;-1;0;0;0;0;0;0;0;0;0
370;Rayo Vallecano;236;42;121588;False;;;;;;;;;;;;;;;;;;;;;;;;RAY;-1;-1;Campo du Futbol de Vallecas;;-1;;262143;262143;262143;;;;;6062080;6062081;6062208;6062082;4294950912;4294950912;4294950912;4294950912;4294950912;4294950912;63;63;63;56;6;8;0;5;1;1;1;1;63;63;63;56;6;8;-1;-1;-1;;;;63;63;63;False;False;False;True;False;False;False;False;False;False;False;False;False;True;False;False;False;True;False;False;0;0;0;False;0;0;0;-1;False;0;0;0;0;-1;0;0;0;0;0;0;0;0;0;0;0;0;0;0;0;0;0;-1;-1;-1;0;0;0;0;-1;0;0;0;0;0;0;0;0;0
377;Brighton & Hove Albion;204;17;100956;False;;;;;;;;;;;;;;;;;;;;;;;;BHA;-1;-1;AMEX Stadium;;-1;;382;262143;4071;;;;;6176768;6176769;6176896;6176770;4294950912;4294950912;4294950912;4294950912;4294950912;4294950912;0;21;41;63;63;63;0;7;7;1;1;1;0;21;41;63;63;63;-1;-1;-1;;;;63;63;63;False;False;False;True;False;False;False;True;False;False;False;False;False;True;False;False;False;True;False;False;0;0;0;False;0;0;0;-1;False;0;0;0;0;-1;0;0;0;0;0;0;0;0;0;0;0;0;0;0;0;0;0;-1;-1;-1;0;0;0;0;-1;0;0;0;0;0;0;0;0;0
378;Burnley FC;204;42;35459;False;;;;;;;;;;;;;;;;;;;;;;;;BUR;-1;-1;Turf Moor;;-1;;4192;176;262143;;;;;6193152;6193153;6193280;6193154;4294950912;4294950912;4294950912;4294950912;4294950912;4294950912;28;6;17;34;52;61;0;3;4;2;1;1;28;6;17;34;52;61;-1;-1;-1;;;;63;63;63;False;False;False;True;False;False;False;True;False;False;False;False;False;True;False;False;False;True;False;False;0;0;0;False;0;0;0;-1;False;0;0;0;0;-1;0;0;0;0;0;0;0;0;0;0;0;0;0;0;0;0;0;-1;-1;-1;0;0;0;0;-1;0;0;0;0;0;0;0;0;0
382;Crystal Palace FC;204;42;8;False;;;;;;;;;;;;;;;;;;;;;;;;CRY;-1;-1;Selhurst Park;;-1;;377;387;203;;;;;6258688;6258689;6258816;6258690;4294950912;4294950912;4294950912;4294950912;4294950912;4294950912;0;21;41;62;11;11;0;1;4;1;1;1;0;21;41;62;11;11;-1;-1;-1;;;;63;63;63;False;False;False;True;False;False;False;True;False;False;False;False;False;True;False;False;False;True;False;False;0;0;0;False;0;0;0;-1;False;0;0;0;0;-1;0;0;0;0;0;0;0;0;0;0;0;0;0;0;0;0;0;-1;-1;-1;0;0;0;0;-1;0;0;0;0;0;0;0;0;0
383;Derby County;204;42;181;False;;;;;;;;;;;;;;;;;;;;;;;;DER;-1;-1;Pride Park Stadium;;-1;;389;204;262143;;;;;6275072;6275073;6275200;6275074;4294950912;4294950912;4294950912;4294950912;4294950912;4294950912;53;53;53;10;10;10;0;4;8;2;1;5;63;63;63;0;0;0;-1;-1;-1;;;;63;63;63;False;False;False;True;False;False;False;True;False;False;False;False;False;True;False;False;False;True;False;False;0;0;0;False;0;0;0;-1;False;0;0;0;0;-1;0;0;0;0;0;0;0;0;0;0;0;0;0;0;0;0;0;-1;-1;-1;0;0;0;0;-1;0;0;0;0;0;0;0;0;0
386;Ipswich Town;204;17;100934;False;;;;;;;;;;;;;;;;;;;;;;;;IPS;-1;-1;Portman Road;;-1;;388;262143;262143;;;;;6324224;6324225;6324352;6324226;4294950912;4294950912;4294950912;4294950912;4294950912;4294950912;59;18;9;6;12;28;0;0;0;1;1;1;63;63;63;63;63;63;-1;-1;-1;;;;63;63;63;False;False;False;True;False;True;False;True;False;False;False;False;False;True;False;False;False;True;False;False;0;0;0;False;0;0;0;-1;False;0;0;0;0;-1;0;0;0;0;0;0;0;0;0;0;0;0;0;0;0;0;0;-1;-1;-1;0;0;0;0;-1;0;0;0;0;0;0;0;0;0
387;Millwall FC;204;42;102261;False;;;;;;;;;;;;;;;;;;;;;;;;MIL;-1;-1;The Den;;-1;;105;382;104;;;;;6340608;6340609;6340736;6340610;4294950912;4294950912;4294950912;4294950912;4294950912;4294950912;63;63;63;4;12;29;0;8;7;1;1;1;63;63;63;4;12;29;-1;-1;-1;;;;63;63;63;False;False;False;True;False;False;False;True;False;False;False;False;False;True;False;False;False;True;False;False;0;0;0;False;0;0;0;-1;False;0;0;0;0;-1;0;0;0;0;0;0;0;0;0;0;0;0;0;0;0;0;0;-1;-1;-1;0;0;0;0;-1;0;0;0;0;0;0;0;0;0
388;Norwich City;204;42;101330;False;;;;;;;;;;;;;;;;;;;;;;;;NOR;-1;-1;Carrow Road;;-1;;386;262143;262143;;;;;6356992;6356993;6357120;6356994;4294950912;4294950912;4294950912;4294950912;4294950912;4294950912;63;57;0;0;41;20;0;4;2;1;1;1;63;57;0;0;41;20;-1;-1;-1;;;;63;63;63;False;False;False;True;False;False;False;True;False;False;False;False;False;True;False;False;False;True;False;False;0;0;0;False;0;0;0;-1;False;0;0;0;0;-1;0;0;0;0;0;0;0;0;0;0;0;0;0;0;0;0;0;-1;-1;-1;0;0;0;0;-1;0;0;0;0;0;0;0;0;0
389;Nottingham Forest;204;42;100184;False;;;;;;;;;;;;;;;;;;;;;;;;FOR;-1;-1;The City Ground;;-1;;204;383;4194;;;;;6373376;6373377;6373504;6373378;4294950912;4294950912;4294950912;4294950912;4294950912;4294950912;59;6;11;63;63;63;0;3;4;1;2;1;59;6;11;63;63;63;-1;-1;-1;;;;63;63;63;False;False;False;True;False;False;False;True;False;False;False;False;False;True;False;False;False;True;False;False;0;0;0;False;0;0;0;-1;False;0;0;0;0;-1;0;0;0;0;0;0;0;0;0;0;0;0;0;0;0;0;0;-1;-1;-1;0;0;0;0;-1;0;0;0;0;0;0;0;0;0
394;Sheffield Wednesday;204;20;102304;False;;;;;;;;;;;;;;;;;;;;;;;;SHW;-1;-1;Hillsborough Stadium;;-1;;104;4194;262143;;;;;6455296;6455297;6455424;6455298;4294950912;4294950912;4294950912;4294950912;4294950912;4294950912;10;18;42;53;53;53;0;1;8;1;1;12;0;23;42;63;63;63;-1;-1;-1;;;;63;63;63;False;False;False;True;False;False;False;True;False;False;False;False;False;True;False;False;False;True;False;False;0;0;0;False;0;0;0;-1;False;0;0;0;0;-1;0;0;0;0;0;0;0;0;0;0;0;0;0;0;0;0;0;-1;-1;-1;0;0;0;0;-1;0;0;0;0;0;0;0;0;0
395;Stoke City;204;42;114;False;;;;;;;;;;;;;;;;;;;;;;;;STK;-1;-1;Britannia Stadium;;-1;;262143;262143;262143;;;;;6471680;6471681;6471808;6471682;4294950912;4294950912;4294950912;4294950912;4294950912;4294950912;53;5;11;63;63;63;0;1;4;2;2;1;53;5;11;63;63;63;-1;-1;-1;;;;63;63;63;False;False;False;True;False;False;False;False;False;False;False;False;False;True;False;False;False;True;False;False;0;0;0;False;0;0;0;-1;False;0;0;0;0;-1;0;0;0;0;0;0;0;0;0;0;0;0;0;0;0;0;0;-1;-1;-1;0;0;0;0;-1;0;0;0;0;0;0;0;0;0
396;Sunderland AFC;204;45;262;False;;;;;;;;;;;;;;;;;;;;;;;;SUN;-1;-1;Stadium of Light;;-1;;106;205;4183;;;;;6488064;6488065;6488192;6488066;4294950912;4294950912;4294950912;4294950912;4294950912;4294950912;52;0;5;53;53;53;0;0;0;1;1;1;63;63;63;63;63;63;-1;-1;-1;;;;63;63;63;False;False;False;True;False;True;False;True;False;False;False;False;False;True;False;False;False;True;False;False;0;0;0;False;0;0;0;-1;False;0;0;0;0;-1;0;0;0;0;0;0;0;0;0;0;0;0;0;0;0;0;0;-1;-1;-1;0;0;0;0;-1;0;0;0;0;0;0;0;0;0
398;Watford FC;204;42;65;False;;;;;;;;;;;;;;;;;;;;;;;;WAT;-1;-1;Vicarage Road;;-1;;262143;262143;262143;;;;;6520832;6520833;6520960;6520834;4294950912;4294950912;4294950912;4294950912;4294950912;4294950912;59;8;9;62;59;8;0;3;2;2;1;1;59;8;9;62;59;8;-1;-1;-1;;;;63;63;63;False;False;False;True;False;False;False;False;False;False;False;False;False;True;False;False;False;True;False;False;0;0;0;False;0;0;0;-1;False;0;0;0;0;-1;0;0;0;0;0;0;0;0;0;0;0;0;0;0;0;0;0;-1;-1;-1;0;0;0;0;-1;0;0;0;0;0;0;0;0;0
399;West Bromwich Albion;204;42;100108;False;;;;;;;;;;;;;;;;;;;;;;;;WBA;-1;-1;The Hawthorns;;-1;;208;107;262143;;;;;6537216;6537217;6537344;6537218;4294950912;4294950912;4294950912;4294950912;4294950912;4294950912;63;63;63;0;15;31;0;8;7;1;1;5;63;63;63;0;15;31;-1;-1;-1;;;;63;63;63;False;False;False;True;False;False;False;True;False;False;False;False;False;True;False;False;False;True;False;False;0;0;0;False;0;0;0;-1;False;0;0;0;0;-1;0;0;0;0;0;0;0;0;0;0;0;0;0;0;0;0;0;-1;-1;-1;0;0;0;0;-1;0;0;0;0;0;0;0;0;0
403;Angers SCO;208;42;102018;False;;;;;;;;;;;;;;;;;;;;;;;;SCO;-1;-1;Jean Bouin;;-1;;412;216;262143;;;;;6602752;6602753;6602880;6602754;4294950912;4294950912;4294950912;4294950912;4294950912;4294950912;63;63;63;0;0;0;0;5;1;1;1;1;63;63;63;0;0;0;-1;-1;-1;;;;63;63;63;False;False;False;True;False;False;False;True;False;False;False;False;False;True;False;False;False;True;False;False;0;0;0;False;0;0;0;-1;False;0;0;0;0;-1;0;0;0;0;0;0;0;0;0;0;0;0;0;0;0;0;0;-1;-1;-1;0;0;0;0;-1;0;0;0;0;0;0;0;0;0
405;Stade Malherbe Caen;208;20;363;False;;;;;;;;;;;;;;;;;;;;;;;;SMC;-1;-1;Michel d'Ornano;;-1;;413;262143;262143;;;;;6635520;6635521;6635648;6635522;4294950912;4294950912;4294950912;4294950912;4294950912;4294950912;0;15;38;55;2;5;0;4;5;1;1;1;0;15;38;55;2;5;-1;-1;-1;;;;63;63;63;False;False;False;True;False;False;False;True;False;False;False;False;False;True;False;False;False;True;False;False;0;0;0;False;0;0;0;-1;False;0;0;0;0;-1;0;0;0;0;0;0;0;0;0;0;0;0;0;0;0;0;0;-1;-1;-1;0;0;0;0;-1;0;0;0;0;0;0;0;0;0
407;Clermont Foot;208;40;101991;False;;;;;;;;;;;;;;;;;;;;;;;;CLE;-1;-1;Gabriel Montpied;;-1;;4370;262143;262143;;;;;6668288;6668289;6668416;4294950912;4294950912;4294950912;4294950912;4294950912;4294950912;4294950912;49;2;17;5;11;18;0;5;1;3;1;1;49;2;17;5;11;18;-1;-1;-1;;;;63;63;63;False;False;False;True;False;False;False;True;False;False;False;False;False;True;False;False;False;True;False;False;0;0;0;False;0;0;0;-1;False;0;0;0;0;-1;0;0;0;0;0;0;0;0;0;0;0;0;0;0;0;0;0;-1;-1;-1;0;0;0;0;-1;0;0;0;0;0;0;0;0;0
412;Stade Lavallois;208;29;100476;False;;;;;;;;;;;;;;;;;;;;;;;;LAV;-1;-1;Stade Francis Le Basser;;-1;;403;262143;262143;;;;;6750208;6750209;6750336;4294950912;4294950912;4294950912;4294950912;4294950912;4294950912;4294950912;56;30;15;53;53;53;0;0;0;1;1;1;63;63;63;63;63;63;-1;-1;-1;;;;63;63;63;False;False;False;True;False;True;False;True;False;False;False;False;False;True;False;False;False;True;False;False;0;0;0;False;0;0;0;-1;False;0;0;0;0;-1;0;0;0;0;0;0;0;0;0;0;0;0;0;0;0;0;0;-1;-1;-1;0;0;0;0;-1;0;0;0;0;0;0;0;0;0
413;AC Le Havre;208;17;101307;False;;;;;;;;;;;;;;;;;;;;;;;;HAC;-1;-1;Stade Oceane;;-1;;405;262143;262143;;;;;6766592;6766593;6766720;4294950912;4294950912;4294950912;4294950912;4294950912;4294950912;4294950912;0;12;22;34;49;57;0;5;7;2;1;1;0;12;22;34;49;57;-1;-1;-1;;;;63;63;63;False;False;False;True;False;False;False;True;False;False;False;False;False;True;False;False;False;True;False;False;0;0;0;False;0;0;0;-1;False;0;0;0;0;-1;0;0;0;0;0;0;0;0;0;0;0;0;0;0;0;0;0;-1;-1;-1;0;0;0;0;-1;0;0;0;0;0;0;0;0;0
414;FC Lorient;208;18;246;False;;;;;;;;;;;;;;;;;;;;;;;;FCL;-1;-1;Moustoir;;-1;;218;216;1329;;;;;6782976;6782977;6783104;6782978;4294950912;4294950912;4294950912;4294950912;4294950912;4294950912;59;27;2;0;0;0;0;1;3;4;1;15;59;27;2;0;0;0;-1;-1;-1;;;;63;63;63;False;False;False;True;False;False;False;True;False;False;False;False;False;True;False;False;False;True;False;False;0;0;0;False;0;0;0;-1;False;0;0;0;0;-1;0;0;0;0;0;0;0;0;0;0;0;0;0;0;0;0;0;-1;-1;-1;0;0;0;0;-1;0;0;0;0;0;0;0;0;0
415;AS Nancy Lorraine;208;18;153;False;;;;;;;;;;;;;;;;;;;;;;;;ASN;-1;-1;Stade Marcel-Picot;;-1;;4123;262143;262143;;;;;6799360;6799361;6799488;4294950912;4294950912;4294950912;4294950912;4294950912;4294950912;4294950912;53;53;53;10;10;10;0;5;1;1;1;1;51;0;0;63;63;63;-1;-1;-1;;;;63;63;63;False;False;False;True;False;False;False;True;False;False;False;False;False;True;False;False;False;True;False;False;0;0;0;False;0;0;0;-1;False;0;0;0;0;-1;0;0;0;0;0;0;0;0;0;0;0;0;0;0;0;0;0;-1;-1;-1;0;0;0;0;-1;0;0;0;0;0;0;0;0;0
418;AS Saint-Étienne;208;17;100474;False;;;;;;;;;;;;;;;;;;;;;;;;STE;-1;-1;Geoffroy-Guichard;;-1;;181;113;216;;;;;6848512;6848513;6848640;6848514;4294950912;4294950912;4294950912;4294950912;4294950912;4294950912;0;22;3;63;63;63;0;5;5;1;1;1;0;22;3;63;63;63;-1;-1;-1;;;;63;63;63;False;False;False;True;False;False;False;True;False;False;False;False;False;True;False;False;False;True;False;False;0;0;0;False;0;0;0;-1;False;0;0;0;0;-1;0;0;0;0;0;0;0;0;0;0;0;0;0;0;0;0;0;-1;-1;-1;0;0;0;0;-1;0;0;0;0;0;0;0;0;0
420;ESTAC Troyes;208;18;100240;False;;;;;;;;;;;;;;;;;;;;;;;;TRO;-1;-1;de L'Aube;;-1;;180;1330;262143;;;;;6881280;6881281;6881408;4294950912;4294950912;4294950912;4294950912;4294950912;4294950912;4294950912;0;31;52;63;63;63;0;6;7;1;1;2;0;31;52;63;63;63;-1;-1;-1;;;;63;63;63;False;False;False;True;False;False;False;True;False;False;False;False;False;True;False;False;False;True;False;False;0;0;0;False;0;0;0;-1;False;0;0;0;0;-1;0;0;0;0;0;0;0;0;0;0;0;0;0;0;0;0;0;-1;-1;-1;0;0;0;0;-1;0;0;0;0;0;0;0;0;0
436;FSV Mainz 05;210;17;2235;False;;;;;;;;;;;;;;;;;;;;;;;;M05;-1;-1;Opel Arena;;-1;;226;262143;262143;;;;;7143424;7143425;7143552;7143426;4294950912;4294950912;4294950912;4294950912;4294950912;4294950912;56;9;10;63;63;63;0;0;0;1;1;1;63;63;63;63;63;63;-1;-1;-1;;;;63;63;63;False;False;False;True;False;True;False;True;False;False;False;False;False;True;False;False;False;True;False;False;0;0;0;False;0;0;0;-1;False;0;0;0;0;-1;0;0;0;0;0;0;0;0;0;0;0;0;0;0;0;0;0;-1;-1;-1;0;0;0;0;-1;0;0;0;0;0;0;0;0;0
899;Zamora FC;153;17;1141;False;;;;;;;;;;;;;;;;;;;;;;;;ZFC;-1;-1;;;-1;;262143;262143;262143;;;;;14729216;14729217;14729344;4294950912;4294950912;4294950912;4294950912;4294950912;4294950912;4294950912;63;63;63;63;63;63;0;0;0;1;1;1;63;63;63;63;63;63;-1;-1;-1;;;;63;63;63;False;False;False;False;False;False;False;False;False;False;False;False;False;True;False;False;False;False;False;False;0;0;0;False;0;0;0;-1;False;0;0;0;0;-1;0;0;0;0;0;0;0;0;0;0;0;0;0;0;0;0;0;-1;-1;-1;0;0;0;0;-1;0;0;0;0;0;0;0;0;0
900; Rainmakers Classics;204;29;100967;False;;;;;;;;;;;;;;;;;;;;;;;;RMC;-1;-1;;;-1;;262143;262143;262143;;;;;14745600;14745601;14745728;4294950912;4294950912;4294950912;4294950912;4294950912;4294950912;4294950912;15;28;48;55;55;55;0;0;0;1;1;1;63;63;63;63;63;63;-1;-1;-1;;;;63;63;63;False;False;False;False;False;False;False;False;False;False;False;False;False;True;False;False;False;True;False;False;0;0;0;False;0;0;0;-1;False;0;0;0;0;-1;0;0;0;0;0;0;0;0;0;0;0;0;0;0;0;0;0;-1;-1;-1;0;0;0;0;-1;0;0;0;0;0;0;0;0;0
901; Fireblast Classics;204;29;100248;False;;;;;;;;;;;;;;;;;;;;;;;;FBC;-1;-1;;;-1;;262143;262143;262143;;;;;14761984;14761985;14762112;4294950912;4294950912;4294950912;4294950912;4294950912;4294950912;4294950912;59;35;14;10;10;10;0;0;0;1;1;1;63;63;63;63;63;63;-1;-1;-1;;;;63;63;63;False;False;False;False;False;False;False;False;False;False;False;False;False;True;False;False;False;True;False;False;0;0;0;False;0;0;0;-1;False;0;0;0;0;-1;0;0;0;0;0;0;0;0;0;0;0;0;0;0;0;0;0;-1;-1;-1;0;0;0;0;-1;0;0;0;0;0;0;0;0;0
902; Warmstorm Classics;204;29;102106;False;;;;;;;;;;;;;;;;;;;;;;;;WSC;-1;-1;;;-1;;262143;262143;262143;;;;;14778368;14778369;14778496;4294950912;4294950912;4294950912;4294950912;4294950912;4294950912;4294950912;61;51;18;4;15;31;0;0;0;1;1;1;63;63;63;63;63;63;-1;-1;-1;;;;63;63;63;False;False;False;False;False;False;False;False;False;False;False;False;False;True;False;False;False;True;False;False;0;0;0;False;0;0;0;-1;False;0;0;0;0;-1;0;0;0;0;0;0;0;0;0;0;0;0;0;0;0;0;0;-1;-1;-1;0;0;0;0;-1;0;0;0;0;0;0;0;0;0
903; Powerball Classics;204;29;102079;False;;;;;;;;;;;;;;;;;;;;;;;;PBC;-1;-1;;;-1;;262143;262143;262143;;;;;14794752;14794753;14794880;4294950912;4294950912;4294950912;4294950912;4294950912;4294950912;4294950912;7;33;39;10;10;10;0;0;0;1;1;1;63;63;63;63;63;63;-1;-1;-1;;;;63;63;63;False;False;False;False;False;False;False;False;False;False;False;False;False;True;False;False;False;True;False;False;0;0;0;False;0;0;0;-1;False;0;0;0;0;-1;0;0;0;0;0;0;0;0;0;0;0;0;0;0;0;0;0;-1;-1;-1;0;0;0;0;-1;0;0;0;0;0;0;0;0;0
904; Wildcats Classics;204;29;102046;False;;;;;;;;;;;;;;;;;;;;;;;;WCC;-1;-1;;;-1;;262143;262143;262143;;;;;14811136;14811137;14811264;4294950912;4294950912;4294950912;4294950912;4294950912;4294950912;4294950912;25;9;37;25;9;37;0;0;0;1;1;1;63;63;63;63;63;63;-1;-1;-1;;;;63;63;63;False;False;False;False;False;False;False;False;False;False;False;False;False;True;False;False;False;True;False;False;0;0;0;False;0;0;0;-1;False;0;0;0;0;-1;0;0;0;0;0;0;0;0;0;0;0;0;0;0;0;0;0;-1;-1;-1;0;0;0;0;-1;0;0;0;0;0;0;0;0;0
905; Screambeem Classics;204;29;102038;False;;;;;;;;;;;;;;;;;;;;;;;;SBC;-1;-1;;;-1;;262143;262143;262143;;;;;14827520;14827521;14827648;4294950912;4294950912;4294950912;4294950912;4294950912;4294950912;4294950912;5;37;13;55;55;55;0;0;0;1;1;1;63;63;63;63;63;63;-1;-1;-1;;;;63;63;63;False;False;False;False;False;False;False;False;False;False;False;False;False;True;False;False;False;True;False;False;0;0;0;False;0;0;0;-1;False;0;0;0;0;-1;0;0;0;0;0;0;0;0;0;0;0;0;0;0;0;0;0;-1;-1;-1;0;0;0;0;-1;0;0;0;0;0;0;0;0;0
906; Meanmachine Classics;204;29;100001;False;;;;;;;;;;;;;;;;;;;;;;;;MMC;-1;-1;;;-1;;262143;262143;262143;;;;;14843904;14843905;14844032;4294950912;4294950912;4294950912;4294950912;4294950912;4294950912;4294950912;43;6;6;43;6;6;0;0;0;1;1;1;63;63;63;63;63;63;-1;-1;-1;;;;63;63;63;False;False;False;False;False;False;False;False;False;False;False;False;False;True;False;False;False;True;False;False;0;0;0;False;0;0;0;-1;False;0;0;0;0;-1;0;0;0;0;0;0;0;0;0;0;0;0;0;0;0;0;0;-1;-1;-1;0;0;0;0;-1;0;0;0;0;0;0;0;0;0
907; Predators Classics;204;15;100002;False;;;;;;;;;;;;;;;;;;;;;;;;PRC;-1;-1;;;-1;;262143;262143;262143;;;;;14860288;14860289;14860416;4294950912;4294950912;4294950912;4294950912;4294950912;4294950912;4294950912;2;26;8;2;26;8;0;0;0;1;1;1;63;63;63;63;63;63;-1;-1;-1;;;;63;63;63;False;False;False;False;False;False;False;False;False;False;False;False;False;True;False;False;False;True;False;False;0;0;0;False;0;0;0;-1;False;0;0;0;0;-1;0;0;0;0;0;0;0;0;0;0;0;0;0;0;0;0;0;-1;-1;-1;0;0;0;0;-1;0;0;0;0;0;0;0;0;0
908; Thunderstrike Classics;204;40;101457;False;;;;;;;;;;;;;;;;;;;;;;;;TSC;-1;-1;;;-1;;262143;262143;262143;;;;;14876672;14876673;14876800;4294950912;4294950912;4294950912;4294950912;4294950912;4294950912;4294950912;34;9;9;53;53;53;0;0;0;1;1;1;63;63;63;63;63;63;-1;-1;-1;;;;63;63;63;False;False;False;False;False;False;False;False;False;False;False;False;False;True;False;False;False;True;False;False;0;0;0;False;0;0;0;-1;False;0;0;0;0;-1;0;0;0;0;0;0;0;0;0;0;0;0;0;0;0;0;0;-1;-1;-1;0;0;0;0;-1;0;0;0;0;0;0;0;0;0
909; Monsters Classics;204;18;102299;False;;;;;;;;;;;;;;;;;;;;;;;;MC;-1;-1;;;-1;;262143;262143;262143;;;;;14893056;14893057;14893184;4294950912;4294950912;4294950912;4294950912;4294950912;4294950912;4294950912;15;28;48;53;53;53;0;0;0;1;1;1;63;63;63;63;63;63;-1;-1;-1;;;;63;63;63;False;False;False;False;False;False;False;False;False;False;False;False;False;True;False;False;False;True;False;False;0;0;0;False;0;0;0;-1;False;0;0;0;0;-1;0;0;0;0;0;0;0;0;0;0;0;0;0;0;0;0;0;-1;-1;-1;0;0;0;0;-1;0;0;0;0;0;0;0;0;0
1001;Afghanistan;1;29;100008;False;;;;;;;;;;;;;;;;;;;;;;;;AFG;-1;-1;Ghazi Stadium;;-1;;262143;262143;262143;;;;;16400384;16400385;16400512;4294950912;4294950912;4294950912;4294950912;4294950912;4294950912;4294950912;63;0;0;10;35;23;0;0;0;1;1;1;63;63;63;63;63;63;-1;-1;-1;;;;63;63;63;False;False;False;True;False;False;False;False;False;False;False;False;False;True;False;False;False;True;False;False;0;0;0;False;0;0;0;-1;False;0;0;0;0;-1;0;0;0;0;0;0;0;0;0;0;0;0;0;0;0;0;0;-1;-1;-1;0;0;0;0;-1;0;0;0;0;0;0;0;0;0
1002;Bahrain;2;20;100009;False;;;;;;;;;;;;;;;;;;;;;;;;BHR;-1;-1;Bahrain National Stadium;;-1;;262143;262143;262143;;;;;16416768;16416769;16416896;4294950912;4294950912;4294950912;4294950912;4294950912;4294950912;4294950912;63;0;0;63;63;63;0;0;0;1;1;1;63;63;63;63;63;63;-1;-1;-1;;;;63;63;63;False;False;False;True;False;False;False;False;False;False;False;False;False;True;False;False;False;True;False;False;0;0;0;False;0;0;0;-1;False;0;0;0;0;-1;0;0;0;0;0;0;0;0;0;0;0;0;0;0;0;0;0;-1;-1;-1;0;0;0;0;-1;0;0;0;0;0;0;0;0;0
1003;Bangladesh;3;13;100079;False;;;;;;;;;;;;;;;;;;;;;;;;BGD;-1;-1;Bangabandhu National Stadium;;-1;;262143;262143;262143;;;;;16433152;16433153;16433280;4294950912;4294950912;4294950912;4294950912;4294950912;4294950912;4294950912;8;43;22;45;10;8;0;0;0;1;1;1;63;63;63;63;63;63;-1;-1;-1;;;;63;63;63;False;False;False;True;False;False;False;False;False;False;False;False;False;True;False;False;False;True;False;False;0;0;0;False;0;0;0;-1;False;0;0;0;0;-1;0;0;0;0;0;0;0;0;0;0;0;0;0;0;0;0;0;-1;-1;-1;0;0;0;0;-1;0;0;0;0;0;0;0;0;0
1006;Cambodia;6;15;100010;False;;;;;;;;;;;;;;;;;;;;;;;;KHM;-1;-1;Phnom Penh Olympic Stadium;;-1;;262143;262143;262143;;;;;16482304;16482305;16482432;16482306;4294950912;4294950912;4294950912;4294950912;4294950912;4294950912;4;4;10;45;4;4;0;0;0;1;1;1;63;63;63;63;63;63;-1;-1;-1;;;;63;63;63;False;False;False;True;False;False;False;False;False;False;False;False;False;True;False;False;False;True;False;False;0;0;0;False;0;0;0;-1;False;0;0;0;0;-1;0;0;0;0;0;0;0;0;0;0;0;0;0;0;0;0;0;-1;-1;-1;0;0;0;0;-1;0;0;0;0;0;0;0;0;0
1007;Hong Kong;8;40;608;False;;;;;;;;;;;;;;;;;;;;;;;;HKG;-1;-1;Hong Kong Stadium;;-1;;262143;262143;262143;;;;;16498688;16498689;16498816;4294950912;4294950912;4294950912;4294950912;4294950912;4294950912;4294950912;41;6;6;53;53;53;0;0;0;1;1;1;63;63;63;63;63;63;-1;-1;-1;;;;63;63;63;False;False;False;True;False;False;False;False;False;False;False;False;False;True;False;False;False;True;False;False;0;0;0;False;0;0;0;-1;False;0;0;0;0;-1;0;0;0;0;0;0;0;0;0;0;0;0;0;0;0;0;0;-1;-1;-1;0;0;0;0;-1;0;0;0;0;0;0;0;0;0
1008;India;9;29;100011;False;;;;;;;;;;;;;;;;;;;;;;;;IND;-1;-1;Salt Lake Stadium;;-1;;262143;262143;262143;;;;;16515072;16515073;16515200;4294950912;4294950912;4294950912;4294950912;4294950912;4294950912;4294950912;0;25;0;63;35;0;0;0;0;1;1;1;63;63;63;63;63;63;-1;-1;-1;;;;63;63;63;False;False;False;True;False;False;False;False;False;False;False;False;False;True;False;False;False;True;False;False;0;0;0;False;0;0;0;-1;False;0;0;0;0;-1;0;0;0;0;0;0;0;0;0;0;0;0;0;0;0;0;0;-1;-1;-1;0;0;0;0;-1;0;0;0;0;0;0;0;0;0
1010;Iraq;12;15;35270;True;;;;;;;;;;;;;;;;;;;;;;;;IRQ;-1;-1;Basra Sports City;;-1;;262143;262143;262143;;;;;16547840;16547841;16547968;4294950912;4294950912;4294950912;4294950912;4294950912;4294950912;4294950912;63;63;63;5;35;16;0;7;1;1;1;1;63;63;63;5;35;16;-1;-1;-1;;;;63;63;63;False;False;False;True;False;False;False;False;False;False;False;False;False;True;False;False;False;True;False;False;0;0;0;False;0;0;0;-1;False;0;0;0;0;-1;0;0;0;0;0;0;0;0;0;0;0;0;0;0;0;0;0;-1;-1;-1;0;0;0;0;-1;0;0;0;0;0;0;0;0;0
1011;Jordan;14;15;102297;True;;;;;;;;;;;;;;;;;;;;;;;;JOR;-1;-1;Amman International Stadium;;-1;;262143;262143;262143;;;;;16564224;16564225;16564352;4294950912;4294950912;4294950912;4294950912;4294950912;4294950912;4294950912;63;63;63;47;0;8;0;2;1;1;1;1;63;63;63;47;0;8;-1;-1;-1;;;;63;63;63;False;False;False;True;False;False;False;False;False;False;False;False;False;True;False;False;False;True;False;False;0;0;0;False;0;0;0;-1;False;0;0;0;0;-1;0;0;0;0;0;0;0;0;0;0;0;0;0;0;0;0;0;-1;-1;-1;0;0;0;0;-1;0;0;0;0;0;0;0;0;0
1012;North Korea;15;15;131120;True;;;;;;;;;;;;;;;;;;;;;;;;PRK;-1;-1;Kim II sung Stadium;;-1;;262143;262143;262143;;;;;16580608;16580609;16580736;4294950912;4294950912;4294950912;4294950912;4294950912;4294950912;4294950912;59;7;9;0;19;40;0;3;1;1;1;1;59;7;9;0;19;40;-1;-1;-1;;;;63;63;63;False;False;False;True;False;False;False;False;False;False;False;False;False;True;False;False;False;True;False;False;0;0;0;False;0;0;0;-1;False;0;0;0;0;-1;0;0;0;0;0;0;0;0;0;0;0;0;0;0;0;0;0;-1;-1;-1;0;0;0;0;-1;0;0;0;0;0;0;0;0;0
1013;Kuwait;17;29;264;True;;;;;;;;;;;;;;;;;;;;;;;;KWT;-1;-1;Jaber Al Ahmad Int. Stadium;;-1;;262143;262143;262143;;;;;16596992;16596993;16597120;4294950912;4294950912;4294950912;4294950912;4294950912;4294950912;4294950912;12;13;53;63;63;63;0;3;1;1;1;1;12;13;53;63;63;63;-1;-1;-1;;;;63;63;63;False;False;False;True;False;False;False;False;False;False;False;False;False;True;False;False;False;True;False;False;0;0;0;False;0;0;0;-1;False;0;0;0;0;-1;0;0;0;0;0;0;0;0;0;0;0;0;0;0;0;0;0;-1;-1;-1;0;0;0;0;-1;0;0;0;0;0;0;0;0;0
1015;Lebanon;19;15;100718;True;;;;;;;;;;;;;;;;;;;;;;;;LBN;-1;-1;Camille Chamoun Sports City Stadium;;-1;;262143;262143;262143;;;;;16629760;16629761;16629888;4294950912;4294950912;4294950912;4294950912;4294950912;4294950912;4294950912;33;2;4;63;63;63;0;3;6;1;1;1;33;2;4;63;63;63;-1;-1;-1;;;;63;63;63;False;False;False;True;False;False;False;False;False;False;False;False;False;True;False;False;False;True;False;False;0;0;0;False;0;0;0;-1;False;0;0;0;0;-1;0;0;0;0;0;0;0;0;0;0;0;0;0;0;0;0;0;-1;-1;-1;0;0;0;0;-1;0;0;0;0;0;0;0;0;0
1017;Malaysia;21;17;100075;False;;;;;;;;;;;;;;;;;;;;;;;;MYS;-1;-1;Bukit Jalil National Stadium;;-1;;262143;262143;262143;;;;;16662528;16662529;16662656;4294950912;4294950912;4294950912;4294950912;4294950912;4294950912;4294950912;25;37;59;55;5;15;0;0;0;1;1;1;63;63;63;63;63;63;-1;-1;-1;;;;63;63;63;False;False;False;True;False;False;False;False;False;False;False;False;False;True;False;False;False;True;False;False;0;0;0;False;0;0;0;-1;False;0;0;0;0;-1;0;0;0;0;0;0;0;0;0;0;0;0;0;0;0;0;0;-1;-1;-1;0;0;0;0;-1;0;0;0;0;0;0;0;0;0
1020;Myanmar;24;40;100013;False;;;;;;;;;;;;;;;;;;;;;;;;MMR;-1;-1;Thuwunna Stadium;;-1;;262143;262143;262143;;;;;16711680;16711681;16711808;4294950912;4294950912;4294950912;4294950912;4294950912;4294950912;4294950912;63;63;0;63;0;0;0;0;0;1;1;1;63;63;63;63;63;63;-1;-1;-1;;;;63;63;63;False;False;False;True;False;False;False;False;False;False;False;False;False;True;False;False;False;True;False;False;0;0;0;False;0;0;0;-1;False;0;0;0;0;-1;0;0;0;0;0;0;0;0;0;0;0;0;0;0;0;0;0;-1;-1;-1;0;0;0;0;-1;0;0;0;0;0;0;0;0;0
1021;Nepal;25;15;100014;False;;;;;;;;;;;;;;;;;;;;;;;;NPL;-1;-1;Dasharath Stadium;;-1;;262143;262143;262143;;;;;16728064;16728065;16728192;16728066;4294950912;4294950912;4294950912;4294950912;4294950912;4294950912;63;0;0;55;55;55;0;0;0;1;1;1;63;63;63;63;63;63;-1;-1;-1;;;;63;63;63;False;False;False;True;False;False;False;False;False;False;False;False;False;True;False;False;False;True;False;False;0;0;0;False;0;0;0;-1;False;0;0;0;0;-1;0;0;0;0;0;0;0;0;0;0;0;0;0;0;0;0;0;-1;-1;-1;0;0;0;0;-1;0;0;0;0;0;0;0;0;0
1022;Oman;26;15;605;True;;;;;;;;;;;;;;;;;;;;;;;;OMN;-1;-1;Sultan Qaboos Sports Complex;;-1;;262143;262143;262143;;;;;16744448;16744449;16744576;4294950912;4294950912;4294950912;4294950912;4294950912;4294950912;4294950912;40;10;10;63;63;63;0;2;4;1;1;1;40;10;10;63;63;63;-1;-1;-1;;;;63;63;63;False;False;False;True;False;False;False;False;False;False;False;False;False;True;False;False;False;True;False;False;0;0;0;False;0;0;0;-1;False;0;0;0;0;-1;0;0;0;0;0;0;0;0;0;0;0;0;0;0;0;0;0;-1;-1;-1;0;0;0;0;-1;0;0;0;0;0;0;0;0;0
1023;Pakistan;27;46;100015;False;;;;;;;;;;;;;;;;;;;;;;;;PAK;-1;-1;Jinnah Sports Stadium;;-1;;262143;262143;262143;;;;;16760832;16760833;16760960;4294950912;4294950912;4294950912;4294950912;4294950912;4294950912;4294950912;0;32;0;63;63;63;0;0;0;1;1;1;63;63;63;63;63;63;-1;-1;-1;;;;63;63;63;False;False;False;True;False;False;False;False;False;False;False;False;False;True;False;False;False;True;False;False;0;0;0;False;0;0;0;-1;False;0;0;0;0;-1;0;0;0;0;0;0;0;0;0;0;0;0;0;0;0;0;0;-1;-1;-1;0;0;0;0;-1;0;0;0;0;0;0;0;0;0
1025;Philippines;29;17;101783;False;;;;;;;;;;;;;;;;;;;;;;;;PHL;-1;-1;Rizal Memorial Stadium;;-1;;262143;262143;262143;;;;;16793600;16793601;16793728;16793602;4294950912;4294950912;4294950912;4294950912;4294950912;4294950912;6;6;28;55;5;15;0;0;0;1;1;1;63;63;63;63;63;63;-1;-1;-1;;;;63;63;63;False;False;False;True;False;False;False;False;False;False;False;False;False;True;False;False;False;True;False;False;0;0;0;False;0;0;0;-1;False;0;0;0;0;-1;0;0;0;0;0;0;0;0;0;0;0;0;0;0;0;0;0;-1;-1;-1;0;0;0;0;-1;0;0;0;0;0;0;0;0;0
1026;Qatar;30;29;299;True;;;;;;;;;;;;;;;;;;;;;;;;QAT;-1;-1;Jassim Bin Hamad Stadium;;-1;;262143;262143;262143;;;;;16809984;16809985;16810112;4294950912;4294950912;4294950912;4294950912;4294950912;4294950912;4294950912;41;0;13;63;63;63;0;3;1;1;1;1;41;0;13;63;63;63;-1;-1;-1;;;;63;63;63;False;False;False;True;False;False;False;False;False;False;False;False;False;True;False;False;False;True;False;False;0;0;0;False;0;0;0;-1;False;0;0;0;0;-1;0;0;0;0;0;0;0;0;0;0;0;0;0;0;0;0;0;-1;-1;-1;0;0;0;0;-1;0;0;0;0;0;0;0;0;0
1027;Singapore;32;29;101592;False;;;;;;;;;;;;;;;;;;;;;;;;SGP;-1;-1;National Stadium;;-1;;262143;262143;262143;;;;;16826368;16826369;16826496;4294950912;4294950912;4294950912;4294950912;4294950912;4294950912;4294950912;51;0;0;55;55;55;0;0;0;1;1;1;63;63;63;63;63;63;-1;-1;-1;;;;63;63;63;False;False;False;True;False;False;False;False;False;False;False;False;False;True;False;False;False;True;False;False;0;0;0;False;0;0;0;-1;False;0;0;0;0;-1;0;0;0;0;0;0;0;0;0;0;0;0;0;0;0;0;0;-1;-1;-1;0;0;0;0;-1;0;0;0;0;0;0;0;0;0
1029;Syria;34;20;236;False;;;;;;;;;;;;;;;;;;;;;;;;SYR;-1;-1;Aleppo International Stadium;;-1;;262143;262143;262143;;;;;16859136;16859137;16859264;4294950912;4294950912;4294950912;4294950912;4294950912;4294950912;4294950912;63;0;0;0;32;0;0;0;0;1;1;1;63;63;63;63;63;63;-1;-1;-1;;;;63;63;63;False;False;False;True;False;False;False;False;False;False;False;False;False;True;False;False;False;True;False;False;0;0;0;False;0;0;0;-1;False;0;0;0;0;-1;0;0;0;0;0;0;0;0;0;0;0;0;0;0;0;0;0;-1;-1;-1;0;0;0;0;-1;0;0;0;0;0;0;0;0;0
1031;Thailand;36;15;100066;True;;;;;;;;;;;;;;;;;;;;;;;;THA;-1;-1;Rajamangala Stadium;;-1;;262143;262143;262143;;;;;16891904;16891905;16892032;4294950912;4294950912;4294950912;4294950912;4294950912;4294950912;4294950912;1;12;40;55;9;8;0;3;3;1;1;1;63;63;63;63;63;63;-1;-1;-1;;;;63;63;63;False;False;False;True;False;False;False;False;False;False;False;False;False;True;False;False;False;True;False;False;0;0;0;False;0;0;0;-1;False;0;0;0;0;-1;0;0;0;0;0;0;0;0;0;0;0;0;0;0;0;0;0;-1;-1;-1;0;0;0;0;-1;0;0;0;0;0;0;0;0;0
1032;United Arab Emirates;37;15;435;True;;;;;;;;;;;;;;;;;;;;;;;;ARE;-1;-1;Zayed Sports City Stadium;;-1;;262143;262143;262143;;;;;16908288;16908289;16908416;4294950912;4294950912;4294950912;4294950912;4294950912;4294950912;4294950912;63;63;63;51;10;13;0;3;1;1;1;1;63;63;63;51;10;13;-1;-1;-1;;;;63;63;63;False;False;False;True;False;False;False;False;False;False;False;False;False;True;False;False;False;True;False;False;0;0;0;False;0;0;0;-1;False;0;0;0;0;-1;0;0;0;0;0;0;0;0;0;0;0;0;0;0;0;0;0;-1;-1;-1;0;0;0;0;-1;0;0;0;0;0;0;0;0;0
1033;Vietnam;38;17;100084;False;;;;;;;;;;;;;;;;;;;;;;;;VNM;-1;-1;My Dinh National Stadium;;-1;;262143;262143;262143;;;;;16924672;16924673;16924800;4294950912;4294950912;4294950912;4294950912;4294950912;4294950912;4294950912;41;5;10;63;53;0;0;0;0;1;1;1;63;63;63;63;63;63;-1;-1;-1;;;;63;63;63;False;False;False;True;False;False;False;False;False;False;False;False;False;True;False;False;False;True;False;False;0;0;0;False;0;0;0;-1;False;0;0;0;0;-1;0;0;0;0;0;0;0;0;0;0;0;0;0;0;0;0;0;-1;-1;-1;0;0;0;0;-1;0;0;0;0;0;0;0;0;0
1034;Yemen;39;45;102146;False;;;;;;;;;;;;;;;;;;;;;;;;YEM;-1;-1;Al Thawra Sports City;;-1;;262143;262143;262143;;;;;16941056;16941057;16941184;4294950912;4294950912;4294950912;4294950912;4294950912;4294950912;4294950912;41;3;12;53;53;53;0;0;0;1;1;1;63;63;63;63;63;63;-1;-1;-1;;;;63;63;63;False;False;False;True;False;False;False;False;False;False;False;False;False;True;False;False;False;True;False;False;0;0;0;False;0;0;0;-1;False;0;0;0;0;-1;0;0;0;0;0;0;0;0;0;0;0;0;0;0;0;0;0;-1;-1;-1;0;0;0;0;-1;0;0;0;0;0;0;0;0;0
1036;Tajikistan;41;29;100037;False;;;;;;;;;;;;;;;;;;;;;;;;TJK;-1;-1;Pamir Stadium;;-1;;262143;262143;262143;;;;;16973824;16973825;16973952;4294950912;4294950912;4294950912;4294950912;4294950912;4294950912;4294950912;49;4;4;12;51;12;0;0;0;1;1;1;63;63;63;63;63;63;-1;-1;-1;;;;63;63;63;False;False;False;True;False;False;False;False;False;False;False;False;False;True;False;False;False;True;False;False;0;0;0;False;0;0;0;-1;False;0;0;0;0;-1;0;0;0;0;0;0;0;0;0;0;0;0;0;0;0;0;0;-1;-1;-1;0;0;0;0;-1;0;0;0;0;0;0;0;0;0
1040;Algeria;44;15;35246;True;;;;;;;;;;;;;;;;;;;;;;;;DZA;-1;-1;Mustapha Tchaker Stadium;;-1;;262143;262143;262143;;;;;17039360;17039361;17039488;4294950912;4294950912;4294950912;4294950912;4294950912;4294950912;4294950912;63;63;63;3;38;21;0;3;7;1;1;1;63;63;63;3;38;21;-1;-1;-1;;;;63;63;63;False;False;False;True;False;False;False;False;False;False;False;False;False;True;False;False;False;True;False;False;0;0;0;False;0;0;0;-1;False;0;0;0;0;-1;0;0;0;0;0;0;0;0;0;0;0;0;0;0;0;0;0;-1;-1;-1;0;0;0;0;-1;0;0;0;0;0;0;0;0;0
1041;Angola;45;15;102246;False;;;;;;;;;;;;;;;;;;;;;;;;AGO;-1;-1;11 de Novembro Stadium;;-1;;262143;262143;262143;;;;;17055744;17055745;17055872;4294950912;4294950912;4294950912;4294950912;4294950912;4294950912;4294950912;48;4;8;0;0;0;0;0;0;1;1;1;63;63;63;63;63;63;-1;-1;-1;;;;63;63;63;False;False;False;True;False;False;False;False;False;False;False;False;False;True;False;False;False;True;False;False;0;0;0;False;0;0;0;-1;False;0;0;0;0;-1;0;0;0;0;0;0;0;0;0;0;0;0;0;0;0;0;0;-1;-1;-1;0;0;0;0;-1;0;0;0;0;0;0;0;0;0
1042;Benin;46;40;34863;False;;;;;;;;;;;;;;;;;;;;;;;;BEN;-1;-1;Stade de l'Amitie;;-1;;262143;262143;262143;;;;;17072128;17072129;17072256;4294950912;4294950912;4294950912;4294950912;4294950912;4294950912;4294950912;63;0;0;0;32;0;0;0;0;1;1;1;63;63;63;63;63;63;-1;-1;-1;;;;63;63;63;False;False;False;True;False;False;False;False;False;False;False;False;False;True;False;False;False;True;False;False;0;0;0;False;0;0;0;-1;False;0;0;0;0;-1;0;0;0;0;0;0;0;0;0;0;0;0;0;0;0;0;0;-1;-1;-1;0;0;0;0;-1;0;0;0;0;0;0;0;0;0
1044;Burkina Faso;48;15;36634;True;;;;;;;;;;;;;;;;;;;;;;;;BFA;-1;-1;Stade du 4 Aout;;-1;;262143;262143;262143;;;;;17104896;17104897;17105024;4294950912;4294950912;4294950912;4294950912;4294950912;4294950912;4294950912;5;36;21;55;6;7;0;3;5;1;1;1;5;36;21;55;6;7;-1;-1;-1;;;;63;63;63;False;False;False;True;False;False;False;False;False;False;False;False;False;True;False;False;False;True;False;False;0;0;0;False;0;0;0;-1;False;0;0;0;0;-1;0;0;0;0;0;0;0;0;0;0;0;0;0;0;0;0;0;-1;-1;-1;0;0;0;0;-1;0;0;0;0;0;0;0;0;0
1046;Cabo Verde;51;42;176;False;;;;;;;;;;;;;;;;;;;;;;;;CPV;-1;-1;Estadio da Varzea;;-1;;262143;262143;262143;;;;;17137664;17137665;17137792;4294950912;4294950912;4294950912;4294950912;4294950912;4294950912;4294950912;0;0;32;63;0;0;0;0;0;1;1;1;63;63;63;63;63;63;-1;-1;-1;;;;63;63;63;False;False;False;True;False;False;False;False;False;False;False;False;False;True;False;False;False;True;False;False;0;0;0;False;0;0;0;-1;False;0;0;0;0;-1;0;0;0;0;0;0;0;0;0;0;0;0;0;0;0;0;0;-1;-1;-1;0;0;0;0;-1;0;0;0;0;0;0;0;0;0
1050;Congo DR;55;29;102293;False;;;;;;;;;;;;;;;;;;;;;;;;COD;-1;-1;Stade des Martyrs;;-1;;262143;262143;262143;;;;;17203200;17203201;17203328;4294950912;4294950912;4294950912;4294950912;4294950912;4294950912;4294950912;55;12;14;0;47;63;0;0;0;1;1;1;63;63;63;63;63;63;-1;-1;-1;;;;63;63;63;False;False;False;True;False;False;False;False;False;False;False;False;False;True;False;False;False;True;False;False;0;0;0;False;0;0;0;-1;False;0;0;0;0;-1;0;0;0;0;0;0;0;0;0;0;0;0;0;0;0;0;0;-1;-1;-1;0;0;0;0;-1;0;0;0;0;0;0;0;0;0
1051;Côte D'Ivoire;56;15;430;True;;;;;;;;;;;;;;;;;;;;;;;;CIV;-1;-1;Stade Felix Houphouet Boigny;;-1;;262143;262143;262143;;;;;17219584;17219585;17219712;4294950912;4294950912;4294950912;4294950912;4294950912;4294950912;4294950912;58;29;11;0;34;25;0;3;1;1;1;1;58;29;11;0;34;25;-1;-1;-1;;;;63;63;63;False;False;False;True;False;False;False;False;False;False;False;False;False;True;False;False;False;True;False;False;0;0;0;False;0;0;0;-1;False;0;0;0;0;-1;0;0;0;0;0;0;0;0;0;0;0;0;0;0;0;0;0;-1;-1;-1;0;0;0;0;-1;0;0;0;0;0;0;0;0;0
1056;Gabon;62;20;100081;False;;;;;;;;;;;;;;;;;;;;;;;;GAB;-1;-1;Stade Omar Bongo;;-1;;262143;262143;262143;;;;;17301504;17301505;17301632;17301506;4294950912;4294950912;4294950912;4294950912;4294950912;4294950912;63;56;8;11;34;21;0;0;0;1;1;1;63;63;63;63;63;63;-1;-1;-1;;;;63;63;63;False;False;False;True;False;False;False;False;False;False;False;False;False;True;False;False;False;True;False;False;0;0;0;False;0;0;0;-1;False;0;0;0;0;-1;0;0;0;0;0;0;0;0;0;0;0;0;0;0;0;0;0;-1;-1;-1;0;0;0;0;-1;0;0;0;0;0;0;0;0;0
1058;Ghana;64;15;131395;True;;;;;;;;;;;;;;;;;;;;;;;;GHA;-1;-1;Accra Sports Stadium;;-1;;262143;262143;262143;;;;;17334272;17334273;17334400;4294950912;4294950912;4294950912;4294950912;4294950912;4294950912;4294950912;63;57;0;0;37;12;0;6;2;1;1;1;63;57;0;0;37;12;-1;-1;-1;;;;63;63;63;False;False;False;True;False;False;False;False;False;False;False;False;False;True;False;False;False;True;False;False;0;0;0;False;0;0;0;-1;False;0;0;0;0;-1;0;0;0;0;0;0;0;0;0;0;0;0;0;0;0;0;0;-1;-1;-1;0;0;0;0;-1;0;0;0;0;0;0;0;0;0
1059;Guinea;65;15;36627;True;;;;;;;;;;;;;;;;;;;;;;;;GIN;-1;-1;Stade du 28 Septembre;;-1;;262143;262143;262143;;;;;17350656;17350657;17350784;4294950912;4294950912;4294950912;4294950912;4294950912;4294950912;4294950912;63;0;0;63;61;0;0;3;7;1;1;1;63;0;0;63;61;0;-1;-1;-1;;;;63;63;63;False;False;False;True;False;False;False;False;False;False;False;False;False;True;False;False;False;True;False;False;0;0;0;False;0;0;0;-1;False;0;0;0;0;-1;0;0;0;0;0;0;0;0;0;0;0;0;0;0;0;0;0;-1;-1;-1;0;0;0;0;-1;0;0;0;0;0;0;0;0;0
1061;Kenya;67;29;100082;False;;;;;;;;;;;;;;;;;;;;;;;;KEN;-1;-1;Moi International Sports Centre;;-1;;262143;262143;262143;;;;;17383424;17383425;17383552;17383426;4294950912;4294950912;4294950912;4294950912;4294950912;4294950912;51;8;9;6;28;15;0;0;0;1;1;1;63;63;63;63;63;63;-1;-1;-1;;;;63;63;63;False;False;False;True;False;True;False;False;False;False;False;False;False;True;False;False;False;True;False;False;0;0;0;False;0;0;0;-1;False;0;0;0;0;-1;0;0;0;0;0;0;0;0;0;0;0;0;0;0;0;0;0;-1;-1;-1;0;0;0;0;-1;0;0;0;0;0;0;0;0;0
1065;Madagascar;71;46;90026;False;;;;;;;;;;;;;;;;;;;;;;;;MDG;-1;-1;Kianja Barea Mahamasina;;-1;;262143;262143;262143;;;;;17448960;17448961;17449088;4294950912;4294950912;4294950912;4294950912;4294950912;4294950912;4294950912;63;0;0;0;32;0;0;0;0;1;1;1;63;63;63;63;63;63;-1;-1;-1;;;;63;63;63;False;False;False;True;False;False;False;False;False;False;False;False;False;True;False;False;False;True;False;False;0;0;0;False;0;0;0;-1;False;0;0;0;0;-1;0;0;0;0;0;0;0;0;0;0;0;0;0;0;0;0;0;-1;-1;-1;0;0;0;0;-1;0;0;0;0;0;0;0;0;0
1067;Mali;73;15;100086;True;;;;;;;;;;;;;;;;;;;;;;;;MLI;-1;-1;Stade du 26 Mars;;-1;;262143;262143;262143;;;;;17481728;17481729;17481856;4294950912;4294950912;4294950912;4294950912;4294950912;4294950912;4294950912;61;58;15;7;40;18;0;3;1;1;1;1;61;58;15;7;40;18;-1;-1;-1;;;;63;63;63;False;False;False;True;False;False;False;False;False;False;False;False;False;True;False;False;False;True;False;False;0;0;0;False;0;0;0;-1;False;0;0;0;0;-1;0;0;0;0;0;0;0;0;0;0;0;0;0;0;0;0;0;-1;-1;-1;0;0;0;0;-1;0;0;0;0;0;0;0;0;0
1080;Tanzania;90;42;101367;False;;;;;;;;;;;;;;;;;;;;;;;;TZN;-1;-1;National Stadium;;-1;;262143;262143;262143;;;;;17694720;17694721;17694848;4294950912;4294950912;4294950912;4294950912;4294950912;4294950912;4294950912;8;17;51;63;63;63;0;0;0;1;1;1;63;63;63;63;63;63;-1;-1;-1;;;;63;63;63;False;False;False;True;False;False;False;False;False;False;False;False;False;True;False;False;False;True;False;False;0;0;0;False;0;0;0;-1;False;0;0;0;0;-1;0;0;0;0;0;0;0;0;0;0;0;0;0;0;0;0;0;-1;-1;-1;0;0;0;0;-1;0;0;0;0;0;0;0;0;0
1081;Togo;91;15;102150;False;;;;;;;;;;;;;;;;;;;;;;;;TGO;-1;-1;Stade de Kegue;;-1;;262143;262143;262143;;;;;17711104;17711105;17711232;17711106;4294950912;4294950912;4294950912;4294950912;4294950912;4294950912;63;63;0;0;32;0;0;0;0;1;1;1;63;63;63;63;63;63;-1;-1;-1;;;;63;63;63;False;False;False;True;False;False;False;False;False;False;False;False;False;True;False;False;False;True;False;False;0;0;0;False;0;0;0;-1;False;0;0;0;0;-1;0;0;0;0;0;0;0;0;0;0;0;0;0;0;0;0;0;-1;-1;-1;0;0;0;0;-1;0;0;0;0;0;0;0;0;0
1082;Uganda;93;40;100408;False;;;;;;;;;;;;;;;;;;;;;;;;UGA;-1;-1;Mandela National Stadium;;-1;;262143;262143;262143;;;;;17727488;17727489;17727616;17727490;4294950912;4294950912;4294950912;4294950912;4294950912;4294950912;63;63;0;63;0;0;0;0;0;1;1;1;63;63;63;63;63;63;-1;-1;-1;;;;63;63;63;False;False;False;True;False;False;False;False;False;False;False;False;False;True;False;False;False;True;False;False;0;0;0;False;0;0;0;-1;False;0;0;0;0;-1;0;0;0;0;0;0;0;0;0;0;0;0;0;0;0;0;0;-1;-1;-1;0;0;0;0;-1;0;0;0;0;0;0;0;0;0
1083;Zambia;94;15;485;True;;;;;;;;;;;;;;;;;;;;;;;;ZMB;-1;-1;National Heroes Stadium;;-1;;262143;262143;262143;;;;;17743872;17743873;17744000;17743874;4294950912;4294950912;4294950912;4294950912;4294950912;4294950912;59;29;0;16;35;7;0;3;7;1;1;1;59;29;0;16;35;7;-1;-1;-1;;;;63;63;63;False;False;False;True;False;False;False;False;False;False;False;False;False;True;False;False;False;True;False;False;0;0;0;False;0;0;0;-1;False;0;0;0;0;-1;0;0;0;0;0;0;0;0;0;0;0;0;0;0;0;0;0;-1;-1;-1;0;0;0;0;-1;0;0;0;0;0;0;0;0;0
1084;Zimbabwe;95;29;100083;False;;;;;;;;;;;;;;;;;;;;;;;;ZWE;-1;-1;National Sports Stadium;;-1;;262143;262143;262143;;;;;17760256;17760257;17760384;17760258;4294950912;4294950912;4294950912;4294950912;4294950912;4294950912;0;25;2;59;46;8;0;0;0;1;1;1;63;63;63;63;63;63;-1;-1;-1;;;;63;63;63;False;False;False;True;False;False;False;False;False;False;False;False;False;True;False;False;False;True;False;False;0;0;0;False;0;0;0;-1;False;0;0;0;0;-1;0;0;0;0;0;0;0;0;0;0;0;0;0;0;0;0;0;-1;-1;-1;0;0;0;0;-1;0;0;0;0;0;0;0;0;0
1087;Congo;98;29;100147;False;;;;;;;;;;;;;;;;;;;;;;;;COG;-1;-1;Stade Municipal de Kintele;;-1;;262143;262143;262143;;;;;17809408;17809409;17809536;17809410;4294950912;4294950912;4294950912;4294950912;4294950912;4294950912;55;5;15;12;51;12;0;0;0;1;1;1;63;63;63;63;63;63;-1;-1;-1;;;;63;63;63;False;False;False;True;False;False;False;False;False;False;False;False;False;True;False;False;False;True;False;False;0;0;0;False;0;0;0;-1;False;0;0;0;0;-1;0;0;0;0;0;0;0;0;0;0;0;0;0;0;0;0;0;-1;-1;-1;0;0;0;0;-1;0;0;0;0;0;0;0;0;0
1099;Canada;110;29;101114;False;;;;;;;;;;;;;;;;;;;;;;;;CAN;-1;-1;BMO Field;;-1;;262143;262143;262143;;;;;18006016;18006017;18006144;18006018;4294950912;4294950912;4294950912;4294950912;4294950912;4294950912;63;0;0;63;63;63;0;0;0;1;1;1;63;63;63;63;63;63;-1;-1;-1;;;;63;63;63;False;False;False;True;False;False;False;False;False;False;False;False;False;True;False;False;False;True;False;False;0;0;0;False;0;0;0;-1;False;0;0;0;0;-1;0;0;0;0;0;0;0;0;0;0;0;0;0;0;0;0;0;-1;-1;-1;0;0;0;0;-1;0;0;0;0;0;0;0;0;0
1104;El Salvador;116;40;100117;False;;;;;;;;;;;;;;;;;;;;;;;;SLV;-1;-1;Cuscatlan Stadium;;-1;;262143;262143;262143;;;;;18087936;18087937;18088064;4294950912;4294950912;4294950912;4294950912;4294950912;4294950912;4294950912;0;16;32;63;63;63;0;0;0;1;1;1;63;63;63;63;63;63;-1;-1;-1;;;;63;63;63;False;False;False;True;False;False;False;False;False;False;False;False;False;True;False;False;False;True;False;False;0;0;0;False;0;0;0;-1;False;0;0;0;0;-1;0;0;0;0;0;0;0;0;0;0;0;0;0;0;0;0;0;-1;-1;-1;0;0;0;0;-1;0;0;0;0;0;0;0;0;0
1107;Guatemala;119;15;100624;False;;;;;;;;;;;;;;;;;;;;;;;;GTM;-1;-1;Estadio Doroteo Flores;;-1;;262143;262143;262143;;;;;18137088;18137089;18137216;4294950912;4294950912;4294950912;4294950912;4294950912;4294950912;4294950912;0;7;16;30;51;58;0;0;0;1;1;1;63;63;63;63;63;63;-1;-1;-1;;;;63;63;63;False;False;False;True;False;False;False;False;False;False;False;False;False;True;False;False;False;True;False;False;0;0;0;False;0;0;0;-1;False;0;0;0;0;-1;0;0;0;0;0;0;0;0;0;0;0;0;0;0;0;0;0;-1;-1;-1;0;0;0;0;-1;0;0;0;0;0;0;0;0;0
1108;Haiti;120;40;100795;False;;;;;;;;;;;;;;;;;;;;;;;;HTI;-1;-1;Stade Sylvio Cator;;-1;;262143;262143;262143;;;;;18153472;18153473;18153600;4294950912;4294950912;4294950912;4294950912;4294950912;4294950912;4294950912;0;12;33;43;3;8;0;0;0;1;1;1;63;63;63;63;63;63;-1;-1;-1;;;;63;63;63;False;False;False;True;False;False;False;False;False;False;False;False;False;True;False;False;False;True;False;False;0;0;0;False;0;0;0;-1;False;0;0;0;0;-1;0;0;0;0;0;0;0;0;0;0;0;0;0;0;0;0;0;-1;-1;-1;0;0;0;0;-1;0;0;0;0;0;0;0;0;0
1113;Panama;128;29;34784;True;;;;;;;;;;;;;;;;;;;;;;;;PAN;-1;-1;Estadio Rommel Fernandez;;-1;;262143;262143;262143;;;;;18235392;18235393;18235520;4294950912;4294950912;4294950912;4294950912;4294950912;4294950912;4294950912;45;8;6;0;17;32;0;7;4;1;1;1;45;8;6;0;17;32;-1;-1;-1;;;;63;63;63;False;False;False;True;False;False;False;False;False;False;False;False;False;True;False;False;False;True;False;False;0;0;0;False;0;0;0;-1;False;0;0;0;0;-1;0;0;0;0;0;0;0;0;0;0;0;0;0;0;0;0;0;-1;-1;-1;0;0;0;0;-1;0;0;0;0;0;0;0;0;0
1118;Trinidad and Tobago;133;29;102236;False;;;;;;;;;;;;;;;;;;;;;;;;TTO;-1;-1;Hasely Crawford Stadium;;-1;;262143;262143;262143;;;;;18317312;18317313;18317440;4294950912;4294950912;4294950912;4294950912;4294950912;4294950912;4294950912;50;0;0;0;0;0;0;0;0;1;1;1;63;63;63;63;63;63;-1;-1;-1;;;;63;63;63;False;False;False;True;False;False;False;False;False;False;False;False;False;True;False;False;False;True;False;False;0;0;0;False;0;0;0;-1;False;0;0;0;0;-1;0;0;0;0;0;0;0;0;0;0;0;0;0;0;0;0;0;-1;-1;-1;0;0;0;0;-1;0;0;0;0;0;0;0;0;0
1124;Curacao;140;42;100121;False;;;;;;;;;;;;;;;;;;;;;;;;CUW;-1;-1;Stadion Ergilio Hato;;-1;;262143;262143;262143;;;;;18415616;18415617;18415744;18415618;4294950912;4294950912;4294950912;4294950912;4294950912;4294950912;4;17;36;62;62;63;0;0;0;1;1;1;63;63;63;63;63;63;-1;-1;-1;;;;63;63;63;False;False;False;True;False;False;False;False;False;False;False;False;False;True;False;False;False;True;False;False;0;0;0;False;0;0;0;-1;False;0;0;0;0;-1;0;0;0;0;0;0;0;0;0;0;0;0;0;0;0;0;0;-1;-1;-1;0;0;0;0;-1;0;0;0;0;0;0;0;0;0
1128;Bolivia;145;29;90034;True;;;;;;;;;;;;;;;;;;;;;;;;BOL;-1;-1;Estadio Hernando Siles;;-1;;262143;262143;262143;;;;;18481152;18481153;18481280;4294950912;4294950912;4294950912;4294950912;4294950912;4294950912;4294950912;0;28;12;63;63;63;0;3;5;1;1;1;0;28;12;63;63;63;-1;-1;-1;;;;63;63;63;False;False;False;True;False;False;False;False;False;False;False;False;False;True;False;False;False;True;False;False;0;0;0;False;0;0;0;-1;False;0;0;0;0;-1;0;0;0;0;0;0;0;0;0;0;0;0;0;0;0;0;0;-1;-1;-1;0;0;0;0;-1;0;0;0;0;0;0;0;0;0
1129;Venezuela;153;29;90033;True;;;;;;;;;;;;;;;;;;;;;;;;VEN;-1;-1;Estadio Jose Antonio Anzoategui;;-1;;262143;262143;262143;;;;;18497536;18497537;18497664;4294950912;4294950912;4294950912;4294950912;4294950912;4294950912;4294950912;34;4;12;63;63;63;0;5;6;1;1;1;34;4;12;63;63;63;-1;-1;-1;;;;63;63;63;False;False;False;True;False;False;False;False;False;False;False;False;False;True;False;False;False;True;False;False;0;0;0;False;0;0;0;-1;False;0;0;0;0;-1;0;0;0;0;0;0;0;0;0;0;0;0;0;0;0;0;0;-1;-1;-1;0;0;0;0;-1;0;0;0;0;0;0;0;0;0
1141;New Zealand;166;15;36640;True;;;;;;;;;;;;;;;;;;;;;;;;NZL;-1;-1;Westpac Stadium;;-1;;262143;262143;262143;;;;;18694144;18694145;18694272;4294950912;4294950912;4294950912;4294950912;4294950912;4294950912;4294950912;63;63;63;0;0;0;0;5;2;1;1;1;63;63;63;0;0;0;-1;-1;-1;;;;63;63;63;False;False;False;True;False;False;False;False;False;False;False;False;False;True;False;False;False;True;False;False;0;0;0;False;0;0;0;-1;False;0;0;0;0;-1;0;0;0;0;0;0;0;0;0;0;0;0;0;0;0;0;0;-1;-1;-1;0;0;0;0;-1;0;0;0;0;0;0;0;0;0
1164;Israel;189;29;36288;True;;;;;;;;;;;;;;;;;;;;;;;;ISR;-1;-1;Brooklyn Stadium;;-1;;262143;262143;262143;;;;;19070976;19070977;19071104;4294950912;4294950912;4294950912;4294950912;4294950912;4294950912;4294950912;0;19;40;63;63;63;0;3;7;1;1;9;0;19;40;63;63;63;-1;-1;-1;;;;63;63;63;False;False;False;True;False;False;False;False;False;False;False;False;False;True;False;False;False;True;False;False;0;0;0;False;0;0;0;-1;False;0;0;0;0;-1;0;0;0;0;0;0;0;0;0;0;0;0;0;0;0;0;0;-1;-1;-1;0;0;0;0;-1;0;0;0;0;0;0;0;0;0
1165;Albania;191;29;1207;True;;;;;;;;;;;;;;;;;;;;;;;;ALB;-1;-1;Qemal Stafa Stadium;;-1;;262143;262143;262143;;;;;19087360;19087361;19087488;19087362;4294950912;4294950912;4294950912;4294950912;4294950912;4294950912;59;10;10;0;2;5;0;0;0;1;1;1;59;10;10;0;2;5;-1;-1;-1;;;;63;63;63;False;False;False;True;False;False;False;False;False;False;False;False;False;True;False;False;False;True;False;False;0;0;0;False;0;0;0;-1;False;0;0;0;0;-1;0;0;0;0;0;0;0;0;0;0;0;0;0;0;0;0;0;-1;-1;-1;0;0;0;0;-1;0;0;0;0;0;0;0;0;0
1166;Andorra;192;29;36272;True;;;;;;;;;;;;;;;;;;;;;;;;AND;-1;-1;Estadi Nacional;;-1;;262143;262143;262143;;;;;19103744;19103745;19103872;4294950912;4294950912;4294950912;4294950912;4294950912;4294950912;4294950912;54;1;2;0;12;43;0;0;0;1;1;1;63;63;63;63;63;63;-1;-1;-1;;;;63;63;63;False;False;False;True;False;False;False;False;False;False;False;False;False;True;False;False;False;True;False;False;0;0;0;False;0;0;0;-1;False;0;0;0;0;-1;0;0;0;0;0;0;0;0;0;0;0;0;0;0;0;0;0;-1;-1;-1;0;0;0;0;-1;0;0;0;0;0;0;0;0;0
1167;Armenia;193;29;36632;True;;;;;;;;;;;;;;;;;;;;;;;;ARM;-1;-1;Vazgen Sargsyan Republican Stadium;;-1;;262143;262143;262143;;;;;19120128;19120129;19120256;19120130;4294950912;4294950912;4294950912;4294950912;4294950912;4294950912;59;12;13;0;18;49;0;0;0;1;1;1;63;63;63;63;63;63;-1;-1;-1;;;;63;63;63;False;False;False;True;False;False;False;False;False;False;False;False;False;True;False;False;False;True;False;False;0;0;0;False;0;0;0;-1;False;0;0;0;0;-1;0;0;0;0;0;0;0;0;0;0;0;0;0;0;0;0;0;-1;-1;-1;0;0;0;0;-1;0;0;0;0;0;0;0;0;0
1168;Azerbaijan;195;29;34742;True;;;;;;;;;;;;;;;;;;;;;;;;AZE;-1;-1;Baku Olympic Stadium;;-1;;262143;262143;262143;;;;;19136512;19136513;19136640;19136514;4294950912;4294950912;4294950912;4294950912;4294950912;4294950912;9;34;59;49;7;7;0;0;0;1;1;1;63;63;63;63;63;63;-1;-1;-1;;;;63;63;63;False;False;False;True;False;False;False;False;False;False;False;False;False;True;False;False;False;True;False;False;0;0;0;False;0;0;0;-1;False;0;0;0;0;-1;0;0;0;0;0;0;0;0;0;0;0;0;0;0;0;0;0;-1;-1;-1;0;0;0;0;-1;0;0;0;0;0;0;0;0;0
1169;Belarus;196;29;36631;True;;;;;;;;;;;;;;;;;;;;;;;;BLR;-1;-1;Dinamo Stadium;;-1;;262143;262143;262143;;;;;19152896;19152897;19153024;4294950912;4294950912;4294950912;4294950912;4294950912;4294950912;4294950912;18;41;21;50;12;15;0;0;0;1;1;1;63;63;63;63;63;63;-1;-1;-1;;;;63;63;63;False;False;False;True;False;False;False;False;False;False;False;False;False;True;False;False;False;True;False;False;0;0;0;False;0;0;0;-1;False;0;0;0;0;-1;0;0;0;0;0;0;0;0;0;0;0;0;0;0;0;0;0;-1;-1;-1;0;0;0;0;-1;0;0;0;0;0;0;0;0;0
1170;Bosnia and Herzegovina;198;15;102152;True;;;;;;;;;;;;;;;;;;;;;;;;BIH;-1;-1;Bilino Polje Stadium;;-1;;262143;262143;262143;;;;;19169280;19169281;19169408;4294950912;4294950912;4294950912;4294950912;4294950912;4294950912;4294950912;5;18;35;63;50;1;0;3;5;1;1;1;5;18;35;63;50;1;-1;-1;-1;;;;63;63;63;False;False;False;True;False;False;False;False;False;False;False;False;False;True;False;False;False;True;False;False;0;0;0;False;0;0;0;-1;False;0;0;0;0;-1;0;0;0;0;0;0;0;0;0;0;0;0;0;0;0;0;0;-1;-1;-1;0;0;0;0;-1;0;0;0;0;0;0;0;0;0
1171;Cyprus;201;29;90004;True;;;;;;;;;;;;;;;;;;;;;;;;CYP;-1;-1;GSP Stadium;;-1;;262143;262143;262143;;;;;19185664;19185665;19185792;4294950912;4294950912;4294950912;4294950912;4294950912;4294950912;4294950912;2;22;44;63;63;63;0;0;0;1;1;1;63;63;63;63;63;63;-1;-1;-1;;;;63;63;63;False;False;False;True;False;False;False;False;False;False;False;False;False;True;False;False;False;True;False;False;0;0;0;False;0;0;0;-1;False;0;0;0;0;-1;0;0;0;0;0;0;0;0;0;0;0;0;0;0;0;0;0;-1;-1;-1;0;0;0;0;-1;0;0;0;0;0;0;0;0;0
1172;Estonia;205;29;101976;True;;;;;;;;;;;;;;;;;;;;;;;;EST;-1;-1;A. Le Coq Arena;;-1;;262143;262143;262143;;;;;19202048;19202049;19202176;4294950912;4294950912;4294950912;4294950912;4294950912;4294950912;4294950912;0;28;51;0;0;0;0;0;0;1;1;1;63;63;63;63;63;63;-1;-1;-1;;;;63;63;63;False;False;False;True;False;False;False;False;False;False;False;False;False;True;False;False;False;True;False;False;0;0;0;False;0;0;0;-1;False;0;0;0;0;-1;0;0;0;0;0;0;0;0;0;0;0;0;0;0;0;0;0;-1;-1;-1;0;0;0;0;-1;0;0;0;0;0;0;0;0;0
1173;Faroe Islands;206;29;36301;True;;;;;;;;;;;;;;;;;;;;;;;;FRO;-1;-1;Torsvollur;;-1;;262143;262143;262143;;;;;19218432;19218433;19218560;4294950912;4294950912;4294950912;4294950912;4294950912;4294950912;4294950912;63;63;63;0;25;47;0;0;0;1;1;1;63;63;63;63;63;63;-1;-1;-1;;;;63;63;63;False;False;False;True;False;False;False;False;False;False;False;False;False;True;False;False;False;True;False;False;0;0;0;False;0;0;0;-1;False;0;0;0;0;-1;0;0;0;0;0;0;0;0;0;0;0;0;0;0;0;0;0;-1;-1;-1;0;0;0;0;-1;0;0;0;0;0;0;0;0;0
1174;Georgia;209;29;36274;True;;;;;;;;;;;;;;;;;;;;;;;;GEO;-1;-1;Sanford Stadium;;-1;;262143;262143;262143;;;;;19234816;19234817;19234944;19234818;4294950912;4294950912;4294950912;4294950912;4294950912;4294950912;63;63;63;50;12;15;0;0;0;1;1;1;63;63;63;63;63;63;-1;-1;-1;;;;63;63;63;False;False;False;True;False;False;False;False;False;False;False;False;False;True;False;False;False;True;False;False;0;0;0;False;0;0;0;-1;False;0;0;0;0;-1;0;0;0;0;0;0;0;0;0;0;0;0;0;0;0;0;0;-1;-1;-1;0;0;0;0;-1;0;0;0;0;0;0;0;0;0
1175;Iceland;213;29;101989;True;;;;;;;;;;;;;;;;;;;;;;;;ISL;-1;-1;Laugardalsvollur;;-1;;262143;262143;262143;;;;;19251200;19251201;19251328;4294950912;4294950912;4294950912;4294950912;4294950912;4294950912;4294950912;0;18;38;57;0;0;0;0;0;1;1;1;0;18;38;57;0;0;-1;-1;-1;;;;63;63;63;False;False;False;True;False;False;False;False;False;False;False;False;False;True;False;False;False;True;False;False;0;0;0;False;0;0;0;-1;False;0;0;0;0;-1;0;0;0;0;0;0;0;0;0;0;0;0;0;0;0;0;0;-1;-1;-1;0;0;0;0;-1;0;0;0;0;0;0;0;0;0
1176;Kazakhstan;216;29;101043;True;;;;;;;;;;;;;;;;;;;;;;;;KAZ;-1;-1;Astana Arena;;-1;;262143;262143;262143;;;;;19267584;19267585;19267712;19267586;4294950912;4294950912;4294950912;4294950912;4294950912;4294950912;0;11;52;63;53;12;0;0;0;1;1;1;63;63;63;63;63;63;-1;-1;-1;;;;63;63;63;False;False;False;True;False;False;False;False;False;False;False;False;False;True;False;False;False;True;False;False;0;0;0;False;0;0;0;-1;False;0;0;0;0;-1;0;0;0;0;0;0;0;0;0;0;0;0;0;0;0;0;0;-1;-1;-1;0;0;0;0;-1;0;0;0;0;0;0;0;0;0
1177;Liechtenstein;218;29;36344;True;;;;;;;;;;;;;;;;;;;;;;;;LIE;-1;-1;Rheinpark Stadion;;-1;;262143;262143;262143;;;;;19283968;19283969;19284096;4294950912;4294950912;4294950912;4294950912;4294950912;4294950912;4294950912;0;10;31;51;4;9;0;0;0;1;1;1;63;63;63;63;63;63;-1;-1;-1;;;;63;63;63;False;False;False;True;False;False;False;False;False;False;False;False;False;True;False;False;False;True;False;False;0;0;0;False;0;0;0;-1;False;0;0;0;0;-1;0;0;0;0;0;0;0;0;0;0;0;0;0;0;0;0;0;-1;-1;-1;0;0;0;0;-1;0;0;0;0;0;0;0;0;0
1178;Lithuania;219;29;36346;True;;;;;;;;;;;;;;;;;;;;;;;;LTU;-1;-1;Suduva Stadium;;-1;;262143;262143;262143;;;;;19300352;19300353;19300480;4294950912;4294950912;4294950912;4294950912;4294950912;4294950912;4294950912;63;54;7;0;29;11;0;0;0;1;1;1;63;63;63;63;63;63;-1;-1;-1;;;;63;63;63;False;False;False;True;False;False;False;False;False;False;False;False;False;True;False;False;False;True;False;False;0;0;0;False;0;0;0;-1;False;0;0;0;0;-1;0;0;0;0;0;0;0;0;0;0;0;0;0;0;0;0;0;-1;-1;-1;0;0;0;0;-1;0;0;0;0;0;0;0;0;0
1179;Luxembourg;220;29;36290;True;;;;;;;;;;;;;;;;;;;;;;;;LUX;-1;-1;Stade Josy Barthel;;-1;;262143;262143;262143;;;;;19316736;19316737;19316864;19316738;4294950912;4294950912;4294950912;4294950912;4294950912;4294950912;48;5;5;63;63;63;0;0;0;1;1;1;63;63;63;63;63;63;-1;-1;-1;;;;63;63;63;False;False;False;True;False;False;False;False;False;False;False;False;False;True;False;False;False;True;False;False;0;0;0;False;0;0;0;-1;False;0;0;0;0;-1;0;0;0;0;0;0;0;0;0;0;0;0;0;0;0;0;0;-1;-1;-1;0;0;0;0;-1;0;0;0;0;0;0;0;0;0
1180;North Macedonia;221;29;36295;True;;;;;;;;;;;;;;;;;;;;;;;;MKD;-1;-1;Tose Proeski Arena;;-1;;262143;262143;262143;;;;;19333120;19333121;19333248;19333122;4294950912;4294950912;4294950912;4294950912;4294950912;4294950912;55;3;12;54;50;18;0;0;0;1;1;1;63;63;63;63;63;63;-1;-1;-1;;;;63;63;63;False;False;False;True;False;False;False;False;False;False;False;False;False;True;False;False;False;True;False;False;0;0;0;False;0;0;0;-1;False;0;0;0;0;-1;0;0;0;0;0;0;0;0;0;0;0;0;0;0;0;0;0;-1;-1;-1;0;0;0;0;-1;0;0;0;0;0;0;0;0;0
1181;Malta;222;29;36296;True;;;;;;;;;;;;;;;;;;;;;;;;MLT;-1;-1;National Stadium Ta'Qali;;-1;;262143;262143;262143;;;;;19349504;19349505;19349632;4294950912;4294950912;4294950912;4294950912;4294950912;4294950912;4294950912;48;3;5;58;60;62;0;0;0;1;1;1;63;63;63;63;63;63;-1;-1;-1;;;;63;63;63;False;False;False;True;False;False;False;False;False;False;False;False;False;True;False;False;False;True;False;False;0;0;0;False;0;0;0;-1;False;0;0;0;0;-1;0;0;0;0;0;0;0;0;0;0;0;0;0;0;0;0;0;-1;-1;-1;0;0;0;0;-1;0;0;0;0;0;0;0;0;0
1182;Moldova;223;29;36635;True;;;;;;;;;;;;;;;;;;;;;;;;MDA;-1;-1;Zimbru Stadium;;-1;;262143;262143;262143;;;;;19365888;19365889;19366016;19365890;4294950912;4294950912;4294950912;4294950912;4294950912;4294950912;59;46;5;4;21;40;0;0;0;1;1;1;63;63;63;63;63;63;-1;-1;-1;;;;63;63;63;False;False;False;True;False;False;False;False;False;False;False;False;False;True;False;False;False;True;False;False;0;0;0;False;0;0;0;-1;False;0;0;0;0;-1;0;0;0;0;0;0;0;0;0;0;0;0;0;0;0;0;0;-1;-1;-1;0;0;0;0;-1;0;0;0;0;0;0;0;0;0
1183;San Marino;231;29;36273;True;;;;;;;;;;;;;;;;;;;;;;;;SMR;-1;-1;San Marino Stadium;;-1;;262143;262143;262143;;;;;19382272;19382273;19382400;4294950912;4294950912;4294950912;4294950912;4294950912;4294950912;4294950912;23;45;57;63;63;63;0;0;0;1;1;1;63;63;63;63;63;63;-1;-1;-1;;;;63;63;63;False;False;False;True;False;False;False;False;False;False;False;False;False;True;False;False;False;True;False;False;0;0;0;False;0;0;0;-1;False;0;0;0;0;-1;0;0;0;0;0;0;0;0;0;0;0;0;0;0;0;0;0;-1;-1;-1;0;0;0;0;-1;0;0;0;0;0;0;0;0;0
1184;Uzbekistan;240;15;100195;True;;;;;;;;;;;;;;;;;;;;;;;;UZB;-1;-1;Milliy Stadium;;-1;;262143;262143;262143;;;;;19398656;19398657;19398784;4294950912;4294950912;4294950912;4294950912;4294950912;4294950912;4294950912;63;63;63;11;25;48;0;7;8;1;1;1;63;63;63;11;25;48;-1;-1;-1;;;;63;63;63;False;False;False;True;False;False;False;False;False;False;False;False;False;True;False;False;False;True;False;False;0;0;0;False;0;0;0;-1;False;0;0;0;0;-1;0;0;0;0;0;0;0;0;0;0;0;0;0;0;0;0;0;-1;-1;-1;0;0;0;0;-1;0;0;0;0;0;0;0;0;0
1195;KRC Genk;197;17;100192;False;;;;;;;;;;;;;;;;;;;;;;;;GNK;-1;-1;Cristal Arena;;-1;;5194;262143;1197;;;;;19578880;19578881;19579008;19578882;4294950912;4294950912;4294950912;4294950912;4294950912;4294950912;0;22;42;63;63;63;0;0;0;1;1;1;0;22;42;63;63;63;-1;-1;-1;;;;63;63;63;False;False;False;True;False;False;False;True;False;False;False;False;False;True;False;False;False;True;False;False;0;0;0;False;0;0;0;-1;False;0;0;0;0;-1;0;0;0;0;0;0;0;0;0;0;0;0;0;0;0;0;0;-1;-1;-1;0;0;0;0;-1;0;0;0;0;0;0;0;0;0
1196;KAA Gent;197;17;102094;False;;;;;;;;;;;;;;;;;;;;;;;;GNT;-1;-1;Ghelamco Arena;;-1;;269;262143;262143;;;;;19595264;19595265;19595392;19595266;4294950912;4294950912;4294950912;4294950912;4294950912;4294950912;0;15;28;63;63;63;0;0;0;2;1;1;0;15;28;63;63;63;-1;-1;-1;;;;63;63;63;False;False;False;True;False;False;False;True;False;False;False;False;False;True;False;False;False;True;False;False;0;0;0;False;0;0;0;-1;False;0;0;0;0;-1;0;0;0;0;0;0;0;0;0;0;0;0;0;0;0;0;0;-1;-1;-1;0;0;0;0;-1;0;0;0;0;0;0;0;0;0
1197;Standard Liège;197;42;100648;False;;;;;;;;;;;;;;;;;;;;;;;;STA;-1;-1;Maurice Dufrasne Stadion;;-1;;174;2010;1195;;;;;19611648;19611649;19611776;19611650;4294950912;4294950912;4294950912;4294950912;4294950912;4294950912;45;3;1;63;63;63;0;5;4;1;1;9;45;3;1;63;63;63;-1;-1;-1;;;;63;63;63;False;False;False;True;False;False;False;True;False;False;False;False;False;True;False;False;False;True;False;False;0;0;0;False;0;0;0;-1;False;0;0;0;0;-1;0;0;0;0;0;0;0;0;0;0;0;0;0;0;0;0;0;-1;-1;-1;0;0;0;0;-1;0;0;0;0;0;0;0;0;0
1200;KV Mechelen;197;47;100088;False;;;;;;;;;;;;;;;;;;;;;;;;KVM;-1;-1;AFAS Stadion;;-1;;5217;262143;262143;;;;;19660800;19660801;19660928;19660802;4294950912;4294950912;4294950912;4294950912;4294950912;4294950912;63;57;0;57;8;4;0;0;0;1;1;1;63;63;63;63;63;63;-1;-1;-1;;;;63;63;63;False;False;False;True;False;True;False;True;False;False;False;False;False;True;False;False;False;True;False;False;0;0;0;False;0;0;0;-1;False;0;0;0;0;-1;0;0;0;0;0;0;0;0;0;0;0;0;0;0;0;0;0;-1;-1;-1;0;0;0;0;-1;0;0;0;0;0;0;0;0;0
1203;GNK Dinamo Zagreb;200;29;100194;False;;;;;;;;;;;;;;;;;;;;;;;;DZG;-1;-1;Maksimir;;-1;;262143;262143;262143;;;;;19709952;19709953;19710080;19709954;4294950912;4294950912;4294950912;4294950912;4294950912;4294950912;0;20;39;63;63;63;0;7;8;1;1;7;0;20;39;63;63;63;-1;-1;-1;;;;63;63;63;False;False;False;True;False;False;False;False;False;False;False;False;False;True;False;False;False;True;False;False;0;0;0;False;0;0;0;-1;False;0;0;0;0;-1;0;0;0;0;0;0;0;0;0;0;0;0;0;0;0;0;0;-1;-1;-1;0;0;0;0;-1;0;0;0;0;0;0;0;0;0
1207;FC København;203;42;102088;False;;;;;;;;;;;;;;;;;;;;;;;;FCK;-1;-1;Parken;;-1;;1832;1208;262143;;;;;19775488;19775489;19775616;19775490;4294950912;4294950912;4294950912;4294950912;4294950912;4294950912;63;63;63;1;21;39;0;6;4;1;2;2;63;63;63;1;21;39;-1;-1;-1;;;;63;63;63;False;False;False;True;False;False;False;True;False;False;False;False;False;True;False;False;False;True;False;False;0;0;0;False;0;0;0;-1;False;0;0;0;0;-1;0;0;0;0;0;0;0;0;0;0;0;0;0;0;0;0;0;-1;-1;-1;0;0;0;0;-1;0;0;0;0;0;0;0;0;0
1208;FC Nordsjælland;203;17;100312;False;;;;;;;;;;;;;;;;;;;;;;;;FCN;-1;-1;Farum Park;;-1;;262143;262143;262143;;;;;19791872;19791873;19792000;4294950912;4294950912;4294950912;4294950912;4294950912;4294950912;4294950912;40;0;10;63;47;0;0;0;0;1;1;1;40;0;10;63;47;0;-1;-1;-1;;;;63;63;63;False;False;False;True;False;False;False;False;False;False;False;False;False;True;False;False;False;True;False;False;0;0;0;False;0;0;0;-1;False;0;0;0;0;-1;0;0;0;0;0;0;0;0;0;0;0;0;0;0;0;0;0;-1;-1;-1;0;0;0;0;-1;0;0;0;0;0;0;0;0;0
1212;PAOK Thessaloniki;211;29;101103;False;;;;;;;;;;;;;;;;;;;;;;;;PAO;-1;-1;Toumba Stadium;;-1;;1948;270;133;;;;;19857408;19857409;19857536;19857410;4294950912;4294950912;4294950912;4294950912;4294950912;4294950912;0;0;0;63;63;63;0;0;0;1;1;1;0;0;0;63;63;63;-1;-1;-1;;;;63;63;63;False;False;False;True;False;False;False;True;False;False;False;False;False;True;False;False;False;True;False;False;0;0;0;False;0;0;0;-1;False;0;0;0;0;-1;0;0;0;0;0;0;0;0;0;0;0;0;0;0;0;0;0;-1;-1;-1;0;0;0;0;-1;0;0;0;0;0;0;0;0;0
1216;FCSB;229;17;90025;False;;;;;;;;;;;;;;;;;;;;;;;;FSB;-1;-1;National Arena;;-1;;262143;262143;262143;;;;;19922944;19922945;19923072;19922946;4294950912;4294950912;4294950912;4294950912;4294950912;4294950912;57;9;6;1;11;21;0;0;0;1;1;1;63;63;63;63;63;63;-1;-1;-1;;;;63;63;63;False;False;False;True;False;False;False;False;False;False;False;False;False;True;False;False;False;True;False;False;0;0;0;False;0;0;0;-1;False;0;0;0;0;-1;0;0;0;0;0;0;0;0;0;0;0;0;0;0;0;0;0;-1;-1;-1;0;0;0;0;-1;0;0;0;0;0;0;0;0;0
1217;CSKA Moskva;230;42;102220;False;;;;;;;;;;;;;;;;;;;;;;;;CSK;-1;-1;Arena CSKA;;-1;;135;1218;271;;;;;19939328;19939329;19939456;19939330;4294950912;4294950912;4294950912;4294950912;4294950912;4294950912;55;0;6;0;8;31;0;5;7;1;1;10;55;0;6;0;8;31;-1;-1;-1;;;;63;63;63;False;False;False;True;False;False;False;True;False;False;False;False;False;True;False;False;False;True;False;False;0;0;0;False;0;0;0;-1;False;0;0;0;0;-1;0;0;0;0;0;0;0;0;0;0;0;0;0;0;0;0;0;-1;-1;-1;0;0;0;0;-1;0;0;0;0;0;0;0;0;0
1218;Zenit St. Petersburg;230;29;101237;False;;;;;;;;;;;;;;;;;;;;;;;;ZSP;-1;-1;Gazprom Arena;;-1;;135;1217;1753;;;;;19955712;19955713;19955840;4294950912;4294950912;4294950912;4294950912;4294950912;4294950912;4294950912;10;39;54;63;63;63;0;7;7;1;1;1;10;39;54;63;63;63;-1;-1;-1;;;;63;63;63;False;False;False;True;False;False;False;True;False;False;False;False;False;True;False;False;False;True;False;False;0;0;0;False;0;0;0;-1;False;0;0;0;0;-1;0;0;0;0;0;0;0;0;0;0;0;0;0;0;0;0;0;-1;-1;-1;0;0;0;0;-1;0;0;0;0;0;0;0;0;0
1219;Aberdeen FC;232;47;101999;False;;;;;;;;;;;;;;;;;;;;;;;;ABE;-1;-1;Pittodrie;;-1;;132;1220;262143;;;;;19972096;19972097;19972224;4294950912;4294950912;4294950912;4294950912;4294950912;4294950912;4294950912;51;0;0;63;63;63;0;0;0;1;1;1;51;0;0;63;63;63;-1;-1;-1;;;;63;63;63;False;False;False;True;False;False;False;True;False;False;False;False;False;True;False;False;False;True;False;False;0;0;0;False;0;0;0;-1;False;0;0;0;0;-1;0;0;0;0;0;0;0;0;0;0;0;0;0;0;0;0;0;-1;-1;-1;0;0;0;0;-1;0;0;0;0;0;0;0;0;0
1220;Dundee United;232;47;101663;False;;;;;;;;;;;;;;;;;;;;;;;;DUN;-1;-1;Tannadice Park;;-1;;1219;2621;262143;;;;;19988480;19988481;19988608;4294950912;4294950912;4294950912;4294950912;4294950912;4294950912;4294950912;63;25;0;0;0;0;0;0;0;1;1;1;63;25;0;0;0;0;-1;-1;-1;;;;63;63;63;False;False;False;True;False;False;False;True;False;False;False;False;False;True;False;False;False;True;False;False;0;0;0;False;0;0;0;-1;False;0;0;0;0;-1;0;0;0;0;0;0;0;0;0;0;0;0;0;0;0;0;0;-1;-1;-1;0;0;0;0;-1;0;0;0;0;0;0;0;0;0
1221;Heart of Midlothian;232;47;101207;False;;;;;;;;;;;;;;;;;;;;;;;;HEA;-1;-1;Tynecastle Park;;-1;;1222;132;262143;;;;;20004864;20004865;20004992;20004866;4294950912;4294950912;4294950912;4294950912;4294950912;4294950912;21;13;16;42;47;53;0;0;0;1;1;1;63;63;63;63;63;63;-1;-1;-1;;;;63;63;63;False;False;False;True;False;True;False;True;False;False;False;False;False;True;False;False;False;True;False;False;0;0;0;False;0;0;0;-1;False;0;0;0;0;-1;0;0;0;0;0;0;0;0;0;0;0;0;0;0;0;0;0;-1;-1;-1;0;0;0;0;-1;0;0;0;0;0;0;0;0;0
1222;Hibernian FC;232;42;101595;False;;;;;;;;;;;;;;;;;;;;;;;;HIB;-1;-1;Easter Road;;-1;;262143;132;1221;;;;;20021248;20021249;20021376;20021250;4294950912;4294950912;4294950912;4294950912;4294950912;4294950912;0;30;15;63;63;63;0;0;0;1;1;1;0;30;15;63;63;63;-1;-1;-1;;;;63;63;63;False;False;False;True;False;False;False;True;False;False;False;False;False;True;False;False;False;True;False;False;0;0;0;False;0;0;0;-1;False;0;0;0;0;-1;0;0;0;0;0;0;0;0;0;0;0;0;0;0;0;0;0;-1;-1;-1;0;0;0;0;-1;0;0;0;0;0;0;0;0;0
1223;FK Crvena Zvezda;303;29;102119;False;;;;;;;;;;;;;;;;;;;;;;;;CZV;-1;-1;Rajko Mitic Stadium;;-1;;272;262143;2054;;;;;20037632;20037633;20037760;20037634;4294950912;4294950912;4294950912;4294950912;4294950912;4294950912;63;0;0;63;63;63;0;0;0;1;1;1;63;63;63;63;63;63;-1;-1;-1;;;;63;63;63;False;False;False;True;False;False;False;False;False;False;False;False;False;True;False;False;False;True;False;False;0;0;0;False;0;0;0;-1;False;0;0;0;0;-1;0;0;0;0;0;0;0;0;0;0;0;0;0;0;0;0;0;-1;-1;-1;0;0;0;0;-1;0;0;0;0;0;0;0;0;0
1230;Gençlerbirliği SK;190;29;101174;False;;;;;;;;;;;;;;;;;;;;;;;;GEN;-1;-1;Eryaman Stadyumu;;-1;;262143;262143;262143;;;;;20152320;20152321;20152448;4294950912;4294950912;4294950912;4294950912;4294950912;4294950912;4294950912;48;12;12;10;10;10;0;0;0;1;1;1;54;6;8;0;0;0;-1;-1;-1;;;;63;63;63;False;False;False;True;False;False;False;False;False;False;False;False;False;True;False;False;False;True;False;False;0;0;0;False;0;0;0;-1;False;0;0;0;0;-1;0;0;0;0;0;0;0;0;0;0;0;0;0;0;0;0;0;-1;-1;-1;0;0;0;0;-1;0;0;0;0;0;0;0;0;0
1232;Shakhtar Donetsk;239;29;133;False;;;;;;;;;;;;;;;;;;;;;;;;SHK;-1;-1;OSK Metalist;;-1;;262143;262143;262143;;;;;20185088;20185089;20185216;20185090;4294950912;4294950912;4294950912;4294950912;4294950912;4294950912;59;27;0;0;0;0;0;6;3;1;1;1;59;27;0;0;0;0;-1;-1;-1;;;;63;63;63;False;False;False;True;False;False;False;False;False;False;False;False;False;True;False;False;False;True;False;False;0;0;0;False;0;0;0;-1;False;0;0;0;0;-1;0;0;0;0;0;0;0;0;0;0;0;0;0;0;0;0;0;-1;-1;-1;0;0;0;0;-1;0;0;0;0;0;0;0;0;0
1236;Argentinos Juniors;144;15;100213;False;;;;;;;;;;;;;;;;;;;;;;;;ARG;-1;-1;Diego Armando Maradona;;-1;;1244;262143;262143;;;;;20250624;20250625;20250752;20250626;4294950912;4294950912;4294950912;4294950912;4294950912;4294950912;46;3;8;0;21;36;0;5;4;4;2;1;46;3;8;0;21;36;-1;-1;-1;;;;63;63;63;False;False;False;True;False;False;False;True;False;False;False;False;False;True;False;False;False;True;False;False;0;0;0;False;0;0;0;-1;False;0;0;0;0;-1;0;0;0;0;0;0;0;0;0;0;0;0;0;0;0;0;0;-1;-1;-1;0;0;0;0;-1;0;0;0;0;0;0;0;0;0
1237;Racing Club;144;15;101894;False;;;;;;;;;;;;;;;;;;;;;;;;RAC;-1;-1;Juan Domingo Peron;;-1;;1240;138;1243;;;;;20267008;20267009;20267136;20267010;4294950912;4294950912;4294950912;4294950912;4294950912;4294950912;1;41;56;63;63;63;0;5;6;1;1;2;1;41;56;63;63;63;-1;-1;-1;;;;63;63;63;False;False;False;True;False;False;False;True;False;False;False;False;False;True;False;False;False;True;False;False;0;0;0;False;0;0;0;-1;False;0;0;0;0;-1;0;0;0;0;0;0;0;0;0;0;0;0;0;0;0;0;0;-1;-1;-1;0;0;0;0;-1;0;0;0;0;0;0;0;0;0
1238;Estudiantes de la Plata;144;29;498;False;;;;;;;;;;;;;;;;;;;;;;;;EST;-1;-1;Ciudad de La Plata;;-1;;1239;262143;262143;;;;;20283392;20283393;20283520;20283394;4294950912;4294950912;4294950912;4294950912;4294950912;4294950912;59;9;9;63;63;63;0;1;1;1;2;2;63;63;63;59;9;9;-1;-1;-1;;;;63;63;63;False;False;False;True;False;False;False;True;False;False;False;False;False;True;False;False;False;True;False;False;0;0;0;False;0;0;0;-1;False;0;0;0;0;-1;0;0;0;0;0;0;0;0;0;0;0;0;0;0;0;0;0;-1;-1;-1;0;0;0;0;-1;0;0;0;0;0;0;0;0;0
1239;Gimnasia La Plata;144;29;102029;False;;;;;;;;;;;;;;;;;;;;;;;;GIM;-1;-1;Juan Carmelo Zerillo;;-1;;1238;262143;262143;;;;;20299776;20299777;20299904;20299778;4294950912;4294950912;4294950912;4294950912;4294950912;4294950912;4;5;23;63;63;63;0;1;8;1;1;1;4;5;23;63;63;63;-1;-1;-1;;;;63;63;63;False;False;False;True;False;False;False;True;False;False;False;False;False;True;False;False;False;True;False;False;0;0;0;False;0;0;0;-1;False;0;0;0;0;-1;0;0;0;0;0;0;0;0;0;0;0;0;0;0;0;0;0;-1;-1;-1;0;0;0;0;-1;0;0;0;0;0;0;0;0;0
1240;CA Independiente;144;15;20;False;;;;;;;;;;;;;;;;;;;;;;;;IND;-1;-1;Libartadores de America;;-1;;1237;1243;138;;;;;20316160;20316161;20316288;20316162;4294950912;4294950912;4294950912;4294950912;4294950912;4294950912;46;1;1;63;63;63;0;5;4;1;2;2;63;63;63;46;1;1;-1;-1;-1;;;;63;63;63;False;False;False;True;False;False;False;True;False;False;False;False;False;True;False;False;False;True;False;False;0;0;0;False;0;0;0;-1;False;0;0;0;0;-1;0;0;0;0;0;0;0;0;0;0;0;0;0;0;0;0;0;-1;-1;-1;0;0;0;0;-1;0;0;0;0;0;0;0;0;0
1241;Newell's Old Boys;144;44;58;False;;;;;;;;;;;;;;;;;;;;;;;;NOB;-1;-1;Marcelo Bielsa;;-1;;2538;1242;262143;;;;;20332544;20332545;20332672;20332546;4294950912;4294950912;4294950912;4294950912;4294950912;4294950912;49;6;9;0;0;0;0;1;4;1;1;1;49;6;9;0;0;0;-1;-1;-1;;;;63;63;63;False;False;False;True;False;False;False;True;False;False;False;False;False;True;False;False;False;True;False;False;0;0;0;False;0;0;0;-1;False;0;0;0;0;-1;0;0;0;0;0;0;0;0;0;0;0;0;0;0;0;0;0;-1;-1;-1;0;0;0;0;-1;0;0;0;0;0;0;0;0;0
1242;CA Rosario Central;144;15;100944;False;;;;;;;;;;;;;;;;;;;;;;;;RC;-1;-1;Gigante de Arroyito;;-1;;1241;262143;262143;;;;;20348928;20348929;20349056;20348930;4294950912;4294950912;4294950912;4294950912;4294950912;4294950912;0;9;18;63;48;5;0;5;7;1;1;1;0;9;18;63;48;5;-1;-1;-1;;;;63;63;63;False;False;False;True;False;False;False;True;False;False;False;False;False;True;False;False;False;True;False;False;0;0;0;False;0;0;0;-1;False;0;0;0;0;-1;0;0;0;0;0;0;0;0;0;0;0;0;0;0;0;0;0;-1;-1;-1;0;0;0;0;-1;0;0;0;0;0;0;0;0;0
1243;CA San Lorenzo;144;15;100102;False;;;;;;;;;;;;;;;;;;;;;;;;SLO;-1;-1;Nuevo Gasometro;;-1;;1922;1240;1237;;;;;20365312;20365313;20365440;20365314;4294950912;4294950912;4294950912;4294950912;4294950912;4294950912;9;14;21;59;8;11;0;6;4;1;1;2;63;63;63;59;8;11;-1;-1;-1;;;;63;63;63;False;False;False;True;False;False;False;True;False;False;False;False;False;True;False;False;False;True;False;False;0;0;0;False;0;0;0;-1;False;0;0;0;0;-1;0;0;0;0;0;0;0;0;0;0;0;0;0;0;0;0;0;-1;-1;-1;0;0;0;0;-1;0;0;0;0;0;0;0;0;0
1244;CA Vélez Sarsfield;144;40;269;False;;;;;;;;;;;;;;;;;;;;;;;;VEL;-1;-1;Jose Amalfitani;;-1;;1236;262143;262143;;;;;20381696;20381697;20381824;20381698;4294950912;4294950912;4294950912;4294950912;4294950912;4294950912;63;63;63;0;12;25;0;5;1;1;1;1;63;63;63;0;12;25;-1;-1;-1;;;;63;63;63;False;False;False;True;False;False;False;True;False;False;False;False;False;True;False;False;False;True;False;False;0;0;0;False;0;0;0;-1;False;0;0;0;0;-1;0;0;0;0;0;0;0;0;0;0;0;0;0;0;0;0;0;-1;-1;-1;0;0;0;0;-1;0;0;0;0;0;0;0;0;0
1245;Atlético Mineiro;146;13;90014;False;;;;;;;;;;;;;;;;;;;;;;;;CAM;-1;-1;Independencia;;-1;;274;2450;1248;;;;;20398080;20398081;20398208;20398082;4294950912;4294950912;4294950912;4294950912;4294950912;4294950912;0;0;0;63;63;63;0;5;5;1;2;2;63;63;63;0;0;0;-1;-1;-1;;;;63;63;63;False;False;False;True;False;False;False;True;False;False;False;False;False;True;False;False;False;True;False;False;0;0;0;False;0;0;0;-1;False;0;0;0;0;-1;0;0;0;0;0;0;0;0;0;0;0;0;0;0;0;0;0;-1;-1;-1;0;0;0;0;-1;0;0;0;0;0;0;0;0;0
1246;Botafogo;146;15;307;False;;;;;;;;;;;;;;;;;;;;;;;;BOT;-1;-1;Estadio Nilton Santos;;-1;;136;1249;1248;;;;;20414464;20414465;20414592;20414466;4294950912;4294950912;4294950912;4294950912;4294950912;4294950912;0;0;0;63;63;63;0;7;6;1;1;1;0;0;0;63;63;63;-1;-1;-1;;;;63;63;63;False;False;False;True;False;False;False;True;False;False;False;False;False;True;False;False;False;True;False;False;0;0;0;False;0;0;0;-1;False;0;0;0;0;-1;0;0;0;0;0;0;0;0;0;0;0;0;0;0;0;0;0;-1;-1;-1;0;0;0;0;-1;0;0;0;0;0;0;0;0;0
1247;SC Corinthians;146;35;35738;False;;;;;;;;;;;;;;;;;;;;;;;;COR;-1;-1;Neo Quimica Arena;;-1;;1254;137;1255;;;;;20430848;20430849;20430976;20430850;4294950912;4294950912;4294950912;4294950912;4294950912;4294950912;0;0;0;63;63;63;0;5;1;1;2;10;0;0;0;63;63;63;-1;-1;-1;;;;63;63;63;False;False;False;True;False;False;False;True;False;False;False;False;False;True;False;False;False;True;False;False;0;0;0;False;0;0;0;-1;False;0;0;0;0;-1;0;0;0;0;0;0;0;0;0;0;0;0;0;0;0;0;0;-1;-1;-1;0;0;0;0;-1;0;0;0;0;0;0;0;0;0
1248;CR Flamengo;146;24;34653;False;;;;;;;;;;;;;;;;;;;;;;;;FLA;-1;-1;Estadio do Maracana;;-1;;136;1246;1249;;;;;20447232;20447233;20447360;20447234;4294950912;4294950912;4294950912;4294950912;4294950912;4294950912;57;0;4;0;0;0;0;5;7;2;2;2;63;63;63;57;0;4;-1;-1;-1;;;;63;63;63;False;False;False;True;False;False;False;True;False;False;False;False;False;True;False;False;False;True;False;False;0;0;0;False;0;0;0;-1;False;0;0;0;0;-1;0;0;0;0;0;0;0;0;0;0;0;0;0;0;0;0;0;-1;-1;-1;0;0;0;0;-1;0;0;0;0;0;0;0;0;0
1249;Fluminense FC;146;24;101660;False;;;;;;;;;;;;;;;;;;;;;;;;FLU;-1;-1;Estadio do Maracana;;-1;;136;1246;1248;;;;;20463616;20463617;20463744;20463618;4294950912;4294950912;4294950912;4294950912;4294950912;4294950912;0;26;16;34;0;10;0;1;7;1;2;1;0;26;16;34;0;10;-1;-1;-1;;;;63;63;63;False;False;False;True;False;False;False;True;False;False;False;False;False;True;False;False;False;True;False;False;0;0;0;False;0;0;0;-1;False;0;0;0;0;-1;0;0;0;0;0;0;0;0;0;0;0;0;0;0;0;0;0;-1;-1;-1;0;0;0;0;-1;0;0;0;0;0;0;0;0;0
1250;Grêmio;146;17;102180;False;;;;;;;;;;;;;;;;;;;;;;;;GRE;-1;-1;Arena do Grêmio;;-1;;1252;262143;262143;;;;;20480000;20480001;20480128;20480002;4294950912;4294950912;4294950912;4294950912;4294950912;4294950912;0;39;57;0;0;0;0;5;6;1;1;1;0;39;57;0;0;0;-1;-1;-1;;;;63;63;63;False;False;False;True;False;False;False;True;False;False;False;False;False;True;False;False;False;True;False;False;0;0;0;False;0;0;0;-1;False;0;0;0;0;-1;0;0;0;0;0;0;0;0;0;0;0;0;0;0;0;0;0;-1;-1;-1;0;0;0;0;-1;0;0;0;0;0;0;0;0;0
1252;SC Internacional;146;17;112;False;;;;;;;;;;;;;;;;;;;;;;;;INT;-1;-1;Estadio Beira Rio;;-1;;1250;262143;262143;;;;;20512768;20512769;20512896;20512770;4294950912;4294950912;4294950912;4294950912;4294950912;4294950912;59;7;9;59;7;9;0;5;4;1;1;7;63;63;63;59;7;9;-1;-1;-1;;;;63;63;63;False;False;False;True;False;False;False;True;False;False;False;False;False;True;False;False;False;True;False;False;0;0;0;False;0;0;0;-1;False;0;0;0;0;-1;0;0;0;0;0;0;0;0;0;0;0;0;0;0;0;0;0;-1;-1;-1;0;0;0;0;-1;0;0;0;0;0;0;0;0;0
1254;Santos FC;146;16;100796;False;;;;;;;;;;;;;;;;;;;;;;;;SAN;-1;-1;Estadio Urbano Caldeira;;-1;;1247;137;1255;;;;;20545536;20545537;20545664;20545538;4294950912;4294950912;4294950912;4294950912;4294950912;4294950912;63;63;63;0;0;0;0;5;8;1;1;2;63;63;63;0;0;0;-1;-1;-1;;;;63;63;63;False;False;False;True;False;False;False;True;False;False;False;False;False;True;False;False;False;True;False;False;0;0;0;False;0;0;0;-1;False;0;0;0;0;-1;0;0;0;0;0;0;0;0;0;0;0;0;0;0;0;0;0;-1;-1;-1;0;0;0;0;-1;0;0;0;0;0;0;0;0;0
1255;São Paulo FC;146;14;101149;False;;;;;;;;;;;;;;;;;;;;;;;;SAO;-1;-1;Estadio Cicero Pompeu de Toledo;;-1;;137;1254;1247;;;;;20561920;20561921;20562048;20561922;4294950912;4294950912;4294950912;4294950912;4294950912;4294950912;63;63;63;56;0;10;0;2;4;1;2;2;63;63;63;56;0;10;-1;-1;-1;;;;63;63;63;False;False;False;True;False;False;False;True;False;False;False;False;False;True;False;False;False;True;False;False;0;0;0;False;0;0;0;-1;False;0;0;0;0;-1;0;0;0;0;0;0;0;0;0;0;0;0;0;0;0;0;0;-1;-1;-1;0;0;0;0;-1;0;0;0;0;0;0;0;0;0
1256;CSD Colo Colo;147;29;100947;False;;;;;;;;;;;;;;;;;;;;;;;;CC;-1;-1;Estadio Monumental David Arellano;;-1;;2209;2191;262143;;;;;20578304;20578305;20578432;20578306;4294950912;4294950912;4294950912;4294950912;4294950912;4294950912;63;63;63;0;0;0;0;5;1;1;1;2;63;63;63;0;0;0;-1;-1;-1;;;;63;63;63;False;False;False;True;False;False;False;True;False;False;False;False;False;True;False;False;False;True;False;False;0;0;0;False;0;0;0;-1;False;0;0;0;0;-1;0;0;0;0;0;0;0;0;0;0;0;0;0;0;0;0;0;-1;-1;-1;0;0;0;0;-1;0;0;0;0;0;0;0;0;0
1257;América de Cali;148;54;274;False;;;;;;;;;;;;;;;;;;;;;;;;AME;-1;-1;Estadio Olimpico Pascual Guerrero;;-1;;2650;1258;2193;;;;;20594688;20594689;20594816;20594690;4294950912;4294950912;4294950912;4294950912;4294950912;4294950912;53;6;8;63;63;63;0;0;0;1;1;1;53;6;8;63;63;63;-1;-1;-1;;;;63;63;63;False;False;False;True;False;False;False;True;False;False;False;False;False;True;False;False;False;True;False;False;0;0;0;False;0;0;0;-1;False;0;0;0;0;-1;0;0;0;0;0;0;0;0;0;0;0;0;0;0;0;0;0;-1;-1;-1;0;0;0;0;-1;0;0;0;0;0;0;0;0;0
1258;Millonarios FC;148;15;131465;False;;;;;;;;;;;;;;;;;;;;;;;;MIL;-1;-1;Nemesio Camacho;;-1;;2657;2650;2193;;;;;20611072;20611073;20611200;20611074;4294950912;4294950912;4294950912;4294950912;4294950912;4294950912;9;17;35;63;63;63;0;5;2;1;2;1;9;17;35;63;63;63;-1;-1;-1;;;;63;63;63;False;False;False;True;False;False;False;True;False;False;False;False;False;True;False;False;False;True;False;False;0;0;0;False;0;0;0;-1;False;0;0;0;0;-1;0;0;0;0;0;0;0;0;0;0;0;0;0;0;0;0;0;-1;-1;-1;0;0;0;0;-1;0;0;0;0;0;0;0;0;0
1260;Club Cerro Porteño;150;15;100170;False;;;;;;;;;;;;;;;;;;;;;;;;CER;-1;-1;Estadio General Pablo Rojas;;-1;;262143;262143;262143;;;;;20643840;20643841;20643968;4294950912;4294950912;4294950912;4294950912;4294950912;4294950912;4294950912;35;1;1;0;0;34;0;0;0;1;1;1;63;63;63;63;63;63;-1;-1;-1;;;;63;63;63;False;False;False;True;False;False;False;False;False;False;False;False;False;True;False;False;False;True;False;False;0;0;0;False;0;0;0;-1;False;0;0;0;0;-1;0;0;0;0;0;0;0;0;0;0;0;0;0;0;0;0;0;-1;-1;-1;0;0;0;0;-1;0;0;0;0;0;0;0;0;0
1261;Olimpia Asunción;150;15;100076;False;;;;;;;;;;;;;;;;;;;;;;;;OLI;-1;-1;Estadio Manuel Ferreira;;-1;;262143;262143;262143;;;;;20660224;20660225;20660352;4294950912;4294950912;4294950912;4294950912;4294950912;4294950912;4294950912;55;55;55;10;10;10;0;0;0;1;1;1;63;63;63;63;63;63;-1;-1;-1;;;;63;63;63;False;False;False;True;False;False;False;False;False;False;False;False;False;True;False;False;False;True;False;False;0;0;0;False;0;0;0;-1;False;0;0;0;0;-1;0;0;0;0;0;0;0;0;0;0;0;0;0;0;0;0;0;-1;-1;-1;0;0;0;0;-1;0;0;0;0;0;0;0;0;0
1262;Club Nacional;152;29;100053;False;;;;;;;;;;;;;;;;;;;;;;;;CNF;-1;-1;Gran Parque Central stadium;;-1;;262143;262143;262143;;;;;20676608;20676609;20676736;20676610;4294950912;4294950912;4294950912;4294950912;4294950912;4294950912;0;14;27;56;0;12;0;0;0;1;1;1;63;63;63;63;63;63;-1;-1;-1;;;;63;63;63;False;False;False;True;False;False;False;False;False;False;False;False;False;True;False;False;False;True;False;False;0;0;0;False;0;0;0;-1;False;0;0;0;0;-1;0;0;0;0;0;0;0;0;0;0;0;0;0;0;0;0;0;-1;-1;-1;0;0;0;0;-1;0;0;0;0;0;0;0;0;0
1263;CA Peñarol;152;29;451;False;;;;;;;;;;;;;;;;;;;;;;;;PEN;-1;-1;Campeon del Siglo stadium;;-1;;262143;262143;262143;;;;;20692992;20692993;20693120;20692994;4294950912;4294950912;4294950912;4294950912;4294950912;4294950912;63;50;2;0;0;0;0;0;0;1;1;1;63;63;63;63;63;63;-1;-1;-1;;;;63;63;63;False;False;False;True;False;False;False;False;False;False;False;False;False;True;False;False;False;True;False;False;0;0;0;False;0;0;0;-1;False;0;0;0;0;-1;0;0;0;0;0;0;0;0;0;0;0;0;0;0;0;0;0;-1;-1;-1;0;0;0;0;-1;0;0;0;0;0;0;0;0;0
1264;Club América;124;15;266;False;;;;;;;;;;;;;;;;;;;;;;;;CA;-1;-1;Aztec Stadium;;-1;;262143;262143;262143;;;;;20709376;20709377;20709504;20709378;4294950912;4294950912;4294950912;4294950912;4294950912;4294950912;63;60;0;0;10;23;0;0;0;1;1;1;63;63;63;63;63;63;-1;-1;-1;;;;63;63;63;False;False;False;True;False;False;False;False;False;False;False;False;False;True;False;False;False;True;False;False;0;0;0;False;0;0;0;-1;False;0;0;0;0;-1;0;0;0;0;0;0;0;0;0;0;0;0;0;0;0;0;0;-1;-1;-1;0;0;0;0;-1;0;0;0;0;0;0;0;0;0
1265;Cruz Azul;124;29;229;False;;;;;;;;;;;;;;;;;;;;;;;;CAZ;-1;-1;Olimpico Universitario;;-1;;262143;262143;262143;;;;;20725760;20725761;20725888;4294950912;4294950912;4294950912;4294950912;4294950912;4294950912;4294950912;9;21;44;53;53;53;0;0;0;1;1;1;63;63;63;63;63;63;-1;-1;-1;;;;63;63;63;False;False;False;True;False;False;False;False;False;False;False;False;False;True;False;False;False;True;False;False;0;0;0;False;0;0;0;-1;False;0;0;0;0;-1;0;0;0;0;0;0;0;0;0;0;0;0;0;0;0;0;0;-1;-1;-1;0;0;0;0;-1;0;0;0;0;0;0;0;0;0
1327;Queens Park Rangers;204;42;357;False;;;;;;;;;;;;;;;;;;;;;;;;QPR;-1;-1;Loftus Road;;-1;;178;4180;262143;;;;;21741568;21741569;21741696;21741570;4294950912;4294950912;4294950912;4294950912;4294950912;4294950912;1;17;52;63;63;63;0;1;7;2;1;5;1;17;52;63;63;63;-1;-1;-1;;;;63;63;63;False;False;False;True;False;False;False;True;False;False;False;False;False;True;False;False;False;True;False;False;0;0;0;False;0;0;0;-1;False;0;0;0;0;-1;0;0;0;0;0;0;0;0;0;0;0;0;0;0;0;0;0;-1;-1;-1;0;0;0;0;-1;0;0;0;0;0;0;0;0;0
1329;Stade Brestois;208;42;239;False;;;;;;;;;;;;;;;;;;;;;;;;SB;-1;-1;Francis-Le Bie;;-1;;218;211;414;;;;;21774336;21774337;21774464;21774338;4294950912;4294950912;4294950912;4294950912;4294950912;4294950912;56;0;6;63;63;63;0;5;4;4;1;1;56;0;6;63;63;63;-1;-1;-1;;;;63;63;63;False;False;False;True;False;False;False;True;False;False;False;False;False;True;False;False;False;True;False;False;0;0;0;False;0;0;0;-1;False;0;0;0;0;-1;0;0;0;0;0;0;0;0;0;0;0;0;0;0;0;0;0;-1;-1;-1;0;0;0;0;-1;0;0;0;0;0;0;0;0;0
1330;Stade de Reims;208;20;143;False;;;;;;;;;;;;;;;;;;;;;;;;SDR;-1;-1;Auguste Delaune;;-1;;420;262143;262143;;;;;21790720;21790721;21790848;21790722;4294950912;4294950912;4294950912;4294950912;4294950912;4294950912;52;8;10;63;63;63;0;6;1;4;1;14;52;8;10;63;63;63;-1;-1;-1;;;;63;63;63;False;False;False;True;False;False;False;True;False;False;False;False;False;True;False;False;False;True;False;False;0;0;0;False;0;0;0;-1;False;0;0;0;0;-1;0;0;0;0;0;0;0;0;0;0;0;0;0;0;0;0;0;-1;-1;-1;0;0;0;0;-1;0;0;0;0;0;0;0;0;0
1348;Al Shabab Club;31;29;100602;False;;;;;;;;;;;;;;;;;;;;;;;;SHA;-1;-1;King Fahd Stadium;;-1;;2577;1349;2576;;;;;22085632;22085633;22085760;4294950912;4294950912;4294950912;4294950912;4294950912;4294950912;4294950912;53;53;53;10;10;10;0;0;0;1;1;1;63;63;63;63;63;63;-1;-1;-1;;;;63;63;63;False;False;False;True;False;False;False;False;False;False;False;False;False;True;False;False;False;True;False;False;0;0;0;False;0;0;0;-1;False;0;0;0;0;-1;0;0;0;0;0;0;0;0;0;0;0;0;0;0;0;0;0;-1;-1;-1;0;0;0;0;-1;0;0;0;0;0;0;0;0;0
1349;Al Ahli SFC;31;29;1170;False;;;;;;;;;;;;;;;;;;;;;;;;AHL;-1;-1;King Abdulla Sports City;;-1;;1350;1348;262143;;;;;22102016;22102017;22102144;22102018;4294950912;4294950912;4294950912;4294950912;4294950912;4294950912;5;37;23;5;37;23;0;0;0;4;1;1;0;33;15;0;33;15;-1;-1;-1;;;;63;63;63;False;False;False;True;False;False;False;False;False;False;False;False;False;True;False;False;False;True;False;False;0;0;0;False;0;0;0;-1;False;0;0;0;0;-1;0;0;0;0;0;0;0;0;0;0;0;0;0;0;0;0;0;-1;-1;-1;0;0;0;0;-1;0;0;0;0;0;0;0;0;0
1350;Al Ittihad Club;31;15;36636;False;;;;;;;;;;;;;;;;;;;;;;;;ITT;-1;-1;King Abdullah Sport City;;-1;;1489;2577;1349;;;;;22118400;22118401;22118528;4294950912;4294950912;4294950912;4294950912;4294950912;4294950912;4294950912;10;10;10;50;49;12;0;0;0;1;1;1;63;63;63;63;63;63;-1;-1;-1;;;;63;63;63;False;False;False;True;False;False;False;False;False;False;False;False;False;True;False;False;False;True;False;False;0;0;0;False;0;0;0;-1;False;0;0;0;0;-1;0;0;0;0;0;0;0;0;0;0;0;0;0;0;0;0;0;-1;-1;-1;0;0;0;0;-1;0;0;0;0;0;0;0;0;0
1362;Cesena FC;215;29;26;False;;;;;;;;;;;;;;;;;;;;;;;;CES;-1;-1;Orogel Stadium;;-1;;186;1919;262143;;;;;22315008;22315009;22315136;22315010;4294950912;4294950912;4294950912;4294950912;4294950912;4294950912;0;0;0;0;0;0;0;0;0;1;1;1;63;63;63;63;63;63;-1;-1;-1;;;;63;63;63;False;False;False;True;False;False;False;False;False;False;False;False;False;True;False;False;False;True;False;False;0;0;0;False;0;0;0;-1;False;0;0;0;0;-1;0;0;0;0;0;0;0;0;0;0;0;0;0;0;0;0;0;-1;-1;-1;0;0;0;0;-1;0;0;0;0;0;0;0;0;0
1489;Al Hilal SFC;31;29;100817;False;;;;;;;;;;;;;;;;;;;;;;;;HIL;-1;-1;King Fahd International Stadium;;-1;;1348;2577;1350;;;;;24395776;24395777;24395904;4294950912;4294950912;4294950912;4294950912;4294950912;4294950912;4294950912;2;10;26;2;10;26;0;3;8;1;2;1;2;10;26;2;10;26;-1;-1;-1;;;;63;63;63;False;False;False;True;False;False;False;False;False;False;False;False;False;True;False;False;False;True;False;False;0;0;0;False;0;0;0;-1;False;0;0;0;0;-1;0;0;0;0;0;0;0;0;0;0;0;0;0;0;0;0;0;-1;-1;-1;0;0;0;0;-1;0;0;0;0;0;0;0;0;0
1528;Valenciennes FC;208;42;100051;False;;;;;;;;;;;;;;;;;;;;;;;;VA;-1;-1;Stade du Hainaut;;-1;;213;262143;262143;;;;;25034752;25034753;25034880;4294950912;4294950912;4294950912;4294950912;4294950912;4294950912;4294950912;51;0;0;51;0;0;0;5;4;4;1;1;51;0;0;51;0;0;-1;-1;-1;;;;63;63;63;False;False;False;True;False;False;False;True;False;False;False;False;False;True;False;False;False;True;False;False;0;0;0;False;0;0;0;-1;False;0;0;0;0;-1;0;0;0;0;0;0;0;0;0;0;0;0;0;0;0;0;0;-1;-1;-1;0;0;0;0;-1;0;0;0;0;0;0;0;0;0
1550;Serbia;303;29;36270;True;;;;;;;;;;;;;;;;;;;;;;;;SRB;-1;-1;Rajko Mitic Stadium;;-1;;262143;262143;262143;;;;;25395200;25395201;25395328;4294950912;4294950912;4294950912;4294950912;4294950912;4294950912;4294950912;59;7;9;0;27;45;0;3;4;1;1;1;59;7;9;0;27;45;-1;-1;-1;;;;63;63;63;False;False;False;True;False;False;False;False;False;False;False;False;False;True;False;False;False;True;False;False;0;0;0;False;0;0;0;-1;False;0;0;0;0;-1;0;0;0;0;0;0;0;0;0;0;0;0;0;0;0;0;0;-1;-1;-1;0;0;0;0;-1;0;0;0;0;0;0;0;0;0
1551;Montenegro;304;29;100012;True;;;;;;;;;;;;;;;;;;;;;;;;MNE;-1;-1;Podgorica City Stadium;;-1;;262143;262143;262143;;;;;25411584;25411585;25411712;4294950912;4294950912;4294950912;4294950912;4294950912;4294950912;4294950912;49;0;2;63;55;6;0;5;7;1;1;1;63;63;63;63;63;63;-1;-1;-1;;;;63;63;63;False;False;False;True;False;False;False;False;False;False;False;False;False;True;False;False;False;True;False;False;0;0;0;False;0;0;0;-1;False;0;0;0;0;-1;0;0;0;0;0;0;0;0;0;0;0;0;0;0;0;0;0;-1;-1;-1;0;0;0;0;-1;0;0;0;0;0;0;0;0;0
1586;RB Salzburg;194;18;100704;False;;;;;;;;;;;;;;;;;;;;;;;;RBS;-1;-1;Red Bull Arena;;-1;;262143;262143;262143;;;;;25985024;25985025;25985152;25985026;4294950912;4294950912;4294950912;4294950912;4294950912;4294950912;57;4;18;55;55;55;0;0;0;1;1;1;63;63;63;63;63;63;-1;-1;-1;;;;63;63;63;False;False;False;True;False;False;False;False;False;False;False;False;False;True;False;False;False;True;False;False;0;0;0;False;0;0;0;-1;False;0;0;0;0;-1;0;0;0;0;0;0;0;0;0;0;0;0;0;0;0;0;0;-1;-1;-1;0;0;0;0;-1;0;0;0;0;0;0;0;0;0
1589;Hull City;204;42;100780;False;;;;;;;;;;;;;;;;;;;;;;;;HUL;-1;-1;KCOM Stadium;;-1;;104;262143;262143;;;;;26034176;26034177;26034304;26034178;4294950912;4294950912;4294950912;4294950912;4294950912;4294950912;53;34;14;10;10;10;0;1;8;1;1;1;61;40;11;0;0;0;-1;-1;-1;;;;63;63;63;False;False;False;True;False;False;False;True;False;False;False;False;False;True;False;False;False;True;False;False;0;0;0;False;0;0;0;-1;False;0;0;0;0;-1;0;0;0;0;0;0;0;0;0;0;0;0;0;0;0;0;0;-1;-1;-1;0;0;0;0;-1;0;0;0;0;0;0;0;0;0
1600;Spezia Calcio;215;40;100700;False;;;;;;;;;;;;;;;;;;;;;;;;SPE;-1;-1;Alberto Picco;;-1;;323;240;4241;;;;;26214400;26214401;26214528;26214402;4294950912;4294950912;4294950912;4294950912;4294950912;4294950912;0;0;0;53;53;53;0;5;1;1;1;1;0;0;0;63;63;63;-1;-1;-1;;;;63;63;63;False;False;False;True;False;False;False;False;False;False;False;False;False;True;False;False;False;True;False;False;0;0;0;False;0;0;0;-1;False;0;0;0;0;-1;0;0;0;0;0;0;0;0;0;0;0;0;0;0;0;0;0;-1;-1;-1;0;0;0;0;-1;0;0;0;0;0;0;0;0;0
1695;Wisła Kraków;227;44;100508;False;;;;;;;;;;;;;;;;;;;;;;;;WIS;-1;-1;Estadio Henryk Reyman;;-1;;262143;262143;262143;;;;;27770880;27770881;27771008;27770882;4294950912;4294950912;4294950912;4294950912;4294950912;4294950912;43;6;6;53;53;53;0;0;0;1;1;1;63;63;63;63;63;63;-1;-1;-1;;;;63;63;63;False;False;False;True;False;False;False;False;False;False;False;False;False;True;False;False;False;True;False;False;0;0;0;False;0;0;0;-1;False;0;0;0;0;-1;0;0;0;0;0;0;0;0;0;0;0;0;0;0;0;0;0;-1;-1;-1;0;0;0;0;-1;0;0;0;0;0;0;0;0;0
1702;Malmö FF;237;20;100122;False;;;;;;;;;;;;;;;;;;;;;;;;MFF;-1;-1;Swedbank Stadion;;-1;;262143;262143;262143;;;;;27885568;27885569;27885696;4294950912;4294950912;4294950912;4294950912;4294950912;4294950912;4294950912;0;36;52;22;38;51;0;0;0;1;1;1;63;63;63;63;63;63;-1;-1;-1;;;;63;63;63;False;False;False;True;False;False;False;False;False;False;False;False;False;True;False;False;False;True;False;False;0;0;0;False;0;0;0;-1;False;0;0;0;0;-1;0;0;0;0;0;0;0;0;0;0;0;0;0;0;0;0;0;-1;-1;-1;0;0;0;0;-1;0;0;0;0;0;0;0;0;0
1706;FC Basel 1893;238;29;36347;False;;;;;;;;;;;;;;;;;;;;;;;;BAS;-1;-1;St. Jakob Park;;-1;;262143;262143;1950;;;;;27951104;27951105;27951232;27951106;4294950912;4294950912;4294950912;4294950912;4294950912;4294950912;0;16;36;63;5;12;0;5;7;1;2;2;63;63;63;0;16;36;-1;-1;-1;;;;63;63;63;False;False;False;True;False;False;False;True;False;False;False;False;False;True;False;False;False;True;False;False;0;0;0;False;0;0;0;-1;False;0;0;0;0;-1;0;0;0;0;0;0;0;0;0;0;0;0;0;0;0;0;0;-1;-1;-1;0;0;0;0;-1;0;0;0;0;0;0;0;0;0
1733;HJK Helsinki;207;29;100750;False;;;;;;;;;;;;;;;;;;;;;;;;HJK;-1;-1;Bolt Arena;;-1;;262143;262143;262143;;;;;28393472;28393473;28393600;4294950912;4294950912;4294950912;4294950912;4294950912;4294950912;4294950912;0;18;38;55;55;55;0;0;0;1;1;1;63;63;63;63;63;63;-1;-1;-1;;;;63;63;63;False;False;False;True;False;False;False;False;False;False;False;False;False;True;False;False;False;True;False;False;0;0;0;False;0;0;0;-1;False;0;0;0;0;-1;0;0;0;0;0;0;0;0;0;0;0;0;0;0;0;0;0;-1;-1;-1;0;0;0;0;-1;0;0;0;0;0;0;0;0;0
1746;CFR Cluj;229;17;100749;False;;;;;;;;;;;;;;;;;;;;;;;;CLJ;-1;-1;Stadionul Dr. Constantin Radulescu;;-1;;262143;262143;262143;;;;;28606464;28606465;28606592;28606466;4294950912;4294950912;4294950912;4294950912;4294950912;4294950912;37;9;15;63;63;63;0;0;0;1;1;1;63;63;63;63;63;63;-1;-1;-1;;;;63;63;63;False;False;False;True;False;False;False;False;False;False;False;False;False;True;False;False;False;True;False;False;0;0;0;False;0;0;0;-1;False;0;0;0;0;-1;0;0;0;0;0;0;0;0;0;0;0;0;0;0;0;0;0;-1;-1;-1;0;0;0;0;-1;0;0;0;0;0;0;0;0;0
1753;Dinamo Moskva;230;18;102271;False;;;;;;;;;;;;;;;;;;;;;;;;DMO;-1;-1;VTB Arena;;-1;;135;1218;271;;;;;28721152;28721153;28721280;28721154;4294950912;4294950912;4294950912;4294950912;4294950912;4294950912;0;18;38;53;53;53;0;0;0;1;1;1;0;18;38;63;63;63;-1;-1;-1;;;;63;63;63;False;False;False;True;False;False;False;True;False;False;False;False;False;True;False;False;False;True;False;False;0;0;0;False;0;0;0;-1;False;0;0;0;0;-1;0;0;0;0;0;0;0;0;0;0;0;0;0;0;0;0;0;-1;-1;-1;0;0;0;0;-1;0;0;0;0;0;0;0;0;0
1756;Legia Warszawa;227;15;102034;False;;;;;;;;;;;;;;;;;;;;;;;;WRZ;-1;-1;Polish Army Stadium;;-1;;262143;262143;262143;;;;;28770304;28770305;28770432;4294950912;4294950912;4294950912;4294950912;4294950912;4294950912;4294950912;0;36;16;55;55;55;0;0;0;1;1;1;63;63;63;63;63;63;-1;-1;-1;;;;63;63;63;False;False;False;True;False;False;False;False;False;False;False;False;False;True;False;False;False;True;False;False;0;0;0;False;0;0;0;-1;False;0;0;0;0;-1;0;0;0;0;0;0;0;0;0;0;0;0;0;0;0;0;0;-1;-1;-1;0;0;0;0;-1;0;0;0;0;0;0;0;0;0
1760;Bristol City;204;29;100696;False;;;;;;;;;;;;;;;;;;;;;;;;BCI;-1;-1;Ashton Gate;;-1;;262143;262143;262143;;;;;28835840;28835841;28835968;28835842;4294950912;4294950912;4294950912;4294950912;4294950912;4294950912;56;6;9;63;63;63;0;0;0;1;1;5;56;6;9;63;63;63;-1;-1;-1;;;;63;63;63;False;False;False;True;False;False;False;False;False;False;False;False;False;True;False;False;False;True;False;False;0;0;0;False;0;0;0;-1;False;0;0;0;0;-1;0;0;0;0;0;0;0;0;0;0;0;0;0;0;0;0;0;-1;-1;-1;0;0;0;0;-1;0;0;0;0;0;0;0;0;0
1765;Granada CF;236;44;144;False;;;;;;;;;;;;;;;;;;;;;;;;GRA;-1;-1;Nuevo Los Carmenes;;-1;;194;357;260;;;;;28917760;28917761;28917888;28917762;4294950912;4294950912;4294950912;4294950912;4294950912;4294950912;57;2;5;55;55;55;0;2;1;1;1;1;57;2;5;63;63;63;-1;-1;-1;;;;63;63;63;False;False;False;True;False;False;False;False;False;False;False;False;False;True;False;False;False;True;False;False;0;0;0;False;0;0;0;-1;False;0;0;0;0;-1;0;0;0;0;0;0;0;0;0;0;0;0;0;0;0;0;0;-1;-1;-1;0;0;0;0;-1;0;0;0;0;0;0;0;0;0
1778;CF Monterrey;124;17;101606;False;;;;;;;;;;;;;;;;;;;;;;;;MON;-1;-1;BBVA Bancomer Stadium;;-1;;262143;262143;262143;;;;;29130752;29130753;29130880;4294950912;4294950912;4294950912;4294950912;4294950912;4294950912;4294950912;0;11;23;55;55;55;0;0;0;1;1;1;63;63;63;63;63;63;-1;-1;-1;;;;63;63;63;False;False;False;True;False;False;False;False;False;False;False;False;False;True;False;False;False;True;False;False;0;0;0;False;0;0;0;-1;False;0;0;0;0;-1;0;0;0;0;0;0;0;0;0;0;0;0;0;0;0;0;0;-1;-1;-1;0;0;0;0;-1;0;0;0;0;0;0;0;0;0
1782;Tigres UANL;124;15;101569;False;;;;;;;;;;;;;;;;;;;;;;;;TIG;-1;-1;University Stadium;;-1;;262143;262143;262143;;;;;29196288;29196289;29196416;29196290;4294950912;4294950912;4294950912;4294950912;4294950912;4294950912;62;44;13;0;23;42;0;0;0;1;1;1;63;63;63;63;63;63;-1;-1;-1;;;;63;63;63;False;False;False;True;False;False;False;False;False;False;False;False;False;True;False;False;False;True;False;False;0;0;0;False;0;0;0;-1;False;0;0;0;0;-1;0;0;0;0;0;0;0;0;0;0;0;0;0;0;0;0;0;-1;-1;-1;0;0;0;0;-1;0;0;0;0;0;0;0;0;0
1804;Vitória Sport Clube;228;18;154;False;;;;;;;;;;;;;;;;;;;;;;;;VSC;-1;-1;D. Afonso Henriques;;-1;;1974;262143;2387;;;;;29556736;29556737;29556864;29556738;4294950912;4294950912;4294950912;4294950912;4294950912;4294950912;53;53;53;10;10;10;0;1;1;3;1;1;63;63;63;63;63;63;-1;-1;-1;;;;63;63;63;False;False;False;True;False;False;False;True;False;False;False;False;False;True;False;False;False;True;False;False;0;0;0;False;0;0;0;-1;False;0;0;0;0;-1;0;0;0;0;0;0;0;0;0;0;0;0;0;0;0;0;0;-1;-1;-1;0;0;0;0;-1;0;0;0;0;0;0;0;0;0
1832;Bröndby IF;203;20;101983;False;;;;;;;;;;;;;;;;;;;;;;;;BIF;-1;-1;Brondby Stadion;;-1;;1207;2067;262143;;;;;30015488;30015489;30015616;4294950912;4294950912;4294950912;4294950912;4294950912;4294950912;4294950912;63;59;15;1;20;37;0;0;0;1;1;1;63;59;15;1;20;37;-1;-1;-1;;;;63;63;63;False;False;False;True;False;False;False;True;False;False;False;False;False;True;False;False;False;True;False;False;0;0;0;False;0;0;0;-1;False;0;0;0;0;-1;0;0;0;0;0;0;0;0;0;0;0;0;0;0;0;0;0;-1;-1;-1;0;0;0;0;-1;0;0;0;0;0;0;0;0;0
1881;Fagiano Okayama;13;29;101977;False;;;;;;;;;;;;;;;;;;;;;;;;FAG;-1;-1;JFE Hare no Kuni Stadium;;-1;;262143;262143;262143;;;;;30818304;30818305;30818432;4294950912;4294950912;4294950912;4294950912;4294950912;4294950912;4294950912;40;11;13;8;10;18;0;0;0;1;1;1;63;63;63;63;63;63;-1;-1;-1;;;;63;63;63;False;False;False;True;False;True;False;False;False;False;False;False;False;True;False;False;False;True;False;False;0;0;0;False;0;0;0;-1;False;0;0;0;0;-1;0;0;0;0;0;0;0;0;0;0;0;0;0;0;0;0;0;-1;-1;-1;0;0;0;0;-1;0;0;0;0;0;0;0;0;0
1902;Al Ettifaq FC;31;20;90028;False;;;;;;;;;;;;;;;;;;;;;;;;ETT;-1;-1;Prince Mohamed Bin Fahd;;-1;;262143;262143;262143;;;;;31162368;31162369;31162496;4294950912;4294950912;4294950912;4294950912;4294950912;4294950912;4294950912;4;28;16;24;3;7;0;0;0;1;1;1;63;63;63;63;63;63;-1;-1;-1;;;;63;63;63;False;False;False;True;False;False;False;False;False;False;False;False;False;True;False;False;False;True;False;False;0;0;0;False;0;0;0;-1;False;0;0;0;0;-1;0;0;0;0;0;0;0;0;0;0;0;0;0;0;0;0;0;-1;-1;-1;0;0;0;0;-1;0;0;0;0;0;0;0;0;0
1907;LDU Quito;149;15;422;False;;;;;;;;;;;;;;;;;;;;;;;;LDU;-1;-1;Rodrigo Paz Delgado;;-1;;262143;262143;262143;;;;;31244288;31244289;31244416;31244290;4294950912;4294950912;4294950912;4294950912;4294950912;4294950912;53;53;53;19;19;19;0;0;0;1;1;1;63;63;63;63;63;63;-1;-1;-1;;;;63;63;63;False;False;False;True;False;False;False;False;False;False;False;False;False;True;False;False;False;True;False;False;0;0;0;False;0;0;0;-1;False;0;0;0;0;-1;0;0;0;0;0;0;0;0;0;0;0;0;0;0;0;0;0;-1;-1;-1;0;0;0;0;-1;0;0;0;0;0;0;0;0;0
1909;Swansea City;204;17;609;False;;;;;;;;;;;;;;;;;;;;;;;;SWA;-1;-1;Liberty Stadium;;-1;;6069;262143;262143;;;;;31277056;31277057;31277184;31277058;4294950912;4294950912;4294950912;4294950912;4294950912;4294950912;63;63;63;0;0;0;0;2;8;1;1;1;63;63;63;0;0;0;-1;-1;-1;;;;63;63;63;False;False;False;True;False;False;False;True;False;False;False;False;False;True;False;False;False;True;False;False;0;0;0;False;0;0;0;-1;False;0;0;0;0;-1;0;0;0;0;0;0;0;0;0;0;0;0;0;0;0;0;0;-1;-1;-1;0;0;0;0;-1;0;0;0;0;0;0;0;0;0
1919;US Sassuolo;215;17;100167;False;;;;;;;;;;;;;;;;;;;;;;;;SAS;-1;-1;Mapei Stadium;;-1;;1362;237;262143;;;;;31440896;31440897;31441024;31440898;4294950912;4294950912;4294950912;4294950912;4294950912;4294950912;3;38;19;0;0;0;0;5;1;1;1;1;3;38;19;0;0;0;-1;-1;-1;;;;63;63;63;False;False;False;True;False;False;False;True;False;False;False;False;False;True;False;False;False;True;False;False;0;0;0;False;0;0;0;-1;False;0;0;0;0;-1;0;0;0;0;0;0;0;0;0;0;0;0;0;0;0;0;0;-1;-1;-1;0;0;0;0;-1;0;0;0;0;0;0;0;0;0
1922;CA Huracán;144;15;13;False;;;;;;;;;;;;;;;;;;;;;;;;HUR;-1;-1;Tomas Adolfo Duco;;-1;;1243;262143;262143;;;;;31490048;31490049;31490176;31490050;4294950912;4294950912;4294950912;4294950912;4294950912;4294950912;46;0;2;63;63;63;0;0;0;1;1;1;46;0;2;63;63;63;-1;-1;-1;;;;63;63;63;False;False;False;True;False;False;False;True;False;False;False;False;False;True;False;False;False;True;False;False;0;0;0;False;0;0;0;-1;False;0;0;0;0;-1;0;0;0;0;0;0;0;0;0;0;0;0;0;0;0;0;0;-1;-1;-1;0;0;0;0;-1;0;0;0;0;0;0;0;0;0
1924;Gimnasia de Mendoza;144;15;36297;False;;;;;;;;;;;;;;;;;;;;;;;;GYE;-1;-1;Victor Antonio Legrotaglie;;-1;;262143;262143;262143;;;;;31522816;31522817;31522944;4294950912;4294950912;4294950912;4294950912;4294950912;4294950912;4294950912;5;16;38;63;63;63;0;4;7;2;1;2;63;63;63;5;16;38;-1;-1;-1;;;;63;63;63;False;False;False;True;False;False;False;False;False;False;False;False;False;True;False;False;False;True;False;False;0;0;0;False;0;0;0;-1;False;0;0;0;0;-1;0;0;0;0;0;0;0;0;0;0;0;0;0;0;0;0;0;-1;-1;-1;0;0;0;0;-1;0;0;0;0;0;0;0;0;0
1925;Estudiantes de Río Cuarto;144;15;100056;False;;;;;;;;;;;;;;;;;;;;;;;;AAE;-1;-1;Antonio Candini;;-1;;262143;262143;262143;;;;;31539200;31539201;31539328;4294950912;4294950912;4294950912;4294950912;4294950912;4294950912;4294950912;0;29;54;0;29;54;0;0;0;1;1;1;63;63;63;63;63;63;-1;-1;-1;;;;63;63;63;False;False;False;True;False;False;False;False;False;False;False;False;False;True;False;False;False;True;False;False;0;0;0;False;0;0;0;-1;False;0;0;0;0;-1;0;0;0;0;0;0;0;0;0;0;0;0;0;0;0;0;0;-1;-1;-1;0;0;0;0;-1;0;0;0;0;0;0;0;0;0
1926;Club Atlético Tigre;144;17;100706;False;;;;;;;;;;;;;;;;;;;;;;;;TIG;-1;-1;Estadio Jose Dellagiovanna;;-1;;5454;2730;262143;;;;;31555584;31555585;31555712;31555586;4294950912;4294950912;4294950912;4294950912;4294950912;4294950912;12;13;40;54;54;54;0;0;0;1;1;1;63;63;63;63;63;63;-1;-1;-1;;;;63;63;63;False;False;False;True;False;True;False;True;False;False;False;False;False;True;False;False;False;True;False;False;0;0;0;False;0;0;0;-1;False;0;0;0;0;-1;0;0;0;0;0;0;0;0;0;0;0;0;0;0;0;0;0;-1;-1;-1;0;0;0;0;-1;0;0;0;0;0;0;0;0;0
1927;CA Banfield;144;40;100226;False;;;;;;;;;;;;;;;;;;;;;;;;BAN;-1;-1;Florencio Sola;;-1;;1929;262143;2722;;;;;31571968;31571969;31572096;31571970;4294950912;4294950912;4294950912;4294950912;4294950912;4294950912;6;37;15;63;63;63;0;5;5;1;1;1;6;37;15;63;63;63;-1;-1;-1;;;;63;63;63;False;False;False;True;False;False;False;True;False;False;False;False;False;True;False;False;False;True;False;False;0;0;0;False;0;0;0;-1;False;0;0;0;0;-1;0;0;0;0;0;0;0;0;0;0;0;0;0;0;0;0;0;-1;-1;-1;0;0;0;0;-1;0;0;0;0;0;0;0;0;0
1929;Club Atlético Lanús;144;20;170;False;;;;;;;;;;;;;;;;;;;;;;;;LAN;-1;-1;La Fortaleza;;-1;;1927;262143;262143;;;;;31604736;31604737;31604864;4294950912;4294950912;4294950912;4294950912;4294950912;4294950912;4294950912;26;6;11;63;63;63;0;5;4;4;1;1;26;6;11;63;63;63;-1;-1;-1;;;;63;63;63;False;False;False;True;False;False;False;True;False;False;False;False;False;True;False;False;False;True;False;False;0;0;0;False;0;0;0;-1;False;0;0;0;0;-1;0;0;0;0;0;0;0;0;0;0;0;0;0;0;0;0;0;-1;-1;-1;0;0;0;0;-1;0;0;0;0;0;0;0;0;0
1930;Athletico Paranaense;146;42;101132;False;;;;;;;;;;;;;;;;;;;;;;;;CAP;-1;-1;Arena da Baixada;;-1;;1931;262143;262143;;;;;31621120;31621121;31621248;31621122;4294950912;4294950912;4294950912;4294950912;4294950912;4294950912;55;8;5;0;0;0;0;5;4;1;2;1;55;8;5;0;0;0;-1;-1;-1;;;;63;63;63;False;False;False;True;False;False;False;True;False;False;False;False;False;True;False;False;False;True;False;False;0;0;0;False;0;0;0;-1;False;0;0;0;0;-1;0;0;0;0;0;0;0;0;0;0;0;0;0;0;0;0;0;-1;-1;-1;0;0;0;0;-1;0;0;0;0;0;0;0;0;0
1931;Coritiba FC;146;15;100936;False;;;;;;;;;;;;;;;;;;;;;;;;CFC;-1;-1;Estadio Major Antonio Couto;;-1;;1930;262143;262143;;;;;31637504;31637505;31637632;4294950912;4294950912;4294950912;4294950912;4294950912;4294950912;4294950912;0;19;18;63;63;63;0;5;5;1;2;1;0;19;18;63;63;63;-1;-1;-1;;;;63;63;63;False;False;False;True;False;False;False;True;False;False;False;False;False;True;False;False;False;True;False;False;0;0;0;False;0;0;0;-1;False;0;0;0;0;-1;0;0;0;0;0;0;0;0;0;0;0;0;0;0;0;0;0;-1;-1;-1;0;0;0;0;-1;0;0;0;0;0;0;0;0;0
1933;Goiás EC;146;15;100953;False;;;;;;;;;;;;;;;;;;;;;;;;GOI;-1;-1;Serra Dourada;;-1;;2451;2468;262143;;;;;31670272;31670273;31670400;31670274;4294950912;4294950912;4294950912;4294950912;4294950912;4294950912;0;24;18;0;24;18;0;6;5;1;2;1;0;24;18;0;24;18;-1;-1;-1;;;;63;63;63;False;False;False;True;False;False;False;False;False;False;False;False;False;True;False;False;False;True;False;False;0;0;0;False;0;0;0;-1;False;0;0;0;0;-1;0;0;0;0;0;0;0;0;0;0;0;0;0;0;0;0;0;-1;-1;-1;0;0;0;0;-1;0;0;0;0;0;0;0;0;0
1935;Clube Náutico;146;15;100762;False;;;;;;;;;;;;;;;;;;;;;;;;NAU;-1;-1;Eladio de Barros Carvalho;;-1;;262143;262143;262143;;;;;31703040;31703041;31703168;4294950912;4294950912;4294950912;4294950912;4294950912;4294950912;4294950912;47;6;9;53;53;53;0;6;4;1;2;1;59;7;9;63;63;63;-1;-1;-1;;;;63;63;63;False;False;False;True;False;False;False;False;False;False;False;False;False;True;False;False;False;True;False;False;0;0;0;False;0;0;0;-1;False;0;0;0;0;-1;0;0;0;0;0;0;0;0;0;0;0;0;0;0;0;0;0;-1;-1;-1;0;0;0;0;-1;0;0;0;0;0;0;0;0;0
1936;Sport Recife;146;15;100954;False;;;;;;;;;;;;;;;;;;;;;;;;SPO;-1;-1;Ilha do Retiro;;-1;;2453;262143;262143;;;;;31719424;31719425;31719552;31719426;4294950912;4294950912;4294950912;4294950912;4294950912;4294950912;54;7;9;8;8;8;0;1;4;1;1;1;54;7;9;8;8;8;-1;-1;-1;;;;63;63;63;False;False;False;True;False;False;False;False;False;False;False;False;False;True;False;False;False;True;False;False;0;0;0;False;0;0;0;-1;False;0;0;0;0;-1;0;0;0;0;0;0;0;0;0;0;0;0;0;0;0;0;0;-1;-1;-1;0;0;0;0;-1;0;0;0;0;0;0;0;0;0
1937;EC Vitória;146;40;32;False;;;;;;;;;;;;;;;;;;;;;;;;VIT;-1;-1;Estadio Manoel Barradas;;-1;;2453;262143;262143;;;;;31735808;31735809;31735936;4294950912;4294950912;4294950912;4294950912;4294950912;4294950912;4294950912;50;13;13;10;10;10;0;5;4;1;2;7;59;11;9;0;0;0;-1;-1;-1;;;;63;63;63;False;False;False;True;False;False;False;True;False;False;False;False;False;True;False;False;False;True;False;False;0;0;0;False;0;0;0;-1;False;0;0;0;0;-1;0;0;0;0;0;0;0;0;0;0;0;0;0;0;0;0;0;-1;-1;-1;0;0;0;0;-1;0;0;0;0;0;0;0;0;0
1941;Rubin Kazan;230;29;101232;False;;;;;;;;;;;;;;;;;;;;;;;;RUB;-1;-1;Kazan Arena;;-1;;4143;262143;262143;;;;;31801344;31801345;31801472;31801346;4294950912;4294950912;4294950912;4294950912;4294950912;4294950912;10;10;10;53;53;53;0;0;0;1;1;1;48;5;16;63;63;63;-1;-1;-1;;;;63;63;63;False;False;False;True;False;False;False;True;False;False;False;False;False;True;False;False;False;True;False;False;0;0;0;False;0;0;0;-1;False;0;0;0;0;-1;0;0;0;0;0;0;0;0;0;0;0;0;0;0;0;0;0;-1;-1;-1;0;0;0;0;-1;0;0;0;0;0;0;0;0;0
1944;CD Nacional;228;45;311;False;;;;;;;;;;;;;;;;;;;;;;;;NAC;-1;-1;Estsdio da Madeira;;-1;;262143;262143;262143;;;;;31850496;31850497;31850624;4294950912;4294950912;4294950912;4294950912;4294950912;4294950912;4294950912;10;10;10;53;53;53;0;1;1;1;1;1;0;0;0;63;63;63;-1;-1;-1;;;;63;63;63;False;False;False;True;False;False;False;False;False;False;False;False;False;True;False;False;False;True;False;False;0;0;0;False;0;0;0;-1;False;0;0;0;0;-1;0;0;0;0;0;0;0;0;0;0;0;0;0;0;0;0;0;-1;-1;-1;0;0;0;0;-1;0;0;0;0;0;0;0;0;0
1945;Trabzonspor;190;20;102307;False;;;;;;;;;;;;;;;;;;;;;;;;TS;-1;-1;Medical Park Arena;;-1;;197;5361;5354;;;;;31866880;31866881;31867008;31866882;4294950912;4294950912;4294950912;4294950912;4294950912;4294950912;29;44;54;30;10;8;0;0;0;1;1;1;29;44;54;30;10;8;-1;-1;-1;;;;63;63;63;False;False;False;True;False;False;False;True;False;False;False;False;False;True;False;False;False;True;False;False;0;0;0;False;0;0;0;-1;False;0;0;0;0;-1;0;0;0;0;0;0;0;0;0;0;0;0;0;0;0;0;0;-1;-1;-1;0;0;0;0;-1;0;0;0;0;0;0;0;0;0
1948;Aris Thessaloniki;211;42;100355;False;;;;;;;;;;;;;;;;;;;;;;;;ARI;-1;-1;Kleanthis Vikelidis;;-1;;1212;262143;262143;;;;;31916032;31916033;31916160;31916034;4294950912;4294950912;4294950912;4294950912;4294950912;4294950912;61;51;18;61;51;18;0;0;0;1;1;1;63;63;63;63;63;63;-1;-1;-1;;;;63;63;63;False;False;False;True;False;True;False;True;False;False;False;False;False;True;False;False;False;True;False;False;0;0;0;False;0;0;0;-1;False;0;0;0;0;-1;0;0;0;0;0;0;0;0;0;0;0;0;0;0;0;0;0;-1;-1;-1;0;0;0;0;-1;0;0;0;0;0;0;0;0;0
1950;BSC Young Boys;238;20;101523;False;;;;;;;;;;;;;;;;;;;;;;;;YB;-1;-1;Stade de Suisse;;-1;;262143;1706;262143;;;;;31948800;31948801;31948928;31948802;4294950912;4294950912;4294950912;4294950912;4294950912;4294950912;63;52;0;0;0;0;0;1;0;1;1;10;63;52;0;0;0;0;-1;-1;-1;;;;63;63;63;False;False;False;True;False;False;False;True;False;False;False;False;False;True;False;False;False;True;False;False;0;0;0;False;0;0;0;-1;False;0;0;0;0;-1;0;0;0;0;0;0;0;0;0;0;0;0;0;0;0;0;0;-1;-1;-1;0;0;0;0;-1;0;0;0;0;0;0;0;0;0
1974;Sporting Braga;228;42;100693;False;;;;;;;;;;;;;;;;;;;;;;;;BRA;-1;-1;Estadio Municipal de Braga;;-1;;1804;262143;2387;;;;;32342016;32342017;32342144;32342018;4294950912;4294950912;4294950912;4294950912;4294950912;4294950912;50;10;8;55;55;55;0;1;8;1;1;14;50;10;8;63;63;63;-1;-1;-1;;;;63;63;63;False;False;False;True;False;False;False;True;False;False;False;False;False;True;False;False;False;True;False;False;0;0;0;False;0;0;0;-1;False;0;0;0;0;-1;0;0;0;0;0;0;0;0;0;0;0;0;0;0;0;0;0;-1;-1;-1;0;0;0;0;-1;0;0;0;0;0;0;0;0;0
1979;Rio Ave FC;228;45;309;False;;;;;;;;;;;;;;;;;;;;;;;;AVE;-1;-1;Estadio dos Arcos;;-1;;262143;262143;262143;;;;;32423936;32423937;32424064;4294950912;4294950912;4294950912;4294950912;4294950912;4294950912;4294950912;10;41;37;53;53;53;0;4;8;1;1;1;0;36;10;63;63;63;-1;-1;-1;;;;63;63;63;False;False;False;True;False;False;False;False;False;False;False;False;False;True;False;False;False;True;False;False;0;0;0;False;0;0;0;-1;False;0;0;0;0;-1;0;0;0;0;0;0;0;0;0;0;0;0;0;0;0;0;0;-1;-1;-1;0;0;0;0;-1;0;0;0;0;0;0;0;0;0
1985;Kilmarnock FC;232;47;100092;False;;;;;;;;;;;;;;;;;;;;;;;;KIL;-1;-1;Kilmarnock Football Club Shop;;-1;;262143;262143;262143;;;;;32522240;32522241;32522368;32522242;4294950912;4294950912;4294950912;4294950912;4294950912;4294950912;8;22;42;58;50;18;0;0;0;1;1;1;6;19;55;63;63;63;-1;-1;-1;;;;63;63;63;False;False;False;True;False;False;False;False;False;False;False;False;False;True;False;False;False;True;False;False;0;0;0;False;0;0;0;-1;False;0;0;0;0;-1;0;0;0;0;0;0;0;0;0;0;0;0;0;0;0;0;0;-1;-1;-1;0;0;0;0;-1;0;0;0;0;0;0;0;0;0
1986;Motherwell FC;232;47;101122;False;;;;;;;;;;;;;;;;;;;;;;;;MOT;-1;-1;Fir Park;;-1;;262143;262143;262143;;;;;32538624;32538625;32538752;4294950912;4294950912;4294950912;4294950912;4294950912;4294950912;4294950912;27;7;17;61;43;20;0;0;0;1;1;1;27;4;15;63;44;0;-1;-1;-1;;;;63;63;63;False;False;False;True;False;False;False;False;False;False;False;False;False;True;False;False;False;True;False;False;0;0;0;False;0;0;0;-1;False;0;0;0;0;-1;0;0;0;0;0;0;0;0;0;0;0;0;0;0;0;0;0;-1;-1;-1;0;0;0;0;-1;0;0;0;0;0;0;0;0;0
1987;St. Mirren FC;232;29;101228;False;;;;;;;;;;;;;;;;;;;;;;;;STM;-1;-1;St. Mirren Park;;-1;;1985;262143;262143;;;;;32555008;32555009;32555136;4294950912;4294950912;4294950912;4294950912;4294950912;4294950912;4294950912;0;0;0;63;63;63;0;0;0;1;1;1;0;0;0;63;63;63;-1;-1;-1;;;;63;63;63;False;False;False;True;False;False;False;True;False;False;False;False;False;True;False;False;False;True;False;False;0;0;0;False;0;0;0;-1;False;0;0;0;0;-1;0;0;0;0;0;0;0;0;0;0;0;0;0;0;0;0;0;-1;-1;-1;0;0;0;0;-1;0;0;0;0;0;0;0;0;0
1989;Antalyaspor;190;29;101342;False;;;;;;;;;;;;;;;;;;;;;;;;ANT;-1;-1;Antalya Stadyumu;;-1;;5202;262143;262143;;;;;32587776;32587777;32587904;32587778;4294950912;4294950912;4294950912;4294950912;4294950912;4294950912;63;0;0;63;63;63;0;0;0;1;1;1;63;0;0;63;63;63;-1;-1;-1;;;;63;63;63;False;False;False;True;False;False;False;True;False;False;False;False;False;True;False;False;False;True;False;False;0;0;0;False;0;0;0;-1;False;0;0;0;0;-1;0;0;0;0;0;0;0;0;0;0;0;0;0;0;0;0;0;-1;-1;-1;0;0;0;0;-1;0;0;0;0;0;0;0;0;0
1995;Istanbul Başakşehir FK;190;17;101335;False;;;;;;;;;;;;;;;;;;;;;;;;BFK;-1;-1;Fatih Terim Stadyumu;;-1;;273;262143;262143;;;;;32686080;32686081;32686208;32686082;4294950912;4294950912;4294950912;4294950912;4294950912;4294950912;63;32;3;0;4;10;0;1;8;1;2;2;63;63;63;63;32;3;-1;-1;-1;;;;63;63;63;False;False;False;True;False;False;False;True;False;False;False;False;False;True;False;False;False;True;False;False;0;0;0;False;0;0;0;-1;False;0;0;0;0;-1;0;0;0;0;0;0;0;0;0;0;0;0;0;0;0;0;0;-1;-1;-1;0;0;0;0;-1;0;0;0;0;0;0;0;0;0
1996;Kayserispor;190;13;100369;False;;;;;;;;;;;;;;;;;;;;;;;;KYS;-1;-1;Kayseri Kadir Has;;-1;;262143;262143;262143;;;;;32702464;32702465;32702592;32702466;4294950912;4294950912;4294950912;4294950912;4294950912;4294950912;63;50;2;58;7;8;0;0;0;1;1;1;63;50;2;58;7;8;-1;-1;-1;;;;63;63;63;False;False;False;True;False;False;False;False;False;False;False;False;False;True;False;False;False;True;False;False;0;0;0;False;0;0;0;-1;False;0;0;0;0;-1;0;0;0;0;0;0;0;0;0;0;0;0;0;0;0;0;0;-1;-1;-1;0;0;0;0;-1;0;0;0;0;0;0;0;0;0
2009;Cercle Brugge;197;29;35132;False;;;;;;;;;;;;;;;;;;;;;;;;CER;-1;-1;Jan Breydel Stadion;;-1;;269;262143;262143;;;;;32915456;32915457;32915584;32915458;4294950912;4294950912;4294950912;4294950912;4294950912;4294950912;4;39;17;0;0;0;0;0;0;1;1;1;4;39;17;0;0;0;-1;-1;-1;;;;63;63;63;False;False;False;True;False;False;False;True;False;False;False;False;False;True;False;False;False;True;False;False;0;0;0;False;0;0;0;-1;False;0;0;0;0;-1;0;0;0;0;0;0;0;0;0;0;0;0;0;0;0;0;0;-1;-1;-1;0;0;0;0;-1;0;0;0;0;0;0;0;0;0
2010;RSC Charleroi;197;42;102095;False;;;;;;;;;;;;;;;;;;;;;;;;CHA;-1;-1;Stade du Pays de Charleroi;;-1;;1197;262143;262143;;;;;32931840;32931841;32931968;32931842;4294950912;4294950912;4294950912;4294950912;4294950912;4294950912;0;0;0;63;63;63;0;0;0;1;1;1;0;0;0;63;63;63;-1;-1;-1;;;;63;63;63;False;False;False;True;False;False;False;True;False;False;False;False;False;True;False;False;False;True;False;False;0;0;0;False;0;0;0;-1;False;0;0;0;0;-1;0;0;0;0;0;0;0;0;0;0;0;0;0;0;0;0;0;-1;-1;-1;0;0;0;0;-1;0;0;0;0;0;0;0;0;0
2019;Zulte Waregem;197;47;517;False;;;;;;;;;;;;;;;;;;;;;;;;ZW;-1;-1;Elindus Arena;;-1;;262143;262143;262143;;;;;33079296;33079297;33079424;33079298;4294950912;4294950912;4294950912;4294950912;4294950912;4294950912;49;5;11;9;12;20;0;0;0;1;1;1;51;5;15;2;33;14;-1;-1;-1;;;;63;63;63;False;False;False;True;False;False;False;False;False;False;False;False;False;True;False;False;False;True;False;False;0;0;0;False;0;0;0;-1;False;0;0;0;0;-1;0;0;0;0;0;0;0;0;0;0;0;0;0;0;0;0;0;-1;-1;-1;0;0;0;0;-1;0;0;0;0;0;0;0;0;0
2020;Asteras Tripolis;211;29;90011;False;;;;;;;;;;;;;;;;;;;;;;;;AST;-1;-1;Theodoros Kolokotronis;;-1;;262143;262143;262143;;;;;33095680;33095681;33095808;33095682;4294950912;4294950912;4294950912;4294950912;4294950912;4294950912;7;20;38;53;53;53;0;0;0;1;1;1;63;63;63;63;63;63;-1;-1;-1;;;;63;63;63;False;False;False;True;False;True;False;False;False;False;False;False;False;True;False;False;False;True;False;False;0;0;0;False;0;0;0;-1;False;0;0;0;0;-1;0;0;0;0;0;0;0;0;0;0;0;0;0;0;0;0;0;-1;-1;-1;0;0;0;0;-1;0;0;0;0;0;0;0;0;0
2024;APO Levadiakos;211;29;90013;False;;;;;;;;;;;;;;;;;;;;;;;;LEV;-1;-1;Stadio Livadias;;-1;;262143;262143;262143;;;;;33161216;33161217;33161344;33161218;4294950912;4294950912;4294950912;4294950912;4294950912;4294950912;2;26;8;53;53;53;0;0;0;1;1;1;63;63;63;63;63;63;-1;-1;-1;;;;63;63;63;False;False;False;True;False;True;False;False;False;False;False;False;False;True;False;False;False;True;False;False;0;0;0;False;0;0;0;-1;False;0;0;0;0;-1;0;0;0;0;0;0;0;0;0;0;0;0;0;0;0;0;0;-1;-1;-1;0;0;0;0;-1;0;0;0;0;0;0;0;0;0
2025;OFI Crete;211;29;100090;False;;;;;;;;;;;;;;;;;;;;;;;;OFI;-1;-1;Genti Koule;;-1;;262143;262143;262143;;;;;33177600;33177601;33177728;33177602;4294950912;4294950912;4294950912;4294950912;4294950912;4294950912;53;53;53;10;10;10;0;0;0;1;1;1;63;63;63;63;63;63;-1;-1;-1;;;;63;63;63;False;False;False;True;False;True;False;False;False;False;False;False;False;True;False;False;False;True;False;False;0;0;0;False;0;0;0;-1;False;0;0;0;0;-1;0;0;0;0;0;0;0;0;0;0;0;0;0;0;0;0;0;-1;-1;-1;0;0;0;0;-1;0;0;0;0;0;0;0;0;0
2067;Aarhus GF;203;29;100032;False;;;;;;;;;;;;;;;;;;;;;;;;AGF;-1;-1;NRGI Park;;-1;;2071;1832;262143;;;;;33865728;33865729;33865856;4294950912;4294950912;4294950912;4294950912;4294950912;4294950912;4294950912;63;63;63;12;13;20;0;0;0;1;1;1;63;63;63;12;13;20;-1;-1;-1;;;;63;63;63;False;False;False;True;False;False;False;True;False;False;False;False;False;True;False;False;False;True;False;False;0;0;0;False;0;0;0;-1;False;0;0;0;0;-1;0;0;0;0;0;0;0;0;0;0;0;0;0;0;0;0;0;-1;-1;-1;0;0;0;0;-1;0;0;0;0;0;0;0;0;0
2069;FC Midtjylland;203;47;101291;False;;;;;;;;;;;;;;;;;;;;;;;;FCM;-1;-1;SAS Arena;;-1;;5237;5225;262143;;;;;33898496;33898497;33898624;4294950912;4294950912;4294950912;4294950912;4294950912;4294950912;4294950912;0;0;0;49;5;7;0;0;0;1;1;1;0;0;0;49;5;7;-1;-1;-1;;;;63;63;63;False;False;False;True;False;False;False;True;False;False;False;False;False;True;False;False;False;True;False;False;0;0;0;False;0;0;0;-1;False;0;0;0;0;-1;0;0;0;0;0;0;0;0;0;0;0;0;0;0;0;0;0;-1;-1;-1;0;0;0;0;-1;0;0;0;0;0;0;0;0;0
2070;Odense Boldklub;203;47;36630;False;;;;;;;;;;;;;;;;;;;;;;;;OB;-1;-1;Nature Energy Park;;-1;;5229;262143;262143;;;;;33914880;33914881;33915008;4294950912;4294950912;4294950912;4294950912;4294950912;4294950912;4294950912;4;19;35;4;19;35;0;0;0;1;1;1;63;63;63;0;21;37;-1;-1;-1;;;;63;63;63;False;False;False;True;False;False;False;True;False;False;False;False;False;True;False;False;False;True;False;False;0;0;0;False;0;0;0;-1;False;0;0;0;0;-1;0;0;0;0;0;0;0;0;0;0;0;0;0;0;0;0;0;-1;-1;-1;0;0;0;0;-1;0;0;0;0;0;0;0;0;0
2071;Randers FC;203;20;1180;False;;;;;;;;;;;;;;;;;;;;;;;;RFC;-1;-1;Essex Park;;-1;;2067;262143;262143;;;;;33931264;33931265;33931392;4294950912;4294950912;4294950912;4294950912;4294950912;4294950912;4294950912;32;48;63;63;63;63;0;0;0;1;1;1;32;48;63;63;63;63;-1;-1;-1;;;;63;63;63;False;False;False;True;False;False;False;True;False;False;False;False;False;True;False;False;False;True;False;False;0;0;0;False;0;0;0;-1;False;0;0;0;0;-1;0;0;0;0;0;0;0;0;0;0;0;0;0;0;0;0;0;-1;-1;-1;0;0;0;0;-1;0;0;0;0;0;0;0;0;0
2078;LASK Linz;194;45;100652;False;;;;;;;;;;;;;;;;;;;;;;;;ASK;-1;-1;Raiffeisen Arena;;-1;;262143;262143;262143;;;;;34045952;34045953;34046080;4294950912;4294950912;4294950912;4294950912;4294950912;4294950912;4294950912;10;10;10;55;55;55;0;0;0;1;1;1;63;63;63;63;63;63;-1;-1;-1;;;;63;63;63;False;False;False;True;False;False;False;False;False;False;False;False;False;True;False;False;False;True;False;False;0;0;0;False;0;0;0;-1;False;0;0;0;0;-1;0;0;0;0;0;0;0;0;0;0;0;0;0;0;0;0;0;-1;-1;-1;0;0;0;0;-1;0;0;0;0;0;0;0;0;0
2081;SK Sturm Graz;194;29;100034;False;;;;;;;;;;;;;;;;;;;;;;;;STU;-1;-1;Liebenauer Stadium;;-1;;262143;262143;262143;;;;;34095104;34095105;34095232;34095106;4294950912;4294950912;4294950912;4294950912;4294950912;4294950912;55;55;55;10;10;10;0;0;0;1;1;1;63;63;63;63;63;63;-1;-1;-1;;;;63;63;63;False;False;False;True;False;False;False;False;False;False;False;False;False;True;False;False;False;True;False;False;0;0;0;False;0;0;0;-1;False;0;0;0;0;-1;0;0;0;0;0;0;0;0;0;0;0;0;0;0;0;0;0;-1;-1;-1;0;0;0;0;-1;0;0;0;0;0;0;0;0;0
2092;FC RFS;217;15;101119;False;;;;;;;;;;;;;;;;;;;;;;;;RFS;-1;-1;LNK Sporta parks;;-1;;262143;262143;262143;;;;;34275328;34275329;34275456;34275330;4294950912;4294950912;4294950912;4294950912;4294950912;4294950912;7;20;38;7;20;38;0;0;0;1;1;1;63;63;63;63;63;63;-1;-1;-1;;;;63;63;63;False;False;False;True;False;False;False;False;False;False;False;False;False;True;False;False;False;True;False;False;0;0;0;False;0;0;0;-1;False;0;0;0;0;-1;0;0;0;0;0;0;0;0;0;0;0;0;0;0;0;0;0;-1;-1;-1;0;0;0;0;-1;0;0;0;0;0;0;0;0;0
2126;Lech Poznan;227;29;100168;False;;;;;;;;;;;;;;;;;;;;;;;;LPO;-1;-1;Stadion Pozna;;-1;;262143;262143;262143;;;;;34832384;34832385;34832512;34832386;4294950912;4294950912;4294950912;4294950912;4294950912;4294950912;55;55;55;4;19;39;0;0;0;1;1;1;63;63;63;63;63;63;-1;-1;-1;;;;63;63;63;False;False;False;True;False;False;False;False;False;False;False;False;False;True;False;False;False;True;False;False;0;0;0;False;0;0;0;-1;False;0;0;0;0;-1;0;0;0;0;0;0;0;0;0;0;0;0;0;0;0;0;0;-1;-1;-1;0;0;0;0;-1;0;0;0;0;0;0;0;0;0
2178;APOEL Nicosia;201;20;90006;False;;;;;;;;;;;;;;;;;;;;;;;;APO;-1;-1;GSP Stadium;;-1;;262143;262143;262143;;;;;35684352;35684353;35684480;35684354;4294950912;4294950912;4294950912;4294950912;4294950912;4294950912;63;51;4;11;14;36;0;0;0;1;1;1;63;63;63;63;63;63;-1;-1;-1;;;;63;63;63;False;False;False;True;False;False;False;False;False;False;False;False;False;True;False;False;False;True;False;False;0;0;0;False;0;0;0;-1;False;0;0;0;0;-1;0;0;0;0;0;0;0;0;0;0;0;0;0;0;0;0;0;-1;-1;-1;0;0;0;0;-1;0;0;0;0;0;0;0;0;0
2185;Omonia Nicosia;201;13;100070;False;;;;;;;;;;;;;;;;;;;;;;;;OMO;-1;-1;GSP Stadium;;-1;;262143;262143;262143;;;;;35799040;35799041;35799168;35799042;4294950912;4294950912;4294950912;4294950912;4294950912;4294950912;11;34;21;43;12;12;0;0;0;1;1;1;63;63;63;63;63;63;-1;-1;-1;;;;63;63;63;False;False;False;True;False;False;False;False;False;False;False;False;False;True;False;False;False;True;False;False;0;0;0;False;0;0;0;-1;False;0;0;0;0;-1;0;0;0;0;0;0;0;0;0;0;0;0;0;0;0;0;0;-1;-1;-1;0;0;0;0;-1;0;0;0;0;0;0;0;0;0
2187;Girona FC;236;44;172;False;;;;;;;;;;;;;;;;;;;;;;;;GIR;-1;-1;Estadi Montilivi;;-1;;262143;262143;262143;;;;;35831808;35831809;35831936;35831810;4294950912;4294950912;4294950912;4294950912;4294950912;4294950912;60;3;10;55;55;55;0;2;4;1;1;1;60;3;10;63;63;63;-1;-1;-1;;;;63;63;63;False;False;False;True;False;False;False;False;False;False;False;False;False;True;False;False;False;True;False;False;0;0;0;False;0;0;0;-1;False;0;0;0;0;-1;0;0;0;0;0;0;0;0;0;0;0;0;0;0;0;0;0;-1;-1;-1;0;0;0;0;-1;0;0;0;0;0;0;0;0;0
2188;SD Huesca;236;29;100699;False;;;;;;;;;;;;;;;;;;;;;;;;HUE;-1;-1;El Alcoraz;;-1;;268;262143;262143;;;;;35848192;35848193;35848320;35848194;4294950912;4294950912;4294950912;4294950912;4294950912;4294950912;1;4;15;21;0;0;0;0;0;1;1;1;1;4;15;21;0;0;-1;-1;-1;;;;63;63;63;False;False;False;True;False;False;False;False;False;False;False;False;False;True;False;False;False;True;False;False;0;0;0;False;0;0;0;-1;False;0;0;0;0;-1;0;0;0;0;0;0;0;0;0;0;0;0;0;0;0;0;0;-1;-1;-1;0;0;0;0;-1;0;0;0;0;0;0;0;0;0
2191;Universidad Católica;147;44;100264;False;;;;;;;;;;;;;;;;;;;;;;;;UC;-1;-1;San Carlos de Apoquindo;;-1;;2209;1256;262143;;;;;35897344;35897345;35897472;35897346;4294950912;4294950912;4294950912;4294950912;4294950912;4294950912;3;23;41;63;63;63;0;5;8;1;1;1;3;23;41;63;63;63;-1;-1;-1;;;;63;63;63;False;False;False;True;False;False;False;True;False;False;False;False;False;True;False;False;False;True;False;False;0;0;0;False;0;0;0;-1;False;0;0;0;0;-1;0;0;0;0;0;0;0;0;0;0;0;0;0;0;0;0;0;-1;-1;-1;0;0;0;0;-1;0;0;0;0;0;0;0;0;0
2192;Audax Italiano;147;15;318;False;;;;;;;;;;;;;;;;;;;;;;;;AUD;-1;-1;Municipal de La Florida;;-1;;2548;2360;262143;;;;;35913728;35913729;35913856;35913730;4294950912;4294950912;4294950912;4294950912;4294950912;4294950912;0;33;22;63;63;63;0;5;1;2;1;1;0;33;22;63;63;63;-1;-1;-1;;;;63;63;63;False;False;False;True;False;False;False;True;False;False;False;False;False;True;False;False;False;True;False;False;0;0;0;False;0;0;0;-1;False;0;0;0;0;-1;0;0;0;0;0;0;0;0;0;0;0;0;0;0;0;0;0;-1;-1;-1;0;0;0;0;-1;0;0;0;0;0;0;0;0;0
2193;Atlético Nacional;148;55;100045;False;;;;;;;;;;;;;;;;;;;;;;;;NAC;-1;-1;Atanasio Girardot;;-1;;1258;2650;2210;;;;;35930112;35930113;35930240;35930114;4294950912;4294950912;4294950912;4294950912;4294950912;4294950912;0;35;19;53;53;53;0;6;3;1;1;1;0;35;19;63;63;63;-1;-1;-1;;;;63;63;63;False;False;False;True;False;False;False;True;False;False;False;False;False;True;False;False;False;True;False;False;0;0;0;False;0;0;0;-1;False;0;0;0;0;-1;0;0;0;0;0;0;0;0;0;0;0;0;0;0;0;0;0;-1;-1;-1;0;0;0;0;-1;0;0;0;0;0;0;0;0;0
2195;Boyacá Chicó FC;148;47;197;False;;;;;;;;;;;;;;;;;;;;;;;;CHI;-1;-1;Estadio de la Independencia;;-1;;262143;262143;262143;;;;;35962880;35962881;35963008;4294950912;4294950912;4294950912;4294950912;4294950912;4294950912;4294950912;8;21;39;1;6;14;0;0;0;1;1;1;63;29;3;7;5;24;-1;-1;-1;;;;63;63;63;False;False;False;True;False;False;False;False;False;False;False;False;False;True;False;False;False;True;False;False;0;0;0;False;0;0;0;-1;False;0;0;0;0;-1;0;0;0;0;0;0;0;0;0;0;0;0;0;0;0;0;0;-1;-1;-1;0;0;0;0;-1;0;0;0;0;0;0;0;0;0
2198;Club Libertad;150;29;100162;False;;;;;;;;;;;;;;;;;;;;;;;;LIB;-1;-1;Estadio Dr. Nicolas Leoz;;-1;;262143;262143;262143;;;;;36012032;36012033;36012160;36012034;4294950912;4294950912;4294950912;4294950912;4294950912;4294950912;0;0;0;63;63;63;0;0;0;1;1;1;63;63;63;63;63;63;-1;-1;-1;;;;63;63;63;False;False;False;True;False;False;False;False;False;False;False;False;False;True;False;False;False;True;False;False;0;0;0;False;0;0;0;-1;False;0;0;0;0;-1;0;0;0;0;0;0;0;0;0;0;0;0;0;0;0;0;0;-1;-1;-1;0;0;0;0;-1;0;0;0;0;0;0;0;0;0
2208;CD Everton;147;15;101866;False;;;;;;;;;;;;;;;;;;;;;;;;EVE;-1;-1;Sausalito;;-1;;262143;262143;262143;;;;;36175872;36175873;36176000;4294950912;4294950912;4294950912;4294950912;4294950912;4294950912;4294950912;3;14;25;63;48;9;0;0;0;1;1;1;3;14;25;63;48;9;-1;-1;-1;;;;63;63;63;False;False;False;True;False;False;False;False;False;False;False;False;False;True;False;False;False;True;False;False;0;0;0;False;0;0;0;-1;False;0;0;0;0;-1;0;0;0;0;0;0;0;0;0;0;0;0;0;0;0;0;0;-1;-1;-1;0;0;0;0;-1;0;0;0;0;0;0;0;0;0
2209;Universidad de Chile;147;29;101079;False;;;;;;;;;;;;;;;;;;;;;;;;UCH;-1;-1;Nacional de Chile;;-1;;1256;2191;262143;;;;;36192256;36192257;36192384;36192258;4294950912;4294950912;4294950912;4294950912;4294950912;4294950912;1;18;34;54;4;5;0;7;4;1;1;2;63;63;63;1;18;34;-1;-1;-1;;;;63;63;63;False;False;False;True;False;False;False;True;False;False;False;False;False;True;False;False;False;True;False;False;0;0;0;False;0;0;0;-1;False;0;0;0;0;-1;0;0;0;0;0;0;0;0;0;0;0;0;0;0;0;0;0;-1;-1;-1;0;0;0;0;-1;0;0;0;0;0;0;0;0;0
2210;Independiente Medellín;148;55;21;False;;;;;;;;;;;;;;;;;;;;;;;;MED;-1;-1;Atanasio Girardot;;-1;;2193;2652;2657;;;;;36208640;36208641;36208768;36208642;4294950912;4294950912;4294950912;4294950912;4294950912;4294950912;54;3;11;1;16;29;0;0;0;1;1;1;54;3;11;1;16;29;-1;-1;-1;;;;63;63;63;False;False;False;True;False;False;False;True;False;False;False;False;False;True;False;False;False;True;False;False;0;0;0;False;0;0;0;-1;False;0;0;0;0;-1;0;0;0;0;0;0;0;0;0;0;0;0;0;0;0;0;0;-1;-1;-1;0;0;0;0;-1;0;0;0;0;0;0;0;0;0
2215;Universitario de Deportes;151;15;505;False;;;;;;;;;;;;;;;;;;;;;;;;UNI;-1;-1;Estadio Monumental U;;-1;;262143;262143;262143;;;;;36290560;36290561;36290688;36290562;4294950912;4294950912;4294950912;4294950912;4294950912;4294950912;54;3;5;62;59;53;0;1;1;1;2;1;54;3;5;62;59;53;-1;-1;-1;;;;63;63;63;False;False;False;True;False;False;False;False;False;False;False;False;False;True;False;False;False;True;False;False;0;0;0;False;0;0;0;-1;False;0;0;0;0;-1;0;0;0;0;0;0;0;0;0;0;0;0;0;0;0;0;0;-1;-1;-1;0;0;0;0;-1;0;0;0;0;0;0;0;0;0
2216;Sporting Cristal;151;44;243;False;;;;;;;;;;;;;;;;;;;;;;;;SC;-1;-1;Estadio Alberto Gallardo;;-1;;262143;262143;262143;;;;;36306944;36306945;36307072;36306946;4294950912;4294950912;4294950912;4294950912;4294950912;4294950912;0;42;57;63;63;63;0;5;6;1;2;2;63;63;63;0;42;57;-1;-1;-1;;;;63;63;63;False;False;False;True;False;False;False;False;False;False;False;False;False;True;False;False;False;True;False;False;0;0;0;False;0;0;0;-1;False;0;0;0;0;-1;0;0;0;0;0;0;0;0;0;0;0;0;0;0;0;0;0;-1;-1;-1;0;0;0;0;-1;0;0;0;0;0;0;0;0;0
2218;Deportivo Táchira;153;29;1203;False;;;;;;;;;;;;;;;;;;;;;;;;DEP;-1;-1;Estadio Luis Franzini;;-1;;262143;262143;262143;;;;;36339712;36339713;36339840;4294950912;4294950912;4294950912;4294950912;4294950912;4294950912;4294950912;63;55;8;0;0;0;0;0;0;1;1;1;63;63;63;63;63;63;-1;-1;-1;;;;63;63;63;False;False;False;True;False;False;False;False;False;False;False;False;False;True;False;False;False;True;False;False;0;0;0;False;0;0;0;-1;False;0;0;0;0;-1;0;0;0;0;0;0;0;0;0;0;0;0;0;0;0;0;0;-1;-1;-1;0;0;0;0;-1;0;0;0;0;0;0;0;0;0
2229;FK Rostov;230;40;27;False;;;;;;;;;;;;;;;;;;;;;;;;FCR;-1;-1;Rostov Arena;;-1;;262143;262143;262143;;;;;36519936;36519937;36520064;36519938;4294950912;4294950912;4294950912;4294950912;4294950912;4294950912;6;20;39;63;58;1;0;0;0;1;1;1;6;20;39;63;58;1;-1;-1;-1;;;;63;63;63;False;False;False;True;False;False;False;False;False;False;False;False;False;True;False;False;False;True;False;False;0;0;0;False;0;0;0;-1;False;0;0;0;0;-1;0;0;0;0;0;0;0;0;0;0;0;0;0;0;0;0;0;-1;-1;-1;0;0;0;0;-1;0;0;0;0;0;0;0;0;0
2283;Bolívar La Paz;145;29;1179;False;;;;;;;;;;;;;;;;;;;;;;;;BOL;-1;-1;Libertador Simon Bolivar;;-1;;262143;262143;262143;;;;;37404672;37404673;37404800;4294950912;4294950912;4294950912;4294950912;4294950912;4294950912;4294950912;16;41;54;0;18;32;0;0;0;1;1;1;63;63;63;63;63;63;-1;-1;-1;;;;63;63;63;False;False;False;True;False;False;False;False;False;False;False;False;False;True;False;False;False;True;False;False;0;0;0;False;0;0;0;-1;False;0;0;0;0;-1;0;0;0;0;0;0;0;0;0;0;0;0;0;0;0;0;0;-1;-1;-1;0;0;0;0;-1;0;0;0;0;0;0;0;0;0
2284;Once Caldas;148;15;509;False;;;;;;;;;;;;;;;;;;;;;;;;ONC;-1;-1;Palogrande;;-1;;5370;262143;262143;;;;;37421056;37421057;37421184;37421058;4294950912;4294950912;4294950912;4294950912;4294950912;4294950912;53;53;53;8;10;23;0;0;0;1;1;1;63;63;63;8;10;23;-1;-1;-1;;;;63;63;63;False;False;False;True;False;False;False;True;False;False;False;False;False;True;False;False;False;True;False;False;0;0;0;False;0;0;0;-1;False;0;0;0;0;-1;0;0;0;0;0;0;0;0;0;0;0;0;0;0;0;0;0;-1;-1;-1;0;0;0;0;-1;0;0;0;0;0;0;0;0;0
2285;Junior FC;148;54;159;False;;;;;;;;;;;;;;;;;;;;;;;;JUN;-1;-1;Roberto Melendez;;-1;;262143;262143;262143;;;;;37437440;37437441;37437568;4294950912;4294950912;4294950912;4294950912;4294950912;4294950912;4294950912;63;11;13;63;63;63;0;0;0;1;1;1;63;11;13;63;63;63;-1;-1;-1;;;;63;63;63;False;False;False;True;False;False;False;False;False;False;False;False;False;True;False;False;False;True;False;False;0;0;0;False;0;0;0;-1;False;0;0;0;0;-1;0;0;0;0;0;0;0;0;0;0;0;0;0;0;0;0;0;-1;-1;-1;0;0;0;0;-1;0;0;0;0;0;0;0;0;0
2287;Club Alianza Lima;151;20;101980;False;;;;;;;;;;;;;;;;;;;;;;;;ALI;-1;-1;Estadio Alejandro Villanueva;;-1;;262143;262143;262143;;;;;37470208;37470209;37470336;37470210;4294950912;4294950912;4294950912;4294950912;4294950912;4294950912;4;14;27;63;63;63;0;5;8;1;1;2;4;14;27;63;63;63;-1;-1;-1;;;;63;63;63;False;False;False;True;False;False;False;False;False;False;False;False;False;True;False;False;False;True;False;False;0;0;0;False;0;0;0;-1;False;0;0;0;0;-1;0;0;0;0;0;0;0;0;0;0;0;0;0;0;0;0;0;-1;-1;-1;0;0;0;0;-1;0;0;0;0;0;0;0;0;0
2320;Calcio Padova;215;29;100812;False;;;;;;;;;;;;;;;;;;;;;;;;PAD;-1;-1;Stadio Euganeo;;-1;;336;262143;262143;;;;;38010880;38010881;38011008;38010882;4294950912;4294950912;4294950912;4294950912;4294950912;4294950912;43;6;6;53;53;53;0;0;0;1;1;1;63;63;63;63;63;63;-1;-1;-1;;;;63;63;63;False;False;False;True;False;False;False;False;False;False;False;False;False;True;False;False;False;True;False;False;0;0;0;False;0;0;0;-1;False;0;0;0;0;-1;0;0;0;0;0;0;0;0;0;0;0;0;0;0;0;0;0;-1;-1;-1;0;0;0;0;-1;0;0;0;0;0;0;0;0;0
2360;Universidad de Concepción;147;40;101525;False;;;;;;;;;;;;;;;;;;;;;;;;UCO;-1;-1;Ester Roa Rebolledo;;-1;;262143;262143;262143;;;;;38666240;38666241;38666368;4294950912;4294950912;4294950912;4294950912;4294950912;4294950912;4294950912;50;0;0;60;54;3;0;5;4;2;1;1;50;0;0;60;54;3;-1;-1;-1;;;;63;63;63;False;False;False;True;False;False;False;False;False;False;False;False;False;True;False;False;False;True;False;False;0;0;0;False;0;0;0;-1;False;0;0;0;0;-1;0;0;0;0;0;0;0;0;0;0;0;0;0;0;0;0;0;-1;-1;-1;0;0;0;0;-1;0;0;0;0;0;0;0;0;0
2361;Deportes Tolima;148;29;101104;False;;;;;;;;;;;;;;;;;;;;;;;;TOL;-1;-1;Murillo Toro;;-1;;262143;262143;262143;;;;;38682624;38682625;38682752;38682626;4294950912;4294950912;4294950912;4294950912;4294950912;4294950912;47;9;11;61;45;6;0;0;0;1;1;1;47;9;11;61;45;6;-1;-1;-1;;;;63;63;63;False;False;False;True;False;False;False;False;False;False;False;False;False;True;False;False;False;True;False;False;0;0;0;False;0;0;0;-1;False;0;0;0;0;-1;0;0;0;0;0;0;0;0;0;0;0;0;0;0;0;0;0;-1;-1;-1;0;0;0;0;-1;0;0;0;0;0;0;0;0;0
2372;Machida Zelvia;13;20;102269;False;;;;;;;;;;;;;;;;;;;;;;;;ZEL;-1;-1;Machida GION Stadium;;-1;;262143;262143;262143;;;;;38862848;38862849;38862976;4294950912;4294950912;4294950912;4294950912;4294950912;4294950912;4294950912;9;16;31;45;8;10;0;0;0;1;1;1;63;63;63;63;63;63;-1;-1;-1;;;;63;63;63;False;False;False;True;False;True;False;False;False;False;False;False;False;True;False;False;False;True;False;False;0;0;0;False;0;0;0;-1;False;0;0;0;0;-1;0;0;0;0;0;0;0;0;0;0;0;0;0;0;0;0;0;-1;-1;-1;0;0;0;0;-1;0;0;0;0;0;0;0;0;0
2373;V-Varen Nagasaki;13;15;1215;False;;;;;;;;;;;;;;;;;;;;;;;;VVN;-1;-1;Peace Stadium;;-1;;262143;262143;262143;;;;;38879232;38879233;38879360;4294950912;4294950912;4294950912;4294950912;4294950912;4294950912;4294950912;9;16;38;59;28;3;0;0;0;1;1;1;63;63;63;63;63;63;-1;-1;-1;;;;63;63;63;False;False;False;True;False;True;False;False;False;False;False;False;False;True;False;False;False;True;False;False;0;0;0;False;0;0;0;-1;False;0;0;0;0;-1;0;0;0;0;0;0;0;0;0;0;0;0;0;0;0;0;0;-1;-1;-1;0;0;0;0;-1;0;0;0;0;0;0;0;0;0
2375;Ferencváros TC;212;13;131344;False;;;;;;;;;;;;;;;;;;;;;;;;FTC;-1;-1;Groupama Arena;;-1;;262143;262143;262143;;;;;38912000;38912001;38912128;38912002;4294950912;4294950912;4294950912;4294950912;4294950912;4294950912;0;27;14;55;55;55;0;0;0;1;1;1;63;63;63;63;63;63;-1;-1;-1;;;;63;63;63;False;False;False;True;False;False;False;False;False;False;False;False;False;True;False;False;False;True;False;False;0;0;0;False;0;0;0;-1;False;0;0;0;0;-1;0;0;0;0;0;0;0;0;0;0;0;0;0;0;0;0;0;-1;-1;-1;0;0;0;0;-1;0;0;0;0;0;0;0;0;0
2380;FC Arouca;228;40;22;False;;;;;;;;;;;;;;;;;;;;;;;;FCA;-1;-1;Estadio Municipal de Arouca;;-1;;262143;262143;262143;;;;;38993920;38993921;38994048;38993922;4294950912;4294950912;4294950912;4294950912;4294950912;4294950912;59;55;8;7;36;63;0;0;0;1;1;1;63;63;63;63;63;63;-1;-1;-1;;;;63;63;63;False;False;False;True;False;True;False;False;False;False;False;False;False;True;False;False;False;True;False;False;0;0;0;False;0;0;0;-1;False;0;0;0;0;-1;0;0;0;0;0;0;0;0;0;0;0;0;0;0;0;0;0;-1;-1;-1;0;0;0;0;-1;0;0;0;0;0;0;0;0;0
2383;GD Estoril Praia;228;45;12;False;;;;;;;;;;;;;;;;;;;;;;;;EST;-1;-1;Estadio Antonio Coimbra da Mota;;-1;;262143;262143;262143;;;;;39043072;39043073;39043200;39043074;4294950912;4294950912;4294950912;4294950912;4294950912;4294950912;28;46;59;57;49;12;0;0;0;1;1;1;63;63;63;63;63;63;-1;-1;-1;;;;63;63;63;False;False;False;True;False;True;False;False;False;False;False;False;False;True;False;False;False;True;False;False;0;0;0;False;0;0;0;-1;False;0;0;0;0;-1;0;0;0;0;0;0;0;0;0;0;0;0;0;0;0;0;0;-1;-1;-1;0;0;0;0;-1;0;0;0;0;0;0;0;0;0
2387;Gil Vicente FC;228;42;218;False;;;;;;;;;;;;;;;;;;;;;;;;GIL;-1;-1;Estadio Cidade de Barcelos;;-1;;1974;1804;5028;;;;;39108608;39108609;39108736;39108610;4294950912;4294950912;4294950912;4294950912;4294950912;4294950912;2;18;34;47;1;3;0;5;4;1;1;1;63;63;63;63;63;63;-1;-1;-1;;;;63;63;63;False;False;False;True;False;False;False;True;False;False;False;False;False;True;False;False;False;True;False;False;0;0;0;False;0;0;0;-1;False;0;0;0;0;-1;0;0;0;0;0;0;0;0;0;0;0;0;0;0;0;0;0;-1;-1;-1;0;0;0;0;-1;0;0;0;0;0;0;0;0;0
2388;Moreirense FC;228;29;39;False;;;;;;;;;;;;;;;;;;;;;;;;MOR;-1;-1;C. J. de Almeida Freitas;;-1;;262143;262143;262143;;;;;39124992;39124993;39125120;39124994;4294950912;4294950912;4294950912;4294950912;4294950912;4294950912;62;19;34;53;53;53;0;5;1;3;1;15;5;23;9;63;63;63;-1;-1;-1;;;;63;63;63;False;False;False;True;False;False;False;False;False;False;False;False;False;True;False;False;False;True;False;False;0;0;0;False;0;0;0;-1;False;0;0;0;0;-1;0;0;0;0;0;0;0;0;0;0;0;0;0;0;0;0;0;-1;-1;-1;0;0;0;0;-1;0;0;0;0;0;0;0;0;0
2391;CD Santa Clara;228;40;100671;False;;;;;;;;;;;;;;;;;;;;;;;;SAN;-1;-1;Estadio de Sao Miguel;;-1;;262143;262143;262143;;;;;39174144;39174145;39174272;4294950912;4294950912;4294950912;4294950912;4294950912;4294950912;4294950912;52;5;5;1;30;18;0;0;0;1;1;1;52;5;5;1;30;18;-1;-1;-1;;;;63;63;63;False;False;False;True;False;False;False;False;False;False;False;False;False;True;False;False;False;True;False;False;0;0;0;False;0;0;0;-1;False;0;0;0;0;-1;0;0;0;0;0;0;0;0;0;0;0;0;0;0;0;0;0;-1;-1;-1;0;0;0;0;-1;0;0;0;0;0;0;0;0;0
2450;América Mineiro;146;15;100348;False;;;;;;;;;;;;;;;;;;;;;;;;AME;-1;-1;Independencia;;-1;;1245;274;262143;;;;;40140800;40140801;40140928;40140802;4294950912;4294950912;4294950912;4294950912;4294950912;4294950912;0;28;16;63;63;63;0;0;0;1;1;1;0;28;16;63;63;63;-1;-1;-1;;;;63;63;63;False;False;False;True;False;False;False;True;False;False;False;False;False;True;False;False;False;True;False;False;0;0;0;False;0;0;0;-1;False;0;0;0;0;-1;0;0;0;0;0;0;0;0;0;0;0;0;0;0;0;0;0;-1;-1;-1;0;0;0;0;-1;0;0;0;0;0;0;0;0;0
2451;Atlético Goianiense;146;15;101904;False;;;;;;;;;;;;;;;;;;;;;;;;ACG;-1;-1;Serra Dourada;;-1;;1933;2468;262143;;;;;40157184;40157185;40157312;40157186;4294950912;4294950912;4294950912;4294950912;4294950912;4294950912;54;9;7;0;0;0;0;7;4;1;2;1;54;9;7;0;0;0;-1;-1;-1;;;;63;63;63;False;False;False;True;False;False;False;True;False;False;False;False;False;True;False;False;False;True;False;False;0;0;0;False;0;0;0;-1;False;0;0;0;0;-1;0;0;0;0;0;0;0;0;0;0;0;0;0;0;0;0;0;-1;-1;-1;0;0;0;0;-1;0;0;0;0;0;0;0;0;0
2452;Avaí FC;146;15;100813;False;;;;;;;;;;;;;;;;;;;;;;;;AVA;-1;-1;Ressacada;;-1;;2460;4108;262143;;;;;40173568;40173569;40173696;40173570;4294950912;4294950912;4294950912;4294950912;4294950912;4294950912;0;25;39;63;63;63;0;5;6;1;2;1;0;25;39;63;63;63;-1;-1;-1;;;;63;63;63;False;False;False;True;False;False;False;True;False;False;False;False;False;True;False;False;False;True;False;False;0;0;0;False;0;0;0;-1;False;0;0;0;0;-1;0;0;0;0;0;0;0;0;0;0;0;0;0;0;0;0;0;-1;-1;-1;0;0;0;0;-1;0;0;0;0;0;0;0;0;0
2453;EC Bahia;146;29;1046;False;;;;;;;;;;;;;;;;;;;;;;;;BAH;-1;-1;Itaipava Arena Fonte Nova;;-1;;1937;1936;262143;;;;;40189952;40189953;40190080;40189954;4294950912;4294950912;4294950912;4294950912;4294950912;4294950912;1;17;40;58;8;10;0;1;6;1;2;5;1;17;40;58;8;10;-1;-1;-1;;;;63;63;63;False;False;False;True;False;False;False;True;False;False;False;False;False;True;False;False;False;True;False;False;0;0;0;False;0;0;0;-1;False;0;0;0;0;-1;0;0;0;0;0;0;0;0;0;0;0;0;0;0;0;0;0;-1;-1;-1;0;0;0;0;-1;0;0;0;0;0;0;0;0;0
2454;Ceará SC;146;15;304;False;;;;;;;;;;;;;;;;;;;;;;;;CEA;-1;-1;Arena Castelao;;-1;;5143;262143;262143;;;;;40206336;40206337;40206464;40206338;4294950912;4294950912;4294950912;4294950912;4294950912;4294950912;0;0;0;63;63;63;0;0;0;1;1;1;0;0;0;63;63;63;-1;-1;-1;;;;63;63;63;False;False;False;True;False;False;False;False;False;False;False;False;False;True;False;False;False;True;False;False;0;0;0;False;0;0;0;-1;False;0;0;0;0;-1;0;0;0;0;0;0;0;0;0;0;0;0;0;0;0;0;0;-1;-1;-1;0;0;0;0;-1;0;0;0;0;0;0;0;0;0
2459;Red Bull Bragantino;146;15;599;False;;;;;;;;;;;;;;;;;;;;;;;;RBB;-1;-1;Arena da Amazonia;;-1;;262143;262143;262143;;;;;40288256;40288257;40288384;40288258;4294950912;4294950912;4294950912;4294950912;4294950912;4294950912;63;63;63;0;0;0;0;0;0;1;1;1;63;63;63;63;63;63;-1;-1;-1;;;;63;63;63;False;False;False;True;False;False;False;False;False;False;False;False;False;True;False;False;False;True;False;False;0;0;0;False;0;0;0;-1;False;0;0;0;0;-1;0;0;0;0;0;0;0;0;0;0;0;0;0;0;0;0;0;-1;-1;-1;0;0;0;0;-1;0;0;0;0;0;0;0;0;0
2460;Criciúma EC;146;29;128;False;;;;;;;;;;;;;;;;;;;;;;;;CEC;-1;-1;Heriberto Hulse Stadium;;-1;;2452;262143;262143;;;;;40304640;40304641;40304768;4294950912;4294950912;4294950912;4294950912;4294950912;4294950912;4294950912;61;48;12;10;10;10;0;0;0;1;1;1;63;63;63;63;63;63;-1;-1;-1;;;;63;63;63;False;False;False;True;False;False;False;False;False;False;False;False;False;True;False;False;False;True;False;False;0;0;0;False;0;0;0;-1;False;0;0;0;0;-1;0;0;0;0;0;0;0;0;0;0;0;0;0;0;0;0;0;-1;-1;-1;0;0;0;0;-1;0;0;0;0;0;0;0;0;0
2465;AA Ponte Preta;146;15;36629;False;;;;;;;;;;;;;;;;;;;;;;;;AFE;-1;-1;Estadio Moises Lucarelli;;-1;;262143;262143;262143;;;;;40386560;40386561;40386688;4294950912;4294950912;4294950912;4294950912;4294950912;4294950912;4294950912;10;10;10;53;53;53;0;6;1;1;1;1;0;0;0;63;63;63;-1;-1;-1;;;;63;63;63;False;False;False;True;False;False;False;False;False;False;False;False;False;True;False;False;False;True;False;False;0;0;0;False;0;0;0;-1;False;0;0;0;0;-1;0;0;0;0;0;0;0;0;0;0;0;0;0;0;0;0;0;-1;-1;-1;0;0;0;0;-1;0;0;0;0;0;0;0;0;0
2468;Vila Nova FC;146;29;100485;False;;;;;;;;;;;;;;;;;;;;;;;;VIL;-1;-1;Estadio dos Amaros;;-1;;2451;1933;262143;;;;;40435712;40435713;40435840;4294950912;4294950912;4294950912;4294950912;4294950912;4294950912;4294950912;50;15;15;55;55;55;0;0;0;1;1;1;63;63;63;63;63;63;-1;-1;-1;;;;63;63;63;False;False;False;True;False;False;False;False;False;False;False;False;False;True;False;False;False;True;False;False;0;0;0;False;0;0;0;-1;False;0;0;0;0;-1;0;0;0;0;0;0;0;0;0;0;0;0;0;0;0;0;0;-1;-1;-1;0;0;0;0;-1;0;0;0;0;0;0;0;0;0
2469;-;144;15;100137;False;;;;;;;;;;;;;;;;;;;;;;;;-;-1;-1;;;-1;;262143;262143;262143;;;;;40452096;40452097;40452224;4294950912;4294950912;4294950912;4294950912;4294950912;4294950912;4294950912;0;0;0;0;0;0;0;0;0;1;1;1;63;63;63;63;63;63;-1;-1;-1;;;;63;63;63;False;False;False;False;False;False;False;False;False;False;False;False;False;True;False;False;False;True;False;False;0;0;0;False;0;0;0;-1;False;0;0;0;0;-1;0;0;0;0;0;0;0;0;0;0;0;0;0;0;0;0;0;-1;-1;-1;0;0;0;0;-1;0;0;0;0;0;0;0;0;0
2502;The Strongest;145;15;35457;False;;;;;;;;;;;;;;;;;;;;;;;;STR;-1;-1;Hernando Siles;;-1;;262143;262143;262143;;;;;40992768;40992769;40992896;4294950912;4294950912;4294950912;4294950912;4294950912;4294950912;4294950912;62;50;12;10;10;10;0;0;0;1;1;1;63;63;63;63;63;63;-1;-1;-1;;;;63;63;63;False;False;False;True;False;False;False;False;False;False;False;False;False;True;False;False;False;True;False;False;0;0;0;False;0;0;0;-1;False;0;0;0;0;-1;0;0;0;0;0;0;0;0;0;0;0;0;0;0;0;0;0;-1;-1;-1;0;0;0;0;-1;0;0;0;0;0;0;0;0;0
2506;Clube de Regatas Brasil;146;15;152;False;;;;;;;;;;;;;;;;;;;;;;;;CRB;-1;-1;Estadio Rei Pele;;-1;;262143;262143;262143;;;;;41058304;41058305;41058432;4294950912;4294950912;4294950912;4294950912;4294950912;4294950912;4294950912;63;0;0;63;63;63;0;0;0;1;1;1;63;63;63;63;63;63;-1;-1;-1;;;;63;63;63;False;False;False;True;False;False;False;False;False;False;False;False;False;True;False;False;False;True;False;False;0;0;0;False;0;0;0;-1;False;0;0;0;0;-1;0;0;0;0;0;0;0;0;0;0;0;0;0;0;0;0;0;-1;-1;-1;0;0;0;0;-1;0;0;0;0;0;0;0;0;0
2517;SS Juve Stabia;215;29;100103;False;;;;;;;;;;;;;;;;;;;;;;;;STA;-1;-1;Romeo Menti;;-1;;4141;262143;262143;;;;;41238528;41238529;41238656;41238530;4294950912;4294950912;4294950912;4294950912;4294950912;4294950912;53;46;18;12;13;22;0;0;0;1;1;1;63;54;12;5;13;23;-1;-1;-1;;;;63;63;63;False;False;False;True;False;False;False;False;False;False;False;False;False;True;False;False;False;True;False;False;0;0;0;False;0;0;0;-1;False;0;0;0;0;-1;0;0;0;0;0;0;0;0;0;0;0;0;0;0;0;0;0;-1;-1;-1;0;0;0;0;-1;0;0;0;0;0;0;0;0;0
2525;HNK Hajduk Split;200;29;35180;False;;;;;;;;;;;;;;;;;;;;;;;;HAJ;-1;-1;Poljud Stadium;;-1;;262143;262143;262143;;;;;41369600;41369601;41369728;4294950912;4294950912;4294950912;4294950912;4294950912;4294950912;4294950912;25;37;59;43;6;6;0;0;0;1;1;1;63;63;63;63;63;63;-1;-1;-1;;;;63;63;63;False;False;False;True;False;False;False;False;False;False;False;False;False;True;False;False;False;True;False;False;0;0;0;False;0;0;0;-1;False;0;0;0;0;-1;0;0;0;0;0;0;0;0;0;0;0;0;0;0;0;0;0;-1;-1;-1;0;0;0;0;-1;0;0;0;0;0;0;0;0;0
2536;Club Atlético Belgrano;144;15;102157;False;;;;;;;;;;;;;;;;;;;;;;;;BEL;-1;-1;Julio Cesar Villagra;;-1;;1237;5046;262143;;;;;41549824;41549825;41549952;41549826;4294950912;4294950912;4294950912;4294950912;4294950912;4294950912;0;34;50;10;10;10;0;0;0;1;1;1;63;63;63;63;63;63;-1;-1;-1;;;;63;63;63;False;False;False;True;False;True;False;True;False;False;False;False;False;True;False;False;False;True;False;False;0;0;0;False;0;0;0;-1;False;0;0;0;0;-1;0;0;0;0;0;0;0;0;0;0;0;0;0;0;0;0;0;-1;-1;-1;0;0;0;0;-1;0;0;0;0;0;0;0;0;0
2538;Club Atlético Unión;144;15;100214;False;;;;;;;;;;;;;;;;;;;;;;;;CAU;-1;-1;15 de April;;-1;;262143;1241;262143;;;;;41582592;41582593;41582720;41582594;4294950912;4294950912;4294950912;4294950912;4294950912;4294950912;48;2;4;63;63;63;0;0;0;1;1;1;48;2;4;63;63;63;-1;-1;-1;;;;63;63;63;False;False;False;True;False;False;False;True;False;False;False;False;False;True;False;False;False;True;False;False;0;0;0;False;0;0;0;-1;False;0;0;0;0;-1;0;0;0;0;0;0;0;0;0;0;0;0;0;0;0;0;0;-1;-1;-1;0;0;0;0;-1;0;0;0;0;0;0;0;0;0
2541;CD O'Higgins;147;44;79;False;;;;;;;;;;;;;;;;;;;;;;;;OHI;-1;-1;El Teniente;;-1;;262143;262143;262143;;;;;41631744;41631745;41631872;4294950912;4294950912;4294950912;4294950912;4294950912;4294950912;4294950912;12;34;55;63;63;63;0;7;6;1;1;1;12;34;55;63;63;63;-1;-1;-1;;;;63;63;63;False;False;False;True;False;False;False;False;False;False;False;False;False;True;False;False;False;True;False;False;0;0;0;False;0;0;0;-1;False;0;0;0;0;-1;0;0;0;0;0;0;0;0;0;0;0;0;0;0;0;0;0;-1;-1;-1;0;0;0;0;-1;0;0;0;0;0;0;0;0;0
2543;Deportes Concepción;147;15;101929;False;;;;;;;;;;;;;;;;;;;;;;;;DCO;-1;-1;Ester Roa Rebolledo;;-1;;262143;262143;262143;;;;;41664512;41664513;41664640;4294950912;4294950912;4294950912;4294950912;4294950912;4294950912;4294950912;18;10;33;18;10;33;0;7;1;1;2;1;0;33;43;0;0;0;-1;-1;-1;;;;63;63;63;False;False;False;True;False;False;False;False;False;False;False;False;False;True;False;False;False;True;False;False;0;0;0;False;0;0;0;-1;False;0;0;0;0;-1;0;0;0;0;0;0;0;0;0;0;0;0;0;0;0;0;0;-1;-1;-1;0;0;0;0;-1;0;0;0;0;0;0;0;0;0
2544;Deportes La Serena;147;15;102127;False;;;;;;;;;;;;;;;;;;;;;;;;DLS;-1;-1;La Portada;;-1;;2707;262143;262143;;;;;41680896;41680897;41681024;4294950912;4294950912;4294950912;4294950912;4294950912;4294950912;4294950912;53;53;53;8;9;12;0;0;0;1;1;1;63;63;63;63;63;63;-1;-1;-1;;;;63;63;63;False;False;False;True;False;False;False;True;False;False;False;False;False;True;False;False;False;True;False;False;0;0;0;False;0;0;0;-1;False;0;0;0;0;-1;0;0;0;0;0;0;0;0;0;0;0;0;0;0;0;0;0;-1;-1;-1;0;0;0;0;-1;0;0;0;0;0;0;0;0;0
2545;Huachipato FC;147;42;100897;False;;;;;;;;;;;;;;;;;;;;;;;;HUA;-1;-1;Estadio CAP;;-1;;262143;262143;262143;;;;;41697280;41697281;41697408;4294950912;4294950912;4294950912;4294950912;4294950912;4294950912;4294950912;6;8;55;0;0;0;0;1;7;2;1;1;6;8;55;0;0;0;-1;-1;-1;;;;63;63;63;False;False;False;True;False;False;False;False;False;False;False;False;False;True;False;False;False;True;False;False;0;0;0;False;0;0;0;-1;False;0;0;0;0;-1;0;0;0;0;0;0;0;0;0;0;0;0;0;0;0;0;0;-1;-1;-1;0;0;0;0;-1;0;0;0;0;0;0;0;0;0
2546;Unión La Calera;147;15;101793;False;;;;;;;;;;;;;;;;;;;;;;;;ULC;-1;-1;Nicolas Chahuan;;-1;;262143;262143;262143;;;;;41713664;41713665;41713792;4294950912;4294950912;4294950912;4294950912;4294950912;4294950912;4294950912;54;3;3;63;63;63;0;5;4;1;1;1;54;3;3;63;63;63;-1;-1;-1;;;;63;63;63;False;False;False;True;False;False;False;False;False;False;False;False;False;True;False;False;False;True;False;False;0;0;0;False;0;0;0;-1;False;0;0;0;0;-1;0;0;0;0;0;0;0;0;0;0;0;0;0;0;0;0;0;-1;-1;-1;0;0;0;0;-1;0;0;0;0;0;0;0;0;0
2548;CD Palestino;147;29;57;False;;;;;;;;;;;;;;;;;;;;;;;;PAL;-1;-1;Municipal de la Cisterna;;-1;;2192;2360;262143;;;;;41746432;41746433;41746560;41746434;4294950912;4294950912;4294950912;4294950912;4294950912;4294950912;59;11;9;0;35;23;0;1;1;2;1;1;59;11;9;0;35;23;-1;-1;-1;;;;63;63;63;False;False;False;True;False;False;False;True;False;False;False;False;False;True;False;False;False;True;False;False;0;0;0;False;0;0;0;-1;False;0;0;0;0;-1;0;0;0;0;0;0;0;0;0;0;0;0;0;0;0;0;0;-1;-1;-1;0;0;0;0;-1;0;0;0;0;0;0;0;0;0
2553;CD Cobresal;147;29;101898;False;;;;;;;;;;;;;;;;;;;;;;;;CSL;-1;-1;El Cobre;;-1;;262143;262143;262143;;;;;41828352;41828353;41828480;4294950912;4294950912;4294950912;4294950912;4294950912;4294950912;4294950912;63;29;0;63;63;63;0;1;4;2;2;1;63;29;0;63;63;63;-1;-1;-1;;;;63;63;63;False;False;False;True;False;False;False;False;False;False;False;False;False;True;False;False;False;True;False;False;0;0;0;False;0;0;0;-1;False;0;0;0;0;-1;0;0;0;0;0;0;0;0;0;0;0;0;0;0;0;0;0;-1;-1;-1;0;0;0;0;-1;0;0;0;0;0;0;0;0;0
2555;Volos NPS;211;29;90012;False;;;;;;;;;;;;;;;;;;;;;;;;VOL;-1;-1;Panthessaliko;;-1;;262143;262143;262143;;;;;41861120;41861121;41861248;41861122;4294950912;4294950912;4294950912;4294950912;4294950912;4294950912;43;1;7;7;20;38;0;0;0;1;1;1;63;63;63;63;63;63;-1;-1;-1;;;;63;63;63;False;False;False;True;False;True;False;False;False;False;False;False;False;True;False;False;False;True;False;False;0;0;0;False;0;0;0;-1;False;0;0;0;0;-1;0;0;0;0;0;0;0;0;0;0;0;0;0;0;0;0;0;-1;-1;-1;0;0;0;0;-1;0;0;0;0;0;0;0;0;0
2556;Panetolikos FC;211;29;90008;False;;;;;;;;;;;;;;;;;;;;;;;;PAN;-1;-1;Panetolikos Stadium;;-1;;262143;262143;262143;;;;;41877504;41877505;41877632;41877506;4294950912;4294950912;4294950912;4294950912;4294950912;4294950912;51;49;0;4;16;32;0;0;0;1;1;1;63;63;63;63;63;63;-1;-1;-1;;;;63;63;63;False;False;False;True;False;True;False;False;False;False;False;False;False;True;False;False;False;True;False;False;0;0;0;False;0;0;0;-1;False;0;0;0;0;-1;0;0;0;0;0;0;0;0;0;0;0;0;0;0;0;0;0;-1;-1;-1;0;0;0;0;-1;0;0;0;0;0;0;0;0;0
2559;Atromitos Athens;211;29;100525;False;;;;;;;;;;;;;;;;;;;;;;;;ATR;-1;-1;Peristeri Stadium;;-1;;262143;262143;262143;;;;;41926656;41926657;41926784;41926658;4294950912;4294950912;4294950912;4294950912;4294950912;4294950912;0;3;63;53;53;53;0;0;0;1;1;1;63;63;63;63;63;63;-1;-1;-1;;;;63;63;63;False;False;False;True;False;True;False;False;False;False;False;False;False;True;False;False;False;True;False;False;0;0;0;False;0;0;0;-1;False;0;0;0;0;-1;0;0;0;0;0;0;0;0;0;0;0;0;0;0;0;0;0;-1;-1;-1;0;0;0;0;-1;0;0;0;0;0;0;0;0;0
2576;Al Fateh SC;31;20;121592;False;;;;;;;;;;;;;;;;;;;;;;;;FAT;-1;-1;Prince Abdulla Jalawi Stadium;;-1;;1348;262143;262143;;;;;42205184;42205185;42205312;4294950912;4294950912;4294950912;4294950912;4294950912;4294950912;4294950912;9;16;45;53;53;53;0;0;0;1;1;1;63;63;63;63;63;63;-1;-1;-1;;;;63;63;63;False;False;False;True;False;False;False;False;False;False;False;False;False;True;False;False;False;True;False;False;0;0;0;False;0;0;0;-1;False;0;0;0;0;-1;0;0;0;0;0;0;0;0;0;0;0;0;0;0;0;0;0;-1;-1;-1;0;0;0;0;-1;0;0;0;0;0;0;0;0;0
2577;Al Nassr FC;31;29;2;False;;;;;;;;;;;;;;;;;;;;;;;;NSR;-1;-1;King Fahd International Stadium;;-1;;1489;1348;1350;;;;;42221568;42221569;42221696;42221570;4294950912;4294950912;4294950912;4294950912;4294950912;4294950912;62;61;12;0;11;37;0;6;8;1;2;1;62;61;12;0;11;37;-1;-1;-1;;;;63;63;63;False;False;False;True;False;False;False;False;False;False;False;False;False;True;False;False;False;True;False;False;0;0;0;False;0;0;0;-1;False;0;0;0;0;-1;0;0;0;0;0;0;0;0;0;0;0;0;0;0;0;0;0;-1;-1;-1;0;0;0;0;-1;0;0;0;0;0;0;0;0;0
2580;Al Taawoun FC;31;13;36643;False;;;;;;;;;;;;;;;;;;;;;;;;TAA;-1;-1;King Abdullah Sport City;;-1;;262143;262143;262143;;;;;42270720;42270721;42270848;4294950912;4294950912;4294950912;4294950912;4294950912;4294950912;4294950912;61;58;19;7;26;55;0;0;0;1;1;1;61;58;19;7;26;55;-1;-1;-1;;;;63;63;63;False;False;False;True;False;False;False;False;False;False;False;False;False;True;False;False;False;True;False;False;0;0;0;False;0;0;0;-1;False;0;0;0;0;-1;0;0;0;0;0;0;0;0;0;0;0;0;0;0;0;0;0;-1;-1;-1;0;0;0;0;-1;0;0;0;0;0;0;0;0;0
2614;CD Tondela;228;40;100227;False;;;;;;;;;;;;;;;;;;;;;;;;TON;-1;-1;Estadio Joao Cardoso;;-1;;262143;262143;262143;;;;;42827776;42827777;42827904;4294950912;4294950912;4294950912;4294950912;4294950912;4294950912;4294950912;51;45;12;11;29;15;0;0;0;1;1;1;63;59;0;4;39;15;-1;-1;-1;;;;63;63;63;False;False;False;True;False;False;False;False;False;False;False;False;False;True;False;False;False;True;False;False;0;0;0;False;0;0;0;-1;False;0;0;0;0;-1;0;0;0;0;0;0;0;0;0;0;0;0;0;0;0;0;0;-1;-1;-1;0;0;0;0;-1;0;0;0;0;0;0;0;0;0
2616;CD Mirandés;236;17;100091;False;;;;;;;;;;;;;;;;;;;;;;;;MIR;-1;-1;Municipal Anduva;;-1;;4145;268;262143;;;;;42860544;42860545;42860672;4294950912;4294950912;4294950912;4294950912;4294950912;4294950912;4294950912;63;0;11;0;0;0;0;1;4;1;1;1;63;0;11;0;0;0;-1;-1;-1;;;;63;63;63;False;False;False;True;False;False;False;False;False;False;False;False;False;True;False;False;False;True;False;False;0;0;0;False;0;0;0;-1;False;0;0;0;0;-1;0;0;0;0;0;0;0;0;0;0;0;0;0;0;0;0;0;-1;-1;-1;0;0;0;0;-1;0;0;0;0;0;0;0;0;0
2618;FK Krasnodar;230;29;100880;False;;;;;;;;;;;;;;;;;;;;;;;;KRA;-1;-1;Krasnodar Stadium;;-1;;262143;262143;262143;;;;;42893312;42893313;42893440;42893314;4294950912;4294950912;4294950912;4294950912;4294950912;4294950912;0;23;13;0;0;0;0;0;0;1;1;1;0;23;13;0;0;0;-1;-1;-1;;;;63;63;63;False;False;False;True;False;False;False;False;False;False;False;False;False;True;False;False;False;True;False;False;0;0;0;False;0;0;0;-1;False;0;0;0;0;-1;0;0;0;0;0;0;0;0;0;0;0;0;0;0;0;0;0;-1;-1;-1;0;0;0;0;-1;0;0;0;0;0;0;0;0;0
2621;Dundee FC;232;47;350;False;;;;;;;;;;;;;;;;;;;;;;;;DUD;-1;-1;Dens Park;;-1;;262143;1220;262143;;;;;42942464;42942465;42942592;4294950912;4294950912;4294950912;4294950912;4294950912;4294950912;4294950912;15;16;20;53;53;53;0;0;0;1;1;1;63;63;63;63;63;63;-1;-1;-1;;;;63;63;63;False;False;False;True;False;True;False;True;False;False;False;False;False;True;False;False;False;True;False;False;0;0;0;False;0;0;0;-1;False;0;0;0;0;-1;0;0;0;0;0;0;0;0;0;0;0;0;0;0;0;0;0;-1;-1;-1;0;0;0;0;-1;0;0;0;0;0;0;0;0;0
2625;Kasimpaşa SK;190;18;101299;False;;;;;;;;;;;;;;;;;;;;;;;;KSP;-1;-1;Recep Tayyip Erdogan;;-1;;5652;262143;262143;;;;;43008000;43008001;43008128;43008002;4294950912;4294950912;4294950912;4294950912;4294950912;4294950912;5;14;37;63;63;63;0;0;0;1;1;1;5;14;37;63;63;63;-1;-1;-1;;;;63;63;63;False;False;False;True;False;False;False;True;False;False;False;False;False;True;False;False;False;True;False;False;0;0;0;False;0;0;0;-1;False;0;0;0;0;-1;0;0;0;0;0;0;0;0;0;0;0;0;0;0;0;0;0;-1;-1;-1;0;0;0;0;-1;0;0;0;0;0;0;0;0;0
2650;Deportivo Cali;148;15;100709;False;;;;;;;;;;;;;;;;;;;;;;;;CAL;-1;-1;Monumental de Palmaseca;;-1;;1257;1258;2193;;;;;43417600;43417601;43417728;4294950912;4294950912;4294950912;4294950912;4294950912;4294950912;4294950912;4;35;16;63;63;63;0;7;7;1;1;1;4;35;16;63;63;63;-1;-1;-1;;;;63;63;63;False;False;False;True;False;False;False;True;False;False;False;False;False;True;False;False;False;True;False;False;0;0;0;False;0;0;0;-1;False;0;0;0;0;-1;0;0;0;0;0;0;0;0;0;0;0;0;0;0;0;0;0;-1;-1;-1;0;0;0;0;-1;0;0;0;0;0;0;0;0;0
2651;Deportivo Pasto;148;29;412;False;;;;;;;;;;;;;;;;;;;;;;;;PAS;-1;-1;Departamental Libertad;;-1;;262143;262143;262143;;;;;43433984;43433985;43434112;43433986;4294950912;4294950912;4294950912;4294950912;4294950912;4294950912;45;4;4;3;9;21;0;5;1;1;1;1;45;4;4;3;9;21;-1;-1;-1;;;;63;63;63;False;False;False;True;False;False;False;False;False;False;False;False;False;True;False;False;False;True;False;False;0;0;0;False;0;0;0;-1;False;0;0;0;0;-1;0;0;0;0;0;0;0;0;0;0;0;0;0;0;0;0;0;-1;-1;-1;0;0;0;0;-1;0;0;0;0;0;0;0;0;0
2652;Cúcuta Deportivo;148;40;101194;False;;;;;;;;;;;;;;;;;;;;;;;;CUC;-1;-1;Estadio General Santander;;-1;;262143;262143;262143;;;;;43450368;43450369;43450496;4294950912;4294950912;4294950912;4294950912;4294950912;4294950912;4294950912;50;9;12;10;10;10;0;0;0;1;1;1;63;31;1;0;39;11;-1;-1;-1;;;;63;63;63;False;False;False;True;False;False;False;False;False;False;False;False;False;True;False;False;False;True;False;False;0;0;0;False;0;0;0;-1;False;0;0;0;0;-1;0;0;0;0;0;0;0;0;0;0;0;0;0;0;0;0;0;-1;-1;-1;0;0;0;0;-1;0;0;0;0;0;0;0;0;0
2653;Rionegro Águilas;148;45;36298;False;;;;;;;;;;;;;;;;;;;;;;;;RIO;-1;-1;Alberto Grisales;;-1;;2652;2210;262143;;;;;43466752;43466753;43466880;4294950912;4294950912;4294950912;4294950912;4294950912;4294950912;4294950912;52;46;22;0;0;0;0;7;7;2;1;1;52;46;22;0;0;0;-1;-1;-1;;;;63;63;63;False;False;False;True;False;False;False;True;False;False;False;False;False;True;False;False;False;True;False;False;0;0;0;False;0;0;0;-1;False;0;0;0;0;-1;0;0;0;0;0;0;0;0;0;0;0;0;0;0;0;0;0;-1;-1;-1;0;0;0;0;-1;0;0;0;0;0;0;0;0;0
2654;Internacional de Bogotá;148;45;101771;False;;;;;;;;;;;;;;;;;;;;;;;;INT;-1;-1;Estadio Metropolitano de Techo;;-1;;262143;262143;262143;;;;;43483136;43483137;43483264;43483138;4294950912;4294950912;4294950912;4294950912;4294950912;4294950912;63;63;63;0;35;13;0;5;1;2;1;1;63;63;63;0;35;13;-1;-1;-1;;;;63;63;63;False;False;False;True;False;False;False;False;False;False;False;False;False;True;False;False;False;True;False;False;0;0;0;False;0;0;0;-1;False;0;0;0;0;-1;0;0;0;0;0;0;0;0;0;0;0;0;0;0;0;0;0;-1;-1;-1;0;0;0;0;-1;0;0;0;0;0;0;0;0;0
2657;Independiente Santa Fe;148;15;100228;False;;;;;;;;;;;;;;;;;;;;;;;;SFE;-1;-1;Nemesio Camacho;;-1;;1258;1257;262143;;;;;43532288;43532289;43532416;43532290;4294950912;4294950912;4294950912;4294950912;4294950912;4294950912;56;3;5;53;53;53;0;5;2;1;1;1;56;3;5;63;63;63;-1;-1;-1;;;;63;63;63;False;False;False;True;False;False;False;True;False;False;False;False;False;True;False;False;False;True;False;False;0;0;0;False;0;0;0;-1;False;0;0;0;0;-1;0;0;0;0;0;0;0;0;0;0;0;0;0;0;0;0;0;-1;-1;-1;0;0;0;0;-1;0;0;0;0;0;0;0;0;0
2658;Barcelona SC;149;29;34;False;;;;;;;;;;;;;;;;;;;;;;;;BSC;-1;-1;Isidro Romero Carbo;;-1;;262143;262143;262143;;;;;43548672;43548673;43548800;4294950912;4294950912;4294950912;4294950912;4294950912;4294950912;4294950912;63;59;0;0;0;0;0;0;0;1;1;1;63;63;63;63;63;63;-1;-1;-1;;;;63;63;63;False;False;False;True;False;False;False;False;False;False;False;False;False;True;False;False;False;True;False;False;0;0;0;False;0;0;0;-1;False;0;0;0;0;-1;0;0;0;0;0;0;0;0;0;0;0;0;0;0;0;0;0;-1;-1;-1;0;0;0;0;-1;0;0;0;0;0;0;0;0;0
2659;Independiente Del Valle;149;29;35941;False;;;;;;;;;;;;;;;;;;;;;;;;IND;-1;-1;Estadio Ruminahui;;-1;;262143;262143;262143;;;;;43565056;43565057;43565184;43565058;4294950912;4294950912;4294950912;4294950912;4294950912;4294950912;0;12;21;0;0;0;0;0;0;1;1;1;63;63;63;63;63;63;-1;-1;-1;;;;63;63;63;False;False;False;True;False;False;False;False;False;False;False;False;False;True;False;False;False;True;False;False;0;0;0;False;0;0;0;-1;False;0;0;0;0;-1;0;0;0;0;0;0;0;0;0;0;0;0;0;0;0;0;0;-1;-1;-1;0;0;0;0;-1;0;0;0;0;0;0;0;0;0
2696;-;31;29;100139;False;;;;;;;;;;;;;;;;;;;;;;;;-;-1;-1;;;-1;;262143;262143;262143;;;;;44171264;44171265;44171392;4294950912;4294950912;4294950912;4294950912;4294950912;4294950912;4294950912;0;0;0;0;0;0;0;0;0;1;1;1;63;63;63;63;63;63;-1;-1;-1;;;;63;63;63;False;False;False;False;False;False;False;False;False;False;False;False;False;True;False;False;False;True;False;False;0;0;0;False;0;0;0;-1;False;0;0;0;0;-1;0;0;0;0;0;0;0;0;0;0;0;0;0;0;0;0;0;-1;-1;-1;0;0;0;0;-1;0;0;0;0;0;0;0;0;0
2699;CD Ñublense;147;40;313;False;;;;;;;;;;;;;;;;;;;;;;;;NUB;-1;-1;Estadio Nelson Oyarzun Arenas;;-1;;262143;262143;262143;;;;;44220416;44220417;44220544;44220418;4294950912;4294950912;4294950912;4294950912;4294950912;4294950912;55;15;12;55;55;55;0;0;0;1;1;1;63;63;63;63;63;63;-1;-1;-1;;;;63;63;63;False;False;False;True;False;True;False;False;False;False;False;False;False;True;False;False;False;True;False;False;0;0;0;False;0;0;0;-1;False;0;0;0;0;-1;0;0;0;0;0;0;0;0;0;0;0;0;0;0;0;0;0;-1;-1;-1;0;0;0;0;-1;0;0;0;0;0;0;0;0;0
2707;Coquimbo Unido;147;15;100549;False;;;;;;;;;;;;;;;;;;;;;;;;COQ;-1;-1;Francisco Sanchez Rumoroso;;-1;;262143;262143;262143;;;;;44351488;44351489;44351616;4294950912;4294950912;4294950912;4294950912;4294950912;4294950912;4294950912;60;50;12;53;53;53;0;0;0;1;1;1;63;63;63;63;63;63;-1;-1;-1;;;;63;63;63;False;False;False;True;False;False;False;False;False;False;False;False;False;True;False;False;False;True;False;False;0;0;0;False;0;0;0;-1;False;0;0;0;0;-1;0;0;0;0;0;0;0;0;0;0;0;0;0;0;0;0;0;-1;-1;-1;0;0;0;0;-1;0;0;0;0;0;0;0;0;0
2717;CA Aldosivi;144;46;182;False;;;;;;;;;;;;;;;;;;;;;;;;CAA;-1;-1;Jose Maria Minella;;-1;;262143;262143;262143;;;;;44515328;44515329;44515456;4294950912;4294950912;4294950912;4294950912;4294950912;4294950912;4294950912;0;36;20;63;53;0;0;0;0;1;1;1;7;19;4;63;55;0;-1;-1;-1;;;;63;63;63;False;False;False;True;False;False;False;False;False;False;False;False;False;True;False;False;False;True;False;False;0;0;0;False;0;0;0;-1;False;0;0;0;0;-1;0;0;0;0;0;0;0;0;0;0;0;0;0;0;0;0;0;-1;-1;-1;0;0;0;0;-1;0;0;0;0;0;0;0;0;0
2719;Atlético Tucumán;144;15;100069;False;;;;;;;;;;;;;;;;;;;;;;;;ATU;-1;-1;Monumental Jose Fierro;;-1;;262143;262143;262143;;;;;44548096;44548097;44548224;44548098;4294950912;4294950912;4294950912;4294950912;4294950912;4294950912;22;35;42;63;63;63;0;0;0;1;1;1;22;35;42;63;63;63;-1;-1;-1;;;;63;63;63;False;False;False;True;False;False;False;False;False;False;False;False;False;True;False;False;False;True;False;False;0;0;0;False;0;0;0;-1;False;0;0;0;0;-1;0;0;0;0;0;0;0;0;0;0;0;0;0;0;0;0;0;-1;-1;-1;0;0;0;0;-1;0;0;0;0;0;0;0;0;0
2722;Defensa y Justicia;144;40;195;False;;;;;;;;;;;;;;;;;;;;;;;;DYJ;-1;-1;Norberto Tomaghello;;-1;;262143;1927;262143;;;;;44597248;44597249;44597376;44597250;4294950912;4294950912;4294950912;4294950912;4294950912;4294950912;56;55;0;0;29;13;0;5;5;1;1;1;56;55;0;0;29;13;-1;-1;-1;;;;63;63;63;False;False;False;True;False;False;False;True;False;False;False;False;False;True;False;False;False;True;False;False;0;0;0;False;0;0;0;-1;False;0;0;0;0;-1;0;0;0;0;0;0;0;0;0;0;0;0;0;0;0;0;0;-1;-1;-1;0;0;0;0;-1;0;0;0;0;0;0;0;0;0
2726;Independiente Rivadavia;144;15;1213;False;;;;;;;;;;;;;;;;;;;;;;;;IND;-1;-1;Bautista Gargantini;;-1;;1924;262143;262143;;;;;44662784;44662785;44662912;44662786;4294950912;4294950912;4294950912;4294950912;4294950912;4294950912;6;4;14;53;53;53;0;0;0;1;1;1;63;63;63;63;63;63;-1;-1;-1;;;;63;63;63;False;False;False;True;False;True;False;True;False;False;False;False;False;True;False;False;False;True;False;False;0;0;0;False;0;0;0;-1;False;0;0;0;0;-1;0;0;0;0;0;0;0;0;0;0;0;0;0;0;0;0;0;-1;-1;-1;0;0;0;0;-1;0;0;0;0;0;0;0;0;0
2727;Instituto AC Córdoba;144;15;100138;False;;;;;;;;;;;;;;;;;;;;;;;;INS;-1;-1;Estadio Presidente Pero;;-1;;1237;262143;262143;;;;;44679168;44679169;44679296;44679170;4294950912;4294950912;4294950912;4294950912;4294950912;4294950912;49;10;10;53;53;53;0;0;0;1;1;1;63;63;63;63;63;63;-1;-1;-1;;;;63;63;63;False;False;False;True;False;True;False;True;False;False;False;False;False;True;False;False;False;True;False;False;0;0;0;False;0;0;0;-1;False;0;0;0;0;-1;0;0;0;0;0;0;0;0;0;0;0;0;0;0;0;0;0;-1;-1;-1;0;0;0;0;-1;0;0;0;0;0;0;0;0;0
2730;CA Sarmiento;144;29;102104;False;;;;;;;;;;;;;;;;;;;;;;;;CAS;-1;-1;Eva Peron stadium;;-1;;1926;262143;262143;;;;;44728320;44728321;44728448;44728322;4294950912;4294950912;4294950912;4294950912;4294950912;4294950912;5;26;16;5;26;16;0;0;0;1;1;1;63;63;63;63;63;63;-1;-1;-1;;;;63;63;63;False;False;False;True;False;False;False;False;False;False;False;False;False;True;False;False;False;True;False;False;0;0;0;False;0;0;0;-1;False;0;0;0;0;-1;0;0;0;0;0;0;0;0;0;0;0;0;0;0;0;0;0;-1;-1;-1;0;0;0;0;-1;0;0;0;0;0;0;0;0;0
3095;RAAL La Louvière;197;47;100744;False;;;;;;;;;;;;;;;;;;;;;;;;LOU;-1;-1;Easi Arena;;-1;;262143;262143;262143;;;;;50708480;50708481;50708608;4294950912;4294950912;4294950912;4294950912;4294950912;4294950912;4294950912;12;34;20;53;53;53;0;0;0;1;1;1;63;63;63;63;63;63;-1;-1;-1;;;;63;63;63;False;False;False;True;False;True;False;False;False;False;False;False;False;True;False;False;False;True;False;False;0;0;0;False;0;0;0;-1;False;0;0;0;0;-1;0;0;0;0;0;0;0;0;0;0;0;0;0;0;0;0;0;-1;-1;-1;0;0;0;0;-1;0;0;0;0;0;0;0;0;0
3099;FCV Dender;197;42;100003;False;;;;;;;;;;;;;;;;;;;;;;;;DEN;-1;-1;Dender Football Complex;;-1;;262143;262143;262143;;;;;50774016;50774017;50774144;4294950912;4294950912;4294950912;4294950912;4294950912;4294950912;4294950912;10;21;51;46;8;8;0;0;0;1;1;1;63;63;63;63;63;63;-1;-1;-1;;;;63;63;63;False;False;False;True;False;True;False;False;False;False;False;False;False;True;False;False;False;True;False;False;0;0;0;False;0;0;0;-1;False;0;0;0;0;-1;0;0;0;0;0;0;0;0;0;0;0;0;0;0;0;0;0;-1;-1;-1;0;0;0;0;-1;0;0;0;0;0;0;0;0;0
4071;AFC Bournemouth;204;42;101996;False;;;;;;;;;;;;;;;;;;;;;;;;BOU;-1;-1;Vitality Stadium;;-1;;207;377;262143;;;;;66699264;66699265;66699392;66699266;4294950912;4294950912;4294950912;4294950912;4294950912;4294950912;47;8;9;0;0;0;0;1;4;2;1;1;47;8;9;0;0;0;-1;-1;-1;;;;63;63;63;False;False;False;True;False;False;False;True;False;False;False;False;False;True;False;False;False;True;False;False;0;0;0;False;0;0;0;-1;False;0;0;0;0;-1;0;0;0;0;0;0;0;0;0;0;0;0;0;0;0;0;0;-1;-1;-1;0;0;0;0;-1;0;0;0;0;0;0;0;0;0
4092;Qingdao West Coast;7;55;100005;False;;;;;;;;;;;;;;;;;;;;;;;;QWC;-1;-1;West Coast University City;;-1;;262143;262143;262143;;;;;67043328;67043329;67043456;4294950912;4294950912;4294950912;4294950912;4294950912;4294950912;4294950912;0;22;43;63;56;0;0;0;0;1;1;1;63;63;63;63;63;63;-1;-1;-1;;;;63;63;63;False;False;False;True;False;False;False;False;False;False;False;False;False;True;False;False;False;True;False;False;0;0;0;False;0;0;0;-1;False;0;0;0;0;-1;0;0;0;0;0;0;0;0;0;0;0;0;0;0;0;0;0;-1;-1;-1;0;0;0;0;-1;0;0;0;0;0;0;0;0;0
4094;Shanghai Port;7;29;101681;False;;;;;;;;;;;;;;;;;;;;;;;;SHP;-1;-1;Shanghai Stadium;;-1;;5173;262143;262143;;;;;67076096;67076097;67076224;4294950912;4294950912;4294950912;4294950912;4294950912;4294950912;4294950912;56;5;6;24;3;4;0;0;0;1;1;1;56;5;6;24;3;4;-1;-1;-1;;;;63;63;63;False;False;False;True;False;False;False;True;False;False;False;False;False;True;False;False;False;True;False;False;0;0;0;False;0;0;0;-1;False;0;0;0;0;-1;0;0;0;0;0;0;0;0;0;0;0;0;0;0;0;0;0;-1;-1;-1;0;0;0;0;-1;0;0;0;0;0;0;0;0;0
4108;Chapecoense;146;40;101429;False;;;;;;;;;;;;;;;;;;;;;;;;CHA;-1;-1;Arena Conda;;-1;;2452;262143;262143;;;;;67305472;67305473;67305600;67305474;4294950912;4294950912;4294950912;4294950912;4294950912;4294950912;0;27;14;63;63;63;0;6;5;1;2;1;0;27;14;63;63;63;-1;-1;-1;;;;63;63;63;False;False;False;True;False;False;False;True;False;False;False;False;False;True;False;False;False;True;False;False;0;0;0;False;0;0;0;-1;False;0;0;0;0;-1;0;0;0;0;0;0;0;0;0;0;0;0;0;0;0;0;0;-1;-1;-1;0;0;0;0;-1;0;0;0;0;0;0;0;0;0
4115;Tampines Rovers;32;20;110;False;;;;;;;;;;;;;;;;;;;;;;;;BSC;-1;-1;Our Tampines Hub;;-1;;262143;262143;262143;;;;;67420160;67420161;67420288;4294950912;4294950912;4294950912;4294950912;4294950912;4294950912;4294950912;54;44;0;54;44;0;0;0;0;1;1;1;63;63;63;63;63;63;-1;-1;-1;;;;63;63;63;False;False;False;True;False;False;False;False;False;False;False;False;False;True;False;False;False;True;False;False;0;0;0;False;0;0;0;-1;False;0;0;0;0;-1;0;0;0;0;0;0;0;0;0;0;0;0;0;0;0;0;0;-1;-1;-1;0;0;0;0;-1;0;0;0;0;0;0;0;0;0
4123;FC Metz;208;18;100402;False;;;;;;;;;;;;;;;;;;;;;;;;FCM;-1;-1;Saint Symphorien;;-1;;415;4213;262143;;;;;67551232;67551233;67551360;67551234;4294950912;4294950912;4294950912;4294950912;4294950912;4294950912;36;4;8;36;4;8;0;1;4;2;1;1;36;4;8;36;4;8;-1;-1;-1;;;;63;63;63;False;False;False;True;False;False;False;True;False;False;False;False;False;True;False;False;False;True;False;False;0;0;0;False;0;0;0;-1;False;0;0;0;0;-1;0;0;0;0;0;0;0;0;0;0;0;0;0;0;0;0;0;-1;-1;-1;0;0;0;0;-1;0;0;0;0;0;0;0;0;0
4124;FC Augsburg;210;20;101946;False;;;;;;;;;;;;;;;;;;;;;;;;AUG;-1;-1;WWK Arena;;-1;;262143;262143;262143;;;;;67567616;67567617;67567744;67567618;4294950912;4294950912;4294950912;4294950912;4294950912;4294950912;51;3;4;0;23;13;0;0;0;1;1;1;63;63;63;63;63;63;-1;-1;-1;;;;63;63;63;False;False;False;True;False;True;False;False;False;False;False;False;False;True;False;False;False;True;False;False;0;0;0;False;0;0;0;-1;False;0;0;0;0;-1;0;0;0;0;0;0;0;0;0;0;0;0;0;0;0;0;0;-1;-1;-1;0;0;0;0;-1;0;0;0;0;0;0;0;0;0
4126;TSG 1899 Hoffenheim;210;29;90017;False;;;;;;;;;;;;;;;;;;;;;;;;TSG;-1;-1;PreZero Arena;;-1;;262143;262143;262143;;;;;67600384;67600385;67600512;67600386;4294950912;4294950912;4294950912;4294950912;4294950912;4294950912;0;23;42;55;53;37;0;0;0;1;1;1;63;63;63;63;63;63;-1;-1;-1;;;;63;63;63;False;False;False;True;False;True;False;False;False;False;False;False;False;True;False;False;False;True;False;False;0;0;0;False;0;0;0;-1;False;0;0;0;0;-1;0;0;0;0;0;0;0;0;0;0;0;0;0;0;0;0;0;-1;-1;-1;0;0;0;0;-1;0;0;0;0;0;0;0;0;0
4137;FC Köln;210;13;100035;False;;;;;;;;;;;;;;;;;;;;;;;;KOL;-1;-1;RheinEnergieStadion;;-1;;225;128;262143;;;;;67780608;67780609;67780736;67780610;4294950912;4294950912;4294950912;4294950912;4294950912;4294950912;56;1;4;55;55;55;0;0;0;1;1;1;63;63;63;63;63;63;-1;-1;-1;;;;63;63;63;True;False;False;True;False;True;False;True;False;False;False;False;False;True;False;False;False;True;False;False;0;0;0;False;0;0;0;-1;False;0;0;0;0;-1;0;0;0;0;0;0;0;0;0;0;0;0;0;0;0;0;0;-1;-1;-1;0;0;0;0;-1;0;0;0;0;0;0;0;0;0
4139;FC St. Pauli;210;29;102276;False;;;;;;;;;;;;;;;;;;;;;;;;STP;-1;-1;Millerntor Stadion;;-1;;129;262143;262143;;;;;67813376;67813377;67813504;67813378;4294950912;4294950912;4294950912;4294950912;4294950912;4294950912;53;53;53;17;13;11;0;0;0;1;1;1;63;63;63;63;63;63;-1;-1;-1;;;;63;63;63;False;False;False;True;False;True;False;True;False;False;False;False;False;True;False;False;False;True;False;False;0;0;0;False;0;0;0;-1;False;0;0;0;0;-1;0;0;0;0;0;0;0;0;0;0;0;0;0;0;0;0;0;-1;-1;-1;0;0;0;0;-1;0;0;0;0;0;0;0;0;0
4140;FC Union Berlin;210;20;100033;False;;;;;;;;;;;;;;;;;;;;;;;;UBE;-1;-1;An der Alten Forsterei;;-1;;262143;262143;262143;;;;;67829760;67829761;67829888;67829762;4294950912;4294950912;4294950912;4294950912;4294950912;4294950912;56;0;6;53;53;53;0;0;0;1;1;1;63;63;63;63;63;63;-1;-1;-1;;;;63;63;63;False;False;False;True;False;True;False;False;False;False;False;False;False;True;False;False;False;True;False;False;0;0;0;False;0;0;0;-1;False;0;0;0;0;-1;0;0;0;0;0;0;0;0;0;0;0;0;0;0;0;0;0;-1;-1;-1;0;0;0;0;-1;0;0;0;0;0;0;0;0;0
4141;US Avellino;215;29;100372;False;;;;;;;;;;;;;;;;;;;;;;;;AVE;-1;-1;Partenio-Adriano Lombardi;;-1;;2517;262143;262143;;;;;67846144;67846145;67846272;67846146;4294950912;4294950912;4294950912;4294950912;4294950912;4294950912;5;37;13;53;53;53;0;0;0;1;1;1;63;63;63;63;63;63;-1;-1;-1;;;;63;63;63;False;False;False;True;False;False;False;False;False;False;False;False;False;True;False;False;False;True;False;False;0;0;0;False;0;0;0;-1;False;0;0;0;0;-1;0;0;0;0;0;0;0;0;0;0;0;0;0;0;0;0;0;-1;-1;-1;0;0;0;0;-1;0;0;0;0;0;0;0;0;0
4143;Krylya Sovetov Samara;230;29;101564;False;;;;;;;;;;;;;;;;;;;;;;;;KRY;-1;-1;Solidarnost Samara Arena;;-1;;1941;5196;262143;;;;;67878912;67878913;67879040;67878914;4294950912;4294950912;4294950912;4294950912;4294950912;4294950912;36;50;59;55;55;55;0;0;0;1;1;1;41;51;58;63;63;63;-1;-1;-1;;;;63;63;63;False;False;False;True;False;False;False;True;False;False;False;False;False;True;False;False;False;True;False;False;0;0;0;False;0;0;0;-1;False;0;0;0;0;-1;0;0;0;0;0;0;0;0;0;0;0;0;0;0;0;0;0;-1;-1;-1;0;0;0;0;-1;0;0;0;0;0;0;0;0;0
4145;Deportivo Alavés;236;20;101551;False;;;;;;;;;;;;;;;;;;;;;;;;ALV;-1;-1;Mendizorroza;;-1;;196;258;263;;;;;67911680;67911681;67911808;67911682;4294950912;4294950912;4294950912;4294950912;4294950912;4294950912;0;19;40;55;55;55;0;5;7;1;2;1;0;19;40;63;63;63;-1;-1;-1;;;;63;63;63;False;False;False;True;False;False;False;True;False;False;False;False;False;True;False;False;False;True;False;False;0;0;0;False;0;0;0;-1;False;0;0;0;0;-1;0;0;0;0;0;0;0;0;0;0;0;0;0;0;0;0;0;-1;-1;-1;0;0;0;0;-1;0;0;0;0;0;0;0;0;0
4146;SD Eibar;236;42;101494;False;;;;;;;;;;;;;;;;;;;;;;;;EIB;-1;-1;Ipurua Municipal Stadium;;-1;;4145;262143;262143;;;;;67928064;67928065;67928192;67928066;4294950912;4294950912;4294950912;4294950912;4294950912;4294950912;1;8;20;56;8;1;0;5;7;1;1;7;1;8;20;56;8;1;-1;-1;-1;;;;63;63;63;False;False;False;True;False;False;False;False;False;False;False;False;False;True;False;False;False;True;False;False;0;0;0;False;0;0;0;-1;False;0;0;0;0;-1;0;0;0;0;0;0;0;0;0;0;0;0;0;0;0;0;0;-1;-1;-1;0;0;0;0;-1;0;0;0;0;0;0;0;0;0
4148;Chicago Fire FC;135;29;36285;False;;;;;;;;;;;;;;;;;;;;;;;;CHI;-1;-1;Soldier Field;;-1;;4151;262143;262143;;;;;67960832;67960833;67960960;4294950912;4294950912;4294950912;4294950912;4294950912;4294950912;4294950912;6;11;19;53;53;53;0;0;0;1;1;1;63;63;63;63;63;63;-1;-1;-1;;;;63;63;63;False;False;False;True;False;True;False;True;False;False;False;False;False;True;False;False;False;True;False;False;0;0;0;False;0;0;0;-1;False;0;0;0;0;-1;0;0;0;0;0;0;0;0;0;0;0;0;0;0;0;0;0;-1;-1;-1;0;0;0;0;-1;0;0;0;0;0;0;0;0;0
4151;Columbus Crew;135;15;56;False;;;;;;;;;;;;;;;;;;;;;;;;CLB;-1;-1;MAPFRE Stadium;;-1;;5737;4148;262143;;;;;68009984;68009985;68010112;4294950912;4294950912;4294950912;4294950912;4294950912;4294950912;4294950912;63;56;8;10;10;10;0;0;0;1;1;1;63;63;63;63;63;63;-1;-1;-1;;;;63;63;63;False;False;False;True;False;True;False;True;False;False;False;False;False;True;False;False;False;True;False;False;0;0;0;False;0;0;0;-1;False;0;0;0;0;-1;0;0;0;0;0;0;0;0;0;0;0;0;0;0;0;0;0;-1;-1;-1;0;0;0;0;-1;0;0;0;0;0;0;0;0;0
4153;FC Dallas;135;29;100029;False;;;;;;;;;;;;;;;;;;;;;;;;FCD;-1;-1;Toyota Stadium;;-1;;5740;262143;262143;;;;;68042752;68042753;68042880;4294950912;4294950912;4294950912;4294950912;4294950912;4294950912;4294950912;45;6;10;53;53;53;0;0;0;1;1;1;63;63;63;63;63;63;-1;-1;-1;;;;63;63;63;False;False;False;True;False;True;False;True;False;False;False;False;False;True;False;False;False;True;False;False;0;0;0;False;0;0;0;-1;False;0;0;0;0;-1;0;0;0;0;0;0;0;0;0;0;0;0;0;0;0;0;0;-1;-1;-1;0;0;0;0;-1;0;0;0;0;0;0;0;0;0
4155;Los Angeles Galaxy;135;20;100047;False;;;;;;;;;;;;;;;;;;;;;;;;LAG;-1;-1;Dignity Health Sports Park;;-1;;4162;5741;262143;;;;;68075520;68075521;68075648;4294950912;4294950912;4294950912;4294950912;4294950912;4294950912;4294950912;53;53;53;10;12;14;0;0;0;1;1;1;63;63;63;63;63;63;-1;-1;-1;;;;63;63;63;False;False;False;True;False;True;False;True;False;False;False;False;False;True;False;False;False;True;False;False;0;0;0;False;0;0;0;-1;False;0;0;0;0;-1;0;0;0;0;0;0;0;0;0;0;0;0;0;0;0;0;0;-1;-1;-1;0;0;0;0;-1;0;0;0;0;0;0;0;0;0
4156;CF Montréal;110;29;100049;False;;;;;;;;;;;;;;;;;;;;;;;;MTL;-1;-1;Saputo Stadium;;-1;;4166;262143;262143;;;;;68091904;68091905;68092032;4294950912;4294950912;4294950912;4294950912;4294950912;4294950912;4294950912;10;10;10;53;53;53;0;0;0;1;1;1;63;63;63;63;63;63;-1;-1;-1;;;;63;63;63;False;False;False;True;False;True;False;True;False;False;False;False;False;True;False;False;False;True;False;False;0;0;0;False;0;0;0;-1;False;0;0;0;0;-1;0;0;0;0;0;0;0;0;0;0;0;0;0;0;0;0;0;-1;-1;-1;0;0;0;0;-1;0;0;0;0;0;0;0;0;0
4157;New England Revolution;135;15;100064;False;;;;;;;;;;;;;;;;;;;;;;;;NER;-1;-1;Gillette Stadium;;-1;;4158;262143;262143;;;;;68108288;68108289;68108416;4294950912;4294950912;4294950912;4294950912;4294950912;4294950912;4294950912;10;11;18;45;49;51;0;0;0;1;1;1;63;63;63;63;63;63;-1;-1;-1;;;;63;63;63;False;False;False;True;False;True;False;True;False;False;False;False;False;True;False;False;False;True;False;False;0;0;0;False;0;0;0;-1;False;0;0;0;0;-1;0;0;0;0;0;0;0;0;0;0;0;0;0;0;0;0;0;-1;-1;-1;0;0;0;0;-1;0;0;0;0;0;0;0;0;0
4158;New York RB;135;29;431;False;;;;;;;;;;;;;;;;;;;;;;;;NYR;-1;-1;Red Bull Arena;;-1;;262143;5061;4157;;;;;68124672;68124673;68124800;4294950912;4294950912;4294950912;4294950912;4294950912;4294950912;4294950912;45;45;47;10;10;10;0;0;0;1;1;1;63;63;63;63;63;63;-1;-1;-1;;;;63;63;63;False;False;False;True;False;True;False;True;False;False;False;False;False;True;False;False;False;True;False;False;0;0;0;False;0;0;0;-1;False;0;0;0;0;-1;0;0;0;0;0;0;0;0;0;0;0;0;0;0;0;0;0;-1;-1;-1;0;0;0;0;-1;0;0;0;0;0;0;0;0;0
4160;Portland Timbers;135;17;100026;False;;;;;;;;;;;;;;;;;;;;;;;;POR;-1;-1;Providence Park;;-1;;4163;4166;4164;;;;;68157440;68157441;68157568;4294950912;4294950912;4294950912;4294950912;4294950912;4294950912;4294950912;12;18;12;12;18;12;0;0;0;1;1;1;63;63;63;63;63;63;-1;-1;-1;;;;63;63;63;False;False;False;True;False;True;False;True;False;False;False;False;False;True;False;False;False;True;False;False;0;0;0;False;0;0;0;-1;False;0;0;0;0;-1;0;0;0;0;0;0;0;0;0;0;0;0;0;0;0;0;0;-1;-1;-1;0;0;0;0;-1;0;0;0;0;0;0;0;0;0
4162;San Jose Earthquakes;135;29;90003;False;;;;;;;;;;;;;;;;;;;;;;;;SJE;-1;-1;PayPal Park;;-1;;4155;4163;262143;;;;;68190208;68190209;68190336;4294950912;4294950912;4294950912;4294950912;4294950912;4294950912;4294950912;4;22;43;53;53;53;0;0;0;1;1;1;63;63;63;63;63;63;-1;-1;-1;;;;63;63;63;False;False;False;True;False;True;False;True;False;False;False;False;False;True;False;False;False;True;False;False;0;0;0;False;0;0;0;-1;False;0;0;0;0;-1;0;0;0;0;0;0;0;0;0;0;0;0;0;0;0;0;0;-1;-1;-1;0;0;0;0;-1;0;0;0;0;0;0;0;0;0
4163;Seattle Sounders;135;15;100052;False;;;;;;;;;;;;;;;;;;;;;;;;SEA;-1;-1;CenturyLink Field;;-1;;4162;4160;4166;;;;;68206592;68206593;68206720;4294950912;4294950912;4294950912;4294950912;4294950912;4294950912;4294950912;26;42;19;26;42;19;0;0;0;1;1;1;63;63;63;63;63;63;-1;-1;-1;;;;63;63;63;False;False;False;True;False;True;False;True;False;False;False;False;False;True;False;False;False;True;False;False;0;0;0;False;0;0;0;-1;False;0;0;0;0;-1;0;0;0;0;0;0;0;0;0;0;0;0;0;0;0;0;0;-1;-1;-1;0;0;0;0;-1;0;0;0;0;0;0;0;0;0
4164;Sporting Kansas City;135;29;100054;False;;;;;;;;;;;;;;;;;;;;;;;;SKC;-1;-1;Children's Mercy Park;;-1;;4160;262143;262143;;;;;68222976;68222977;68223104;4294950912;4294950912;4294950912;4294950912;4294950912;4294950912;4294950912;41;44;51;6;9;12;0;0;0;1;1;1;63;63;63;63;63;63;-1;-1;-1;;;;63;63;63;False;False;False;True;False;True;False;True;False;False;False;False;False;True;False;False;False;True;False;False;0;0;0;False;0;0;0;-1;False;0;0;0;0;-1;0;0;0;0;0;0;0;0;0;0;0;0;0;0;0;0;0;-1;-1;-1;0;0;0;0;-1;0;0;0;0;0;0;0;0;0
4166;Vancouver Whitecaps;110;17;101993;False;;;;;;;;;;;;;;;;;;;;;;;;VW;-1;-1;BC Place;;-1;;4160;4163;4156;;;;;68255744;68255745;68255872;4294950912;4294950912;4294950912;4294950912;4294950912;4294950912;4294950912;53;53;53;8;12;18;0;0;0;1;1;1;63;63;63;63;63;63;-1;-1;-1;;;;63;63;63;False;False;False;True;False;True;False;True;False;False;False;False;False;True;False;False;False;True;False;False;0;0;0;False;0;0;0;-1;False;0;0;0;0;-1;0;0;0;0;0;0;0;0;0;0;0;0;0;0;0;0;0;-1;-1;-1;0;0;0;0;-1;0;0;0;0;0;0;0;0;0
4168;Shandong Taishan;7;13;102184;False;;;;;;;;;;;;;;;;;;;;;;;;SDL;-1;-1;Shandong Stadium;;-1;;297;295;262143;;;;;68288512;68288513;68288640;4294950912;4294950912;4294950912;4294950912;4294950912;4294950912;4294950912;62;16;5;0;0;0;0;3;7;3;1;1;62;16;5;0;0;0;-1;-1;-1;;;;63;63;63;False;False;False;True;False;False;False;True;False;False;False;False;False;True;False;False;False;True;False;False;0;0;0;False;0;0;0;-1;False;0;0;0;0;-1;0;0;0;0;0;0;0;0;0;0;0;0;0;0;0;0;0;-1;-1;-1;0;0;0;0;-1;0;0;0;0;0;0;0;0;0
4171;Al Kuwait SC;17;15;100399;False;;;;;;;;;;;;;;;;;;;;;;;;SGF;-1;-1;Al Kuwait SC Stadium;;-1;;262143;262143;262143;;;;;68337664;68337665;68337792;4294950912;4294950912;4294950912;4294950912;4294950912;4294950912;4294950912;54;12;10;53;53;53;0;0;0;1;1;1;63;63;63;63;63;63;-1;-1;-1;;;;63;63;63;False;False;False;True;False;False;False;False;False;False;False;False;False;True;False;False;False;True;False;False;0;0;0;False;0;0;0;-1;False;0;0;0;0;-1;0;0;0;0;0;0;0;0;0;0;0;0;0;0;0;0;0;-1;-1;-1;0;0;0;0;-1;0;0;0;0;0;0;0;0;0
4180;Brentford FC;204;42;100089;False;;;;;;;;;;;;;;;;;;;;;;;;BRE;-1;-1;Griffin Park;;-1;;178;1327;262143;;;;;68485120;68485121;68485248;68485122;4294950912;4294950912;4294950912;4294950912;4294950912;4294950912;49;7;8;63;63;63;0;1;4;1;1;9;49;7;8;63;63;63;-1;-1;-1;;;;63;63;63;False;False;False;True;False;False;False;True;False;False;False;False;False;True;False;False;False;True;False;False;0;0;0;False;0;0;0;-1;False;0;0;0;0;-1;0;0;0;0;0;0;0;0;0;0;0;0;0;0;0;0;0;-1;-1;-1;0;0;0;0;-1;0;0;0;0;0;0;0;0;0
4183;Coventry City;204;29;137;False;;;;;;;;;;;;;;;;;;;;;;;;COV;-1;-1;St Andrew's Stadium;;-1;;204;208;107;;;;;68534272;68534273;68534400;68534274;4294950912;4294950912;4294950912;4294950912;4294950912;4294950912;24;43;55;63;63;63;0;0;0;1;1;1;24;43;55;63;63;63;-1;-1;-1;;;;63;63;63;False;False;False;True;False;False;False;True;False;False;False;False;False;True;False;False;False;True;False;False;0;0;0;False;0;0;0;-1;False;0;0;0;0;-1;0;0;0;0;0;0;0;0;0;0;0;0;0;0;0;0;0;-1;-1;-1;0;0;0;0;-1;0;0;0;0;0;0;0;0;0
4192;Preston North End;204;29;149;False;;;;;;;;;;;;;;;;;;;;;;;;PRE;-1;-1;Deepdale;;-1;;378;176;262143;;;;;68681728;68681729;68681856;68681730;4294950912;4294950912;4294950912;4294950912;4294950912;4294950912;63;63;63;0;7;22;0;0;0;1;1;1;63;63;63;0;7;22;-1;-1;-1;;;;63;63;63;False;False;False;True;False;False;False;True;False;False;False;False;False;True;False;False;False;True;False;False;0;0;0;False;0;0;0;-1;False;0;0;0;0;-1;0;0;0;0;0;0;0;0;0;0;0;0;0;0;0;0;0;-1;-1;-1;0;0;0;0;-1;0;0;0;0;0;0;0;0;0
4194;Sheffield United;204;29;374;False;;;;;;;;;;;;;;;;;;;;;;;;SHU;-1;-1;Bramall Lane;;-1;;394;262143;389;;;;;68714496;68714497;68714624;68714498;4294950912;4294950912;4294950912;4294950912;4294950912;4294950912;59;7;8;63;63;63;0;3;4;2;1;5;59;7;8;63;63;63;-1;-1;-1;;;;63;63;63;False;False;False;True;False;False;False;True;False;False;False;False;False;True;False;False;False;True;False;False;0;0;0;False;0;0;0;-1;False;0;0;0;0;-1;0;0;0;0;0;0;0;0;0;0;0;0;0;0;0;0;0;-1;-1;-1;0;0;0;0;-1;0;0;0;0;0;0;0;0;0
4200;Amiens SC;208;29;101769;False;;;;;;;;;;;;;;;;;;;;;;;;ASC;-1;-1;Stade de la Locome;;-1;;1528;262143;262143;;;;;68812800;68812801;68812928;4294950912;4294950912;4294950912;4294950912;4294950912;4294950912;4294950912;63;63;63;0;0;0;0;0;0;1;1;1;63;63;63;0;0;0;-1;-1;-1;;;;63;63;63;False;False;False;True;False;False;False;True;False;False;False;False;False;True;False;False;False;True;False;False;0;0;0;False;0;0;0;-1;False;0;0;0;0;-1;0;0;0;0;0;0;0;0;0;0;0;0;0;0;0;0;0;-1;-1;-1;0;0;0;0;-1;0;0;0;0;0;0;0;0;0
4201;US Boulogne;208;40;302;False;;;;;;;;;;;;;;;;;;;;;;;;USB;-1;-1;Stade de la Liberation;;-1;;4206;1528;262143;;;;;68829184;68829185;68829312;4294950912;4294950912;4294950912;4294950912;4294950912;4294950912;4294950912;43;6;6;7;20;38;0;0;0;1;1;1;63;63;63;63;63;63;-1;-1;-1;;;;63;63;63;False;False;False;True;False;True;False;True;False;False;False;False;False;True;False;False;False;True;False;False;0;0;0;False;0;0;0;-1;False;0;0;0;0;-1;0;0;0;0;0;0;0;0;0;0;0;0;0;0;0;0;0;-1;-1;-1;0;0;0;0;-1;0;0;0;0;0;0;0;0;0
4206;USL Dunkerque;208;18;100236;False;;;;;;;;;;;;;;;;;;;;;;;;DUN;-1;-1;Marcel-Tribut;;-1;;4201;262143;262143;;;;;68911104;68911105;68911232;4294950912;4294950912;4294950912;4294950912;4294950912;4294950912;4294950912;14;16;20;31;12;15;0;0;0;1;1;1;0;17;33;63;63;63;-1;-1;-1;;;;63;63;63;False;False;False;True;False;False;False;True;False;False;False;False;False;True;False;False;False;True;False;False;0;0;0;False;0;0;0;-1;False;0;0;0;0;-1;0;0;0;0;0;0;0;0;0;0;0;0;0;0;0;0;0;-1;-1;-1;0;0;0;0;-1;0;0;0;0;0;0;0;0;0
4211;Paris FC;208;29;101358;False;;;;;;;;;;;;;;;;;;;;;;;;PFC;-1;-1;Charlety;;-1;;4212;262143;262143;;;;;68993024;68993025;68993152;68993026;4294950912;4294950912;4294950912;4294950912;4294950912;4294950912;2;6;14;0;42;62;0;3;1;2;1;8;2;6;14;0;42;62;-1;-1;-1;;;;63;63;63;False;False;False;True;False;False;False;True;False;False;False;False;False;True;False;False;False;True;False;False;0;0;0;False;0;0;0;-1;False;0;0;0;0;-1;0;0;0;0;0;0;0;0;0;0;0;0;0;0;0;0;0;-1;-1;-1;0;0;0;0;-1;0;0;0;0;0;0;0;0;0
4212;Red Star FC;208;18;121593;False;;;;;;;;;;;;;;;;;;;;;;;;RST;-1;-1;Stade Bauer;;-1;;4211;262143;262143;;;;;69009408;69009409;69009536;69009410;4294950912;4294950912;4294950912;4294950912;4294950912;4294950912;0;19;15;28;15;15;0;0;0;1;1;1;63;63;63;63;63;63;-1;-1;-1;;;;63;63;63;False;False;False;True;False;True;False;True;False;False;False;False;False;True;False;False;False;True;False;False;0;0;0;False;0;0;0;-1;False;0;0;0;0;-1;0;0;0;0;0;0;0;0;0;0;0;0;0;0;0;0;0;-1;-1;-1;0;0;0;0;-1;0;0;0;0;0;0;0;0;0
4213;RC Strasbourg Alsace;208;29;1175;False;;;;;;;;;;;;;;;;;;;;;;;;RCS;-1;-1;La Meinau;;-1;;4123;262143;262143;;;;;69025792;69025793;69025920;69025794;4294950912;4294950912;4294950912;4294950912;4294950912;4294950912;0;18;37;63;63;63;0;0;0;1;1;1;0;18;37;63;63;63;-1;-1;-1;;;;63;63;63;False;False;False;True;False;False;False;True;False;False;False;False;False;True;False;False;False;True;False;False;0;0;0;False;0;0;0;-1;False;0;0;0;0;-1;0;0;0;0;0;0;0;0;0;0;0;0;0;0;0;0;0;-1;-1;-1;0;0;0;0;-1;0;0;0;0;0;0;0;0;0
4218;Carrarese Calcio;215;29;484;False;;;;;;;;;;;;;;;;;;;;;;;;CAR;-1;-1;Comunale dei Marmi;;-1;;1600;262143;262143;;;;;69107712;69107713;69107840;69107714;4294950912;4294950912;4294950912;4294950912;4294950912;4294950912;14;22;39;53;53;53;0;0;0;1;1;1;63;63;63;63;63;63;-1;-1;-1;;;;63;63;63;False;False;False;True;False;False;False;False;False;False;False;False;False;True;False;False;False;True;False;False;0;0;0;False;0;0;0;-1;False;0;0;0;0;-1;0;0;0;0;0;0;0;0;0;0;0;0;0;0;0;0;0;-1;-1;-1;0;0;0;0;-1;0;0;0;0;0;0;0;0;0
4219;Como 1907;215;29;100067;False;;;;;;;;;;;;;;;;;;;;;;;;COM;-1;-1;Giuseppe Sinigaglia;;-1;;4914;262143;262143;;;;;69124096;69124097;69124224;69124098;4294950912;4294950912;4294950912;4294950912;4294950912;4294950912;6;15;47;55;55;55;0;0;0;1;1;1;63;63;63;63;63;63;-1;-1;-1;;;;63;63;63;False;False;False;True;False;True;False;True;False;False;False;False;False;True;False;False;False;True;False;False;0;0;0;False;0;0;0;-1;False;0;0;0;0;-1;0;0;0;0;0;0;0;0;0;0;0;0;0;0;0;0;0;-1;-1;-1;0;0;0;0;-1;0;0;0;0;0;0;0;0;0
4220;US Cremonese;215;40;100263;False;;;;;;;;;;;;;;;;;;;;;;;;CRE;-1;-1;Giovanni Zini;;-1;;4379;262143;262143;;;;;69140480;69140481;69140608;69140482;4294950912;4294950912;4294950912;4294950912;4294950912;4294950912;56;0;6;38;38;38;0;1;1;3;1;1;56;0;6;38;38;38;-1;-1;-1;;;;63;63;63;False;False;False;True;False;False;False;True;False;False;False;False;False;True;False;False;False;True;False;False;0;0;0;False;0;0;0;-1;False;0;0;0;0;-1;0;0;0;0;0;0;0;0;0;0;0;0;0;0;0;0;0;-1;-1;-1;0;0;0;0;-1;0;0;0;0;0;0;0;0;0
4225;AC Reggiana 1919;215;45;125;False;;;;;;;;;;;;;;;;;;;;;;;;REG;-1;-1;Mapei Stadium;;-1;;186;237;123;;;;;69222400;69222401;69222528;4294950912;4294950912;4294950912;4294950912;4294950912;4294950912;4294950912;25;3;6;53;53;53;0;0;0;1;1;1;39;10;13;63;63;63;-1;-1;-1;;;;63;63;63;False;False;False;True;False;False;False;False;False;False;False;False;False;True;False;False;False;True;False;False;0;0;0;False;0;0;0;-1;False;0;0;0;0;-1;0;0;0;0;0;0;0;0;0;0;0;0;0;0;0;0;0;-1;-1;-1;0;0;0;0;-1;0;0;0;0;0;0;0;0;0
4228;FC Südtirol;215;40;111;False;;;;;;;;;;;;;;;;;;;;;;;;SAA;-1;-1;Stadio Druso;;-1;;262143;262143;262143;;;;;69271552;69271553;69271680;69271554;4294950912;4294950912;4294950912;4294950912;4294950912;4294950912;53;53;53;14;15;17;0;0;0;1;1;1;63;63;63;63;63;63;-1;-1;-1;;;;63;63;63;False;False;False;True;False;False;False;False;False;False;False;False;False;True;False;False;False;True;False;False;0;0;0;False;0;0;0;-1;False;0;0;0;0;-1;0;0;0;0;0;0;0;0;0;0;0;0;0;0;0;0;0;-1;-1;-1;0;0;0;0;-1;0;0;0;0;0;0;0;0;0
4229;Venezia FC;215;40;100161;False;;;;;;;;;;;;;;;;;;;;;;;;VNZ;-1;-1;Pierluigi Penzo;;-1;;190;336;262143;;;;;69287936;69287937;69288064;69287938;4294950912;4294950912;4294950912;4294950912;4294950912;4294950912;1;24;10;59;31;0;0;5;5;2;1;1;61;32;8;2;24;9;-1;-1;-1;;;;63;63;63;False;False;False;True;False;False;False;False;False;False;False;False;False;True;False;False;False;True;False;False;0;0;0;False;0;0;0;-1;False;0;0;0;0;-1;0;0;0;0;0;0;0;0;0;0;0;0;0;0;0;0;0;-1;-1;-1;0;0;0;0;-1;0;0;0;0;0;0;0;0;0
4230;Virtus Entella;215;29;100136;False;;;;;;;;;;;;;;;;;;;;;;;;ENT;-1;-1;Enrico Sannazzari;;-1;;262143;262143;262143;;;;;69304320;69304321;69304448;69304322;4294950912;4294950912;4294950912;4294950912;4294950912;4294950912;53;53;53;10;10;10;0;3;6;3;1;1;38;51;58;63;63;63;-1;-1;-1;;;;63;63;63;False;False;False;True;False;False;False;False;False;False;False;False;False;True;False;False;False;True;False;False;0;0;0;False;0;0;0;-1;False;0;0;0;0;-1;0;0;0;0;0;0;0;0;0;0;0;0;0;0;0;0;0;-1;-1;-1;0;0;0;0;-1;0;0;0;0;0;0;0;0;0
4233;US Catanzaro;215;29;1173;False;;;;;;;;;;;;;;;;;;;;;;;;USC;-1;-1;Nicola Ceravolo;;-1;;262143;262143;262143;;;;;69353472;69353473;69353600;69353474;4294950912;4294950912;4294950912;4294950912;4294950912;4294950912;41;6;6;53;53;53;0;0;0;1;1;1;63;63;63;63;63;63;-1;-1;-1;;;;63;63;63;False;False;False;True;False;False;False;False;False;False;False;False;False;True;False;False;False;True;False;False;0;0;0;False;0;0;0;-1;False;0;0;0;0;-1;0;0;0;0;0;0;0;0;0;0;0;0;0;0;0;0;0;-1;-1;-1;0;0;0;0;-1;0;0;0;0;0;0;0;0;0
4234;Frosinone Calcio;215;17;100120;False;;;;;;;;;;;;;;;;;;;;;;;;FRO;-1;-1;Stadio Matusa;;-1;;262143;262143;262143;;;;;69369856;69369857;69369984;69369858;4294950912;4294950912;4294950912;4294950912;4294950912;4294950912;0;16;36;63;55;0;0;6;7;2;1;1;0;16;36;63;55;0;-1;-1;-1;;;;63;63;63;False;False;False;True;False;False;False;False;False;False;False;False;False;True;False;False;False;True;False;False;0;0;0;False;0;0;0;-1;False;0;0;0;0;-1;0;0;0;0;0;0;0;0;0;0;0;0;0;0;0;0;0;-1;-1;-1;0;0;0;0;-1;0;0;0;0;0;0;0;0;0
4237;US Lecce;215;29;101069;False;;;;;;;;;;;;;;;;;;;;;;;;LEC;-1;-1;Stadio Via del Mare;;-1;;319;262143;262143;;;;;69419008;69419009;69419136;69419010;4294950912;4294950912;4294950912;4294950912;4294950912;4294950912;63;60;0;56;2;5;0;0;0;1;1;1;63;60;0;56;2;5;-1;-1;-1;;;;63;63;63;False;False;False;True;False;False;False;True;False;False;False;False;False;True;False;False;False;True;False;False;0;0;0;False;0;0;0;-1;False;0;0;0;0;-1;0;0;0;0;0;0;0;0;0;0;0;0;0;0;0;0;0;-1;-1;-1;0;0;0;0;-1;0;0;0;0;0;0;0;0;0
4241;Pisa Sporting Club;215;29;101247;False;;;;;;;;;;;;;;;;;;;;;;;;PIS;-1;-1;Arena Garibaldi;;-1;;124;240;1600;;;;;69484544;69484545;69484672;69484546;4294950912;4294950912;4294950912;4294950912;4294950912;4294950912;0;17;35;54;9;7;0;0;0;1;1;1;0;17;35;54;9;7;-1;-1;-1;;;;63;63;63;False;False;False;True;False;False;False;True;False;False;False;False;False;True;False;False;False;True;False;False;0;0;0;False;0;0;0;-1;False;0;0;0;0;-1;0;0;0;0;0;0;0;0;0;0;0;0;0;0;0;0;0;-1;-1;-1;0;0;0;0;-1;0;0;0;0;0;0;0;0;0
4247;Burgos CF;236;44;101957;False;;;;;;;;;;;;;;;;;;;;;;;;BRG;-1;-1;El Plantio;;-1;;262143;262143;262143;;;;;69582848;69582849;69582976;69582850;4294950912;4294950912;4294950912;4294950912;4294950912;4294950912;0;25;0;55;55;55;0;0;0;1;1;1;63;63;63;63;63;63;-1;-1;-1;;;;63;63;63;False;False;False;True;False;False;False;False;False;False;False;False;False;True;False;False;False;True;False;False;0;0;0;False;0;0;0;-1;False;0;0;0;0;-1;0;0;0;0;0;0;0;0;0;0;0;0;0;0;0;0;0;-1;-1;-1;0;0;0;0;-1;0;0;0;0;0;0;0;0;0
4252;Cultural Leonesa;236;15;100106;False;;;;;;;;;;;;;;;;;;;;;;;;CDL;-1;-1;Reino de Leon;;-1;;262143;262143;262143;;;;;69664768;69664769;69664896;4294950912;4294950912;4294950912;4294950912;4294950912;4294950912;4294950912;53;53;53;10;10;10;0;0;0;1;1;1;63;63;63;63;63;63;-1;-1;-1;;;;63;63;63;False;False;False;True;False;False;False;False;False;False;False;False;False;True;False;False;False;True;False;False;0;0;0;False;0;0;0;-1;False;0;0;0;0;-1;0;0;0;0;0;0;0;0;0;0;0;0;0;0;0;0;0;-1;-1;-1;0;0;0;0;-1;0;0;0;0;0;0;0;0;0
4260;Real Oviedo;236;29;134;False;;;;;;;;;;;;;;;;;;;;;;;;OVI;-1;-1;Carlos Tartiere;;-1;;363;262143;262143;;;;;69795840;69795841;69795968;69795842;4294950912;4294950912;4294950912;4294950912;4294950912;4294950912;0;12;38;63;63;63;0;0;0;1;1;1;0;12;38;63;63;63;-1;-1;-1;;;;63;63;63;False;False;False;True;False;False;False;True;False;False;False;False;False;True;False;False;False;True;False;False;0;0;0;False;0;0;0;-1;False;0;0;0;0;-1;0;0;0;0;0;0;0;0;0;0;0;0;0;0;0;0;0;-1;-1;-1;0;0;0;0;-1;0;0;0;0;0;0;0;0;0
4272;CD Leganés;236;40;100206;False;;;;;;;;;;;;;;;;;;;;;;;;LEG;-1;-1;Municipal de Butarque;;-1;;362;262143;262143;;;;;69992448;69992449;69992576;69992450;4294950912;4294950912;4294950912;4294950912;4294950912;4294950912;4;23;51;63;63;63;0;2;1;1;1;1;4;23;51;63;63;63;-1;-1;-1;;;;63;63;63;False;False;False;True;False;False;False;False;False;False;False;False;False;True;False;False;False;True;False;False;0;0;0;False;0;0;0;-1;False;0;0;0;0;-1;0;0;0;0;0;0;0;0;0;0;0;0;0;0;0;0;0;-1;-1;-1;0;0;0;0;-1;0;0;0;0;0;0;0;0;0
4276;Sociedad B;236;44;100958;False;;;;;;;;;;;;;;;;;;;;;;;;SOB;-1;-1;Instalaciones de Zubieta;;-1;;262143;262143;262143;;;;;70057984;70057985;70058112;4294950912;4294950912;4294950912;4294950912;4294950912;4294950912;4294950912;22;35;49;53;53;53;0;0;0;1;1;1;63;63;63;63;63;63;-1;-1;-1;;;;63;63;63;False;False;False;True;False;False;False;False;False;False;False;False;False;True;False;False;False;True;False;False;0;0;0;False;0;0;0;-1;False;0;0;0;0;-1;0;0;0;0;0;0;0;0;0;0;0;0;0;0;0;0;0;-1;-1;-1;0;0;0;0;-1;0;0;0;0;0;0;0;0;0
4302;Albacete Balompié;236;40;101507;False;;;;;;;;;;;;;;;;;;;;;;;;ALB;-1;-1;Carlos Belmonte;;-1;;361;262143;262143;;;;;70483968;70483969;70484096;4294950912;4294950912;4294950912;4294950912;4294950912;4294950912;4294950912;53;53;53;11;12;17;0;2;1;4;1;1;63;63;63;0;0;0;-1;-1;-1;;;;63;63;63;False;False;False;True;False;False;False;False;False;False;False;False;False;True;False;False;False;True;False;False;0;0;0;False;0;0;0;-1;False;0;0;0;0;-1;0;0;0;0;0;0;0;0;0;0;0;0;0;0;0;0;0;-1;-1;-1;0;0;0;0;-1;0;0;0;0;0;0;0;0;0
4308;Cádiz CF;236;29;19;False;;;;;;;;;;;;;;;;;;;;;;;;CAD;-1;-1;Ramon de Carranza;;-1;;262143;262143;262143;;;;;70582272;70582273;70582400;70582274;4294950912;4294950912;4294950912;4294950912;4294950912;4294950912;63;57;1;0;24;37;0;0;0;1;1;1;63;57;1;0;24;37;-1;-1;-1;;;;63;63;63;False;False;False;True;False;False;False;False;False;False;False;False;False;True;False;False;False;True;False;False;0;0;0;False;0;0;0;-1;False;0;0;0;0;-1;0;0;0;0;0;0;0;0;0;0;0;0;0;0;0;0;0;-1;-1;-1;0;0;0;0;-1;0;0;0;0;0;0;0;0;0
4326;FK Qarabağ;195;20;353;False;;;;;;;;;;;;;;;;;;;;;;;;QAR;-1;-1;Azersun Arena;;-1;;262143;262143;262143;;;;;70877184;70877185;70877312;70877186;4294950912;4294950912;4294950912;4294950912;4294950912;4294950912;5;13;30;63;63;63;0;0;0;1;1;1;63;63;63;63;63;63;-1;-1;-1;;;;63;63;63;False;False;False;True;False;False;False;False;False;False;False;False;False;True;False;False;False;True;False;False;0;0;0;False;0;0;0;-1;False;0;0;0;0;-1;0;0;0;0;0;0;0;0;0;0;0;0;0;0;0;0;0;-1;-1;-1;0;0;0;0;-1;0;0;0;0;0;0;0;0;0
4344;Slovan Bratislava;234;15;314;False;;;;;;;;;;;;;;;;;;;;;;;;SLO;-1;-1;Tehelne Pole;;-1;;262143;262143;262143;;;;;71172096;71172097;71172224;71172098;4294950912;4294950912;4294950912;4294950912;4294950912;4294950912;14;44;57;14;44;57;0;0;0;1;1;1;63;63;63;63;63;63;-1;-1;-1;;;;63;63;63;False;False;False;True;False;False;False;False;False;False;False;False;False;True;False;False;False;True;False;False;0;0;0;False;0;0;0;-1;False;0;0;0;0;-1;0;0;0;0;0;0;0;0;0;0;0;0;0;0;0;0;0;-1;-1;-1;0;0;0;0;-1;0;0;0;0;0;0;0;0;0
4347;FC Sheriff Tiraspol;223;45;2354;False;;;;;;;;;;;;;;;;;;;;;;;;FCS;-1;-1;Sheriff Stadium;;-1;;262143;262143;262143;;;;;71221248;71221249;71221376;71221250;4294950912;4294950912;4294950912;4294950912;4294950912;4294950912;53;50;10;10;10;10;0;0;0;1;1;1;63;63;63;63;63;63;-1;-1;-1;;;;63;63;63;False;False;False;True;False;False;False;False;False;False;False;False;False;True;False;False;False;True;False;False;0;0;0;False;0;0;0;-1;False;0;0;0;0;-1;0;0;0;0;0;0;0;0;0;0;0;0;0;0;0;0;0;-1;-1;-1;0;0;0;0;-1;0;0;0;0;0;0;0;0;0
4355;Ludogorets Razgrad;199;17;90016;False;;;;;;;;;;;;;;;;;;;;;;;;LUD;-1;-1;Stadium Ludogorets Arena;;-1;;262143;262143;262143;;;;;71352320;71352321;71352448;71352322;4294950912;4294950912;4294950912;4294950912;4294950912;4294950912;63;63;63;0;25;11;0;0;0;1;1;1;63;63;63;63;63;63;-1;-1;-1;;;;63;63;63;False;False;False;True;False;False;False;False;False;False;False;False;False;True;False;False;False;True;False;False;0;0;0;False;0;0;0;-1;False;0;0;0;0;-1;0;0;0;0;0;0;0;0;0;0;0;0;0;0;0;0;0;-1;-1;-1;0;0;0;0;-1;0;0;0;0;0;0;0;0;0
4365;Portsmouth FC;204;20;417;False;;;;;;;;;;;;;;;;;;;;;;;;POR;-1;-1;Fratton Park;;-1;;207;262143;262143;;;;;71516160;71516161;71516288;71516162;4294950912;4294950912;4294950912;4294950912;4294950912;4294950912;0;18;40;10;10;10;0;0;0;1;1;1;63;63;63;63;63;63;-1;-1;-1;;;;63;63;63;False;False;False;True;False;True;False;True;False;False;False;False;False;True;False;False;False;True;False;False;0;0;0;False;0;0;0;-1;False;0;0;0;0;-1;0;0;0;0;0;0;0;0;0;0;0;0;0;0;0;0;0;-1;-1;-1;0;0;0;0;-1;0;0;0;0;0;0;0;0;0
4370;Grenoble Foot 38;208;29;101529;False;;;;;;;;;;;;;;;;;;;;;;;;GRB;-1;-1;Stade des Alpes;;-1;;407;262143;262143;;;;;71598080;71598081;71598208;4294950912;4294950912;4294950912;4294950912;4294950912;4294950912;4294950912;0;26;45;63;63;63;0;0;0;1;1;2;0;26;45;63;63;63;-1;-1;-1;;;;63;63;63;False;False;False;True;False;False;False;True;False;False;False;False;False;True;False;False;False;True;False;False;0;0;0;False;0;0;0;-1;False;0;0;0;0;-1;0;0;0;0;0;0;0;0;0;0;0;0;0;0;0;0;0;-1;-1;-1;0;0;0;0;-1;0;0;0;0;0;0;0;0;0
4372;Rodez AF;208;29;101531;False;;;;;;;;;;;;;;;;;;;;;;;;ROD;-1;-1;Stade Paul Lignon;;-1;;262143;262143;262143;;;;;71630848;71630849;71630976;71630850;4294950912;4294950912;4294950912;4294950912;4294950912;4294950912;49;14;17;63;49;13;0;0;0;1;1;1;49;14;17;63;49;13;-1;-1;-1;;;;63;63;63;False;False;False;True;False;False;False;False;False;False;False;False;False;True;False;False;False;True;False;False;0;0;0;False;0;0;0;-1;False;0;0;0;0;-1;0;0;0;0;0;0;0;0;0;0;0;0;0;0;0;0;0;-1;-1;-1;0;0;0;0;-1;0;0;0;0;0;0;0;0;0
4379;Mantova 1911;215;40;354;False;;;;;;;;;;;;;;;;;;;;;;;;MAN;-1;-1;Danilo Martelli;;-1;;4220;336;262143;;;;;71745536;71745537;71745664;71745538;4294950912;4294950912;4294950912;4294950912;4294950912;4294950912;59;7;9;53;53;53;0;0;0;1;1;1;63;63;63;63;63;63;-1;-1;-1;;;;63;63;63;False;False;False;True;False;False;False;False;False;False;False;False;False;True;False;False;False;True;False;False;0;0;0;False;0;0;0;-1;False;0;0;0;0;-1;0;0;0;0;0;0;0;0;0;0;0;0;0;0;0;0;0;-1;-1;-1;0;0;0;0;-1;0;0;0;0;0;0;0;0;0
4395;CD Castellón;236;29;90032;False;;;;;;;;;;;;;;;;;;;;;;;;CDC;-1;-1;SkyFi Castalia;;-1;;267;262143;262143;;;;;72007680;72007681;72007808;72007682;4294950912;4294950912;4294950912;4294950912;4294950912;4294950912;2;25;18;10;10;10;0;0;0;1;1;1;63;63;63;63;63;63;-1;-1;-1;;;;63;63;63;False;False;False;True;False;False;False;False;False;False;False;False;False;True;False;False;False;True;False;False;0;0;0;False;0;0;0;-1;False;0;0;0;0;-1;0;0;0;0;0;0;0;0;0;0;0;0;0;0;0;0;0;-1;-1;-1;0;0;0;0;-1;0;0;0;0;0;0;0;0;0
4914;AC Monza;215;29;100144;False;;;;;;;;;;;;;;;;;;;;;;;;MON;-1;-1;Brianteo;;-1;;4219;262143;262143;;;;;80510976;80510977;80511104;80510978;4294950912;4294950912;4294950912;4294950912;4294950912;4294950912;56;9;11;56;9;11;0;0;0;1;1;1;52;7;14;63;63;63;-1;-1;-1;;;;63;63;63;False;False;False;True;False;False;False;False;False;False;False;False;False;True;False;False;False;True;False;False;0;0;0;False;0;0;0;-1;False;0;0;0;0;-1;0;0;0;0;0;0;0;0;0;0;0;0;0;0;0;0;0;-1;-1;-1;0;0;0;0;-1;0;0;0;0;0;0;0;0;0
4941;BG Pathum United;36;29;100961;False;;;;;;;;;;;;;;;;;;;;;;;;BGP;-1;-1;LEO Stadium;;-1;;262143;262143;262143;;;;;80953344;80953345;80953472;4294950912;4294950912;4294950912;4294950912;4294950912;4294950912;4294950912;6;17;46;53;53;53;0;0;0;1;1;1;63;63;63;63;63;63;-1;-1;-1;;;;63;63;63;False;False;False;True;False;False;False;False;False;False;False;False;False;True;False;False;False;True;False;False;0;0;0;False;0;0;0;-1;False;0;0;0;0;-1;0;0;0;0;0;0;0;0;0;0;0;0;0;0;0;0;0;-1;-1;-1;0;0;0;0;-1;0;0;0;0;0;0;0;0;0
4959;Paysandu;146;40;102117;False;;;;;;;;;;;;;;;;;;;;;;;;PAY;-1;-1;Estadio Leonidas Sodre de Castro;;-1;;262143;262143;262143;;;;;81248256;81248257;81248384;81248258;4294950912;4294950912;4294950912;4294950912;4294950912;4294950912;45;51;57;53;53;53;0;0;0;1;1;1;63;63;63;63;63;63;-1;-1;-1;;;;63;63;63;False;False;False;True;False;False;False;False;False;False;False;False;False;True;False;False;False;True;False;False;0;0;0;False;0;0;0;-1;False;0;0;0;0;-1;0;0;0;0;0;0;0;0;0;0;0;0;0;0;0;0;0;-1;-1;-1;0;0;0;0;-1;0;0;0;0;0;0;0;0;0
4965;FC Lugano;238;18;425;False;;;;;;;;;;;;;;;;;;;;;;;;LUG;-1;-1;Cornaredo;;-1;;262143;262143;262143;;;;;81346560;81346561;81346688;81346562;4294950912;4294950912;4294950912;4294950912;4294950912;4294950912;10;10;10;53;53;53;0;0;0;1;1;1;0;0;0;63;63;63;-1;-1;-1;;;;63;63;63;False;False;False;True;False;False;False;False;False;False;False;False;False;True;False;False;False;True;False;False;0;0;0;False;0;0;0;-1;False;0;0;0;0;-1;0;0;0;0;0;0;0;0;0;0;0;0;0;0;0;0;0;-1;-1;-1;0;0;0;0;-1;0;0;0;0;0;0;0;0;0
4971;The Old Boys;204;29;266246;False;;;;;;;;;;;;;;;;;;;;;;;;TOB;-1;-1;;;-1;;262143;262143;262143;;;;;81444864;81444865;81444992;81444866;81444867;4294950912;4294950912;4294950912;4294950912;4294950912;2;42;36;2;42;36;0;0;0;1;1;1;63;63;63;0;0;0;-1;-1;-1;;;;63;63;63;False;False;False;False;False;False;False;False;False;False;False;False;False;True;False;False;False;False;False;False;0;0;0;False;0;0;0;-1;False;0;0;0;0;-1;0;0;0;0;0;0;0;0;0;0;0;0;0;0;0;0;0;-1;-1;-1;0;0;0;0;-1;0;0;0;0;0;0;0;0;0
4995;Central Córdoba SDE;144;29;100849;False;;;;;;;;;;;;;;;;;;;;;;;;COR;-1;-1;Alfredo Terrera;;-1;;262143;262143;262143;;;;;81838080;81838081;81838208;81838082;4294950912;4294950912;4294950912;4294950912;4294950912;4294950912;63;63;63;0;0;0;0;0;0;1;1;1;63;63;63;63;63;63;-1;-1;-1;;;;63;63;63;False;False;False;True;False;True;False;False;False;False;False;False;False;True;False;False;False;True;False;False;0;0;0;False;0;0;0;-1;False;0;0;0;0;-1;0;0;0;0;0;0;0;0;0;0;0;0;0;0;0;0;0;-1;-1;-1;0;0;0;0;-1;0;0;0;0;0;0;0;0;0
5009;FC Heidenheim 1846;210;29;148;False;;;;;;;;;;;;;;;;;;;;;;;;FCH;-1;-1;Voith Arena;;-1;;262143;262143;262143;;;;;82067456;82067457;82067584;82067458;4294950912;4294950912;4294950912;4294950912;4294950912;4294950912;55;13;12;12;14;18;0;0;0;1;1;1;63;63;63;63;63;63;-1;-1;-1;;;;63;63;63;False;False;False;True;False;True;False;False;False;False;False;False;False;True;False;False;False;True;False;False;0;0;0;False;0;0;0;-1;False;0;0;0;0;-1;0;0;0;0;0;0;0;0;0;0;0;0;0;0;0;0;0;-1;-1;-1;0;0;0;0;-1;0;0;0;0;0;0;0;0;0
5010;RB Leipzig;210;20;44;False;;;;;;;;;;;;;;;;;;;;;;;;RBL;-1;-1;Red Bull Arena;;-1;;262143;262143;262143;;;;;82083840;82083841;82083968;82083842;4294950912;4294950912;4294950912;4294950912;4294950912;4294950912;63;63;63;55;0;15;0;0;0;1;1;1;63;63;63;63;63;63;-1;-1;-1;;;;63;63;63;False;False;False;True;False;True;False;False;False;False;False;False;False;True;False;False;False;True;False;False;0;0;0;False;0;0;0;-1;False;0;0;0;0;-1;0;0;0;0;0;0;0;0;0;0;0;0;0;0;0;0;0;-1;-1;-1;0;0;0;0;-1;0;0;0;0;0;0;0;0;0
5028;FC Famalicão;228;29;102232;False;;;;;;;;;;;;;;;;;;;;;;;;FAM;-1;-1;Municipal de Famalicao;;-1;;2387;262143;262143;;;;;82378752;82378753;82378880;82378754;4294950912;4294950912;4294950912;4294950912;4294950912;4294950912;0;32;50;63;63;63;0;0;0;1;1;1;63;63;63;63;63;63;-1;-1;-1;;;;63;63;63;False;False;False;True;False;True;False;True;False;False;False;False;False;True;False;False;False;True;False;False;0;0;0;False;0;0;0;-1;False;0;0;0;0;-1;0;0;0;0;0;0;0;0;0;0;0;0;0;0;0;0;0;-1;-1;-1;0;0;0;0;-1;0;0;0;0;0;0;0;0;0
5046;Club Atlético Talleres;144;17;102249;False;;;;;;;;;;;;;;;;;;;;;;;;TAL;-1;-1;La Boutique;;-1;;2536;262143;262143;;;;;82673664;82673665;82673792;82673666;4294950912;4294950912;4294950912;4294950912;4294950912;4294950912;0;6;19;63;63;63;0;0;0;1;1;1;0;6;19;63;63;63;-1;-1;-1;;;;63;63;63;False;False;False;True;False;False;False;True;False;False;False;False;False;True;False;False;False;True;False;False;0;0;0;False;0;0;0;-1;False;0;0;0;0;-1;0;0;0;0;0;0;0;0;0;0;0;0;0;0;0;0;0;-1;-1;-1;0;0;0;0;-1;0;0;0;0;0;0;0;0;0
5048;Londrina EC;146;15;36294;False;;;;;;;;;;;;;;;;;;;;;;;;LEC;-1;-1;Estadio Municipal Jacy Scaff;;-1;;262143;262143;262143;;;;;82706432;82706433;82706560;4294950912;4294950912;4294950912;4294950912;4294950912;4294950912;4294950912;36;53;61;36;53;61;0;0;0;1;1;1;63;63;63;63;63;63;-1;-1;-1;;;;63;63;63;False;False;False;True;False;False;False;False;False;False;False;False;False;True;False;False;False;True;False;False;0;0;0;False;0;0;0;-1;False;0;0;0;0;-1;0;0;0;0;0;0;0;0;0;0;0;0;0;0;0;0;0;-1;-1;-1;0;0;0;0;-1;0;0;0;0;0;0;0;0;0
5061;New York City;135;15;101026;False;;;;;;;;;;;;;;;;;;;;;;;;NYC;-1;-1;Yankee Stadium;;-1;;4158;5062;262143;;;;;82919424;82919425;82919552;4294950912;4294950912;4294950912;4294950912;4294950912;4294950912;4294950912;39;49;58;8;11;18;0;0;0;1;1;1;63;63;63;63;63;63;-1;-1;-1;;;;63;63;63;False;False;False;True;False;True;False;True;False;False;False;False;False;True;False;False;False;True;False;False;0;0;0;False;0;0;0;-1;False;0;0;0;0;-1;0;0;0;0;0;0;0;0;0;0;0;0;0;0;0;0;0;-1;-1;-1;0;0;0;0;-1;0;0;0;0;0;0;0;0;0
5062;Orlando City;135;13;100028;False;;;;;;;;;;;;;;;;;;;;;;;;ORL;-1;-1;Exploria Stadium;;-1;;5736;5738;5061;;;;;82935808;82935809;82935936;4294950912;4294950912;4294950912;4294950912;4294950912;4294950912;4294950912;24;13;36;24;13;36;0;0;0;1;1;1;63;63;63;63;63;63;-1;-1;-1;;;;63;63;63;False;False;False;True;False;True;False;True;False;False;False;False;False;True;False;False;False;True;False;False;0;0;0;False;0;0;0;-1;False;0;0;0;0;-1;0;0;0;0;0;0;0;0;0;0;0;0;0;0;0;0;0;-1;-1;-1;0;0;0;0;-1;0;0;0;0;0;0;0;0;0
5086;Oxford United;204;20;101902;False;;;;;;;;;;;;;;;;;;;;;;;;OXF;-1;-1;Kassam Stadium;;-1;;262143;262143;262143;;;;;83329024;83329025;83329152;83329026;4294950912;4294950912;4294950912;4294950912;4294950912;4294950912;63;57;10;53;53;53;0;0;0;1;1;1;63;63;63;63;63;63;-1;-1;-1;;;;63;63;63;False;False;False;True;False;True;False;False;False;False;False;False;False;True;False;False;False;True;False;False;0;0;0;False;0;0;0;-1;False;0;0;0;0;-1;0;0;0;0;0;0;0;0;0;0;0;0;0;0;0;0;0;-1;-1;-1;0;0;0;0;-1;0;0;0;0;0;0;0;0;0
5099;Pau FC;208;45;242;False;;;;;;;;;;;;;;;;;;;;;;;;PAU;-1;-1;Nouveau Stade de Pau;;-1;;262143;262143;262143;;;;;83542016;83542017;83542144;4294950912;4294950912;4294950912;4294950912;4294950912;4294950912;4294950912;2;7;28;52;50;11;0;0;0;1;1;1;63;63;63;63;63;63;-1;-1;-1;;;;63;63;63;False;False;False;True;False;True;False;False;False;False;False;False;False;True;False;False;False;True;False;False;0;0;0;False;0;0;0;-1;False;0;0;0;0;-1;0;0;0;0;0;0;0;0;0;0;0;0;0;0;0;0;0;-1;-1;-1;0;0;0;0;-1;0;0;0;0;0;0;0;0;0
5129;World Selection;204;29;264388;False;;;;;;;;;;;;;;;;;;;;;;;;WOS;-1;-1;;;-1;;262143;262143;262143;;;;;84033536;84033537;84033664;4294950912;4294950912;4294950912;4294950912;4294950912;4294950912;4294950912;42;4;5;38;3;5;0;0;0;1;1;1;63;63;0;0;0;0;-1;-1;-1;;;;63;63;63;False;False;False;False;False;False;False;False;False;False;False;False;False;True;False;False;False;False;False;False;0;0;0;False;0;0;0;-1;False;0;0;0;0;-1;0;0;0;0;0;0;0;0;0;0;0;0;0;0;0;0;0;-1;-1;-1;0;0;0;0;-1;0;0;0;0;0;0;0;0;0
5137;EC Juventude;146;29;142;False;;;;;;;;;;;;;;;;;;;;;;;;JUV;-1;-1;Estadio Alfredo Jaconi;;-1;;262143;262143;262143;;;;;84164608;84164609;84164736;84164610;4294950912;4294950912;4294950912;4294950912;4294950912;4294950912;0;30;14;63;63;63;0;0;0;1;1;1;63;63;63;63;63;63;-1;-1;-1;;;;63;63;63;False;False;False;True;False;False;False;False;False;False;False;False;False;True;False;False;False;True;False;False;0;0;0;False;0;0;0;-1;False;0;0;0;0;-1;0;0;0;0;0;0;0;0;0;0;0;0;0;0;0;0;0;-1;-1;-1;0;0;0;0;-1;0;0;0;0;0;0;0;0;0
5139;Botafogo FC;146;55;1258;False;;;;;;;;;;;;;;;;;;;;;;;;BSP;-1;-1;Estadio Santa Cruz;;-1;;262143;262143;262143;;;;;84197376;84197377;84197504;4294950912;4294950912;4294950912;4294950912;4294950912;4294950912;4294950912;50;9;10;10;10;10;0;0;0;1;1;1;63;63;63;63;63;63;-1;-1;-1;;;;63;63;63;False;False;False;True;False;True;False;False;False;False;False;False;False;True;False;False;False;True;False;False;0;0;0;False;0;0;0;-1;False;0;0;0;0;-1;0;0;0;0;0;0;0;0;0;0;0;0;0;0;0;0;0;-1;-1;-1;0;0;0;0;-1;0;0;0;0;0;0;0;0;0
5142;Cuiabá EC;146;45;90037;False;;;;;;;;;;;;;;;;;;;;;;;;CUI;-1;-1;Arena Pantanal;;-1;;262143;262143;262143;;;;;84246528;84246529;84246656;4294950912;4294950912;4294950912;4294950912;4294950912;4294950912;4294950912;5;24;6;63;52;0;0;0;0;1;1;1;63;63;63;63;63;63;-1;-1;-1;;;;63;63;63;False;False;False;True;False;False;False;False;False;False;False;False;False;True;False;False;False;True;False;False;0;0;0;False;0;0;0;-1;False;0;0;0;0;-1;0;0;0;0;0;0;0;0;0;0;0;0;0;0;0;0;0;-1;-1;-1;0;0;0;0;-1;0;0;0;0;0;0;0;0;0
5143;Fortaleza EC;146;29;235;False;;;;;;;;;;;;;;;;;;;;;;;;FOR;-1;-1;Arena Castelao;;-1;;2454;262143;262143;;;;;84262912;84262913;84263040;84262914;4294950912;4294950912;4294950912;4294950912;4294950912;4294950912;7;23;40;56;7;6;0;0;0;1;1;1;63;63;63;63;63;63;-1;-1;-1;;;;63;63;63;False;False;False;True;False;False;False;False;False;False;False;False;False;True;False;False;False;True;False;False;0;0;0;False;0;0;0;-1;False;0;0;0;0;-1;0;0;0;0;0;0;0;0;0;0;0;0;0;0;0;0;0;-1;-1;-1;0;0;0;0;-1;0;0;0;0;0;0;0;0;0
5145;Clube do Remo;146;15;100839;False;;;;;;;;;;;;;;;;;;;;;;;;REM;-1;-1;Estadio Evandro Almeida;;-1;;262143;262143;262143;;;;;84295680;84295681;84295808;4294950912;4294950912;4294950912;4294950912;4294950912;4294950912;4294950912;4;6;10;53;53;53;0;0;0;1;1;1;63;63;63;63;63;63;-1;-1;-1;;;;63;63;63;False;False;False;True;False;True;False;False;False;False;False;False;False;True;False;False;False;True;False;False;0;0;0;False;0;0;0;-1;False;0;0;0;0;-1;0;0;0;0;0;0;0;0;0;0;0;0;0;0;0;0;0;-1;-1;-1;0;0;0;0;-1;0;0;0;0;0;0;0;0;0
5148;Volta Redonda;146;55;600;False;;;;;;;;;;;;;;;;;;;;;;;;VRE;-1;-1;Sylvio Raulino de Oliveira;;-1;;262143;262143;262143;;;;;84344832;84344833;84344960;4294950912;4294950912;4294950912;4294950912;4294950912;4294950912;4294950912;56;48;5;10;10;10;0;0;0;1;1;1;63;63;63;63;63;63;-1;-1;-1;;;;63;63;63;False;False;False;True;False;False;False;False;False;False;False;False;False;True;False;False;False;True;False;False;0;0;0;False;0;0;0;-1;False;0;0;0;0;-1;0;0;0;0;0;0;0;0;0;0;0;0;0;0;0;0;0;-1;-1;-1;0;0;0;0;-1;0;0;0;0;0;0;0;0;0
5171;Henan FC;7;54;101154;False;;;;;;;;;;;;;;;;;;;;;;;;HNN;-1;-1;Zhengzhou Hanghai Stadium;;-1;;262143;262143;262143;;;;;84721664;84721665;84721792;4294950912;4294950912;4294950912;4294950912;4294950912;4294950912;4294950912;53;3;6;5;27;58;0;0;0;1;1;1;63;63;63;63;63;63;-1;-1;-1;;;;63;63;63;False;False;False;True;False;True;False;False;False;False;False;False;False;True;False;False;False;True;False;False;0;0;0;False;0;0;0;-1;False;0;0;0;0;-1;0;0;0;0;0;0;0;0;0;0;0;0;0;0;0;0;0;-1;-1;-1;0;0;0;0;-1;0;0;0;0;0;0;0;0;0
5173;Shanghai Shenhua;7;29;101693;False;;;;;;;;;;;;;;;;;;;;;;;;SHE;-1;-1;Hongkou Football Stadium;;-1;;295;4094;262143;;;;;84754432;84754433;84754560;4294950912;4294950912;4294950912;4294950912;4294950912;4294950912;4294950912;0;22;42;53;7;8;0;0;0;1;1;1;0;22;42;53;7;8;-1;-1;-1;;;;63;63;63;False;False;False;True;False;False;False;True;False;False;False;False;False;True;False;False;False;True;False;False;0;0;0;False;0;0;0;-1;False;0;0;0;0;-1;0;0;0;0;0;0;0;0;0;0;0;0;0;0;0;0;0;-1;-1;-1;0;0;0;0;-1;0;0;0;0;0;0;0;0;0
5175;Tianjin Jinmen Tiger;7;29;535;False;;;;;;;;;;;;;;;;;;;;;;;;TJT;-1;-1;Tianjin Olympic Center Stadium;;-1;;295;262143;262143;;;;;84787200;84787201;84787328;4294950912;4294950912;4294950912;4294950912;4294950912;4294950912;4294950912;12;12;38;63;63;63;0;0;0;1;1;1;63;63;63;63;63;63;-1;-1;-1;;;;63;63;63;False;False;False;True;False;True;False;True;False;False;False;False;False;True;False;False;False;True;False;False;0;0;0;False;0;0;0;-1;False;0;0;0;0;-1;0;0;0;0;0;0;0;0;0;0;0;0;0;0;0;0;0;-1;-1;-1;0;0;0;0;-1;0;0;0;0;0;0;0;0;0
5180;Zhejiang FC;7;29;100104;False;;;;;;;;;;;;;;;;;;;;;;;;ZGT;-1;-1;Huzhou Olympic Sports Center;;-1;;5173;4094;262143;;;;;84869120;84869121;84869248;4294950912;4294950912;4294950912;4294950912;4294950912;4294950912;4294950912;2;24;19;53;53;53;0;0;0;1;1;1;63;63;63;63;63;63;-1;-1;-1;;;;63;63;63;False;False;False;True;False;True;False;True;False;False;False;False;False;True;False;False;False;True;False;False;0;0;0;False;0;0;0;-1;False;0;0;0;0;-1;0;0;0;0;0;0;0;0;0;0;0;0;0;0;0;0;0;-1;-1;-1;0;0;0;0;-1;0;0;0;0;0;0;0;0;0
5181;Liaoning Tieren;7;55;102063;False;;;;;;;;;;;;;;;;;;;;;;;;LNT;-1;-1;Tiexi New District Sports Center;;-1;;262143;262143;262143;;;;;84885504;84885505;84885632;4294950912;4294950912;4294950912;4294950912;4294950912;4294950912;4294950912;59;30;5;15;28;47;0;0;0;1;1;1;63;63;63;63;63;63;-1;-1;-1;;;;63;63;63;False;False;False;True;False;True;False;False;False;False;False;False;False;True;False;False;False;True;False;False;0;0;0;False;0;0;0;-1;False;0;0;0;0;-1;0;0;0;0;0;0;0;0;0;0;0;0;0;0;0;0;0;-1;-1;-1;0;0;0;0;-1;0;0;0;0;0;0;0;0;0
5184;Shenzhen Peng City;7;54;100507;False;;;;;;;;;;;;;;;;;;;;;;;;SFC;-1;-1;Baoan Stadium;;-1;;262143;262143;262143;;;;;84934656;84934657;84934784;4294950912;4294950912;4294950912;4294950912;4294950912;4294950912;4294950912;0;0;16;63;63;63;0;0;0;1;1;1;63;63;63;63;63;63;-1;-1;-1;;;;63;63;63;False;False;False;True;False;True;False;False;False;False;False;False;False;True;False;False;False;True;False;False;0;0;0;False;0;0;0;-1;False;0;0;0;0;-1;0;0;0;0;0;0;0;0;0;0;0;0;0;0;0;0;0;-1;-1;-1;0;0;0;0;-1;0;0;0;0;0;0;0;0;0
5185;Yunnan Yukun;7;55;38;False;;;;;;;;;;;;;;;;;;;;;;;;YNY;-1;-1;Yuxi Plateau Sports Center;;-1;;262143;262143;262143;;;;;84951040;84951041;84951168;4294950912;4294950912;4294950912;4294950912;4294950912;4294950912;4294950912;5;15;35;55;55;55;0;0;0;1;1;1;63;63;63;63;63;63;-1;-1;-1;;;;63;63;63;False;False;False;True;False;True;False;False;False;False;False;False;False;True;False;False;False;True;False;False;0;0;0;False;0;0;0;-1;False;0;0;0;0;-1;0;0;0;0;0;0;0;0;0;0;0;0;0;0;0;0;0;-1;-1;-1;0;0;0;0;-1;0;0;0;0;0;0;0;0;0
5189;Slavia Prague;202;17;101160;False;;;;;;;;;;;;;;;;;;;;;;;;SLA;-1;-1;Sinobo Stadium;;-1;;262143;262143;262143;;;;;85016576;85016577;85016704;4294950912;4294950912;4294950912;4294950912;4294950912;4294950912;4294950912;57;6;4;63;63;63;0;0;0;1;1;1;57;6;4;63;63;63;-1;-1;-1;;;;63;63;63;False;False;False;True;False;False;False;False;False;False;False;False;False;True;False;False;False;True;False;False;0;0;0;False;0;0;0;-1;False;0;0;0;0;-1;0;0;0;0;0;0;0;0;0;0;0;0;0;0;0;0;0;-1;-1;-1;0;0;0;0;-1;0;0;0;0;0;0;0;0;0
5191;Royal Antwerp FC;197;47;150;False;;;;;;;;;;;;;;;;;;;;;;;;ANT;-1;-1;Bosuilstadion;;-1;;269;262143;262143;;;;;85049344;85049345;85049472;85049346;4294950912;4294950912;4294950912;4294950912;4294950912;4294950912;52;4;10;63;63;63;0;0;0;1;1;1;52;4;10;63;63;63;-1;-1;-1;;;;63;63;63;False;False;False;True;False;False;False;True;False;False;False;False;False;True;False;False;False;True;False;False;0;0;0;False;0;0;0;-1;False;0;0;0;0;-1;0;0;0;0;0;0;0;0;0;0;0;0;0;0;0;0;0;-1;-1;-1;0;0;0;0;-1;0;0;0;0;0;0;0;0;0
5194;Sint-Truiden VV;197;47;5;False;;;;;;;;;;;;;;;;;;;;;;;;STV;-1;-1;Staaienveld;;-1;;1195;1197;262143;;;;;85098496;85098497;85098624;4294950912;4294950912;4294950912;4294950912;4294950912;4294950912;4294950912;63;59;0;2;4;39;0;0;0;1;1;1;63;59;0;2;4;39;-1;-1;-1;;;;63;63;63;False;False;False;True;False;False;False;True;False;False;False;False;False;True;False;False;False;True;False;False;0;0;0;False;0;0;0;-1;False;0;0;0;0;-1;0;0;0;0;0;0;0;0;0;0;0;0;0;0;0;0;0;-1;-1;-1;0;0;0;0;-1;0;0;0;0;0;0;0;0;0
5196;Akhmat Grozny;230;29;226;False;;;;;;;;;;;;;;;;;;;;;;;;AKH;-1;-1;Akhmat Arena;;-1;;262143;262143;262143;;;;;85131264;85131265;85131392;4294950912;4294950912;4294950912;4294950912;4294950912;4294950912;4294950912;21;29;22;63;63;63;0;0;0;1;1;1;21;29;22;63;63;63;-1;-1;-1;;;;63;63;63;False;False;False;True;False;False;False;False;False;False;False;False;False;True;False;False;False;True;False;False;0;0;0;False;0;0;0;-1;False;0;0;0;0;-1;0;0;0;0;0;0;0;0;0;0;0;0;0;0;0;0;0;-1;-1;-1;0;0;0;0;-1;0;0;0;0;0;0;0;0;0
5202;Alanyaspor;190;45;141;False;;;;;;;;;;;;;;;;;;;;;;;;ALY;-1;-1;Alanya Oba Stadyumu;;-1;;1989;262143;262143;;;;;85229568;85229569;85229696;85229570;4294950912;4294950912;4294950912;4294950912;4294950912;4294950912;61;32;8;16;40;15;0;0;0;1;1;1;61;32;8;16;40;15;-1;-1;-1;;;;63;63;63;False;False;False;True;False;False;False;True;False;False;False;False;False;True;False;False;False;True;False;False;0;0;0;False;0;0;0;-1;False;0;0;0;0;-1;0;0;0;0;0;0;0;0;0;0;0;0;0;0;0;0;0;-1;-1;-1;0;0;0;0;-1;0;0;0;0;0;0;0;0;0
5203;Göztepe SK;190;29;100062;False;;;;;;;;;;;;;;;;;;;;;;;;GOZ;-1;-1;Gursel Aksel Stadyumu;;-1;;262143;262143;262143;;;;;85245952;85245953;85246080;85245954;4294950912;4294950912;4294950912;4294950912;4294950912;4294950912;63;54;0;54;54;54;0;0;0;1;1;1;51;0;0;63;51;0;-1;-1;-1;;;;63;63;63;False;False;False;True;False;False;False;False;False;False;False;False;False;True;False;False;False;True;False;False;0;0;0;False;0;0;0;-1;False;0;0;0;0;-1;0;0;0;0;0;0;0;0;0;0;0;0;0;0;0;0;0;-1;-1;-1;0;0;0;0;-1;0;0;0;0;0;0;0;0;0
5204;Konyaspor;190;29;101615;False;;;;;;;;;;;;;;;;;;;;;;;;KNY;-1;-1;Konya Ataturk;;-1;;262143;262143;262143;;;;;85262336;85262337;85262464;85262338;4294950912;4294950912;4294950912;4294950912;4294950912;4294950912;0;34;22;63;63;63;0;0;0;1;1;1;0;34;22;63;63;63;-1;-1;-1;;;;63;63;63;False;False;False;True;False;False;False;False;False;False;False;False;False;True;False;False;False;True;False;False;0;0;0;False;0;0;0;-1;False;0;0;0;0;-1;0;0;0;0;0;0;0;0;0;0;0;0;0;0;0;0;0;-1;-1;-1;0;0;0;0;-1;0;0;0;0;0;0;0;0;0
5207;Alianza FC;148;29;101562;False;;;;;;;;;;;;;;;;;;;;;;;;ALI;-1;-1;Estadio Daniel Villa Zapata;;-1;;262143;262143;262143;;;;;85311488;85311489;85311616;85311490;4294950912;4294950912;4294950912;4294950912;4294950912;4294950912;63;59;0;0;0;0;0;0;0;1;1;1;63;59;0;0;0;0;-1;-1;-1;;;;63;63;63;False;False;False;True;False;False;False;False;False;False;False;False;False;True;False;False;False;True;False;False;0;0;0;False;0;0;0;-1;False;0;0;0;0;-1;0;0;0;0;0;0;0;0;0;0;0;0;0;0;0;0;0;-1;-1;-1;0;0;0;0;-1;0;0;0;0;0;0;0;0;0
5208;Atlético Bucaramanga;148;29;101319;False;;;;;;;;;;;;;;;;;;;;;;;;BUC;-1;-1;Alfonso Lopez;;-1;;5207;262143;262143;;;;;85327872;85327873;85328000;85327874;4294950912;4294950912;4294950912;4294950912;4294950912;4294950912;62;60;0;0;22;8;0;0;0;1;1;1;62;60;0;0;22;8;-1;-1;-1;;;;63;63;63;False;False;False;True;False;False;False;True;False;False;False;False;False;True;False;False;False;True;False;False;0;0;0;False;0;0;0;-1;False;0;0;0;0;-1;0;0;0;0;0;0;0;0;0;0;0;0;0;0;0;0;0;-1;-1;-1;0;0;0;0;-1;0;0;0;0;0;0;0;0;0
5217;Oud-Heverlee Leuven;197;15;101490;False;;;;;;;;;;;;;;;;;;;;;;;;OHL;-1;-1;King Power at Den Dreef Stadion;;-1;;1200;262143;262143;;;;;85475328;85475329;85475456;4294950912;4294950912;4294950912;4294950912;4294950912;4294950912;4294950912;55;55;55;10;10;10;0;0;0;1;1;1;63;63;63;63;63;63;-1;-1;-1;;;;63;63;63;False;False;False;True;False;True;False;True;False;False;False;False;False;True;False;False;False;True;False;False;0;0;0;False;0;0;0;-1;False;0;0;0;0;-1;0;0;0;0;0;0;0;0;0;0;0;0;0;0;0;0;0;-1;-1;-1;0;0;0;0;-1;0;0;0;0;0;0;0;0;0
5220;Union Saint Gilloise;197;47;101366;False;;;;;;;;;;;;;;;;;;;;;;;;USG;-1;-1;Stade Joseph Marien;;-1;;174;262143;262143;;;;;85524480;85524481;85524608;85524482;4294950912;4294950912;4294950912;4294950912;4294950912;4294950912;60;57;35;17;32;45;0;0;0;1;1;1;63;63;63;63;63;63;-1;-1;-1;;;;63;63;63;False;False;False;True;False;True;False;True;False;False;False;False;False;True;False;False;False;True;False;False;0;0;0;False;0;0;0;-1;False;0;0;0;0;-1;0;0;0;0;0;0;0;0;0;0;0;0;0;0;0;0;0;-1;-1;-1;0;0;0;0;-1;0;0;0;0;0;0;0;0;0
5221;KVC Westerlo;197;29;100059;False;;;;;;;;;;;;;;;;;;;;;;;;WES;-1;-1;Het Kuipje;;-1;;262143;262143;262143;;;;;85540864;85540865;85540992;85540866;4294950912;4294950912;4294950912;4294950912;4294950912;4294950912;57;53;11;31;53;54;0;0;0;1;1;1;63;63;63;63;63;63;-1;-1;-1;;;;63;63;63;False;False;False;True;False;True;False;False;False;False;False;False;False;True;False;False;False;True;False;False;0;0;0;False;0;0;0;-1;False;0;0;0;0;-1;0;0;0;0;0;0;0;0;0;0;0;0;0;0;0;0;0;-1;-1;-1;0;0;0;0;-1;0;0;0;0;0;0;0;0;0
5225;Silkeborg IF;203;17;102256;False;;;;;;;;;;;;;;;;;;;;;;;;SLK;-1;-1;JYSK Park;;-1;;2069;5237;262143;;;;;85606400;85606401;85606528;4294950912;4294950912;4294950912;4294950912;4294950912;4294950912;4294950912;33;51;58;55;55;55;0;0;0;1;1;1;63;63;63;63;63;63;-1;-1;-1;;;;63;63;63;False;False;False;True;False;True;False;True;False;False;False;False;False;True;False;False;False;True;False;False;0;0;0;False;0;0;0;-1;False;0;0;0;0;-1;0;0;0;0;0;0;0;0;0;0;0;0;0;0;0;0;0;-1;-1;-1;0;0;0;0;-1;0;0;0;0;0;0;0;0;0
5226;Sønderjyske Fodbold;203;47;101284;False;;;;;;;;;;;;;;;;;;;;;;;;SON;-1;-1;Sydbank Park;;-1;;262143;262143;262143;;;;;85622784;85622785;85622912;4294950912;4294950912;4294950912;4294950912;4294950912;4294950912;4294950912;36;45;53;10;10;10;0;0;0;1;1;1;38;52;59;63;63;63;-1;-1;-1;;;;63;63;63;False;False;False;True;False;False;False;False;False;False;False;False;False;True;False;False;False;True;False;False;0;0;0;False;0;0;0;-1;False;0;0;0;0;-1;0;0;0;0;0;0;0;0;0;0;0;0;0;0;0;0;0;-1;-1;-1;0;0;0;0;-1;0;0;0;0;0;0;0;0;0
5229;FC Fredericia;203;47;316;False;;;;;;;;;;;;;;;;;;;;;;;;FCF;-1;-1;Monjasa Park;;-1;;2070;262143;262143;;;;;85671936;85671937;85672064;4294950912;4294950912;4294950912;4294950912;4294950912;4294950912;4294950912;43;6;6;10;10;10;0;0;0;1;1;1;63;63;63;63;63;63;-1;-1;-1;;;;63;63;63;False;False;False;True;False;True;False;True;False;False;False;False;False;True;False;False;False;True;False;False;0;0;0;False;0;0;0;-1;False;0;0;0;0;-1;0;0;0;0;0;0;0;0;0;0;0;0;0;0;0;0;0;-1;-1;-1;0;0;0;0;-1;0;0;0;0;0;0;0;0;0
5235;Vejle Boldklub;203;45;101847;False;;;;;;;;;;;;;;;;;;;;;;;;VB;-1;-1;Vejle Stadion;;-1;;262143;262143;262143;;;;;85770240;85770241;85770368;4294950912;4294950912;4294950912;4294950912;4294950912;4294950912;4294950912;48;6;6;10;10;10;0;0;0;1;1;1;51;16;16;63;63;63;-1;-1;-1;;;;63;63;63;False;False;False;True;False;False;False;False;False;False;False;False;False;True;False;False;False;True;False;False;0;0;0;False;0;0;0;-1;False;0;0;0;0;-1;0;0;0;0;0;0;0;0;0;0;0;0;0;0;0;0;0;-1;-1;-1;0;0;0;0;-1;0;0;0;0;0;0;0;0;0
5237;Viborg FF;203;45;101290;False;;;;;;;;;;;;;;;;;;;;;;;;VFF;-1;-1;Viborg Stadion;;-1;;5225;2069;262143;;;;;85803008;85803009;85803136;4294950912;4294950912;4294950912;4294950912;4294950912;4294950912;4294950912;8;18;2;55;55;55;0;0;0;1;1;1;63;63;63;63;63;63;-1;-1;-1;;;;63;63;63;False;False;False;True;False;True;False;True;False;False;False;False;False;True;False;False;False;True;False;False;0;0;0;False;0;0;0;-1;False;0;0;0;0;-1;0;0;0;0;0;0;0;0;0;0;0;0;0;0;0;0;0;-1;-1;-1;0;0;0;0;-1;0;0;0;0;0;0;0;0;0
5242;Molde FK;226;29;35954;False;;;;;;;;;;;;;;;;;;;;;;;;MFK;-1;-1;Aker Stadion;;-1;;262143;262143;262143;;;;;85884928;85884929;85885056;4294950912;4294950912;4294950912;4294950912;4294950912;4294950912;4294950912;6;20;39;55;55;55;0;0;0;1;1;1;63;63;63;63;63;63;-1;-1;-1;;;;63;63;63;False;False;False;True;False;False;False;False;False;False;False;False;False;True;False;False;False;True;False;False;0;0;0;False;0;0;0;-1;False;0;0;0;0;-1;0;0;0;0;0;0;0;0;0;0;0;0;0;0;0;0;0;-1;-1;-1;0;0;0;0;-1;0;0;0;0;0;0;0;0;0
5253;FK Bodø/Glimt;226;29;101293;False;;;;;;;;;;;;;;;;;;;;;;;;BG;-1;-1;Aspmyra Stadion;;-1;;262143;262143;262143;;;;;86065152;86065153;86065280;86065154;4294950912;4294950912;4294950912;4294950912;4294950912;4294950912;58;41;19;6;14;16;0;0;0;1;1;1;63;63;63;63;63;63;-1;-1;-1;;;;63;63;63;False;False;False;True;False;False;False;False;False;False;False;False;False;True;False;False;False;True;False;False;0;0;0;False;0;0;0;-1;False;0;0;0;0;-1;0;0;0;0;0;0;0;0;0;0;0;0;0;0;0;0;0;-1;-1;-1;0;0;0;0;-1;0;0;0;0;0;0;0;0;0
5269;Jagiellonia Bialystok;227;20;101197;False;;;;;;;;;;;;;;;;;;;;;;;;JAG;-1;-1;Stadion Miejski;;-1;;262143;262143;262143;;;;;86327296;86327297;86327424;4294950912;4294950912;4294950912;4294950912;4294950912;4294950912;4294950912;63;54;1;33;3;9;0;0;0;1;1;1;63;63;63;63;63;63;-1;-1;-1;;;;63;63;63;False;False;False;True;False;False;False;False;False;False;False;False;False;True;False;False;False;True;False;False;0;0;0;False;0;0;0;-1;False;0;0;0;0;-1;0;0;0;0;0;0;0;0;0;0;0;0;0;0;0;0;0;-1;-1;-1;0;0;0;0;-1;0;0;0;0;0;0;0;0;0
5288;Rakow Czestochowa;227;15;102035;False;;;;;;;;;;;;;;;;;;;;;;;;RAK;-1;-1;Stadion Rakow;;-1;;262143;262143;262143;;;;;86638592;86638593;86638720;4294950912;4294950912;4294950912;4294950912;4294950912;4294950912;4294950912;45;5;9;53;53;53;0;0;0;1;1;1;63;63;63;63;63;63;-1;-1;-1;;;;63;63;63;False;False;False;True;False;False;False;False;False;False;False;False;False;True;False;False;False;True;False;False;0;0;0;False;0;0;0;-1;False;0;0;0;0;-1;0;0;0;0;0;0;0;0;0;0;0;0;0;0;0;0;0;-1;-1;-1;0;0;0;0;-1;0;0;0;0;0;0;0;0;0
5295;Baltika Kaliningrad;230;29;101940;False;;;;;;;;;;;;;;;;;;;;;;;;FKB;-1;-1;Rostec Arena;;-1;;262143;262143;262143;;;;;86753280;86753281;86753408;4294950912;4294950912;4294950912;4294950912;4294950912;4294950912;4294950912;53;53;53;15;28;47;0;0;0;1;1;1;63;63;63;63;63;63;-1;-1;-1;;;;63;63;63;False;False;False;True;False;True;False;False;False;False;False;False;False;True;False;False;False;True;False;False;0;0;0;False;0;0;0;-1;False;0;0;0;0;-1;0;0;0;0;0;0;0;0;0;0;0;0;0;0;0;0;0;-1;-1;-1;0;0;0;0;-1;0;0;0;0;0;0;0;0;0
5296;FC Sochi;230;45;101065;False;;;;;;;;;;;;;;;;;;;;;;;;SOC;-1;-1;Fisht Olympic Stadium;;-1;;262143;262143;262143;;;;;86769664;86769665;86769792;86769666;4294950912;4294950912;4294950912;4294950912;4294950912;4294950912;53;53;53;7;8;13;0;0;0;1;1;1;63;63;63;63;63;63;-1;-1;-1;;;;63;63;63;False;False;False;True;False;True;False;False;False;False;False;False;False;True;False;False;False;True;False;False;0;0;0;False;0;0;0;-1;False;0;0;0;0;-1;0;0;0;0;0;0;0;0;0;0;0;0;0;0;0;0;0;-1;-1;-1;0;0;0;0;-1;0;0;0;0;0;0;0;0;0
5300;FC Pari Nizhny Novgorod;230;46;102036;False;;;;;;;;;;;;;;;;;;;;;;;;PNN;-1;-1;Nizhny Novgorod Stadium;;-1;;262143;262143;262143;;;;;86835200;86835201;86835328;86835202;4294950912;4294950912;4294950912;4294950912;4294950912;4294950912;0;23;53;53;53;53;0;0;0;1;1;1;63;63;63;63;63;63;-1;-1;-1;;;;63;63;63;False;False;False;True;False;True;False;False;False;False;False;False;False;True;False;False;False;True;False;False;0;0;0;False;0;0;0;-1;False;0;0;0;0;-1;0;0;0;0;0;0;0;0;0;0;0;0;0;0;0;0;0;-1;-1;-1;0;0;0;0;-1;0;0;0;0;0;0;0;0;0
5301;FC Orenburg;230;18;101939;False;;;;;;;;;;;;;;;;;;;;;;;;TOR;-1;-1;Gasovik Stadium;;-1;;262143;262143;262143;;;;;86851584;86851585;86851712;86851586;4294950912;4294950912;4294950912;4294950912;4294950912;4294950912;10;22;40;53;53;53;0;0;0;1;1;1;63;63;63;6;20;39;-1;-1;-1;;;;63;63;63;False;False;False;True;False;False;False;False;False;False;False;False;False;True;False;False;False;True;False;False;0;0;0;False;0;0;0;-1;False;0;0;0;0;-1;0;0;0;0;0;0;0;0;0;0;0;0;0;0;0;0;0;-1;-1;-1;0;0;0;0;-1;0;0;0;0;0;0;0;0;0
5317;Falkirk FC;232;45;101555;False;;;;;;;;;;;;;;;;;;;;;;;;FAL;-1;-1;The Falkirk Stadium;;-1;;262143;262143;262143;;;;;87113728;87113729;87113856;4294950912;4294950912;4294950912;4294950912;4294950912;4294950912;4294950912;10;15;21;42;12;12;0;0;0;1;1;1;63;63;63;63;63;63;-1;-1;-1;;;;63;63;63;False;False;False;True;False;True;False;False;False;False;False;False;False;True;False;False;False;True;False;False;0;0;0;False;0;0;0;-1;False;0;0;0;0;-1;0;0;0;0;0;0;0;0;0;0;0;0;0;0;0;0;0;-1;-1;-1;0;0;0;0;-1;0;0;0;0;0;0;0;0;0
5319;Livingston FC;232;47;102290;False;;;;;;;;;;;;;;;;;;;;;;;;LIV;-1;-1;Home of the Set Fare Arena;;-1;;262143;262143;262143;;;;;87146496;87146497;87146624;4294950912;4294950912;4294950912;4294950912;4294950912;4294950912;4294950912;10;10;10;58;43;11;0;0;0;1;1;1;63;50;0;0;0;0;-1;-1;-1;;;;63;63;63;False;False;False;True;False;False;False;False;False;False;False;False;False;True;False;False;False;True;False;False;0;0;0;False;0;0;0;-1;False;0;0;0;0;-1;0;0;0;0;0;0;0;0;0;0;0;0;0;0;0;0;0;-1;-1;-1;0;0;0;0;-1;0;0;0;0;0;0;0;0;0
5325;IF Elfsborg;237;29;100670;False;;;;;;;;;;;;;;;;;;;;;;;;ELF;-1;-1;Boras Arena;;-1;;262143;262143;262143;;;;;87244800;87244801;87244928;4294950912;4294950912;4294950912;4294950912;4294950912;4294950912;4294950912;61;54;12;43;6;6;0;0;0;1;1;1;63;63;63;63;63;63;-1;-1;-1;;;;63;63;63;False;False;False;True;False;False;False;False;False;False;False;False;False;True;False;False;False;True;False;False;0;0;0;False;0;0;0;-1;False;0;0;0;0;-1;0;0;0;0;0;0;0;0;0;0;0;0;0;0;0;0;0;-1;-1;-1;0;0;0;0;-1;0;0;0;0;0;0;0;0;0
5354;Caykur Rizespor;190;47;102031;False;;;;;;;;;;;;;;;;;;;;;;;;CRS;-1;-1;Rize Ataturk;;-1;;1945;262143;262143;;;;;87719936;87719937;87720064;87719938;4294950912;4294950912;4294950912;4294950912;4294950912;4294950912;10;28;5;5;20;37;0;0;0;1;1;1;10;28;5;5;20;37;-1;-1;-1;;;;63;63;63;False;False;False;True;False;False;False;True;False;False;False;False;False;True;False;False;False;True;False;False;0;0;0;False;0;0;0;-1;False;0;0;0;0;-1;0;0;0;0;0;0;0;0;0;0;0;0;0;0;0;0;0;-1;-1;-1;0;0;0;0;-1;0;0;0;0;0;0;0;0;0
5356;Gaziantep FK;190;29;101347;False;;;;;;;;;;;;;;;;;;;;;;;;GFK;-1;-1;Gaziantep Arena;;-1;;262143;262143;262143;;;;;87752704;87752705;87752832;87752706;4294950912;4294950912;4294950912;4294950912;4294950912;4294950912;58;11;14;0;0;0;0;0;0;1;1;1;63;63;63;63;63;63;-1;-1;-1;;;;63;63;63;False;False;False;True;False;True;False;False;False;False;False;False;False;True;False;False;False;True;False;False;0;0;0;False;0;0;0;-1;False;0;0;0;0;-1;0;0;0;0;0;0;0;0;0;0;0;0;0;0;0;0;0;-1;-1;-1;0;0;0;0;-1;0;0;0;0;0;0;0;0;0
5361;Samsunspor;190;47;45;False;;;;;;;;;;;;;;;;;;;;;;;;SAM;-1;-1;Samsun Stadium;;-1;;1945;262143;262143;;;;;87834624;87834625;87834752;4294950912;4294950912;4294950912;4294950912;4294950912;4294950912;4294950912;51;12;12;10;10;10;0;0;0;1;1;1;63;63;63;63;63;63;-1;-1;-1;;;;63;63;63;False;False;False;True;False;True;False;True;False;False;False;False;False;True;False;False;False;True;False;False;0;0;0;False;0;0;0;-1;False;0;0;0;0;-1;0;0;0;0;0;0;0;0;0;0;0;0;0;0;0;0;0;-1;-1;-1;0;0;0;0;-1;0;0;0;0;0;0;0;0;0
5366;Club Deportivo Riestra;144;40;101794;False;;;;;;;;;;;;;;;;;;;;;;;;CDR;-1;-1;Guillermo Laza;;-1;;262143;262143;262143;;;;;87916544;87916545;87916672;4294950912;4294950912;4294950912;4294950912;4294950912;4294950912;4294950912;61;16;8;53;53;53;0;0;0;1;1;1;63;63;63;63;63;63;-1;-1;-1;;;;63;63;63;False;False;False;True;False;False;False;False;False;False;False;False;False;True;False;False;False;True;False;False;0;0;0;False;0;0;0;-1;False;0;0;0;0;-1;0;0;0;0;0;0;0;0;0;0;0;0;0;0;0;0;0;-1;-1;-1;0;0;0;0;-1;0;0;0;0;0;0;0;0;0
5370;Deportivo Pereira;148;29;101171;False;;;;;;;;;;;;;;;;;;;;;;;;DPR;-1;-1;Estadio Hernan Ramirez Villegas;;-1;;2284;262143;262143;;;;;87982080;87982081;87982208;87982082;4294950912;4294950912;4294950912;4294950912;4294950912;4294950912;51;5;7;60;48;10;0;0;0;1;1;1;63;63;63;63;63;63;-1;-1;-1;;;;63;63;63;False;False;False;True;False;True;False;True;False;False;False;False;False;True;False;False;False;True;False;False;0;0;0;False;0;0;0;-1;False;0;0;0;0;-1;0;0;0;0;0;0;0;0;0;0;0;0;0;0;0;0;0;-1;-1;-1;0;0;0;0;-1;0;0;0;0;0;0;0;0;0
5371;Fortaleza CEIF;148;29;145;False;;;;;;;;;;;;;;;;;;;;;;;;FOR;-1;-1;Parque Estadio Olaya Herrera;;-1;;2654;262143;262143;;;;;87998464;87998465;87998592;4294950912;4294950912;4294950912;4294950912;4294950912;4294950912;4294950912;4;15;30;53;53;53;0;0;0;1;1;1;63;63;63;63;63;63;-1;-1;-1;;;;63;63;63;False;False;False;True;False;True;False;True;False;False;False;False;False;True;False;False;False;True;False;False;0;0;0;False;0;0;0;-1;False;0;0;0;0;-1;0;0;0;0;0;0;0;0;0;0;0;0;0;0;0;0;0;-1;-1;-1;0;0;0;0;-1;0;0;0;0;0;0;0;0;0
5373;Llaneros FC;148;40;101892;False;;;;;;;;;;;;;;;;;;;;;;;;LFC;-1;-1;Estadio Bello Horizonte;;-1;;262143;262143;262143;;;;;88031232;88031233;88031360;4294950912;4294950912;4294950912;4294950912;4294950912;4294950912;4294950912;13;13;13;53;53;53;0;0;0;1;1;1;63;63;63;63;63;63;-1;-1;-1;;;;63;63;63;False;False;False;True;False;True;False;False;False;False;False;False;False;True;False;False;False;True;False;False;0;0;0;False;0;0;0;-1;False;0;0;0;0;-1;0;0;0;0;0;0;0;0;0;0;0;0;0;0;0;0;0;-1;-1;-1;0;0;0;0;-1;0;0;0;0;0;0;0;0;0
5376;Jaguares de Córdoba;148;29;100910;False;;;;;;;;;;;;;;;;;;;;;;;;JAG;-1;-1;Estadio Jaraguay de Monteria;;-1;;262143;262143;262143;;;;;88080384;88080385;88080512;4294950912;4294950912;4294950912;4294950912;4294950912;4294950912;4294950912;0;42;55;53;53;53;0;0;0;1;1;1;63;63;63;63;63;63;-1;-1;-1;;;;63;63;63;False;False;False;True;False;True;False;False;False;False;False;False;False;True;False;False;False;True;False;False;0;0;0;False;0;0;0;-1;False;0;0;0;0;-1;0;0;0;0;0;0;0;0;0;0;0;0;0;0;0;0;0;-1;-1;-1;0;0;0;0;-1;0;0;0;0;0;0;0;0;0
5433;Operário PR;146;29;521;False;;;;;;;;;;;;;;;;;;;;;;;;OPR;-1;-1;Estadio Germano Kruger;;-1;;262143;262143;262143;;;;;89014272;89014273;89014400;4294950912;4294950912;4294950912;4294950912;4294950912;4294950912;4294950912;63;63;63;0;0;0;0;0;0;1;1;1;63;63;63;63;63;63;-1;-1;-1;;;;63;63;63;False;False;False;True;False;False;False;False;False;False;False;False;False;True;False;False;False;True;False;False;0;0;0;False;0;0;0;-1;False;0;0;0;0;-1;0;0;0;0;0;0;0;0;0;0;0;0;0;0;0;0;0;-1;-1;-1;0;0;0;0;-1;0;0;0;0;0;0;0;0;0
5439;Gibraltar;245;29;36284;True;;;;;;;;;;;;;;;;;;;;;;;;GIB;-1;-1;Victoria Stadium;;-1;;262143;262143;262143;;;;;89112576;89112577;89112704;4294950912;4294950912;4294950912;4294950912;4294950912;4294950912;4294950912;48;8;9;53;53;53;0;0;0;1;1;1;63;63;63;63;63;63;-1;-1;-1;;;;63;63;63;False;False;False;True;False;False;False;False;False;False;False;False;False;True;False;False;False;True;False;False;0;0;0;False;0;0;0;-1;False;0;0;0;0;-1;0;0;0;0;0;0;0;0;0;0;0;0;0;0;0;0;0;-1;-1;-1;0;0;0;0;-1;0;0;0;0;0;0;0;0;0
5440;Kosovo;311;29;36289;True;;;;;;;;;;;;;;;;;;;;;;;;KOS;-1;-1;Fadil Vokrri Stadium;;-1;;262143;262143;262143;;;;;89128960;89128961;89129088;89128962;4294950912;4294950912;4294950912;4294950912;4294950912;4294950912;20;25;48;50;35;16;0;0;0;1;1;1;63;63;63;63;63;63;-1;-1;-1;;;;63;63;63;False;False;False;True;False;False;False;False;False;False;False;False;False;True;False;False;False;True;False;False;0;0;0;False;0;0;0;-1;False;0;0;0;0;-1;0;0;0;0;0;0;0;0;0;0;0;0;0;0;0;0;0;-1;-1;-1;0;0;0;0;-1;0;0;0;0;0;0;0;0;0
5454;CA Platense;144;29;102160;False;;;;;;;;;;;;;;;;;;;;;;;;CAP;-1;-1;Estadio Ciudad de Vicente Lopez;;-1;;1236;1926;262143;;;;;89358336;89358337;89358464;89358338;4294950912;4294950912;4294950912;4294950912;4294950912;4294950912;19;13;8;55;55;55;0;0;0;1;1;1;63;63;63;63;63;63;-1;-1;-1;;;;63;63;63;False;False;False;True;False;True;False;True;False;False;False;False;False;True;False;False;False;True;False;False;0;0;0;False;0;0;0;-1;False;0;0;0;0;-1;0;0;0;0;0;0;0;0;0;0;0;0;0;0;0;0;0;-1;-1;-1;0;0;0;0;-1;0;0;0;0;0;0;0;0;0
5458;SD Aucas;149;47;102181;False;;;;;;;;;;;;;;;;;;;;;;;;SDA;-1;-1;Gonzalo Pozo Ripalda;;-1;;262143;262143;262143;;;;;89423872;89423873;89424000;4294950912;4294950912;4294950912;4294950912;4294950912;4294950912;4294950912;62;57;8;62;57;8;0;0;0;1;1;1;63;63;63;63;63;63;-1;-1;-1;;;;63;63;63;False;False;False;True;False;False;False;False;False;False;False;False;False;True;False;False;False;True;False;False;0;0;0;False;0;0;0;-1;False;0;0;0;0;-1;0;0;0;0;0;0;0;0;0;0;0;0;0;0;0;0;0;-1;-1;-1;0;0;0;0;-1;0;0;0;0;0;0;0;0;0
5573;Ferroviário;146;15;518;False;;;;;;;;;;;;;;;;;;;;;;;;AFE;-1;-1;Oliverio Bazzani Filho;;-1;;262143;262143;262143;;;;;91308032;91308033;91308160;4294950912;4294950912;4294950912;4294950912;4294950912;4294950912;4294950912;20;8;12;20;8;12;0;0;0;1;1;1;63;63;63;63;63;63;-1;-1;-1;;;;63;63;63;False;False;False;True;False;False;False;False;False;False;False;False;False;True;False;False;False;True;False;False;0;0;0;False;0;0;0;-1;False;0;0;0;0;-1;0;0;0;0;0;0;0;0;0;0;0;0;0;0;0;0;0;-1;-1;-1;0;0;0;0;-1;0;0;0;0;0;0;0;0;0
5586;Dalian Yingbo;7;54;1169;False;;;;;;;;;;;;;;;;;;;;;;;;DLY;-1;-1;Dalian Suoyuwan Football Stadium;;-1;;262143;262143;262143;;;;;91521024;91521025;91521152;4294950912;4294950912;4294950912;4294950912;4294950912;4294950912;4294950912;0;40;53;53;53;53;0;0;0;1;1;1;63;63;63;63;63;63;-1;-1;-1;;;;63;63;63;False;False;False;True;False;True;False;False;False;False;False;False;False;True;False;False;False;True;False;False;0;0;0;False;0;0;0;-1;False;0;0;0;0;-1;0;0;0;0;0;0;0;0;0;0;0;0;0;0;0;0;0;-1;-1;-1;0;0;0;0;-1;0;0;0;0;0;0;0;0;0
5633;Casa Pia AC;228;29;130;False;;;;;;;;;;;;;;;;;;;;;;;;CP;-1;-1;Estadio Municipal de Rio Maior;;-1;;262143;262143;262143;;;;;92291072;92291073;92291200;92291074;4294950912;4294950912;4294950912;4294950912;4294950912;4294950912;10;10;10;53;53;53;0;0;0;1;1;1;63;63;63;63;63;63;-1;-1;-1;;;;63;63;63;False;False;False;True;False;True;False;False;False;False;False;False;False;True;False;False;False;True;False;False;0;0;0;False;0;0;0;-1;False;0;0;0;0;-1;0;0;0;0;0;0;0;0;0;0;0;0;0;0;0;0;0;-1;-1;-1;0;0;0;0;-1;0;0;0;0;0;0;0;0;0
5644;FC Andorra;236;17;102116;False;;;;;;;;;;;;;;;;;;;;;;;;RAC;-1;-1;Estadi Nacional d'Andorra;;-1;;262143;262143;262143;;;;;92471296;92471297;92471424;4294950912;4294950912;4294950912;4294950912;4294950912;4294950912;4294950912;11;13;34;54;45;13;0;0;0;1;1;1;63;63;63;63;63;63;-1;-1;-1;;;;63;63;63;False;False;False;True;False;False;False;False;False;False;False;False;False;True;False;False;False;True;False;False;0;0;0;False;0;0;0;-1;False;0;0;0;0;-1;0;0;0;0;0;0;0;0;0;0;0;0;0;0;0;0;0;-1;-1;-1;0;0;0;0;-1;0;0;0;0;0;0;0;0;0
5652;Fatih Karagümrük;190;20;29;False;;;;;;;;;;;;;;;;;;;;;;;;KAR;-1;-1;Ataturk Olympic Stadium;;-1;;2625;5820;262143;;;;;92602368;92602369;92602496;92602370;4294950912;4294950912;4294950912;4294950912;4294950912;4294950912;58;9;15;10;10;10;0;0;0;1;1;1;63;63;63;63;63;63;-1;-1;-1;;;;63;63;63;False;False;False;True;False;True;False;True;False;False;False;False;False;True;False;False;False;True;False;False;0;0;0;False;0;0;0;-1;False;0;0;0;0;-1;0;0;0;0;0;0;0;0;0;0;0;0;0;0;0;0;0;-1;-1;-1;0;0;0;0;-1;0;0;0;0;0;0;0;0;0
5657;CA Barracas Central;144;15;102108;False;;;;;;;;;;;;;;;;;;;;;;;;BAR;-1;-1;Estadio Tomas Adolfo Duco;;-1;;262143;262143;262143;;;;;92684288;92684289;92684416;92684290;4294950912;4294950912;4294950912;4294950912;4294950912;4294950912;53;53;53;40;2;2;0;0;0;1;1;1;63;63;63;63;63;63;-1;-1;-1;;;;63;63;63;False;False;False;True;False;True;False;False;False;False;False;False;False;True;False;False;False;True;False;False;0;0;0;False;0;0;0;-1;False;0;0;0;0;-1;0;0;0;0;0;0;0;0;0;0;0;0;0;0;0;0;0;-1;-1;-1;0;0;0;0;-1;0;0;0;0;0;0;0;0;0
5685;FC Annecy;208;20;100221;False;;;;;;;;;;;;;;;;;;;;;;;;ANN;-1;-1;Parc des Sports dAnnecy;;-1;;4370;262143;262143;;;;;93143040;93143041;93143168;4294950912;4294950912;4294950912;4294950912;4294950912;4294950912;4294950912;25;1;6;10;10;10;0;0;0;1;1;1;63;63;63;63;63;63;-1;-1;-1;;;;63;63;63;False;False;False;True;False;True;False;True;False;False;False;False;False;True;False;False;False;True;False;False;0;0;0;False;0;0;0;-1;False;0;0;0;0;-1;0;0;0;0;0;0;0;0;0;0;0;0;0;0;0;0;0;-1;-1;-1;0;0;0;0;-1;0;0;0;0;0;0;0;0;0
5736;Atlanta United FC;135;15;131157;False;;;;;;;;;;;;;;;;;;;;;;;;ATL;-1;-1;Mercedes Bemz Stadium;;-1;;5062;262143;262143;;;;;93978624;93978625;93978752;4294950912;4294950912;4294950912;4294950912;4294950912;4294950912;4294950912;55;1;10;53;53;53;0;0;0;1;1;1;63;63;63;63;63;63;-1;-1;-1;;;;63;63;63;False;False;False;True;False;True;False;True;False;False;False;False;False;True;False;False;False;True;False;False;0;0;0;False;0;0;0;-1;False;0;0;0;0;-1;0;0;0;0;0;0;0;0;0;0;0;0;0;0;0;0;0;-1;-1;-1;0;0;0;0;-1;0;0;0;0;0;0;0;0;0
5737;FC Cincinnati;135;29;100433;False;;;;;;;;;;;;;;;;;;;;;;;;FCC;-1;-1;West End Stadium;;-1;;4151;262143;262143;;;;;93995008;93995009;93995136;4294950912;4294950912;4294950912;4294950912;4294950912;4294950912;4294950912;0;16;41;53;53;53;0;0;0;1;1;1;63;63;63;63;63;63;-1;-1;-1;;;;63;63;63;False;False;False;True;False;True;False;True;False;False;False;False;False;True;False;False;False;True;False;False;0;0;0;False;0;0;0;-1;False;0;0;0;0;-1;0;0;0;0;0;0;0;0;0;0;0;0;0;0;0;0;0;-1;-1;-1;0;0;0;0;-1;0;0;0;0;0;0;0;0;0
5738;Inter Miami CF;135;20;90000;False;;;;;;;;;;;;;;;;;;;;;;;;MIA;-1;-1;Inter Miami CF Stadium;;-1;;5062;262143;262143;;;;;94011392;94011393;94011520;4294950912;4294950912;4294950912;4294950912;4294950912;4294950912;4294950912;53;53;53;10;10;10;0;0;0;1;1;1;63;63;63;63;63;63;-1;-1;-1;;;;63;63;63;False;False;False;True;False;True;False;True;False;False;False;False;False;True;False;False;False;True;False;False;0;0;0;False;0;0;0;-1;False;0;0;0;0;-1;0;0;0;0;0;0;0;0;0;0;0;0;0;0;0;0;0;-1;-1;-1;0;0;0;0;-1;0;0;0;0;0;0;0;0;0
5739;Nashville SC;135;15;100068;False;;;;;;;;;;;;;;;;;;;;;;;;NSC;-1;-1;Nissan Stadium;;-1;;262143;262143;262143;;;;;94027776;94027777;94027904;4294950912;4294950912;4294950912;4294950912;4294950912;4294950912;4294950912;49;50;17;1;8;15;0;0;0;1;1;1;63;63;63;63;63;63;-1;-1;-1;;;;63;63;63;False;False;False;True;False;True;False;False;False;False;False;False;False;True;False;False;False;True;False;False;0;0;0;False;0;0;0;-1;False;0;0;0;0;-1;0;0;0;0;0;0;0;0;0;0;0;0;0;0;0;0;0;-1;-1;-1;0;0;0;0;-1;0;0;0;0;0;0;0;0;0
5740;Austin FC;135;17;100061;False;;;;;;;;;;;;;;;;;;;;;;;;AFC;-1;-1;Q2 Stadium;;-1;;4153;262143;262143;;;;;94044160;94044161;94044288;4294950912;4294950912;4294950912;4294950912;4294950912;4294950912;4294950912;10;10;10;4;44;20;0;0;0;1;1;1;63;63;63;63;63;63;-1;-1;-1;;;;63;63;63;False;False;False;True;False;True;False;True;False;False;False;False;False;True;False;False;False;True;False;False;0;0;0;False;0;0;0;-1;False;0;0;0;0;-1;0;0;0;0;0;0;0;0;0;0;0;0;0;0;0;0;0;-1;-1;-1;0;0;0;0;-1;0;0;0;0;0;0;0;0;0
5741;Los Angeles FC;135;17;36214;False;;;;;;;;;;;;;;;;;;;;;;;;LA;-1;-1;Banc of California Stadium;;-1;;4155;262143;262143;;;;;94060544;94060545;94060672;4294950912;4294950912;4294950912;4294950912;4294950912;4294950912;4294950912;10;10;10;53;53;53;0;0;0;1;1;1;63;63;63;63;63;63;-1;-1;-1;;;;63;63;63;False;False;False;True;False;True;False;True;False;False;False;False;False;True;False;False;False;True;False;False;0;0;0;False;0;0;0;-1;False;0;0;0;0;-1;0;0;0;0;0;0;0;0;0;0;0;0;0;0;0;0;0;-1;-1;-1;0;0;0;0;-1;0;0;0;0;0;0;0;0;0
5750;Indonesia;10;29;281;False;;;;;;;;;;;;;;;;;;;;;;;;IDN;-1;-1;Gelora Bung Karno Stadium;;-1;;262143;262143;262143;;;;;94208000;94208001;94208128;4294950912;4294950912;4294950912;4294950912;4294950912;4294950912;4294950912;50;6;10;54;54;54;0;0;0;1;1;1;63;63;63;63;63;63;-1;-1;-1;;;;63;63;63;False;False;False;True;False;False;False;False;False;False;False;False;False;True;False;False;False;True;False;False;0;0;0;False;0;0;0;-1;False;0;0;0;0;-1;0;0;0;0;0;0;0;0;0;0;0;0;0;0;0;0;0;-1;-1;-1;0;0;0;0;-1;0;0;0;0;0;0;0;0;0
5751;Kyrgyzstan;40;17;610;False;;;;;;;;;;;;;;;;;;;;;;;;KGZ;-1;-1;Dolon Omurzakov Stadium;;-1;;262143;262143;262143;;;;;94224384;94224385;94224512;4294950912;4294950912;4294950912;4294950912;4294950912;4294950912;4294950912;49;6;6;47;50;5;0;0;0;1;1;1;63;63;63;63;63;63;-1;-1;-1;;;;63;63;63;False;False;False;True;False;False;False;False;False;False;False;False;False;True;False;False;False;True;False;False;0;0;0;False;0;0;0;-1;False;0;0;0;0;-1;0;0;0;0;0;0;0;0;0;0;0;0;0;0;0;0;0;-1;-1;-1;0;0;0;0;-1;0;0;0;0;0;0;0;0;0
5757;Palestine;28;42;100113;False;;;;;;;;;;;;;;;;;;;;;;;;PSE;-1;-1;Faisal Al Husseini Stadium;;-1;;262143;262143;262143;;;;;94322688;94322689;94322816;4294950912;4294950912;4294950912;4294950912;4294950912;4294950912;4294950912;51;12;12;12;51;12;0;0;0;1;1;1;63;63;63;63;63;63;-1;-1;-1;;;;63;63;63;False;False;False;True;False;False;False;False;False;False;False;False;False;True;False;False;False;True;False;False;0;0;0;False;0;0;0;-1;False;0;0;0;0;-1;0;0;0;0;0;0;0;0;0;0;0;0;0;0;0;0;0;-1;-1;-1;0;0;0;0;-1;0;0;0;0;0;0;0;0;0
5767;Mirassol FC;146;15;100659;False;;;;;;;;;;;;;;;;;;;;;;;;MFC;-1;-1;Jose Maria De Campos Maia;;-1;;262143;262143;262143;;;;;94486528;94486529;94486656;94486530;4294950912;4294950912;4294950912;4294950912;4294950912;4294950912;59;57;3;1;21;16;0;0;0;1;1;1;63;63;63;63;63;63;-1;-1;-1;;;;63;63;63;False;False;False;True;False;True;False;False;False;False;False;False;False;True;False;False;False;True;False;False;0;0;0;False;0;0;0;-1;False;0;0;0;0;-1;0;0;0;0;0;0;0;0;0;0;0;0;0;0;0;0;0;-1;-1;-1;0;0;0;0;-1;0;0;0;0;0;0;0;0;0
5768;Grêmio Novorizontino;146;29;100940;False;;;;;;;;;;;;;;;;;;;;;;;;GEN;-1;-1;Estadio Jorge Ismael de Biasi;;-1;;262143;262143;262143;;;;;94502912;94502913;94503040;4294950912;4294950912;4294950912;4294950912;4294950912;4294950912;4294950912;10;10;10;57;42;5;0;0;0;1;1;1;63;63;63;63;63;63;-1;-1;-1;;;;63;63;63;False;False;False;True;False;False;False;False;False;False;False;False;False;True;False;False;False;True;False;False;0;0;0;False;0;0;0;-1;False;0;0;0;0;-1;0;0;0;0;0;0;0;0;0;0;0;0;0;0;0;0;0;-1;-1;-1;0;0;0;0;-1;0;0;0;0;0;0;0;0;0
5820;Eyüpspor;190;29;100127;False;;;;;;;;;;;;;;;;;;;;;;;;EYU;-1;-1;Recep Tayyip Erdogan Stadyumu;;-1;;5652;262143;262143;;;;;95354880;95354881;95355008;4294950912;4294950912;4294950912;4294950912;4294950912;4294950912;4294950912;13;7;27;53;53;53;0;0;0;1;1;1;63;63;63;63;63;63;-1;-1;-1;;;;63;63;63;False;False;False;True;False;True;False;True;False;False;False;False;False;True;False;False;False;True;False;False;0;0;0;False;0;0;0;-1;False;0;0;0;0;-1;0;0;0;0;0;0;0;0;0;0;0;0;0;0;0;0;0;-1;-1;-1;0;0;0;0;-1;0;0;0;0;0;0;0;0;0
5821;Kocaelispor;190;29;101099;False;;;;;;;;;;;;;;;;;;;;;;;;KOC;-1;-1;Kocaeli Stadyumu;;-1;;262143;262143;262143;;;;;95371264;95371265;95371392;4294950912;4294950912;4294950912;4294950912;4294950912;4294950912;4294950912;10;10;10;5;31;25;0;0;0;1;1;1;63;63;63;63;63;63;-1;-1;-1;;;;63;63;63;False;False;False;True;False;True;False;False;False;False;False;False;False;True;False;False;False;True;False;False;0;0;0;False;0;0;0;-1;False;0;0;0;0;-1;0;0;0;0;0;0;0;0;0;0;0;0;0;0;0;0;0;-1;-1;-1;0;0;0;0;-1;0;0;0;0;0;0;0;0;0
5844;Estrela da Amadora;228;40;100038;False;;;;;;;;;;;;;;;;;;;;;;;;EST;-1;-1;Estadio Jose Gomes;;-1;;262143;262143;262143;;;;;95748096;95748097;95748224;95748098;4294950912;4294950912;4294950912;4294950912;4294950912;4294950912;26;0;3;0;18;10;0;0;0;1;1;1;63;63;63;63;63;63;-1;-1;-1;;;;63;63;63;False;False;False;True;False;True;False;False;False;False;False;False;False;True;False;False;False;True;False;False;0;0;0;False;0;0;0;-1;False;0;0;0;0;-1;0;0;0;0;0;0;0;0;0;0;0;0;0;0;0;0;0;-1;-1;-1;0;0;0;0;-1;0;0;0;0;0;0;0;0;0
5845;FC Alverca;228;42;100899;False;;;;;;;;;;;;;;;;;;;;;;;;ALV;-1;-1;Complexo Desportivo Alverca;;-1;;262143;262143;262143;;;;;95764480;95764481;95764608;4294950912;4294950912;4294950912;4294950912;4294950912;4294950912;4294950912;6;20;39;51;12;12;0;0;0;1;1;1;63;63;63;63;63;63;-1;-1;-1;;;;63;63;63;False;False;False;True;False;True;False;False;False;False;False;False;False;True;False;False;False;True;False;False;0;0;0;False;0;0;0;-1;False;0;0;0;0;-1;0;0;0;0;0;0;0;0;0;0;0;0;0;0;0;0;0;-1;-1;-1;0;0;0;0;-1;0;0;0;0;0;0;0;0;0
5895;AD Ceuta FC;236;42;254;False;;;;;;;;;;;;;;;;;;;;;;;;CEU;-1;-1;Alfonso Murube;;-1;;262143;262143;262143;;;;;96583680;96583681;96583808;4294950912;4294950912;4294950912;4294950912;4294950912;4294950912;4294950912;53;53;53;0;17;24;0;0;0;1;1;1;63;63;63;63;63;63;-1;-1;-1;;;;63;63;63;False;False;False;True;False;False;False;False;False;False;False;False;False;True;False;False;False;True;False;False;0;0;0;False;0;0;0;-1;False;0;0;0;0;-1;0;0;0;0;0;0;0;0;0;0;0;0;0;0;0;0;0;-1;-1;-1;0;0;0;0;-1;0;0;0;0;0;0;0;0;0
5909;São Bernardo FC;146;45;59;False;;;;;;;;;;;;;;;;;;;;;;;;SBC;-1;-1;Estadio Primeiro de Maio;;-1;;262143;262143;262143;;;;;96813056;96813057;96813184;4294950912;4294950912;4294950912;4294950912;4294950912;4294950912;4294950912;57;46;8;10;10;10;0;0;0;1;1;1;63;63;63;63;63;63;-1;-1;-1;;;;63;63;63;False;False;False;True;False;True;False;False;False;False;False;False;False;True;False;False;False;True;False;False;0;0;0;False;0;0;0;-1;False;0;0;0;0;-1;0;0;0;0;0;0;0;0;0;0;0;0;0;0;0;0;0;-1;-1;-1;0;0;0;0;-1;0;0;0;0;0;0;0;0;0
5912;Daejeon Hana Citizen;16;29;101936;False;;;;;;;;;;;;;;;;;;;;;;;;DJO;-1;-1;Daejeon World Cup Stadium;;-1;;262143;262143;262143;;;;;96862208;96862209;96862336;4294950912;4294950912;4294950912;4294950912;4294950912;4294950912;4294950912;0;37;33;53;53;53;0;0;0;1;1;1;63;63;63;63;63;63;-1;-1;-1;;;;63;63;63;False;False;False;True;False;False;False;False;False;False;False;False;False;True;False;False;False;True;False;False;0;0;0;False;0;0;0;-1;False;0;0;0;0;-1;0;0;0;0;0;0;0;0;0;0;0;0;0;0;0;0;0;-1;-1;-1;0;0;0;0;-1;0;0;0;0;0;0;0;0;0
5954;Avs Futebol SAD;228;29;446;False;;;;;;;;;;;;;;;;;;;;;;;;AVS;-1;-1;Estadio Desportivo das Aves;;-1;;262143;262143;262143;;;;;97550336;97550337;97550464;4294950912;4294950912;4294950912;4294950912;4294950912;4294950912;4294950912;44;9;13;53;53;53;0;0;0;1;1;1;63;63;63;63;63;63;-1;-1;-1;;;;63;63;63;False;False;False;True;False;True;False;False;False;False;False;False;False;True;False;False;False;True;False;False;0;0;0;False;0;0;0;-1;False;0;0;0;0;-1;0;0;0;0;0;0;0;0;0;0;0;0;0;0;0;0;0;-1;-1;-1;0;0;0;0;-1;0;0;0;0;0;0;0;0;0
5973;Athletic Club;146;15;100664;False;;;;;;;;;;;;;;;;;;;;;;;;AC;-1;-1;Estadio Joaquim Portugal;;-1;;262143;262143;262143;;;;;97861632;97861633;97861760;97861634;4294950912;4294950912;4294950912;4294950912;4294950912;4294950912;10;10;10;53;53;53;0;0;0;1;1;1;63;63;63;63;63;63;-1;-1;-1;;;;63;63;63;False;False;False;True;False;True;False;False;False;False;False;False;False;True;False;False;False;True;False;False;0;0;0;False;0;0;0;-1;False;0;0;0;0;-1;0;0;0;0;0;0;0;0;0;0;0;0;0;0;0;0;0;-1;-1;-1;0;0;0;0;-1;0;0;0;0;0;0;0;0;0
5980;Deportes Limache;147;15;222;False;;;;;;;;;;;;;;;;;;;;;;;;LIM;-1;-1;Nicolas Chahuan Nazar;;-1;;262143;262143;262143;;;;;97976320;97976321;97976448;97976322;4294950912;4294950912;4294950912;4294950912;4294950912;4294950912;56;15;15;10;10;10;0;0;0;1;1;1;63;63;63;63;63;63;-1;-1;-1;;;;63;63;63;False;False;False;True;False;True;False;False;False;False;False;False;False;True;False;False;False;True;False;False;0;0;0;False;0;0;0;-1;False;0;0;0;0;-1;0;0;0;0;0;0;0;0;0;0;0;0;0;0;0;0;0;-1;-1;-1;0;0;0;0;-1;0;0;0;0;0;0;0;0;0
5987;Somalia;86;55;101169;False;;;;;;;;;;;;;;;;;;;;;;;;SOM;-1;-1;Mogadishu Football Stadium;;-1;;262143;262143;262143;;;;;98091008;98091009;98091136;4294950912;4294950912;4294950912;4294950912;4294950912;4294950912;4294950912;34;46;63;53;53;53;0;0;0;1;1;1;63;63;63;63;63;63;-1;-1;-1;;;;63;63;63;False;False;False;True;False;False;False;False;False;False;False;False;False;True;False;False;False;True;False;False;0;0;0;False;0;0;0;-1;False;0;0;0;0;-1;0;0;0;0;0;0;0;0;0;0;0;0;0;0;0;0;0;-1;-1;-1;0;0;0;0;-1;0;0;0;0;0;0;0;0;0
5988;Laos;18;29;102156;False;;;;;;;;;;;;;;;;;;;;;;;;LAO;-1;-1;New Laos National Stadium;;-1;;262143;262143;262143;;;;;98107392;98107393;98107520;4294950912;4294950912;4294950912;4294950912;4294950912;4294950912;4294950912;51;5;8;53;53;53;0;0;0;1;1;1;63;63;63;63;63;63;-1;-1;-1;;;;63;63;63;False;False;False;True;False;False;False;False;False;False;False;False;False;True;False;False;False;True;False;False;0;0;0;False;0;0;0;-1;False;0;0;0;0;-1;0;0;0;0;0;0;0;0;0;0;0;0;0;0;0;0;0;-1;-1;-1;0;0;0;0;-1;0;0;0;0;0;0;0;0;0
6044;Thep Xanh Nam Dinh FC;38;20;100040;False;;;;;;;;;;;;;;;;;;;;;;;;EBS;-1;-1;Thien Truong Stadium;;-1;;262143;262143;262143;;;;;99024896;99024897;99025024;4294950912;4294950912;4294950912;4294950912;4294950912;4294950912;4294950912;53;53;53;30;43;52;0;0;0;1;1;1;63;63;63;63;63;63;-1;-1;-1;;;;63;63;63;False;False;False;True;False;False;False;False;False;False;False;False;False;True;False;False;False;True;False;False;0;0;0;False;0;0;0;-1;False;0;0;0;0;-1;0;0;0;0;0;0;0;0;0;0;0;0;0;0;0;0;0;-1;-1;-1;0;0;0;0;-1;0;0;0;0;0;0;0;0;0
6051;Brunei Darussalam;5;20;100939;False;;;;;;;;;;;;;;;;;;;;;;;;BRN;-1;-1;Hassanal Bolkiah Stadium;;-1;;262143;262143;262143;;;;;99139584;99139585;99139712;4294950912;4294950912;4294950912;4294950912;4294950912;4294950912;4294950912;63;57;6;63;57;6;0;0;0;1;1;1;63;63;63;63;63;63;-1;-1;-1;;;;63;63;63;False;False;False;True;False;False;False;False;False;False;False;False;False;True;False;False;False;True;False;False;0;0;0;False;0;0;0;-1;False;0;0;0;0;-1;0;0;0;0;0;0;0;0;0;0;0;0;0;0;0;0;0;-1;-1;-1;0;0;0;0;-1;0;0;0;0;0;0;0;0;0
6052;Timor-Leste;43;40;34715;False;;;;;;;;;;;;;;;;;;;;;;;;TLS;-1;-1;Nacional de Timor-Leste;;-1;;262143;262143;262143;;;;;99155968;99155969;99156096;4294950912;4294950912;4294950912;4294950912;4294950912;4294950912;4294950912;51;4;8;51;4;8;0;0;0;1;1;1;63;63;63;63;63;63;-1;-1;-1;;;;63;63;63;False;False;False;True;False;False;False;False;False;False;False;False;False;True;False;False;False;True;False;False;0;0;0;False;0;0;0;-1;False;0;0;0;0;-1;0;0;0;0;0;0;0;0;0;0;0;0;0;0;0;0;0;-1;-1;-1;0;0;0;0;-1;0;0;0;0;0;0;0;0;0
6061;Botswana;47;20;121594;False;;;;;;;;;;;;;;;;;;;;;;;;BWA;-1;-1;Botswana National Stadium;;-1;;262143;262143;262143;;;;;99303424;99303425;99303552;4294950912;4294950912;4294950912;4294950912;4294950912;4294950912;4294950912;47;53;61;6;8;10;0;0;0;1;1;1;63;63;63;63;63;63;-1;-1;-1;;;;63;63;63;False;False;False;True;False;False;False;False;False;False;False;False;False;True;False;False;False;True;False;False;0;0;0;False;0;0;0;-1;False;0;0;0;0;-1;0;0;0;0;0;0;0;0;0;0;0;0;0;0;0;0;0;-1;-1;-1;0;0;0;0;-1;0;0;0;0;0;0;0;0;0
6069;Wrexham AFC;204;29;121;False;;;;;;;;;;;;;;;;;;;;;;;;WRE;-1;-1;SToK Cae Ras;;-1;;1909;262143;262143;;;;;99434496;99434497;99434624;4294950912;4294950912;4294950912;4294950912;4294950912;4294950912;4294950912;48;0;10;61;54;12;0;0;0;1;1;1;63;63;63;63;63;63;-1;-1;-1;;;;63;63;63;False;False;False;True;False;True;False;True;False;False;False;False;False;True;False;False;False;True;False;False;0;0;0;False;0;0;0;-1;False;0;0;0;0;-1;0;0;0;0;0;0;0;0;0;0;0;0;0;0;0;0;0;-1;-1;-1;0;0;0;0;-1;0;0;0;0;0;0;0;0;0
9000;Al Hazem SC;31;29;36628;False;;;;;;;;;;;;;;;;;;;;;;;;HAZ;-1;-1;Al-Hazem Club Stadium;;-1;;9010;262143;262143;;;;;147456000;147456001;147456128;4294950912;4294950912;4294950912;4294950912;4294950912;4294950912;4294950912;61;49;12;4;15;31;0;0;0;1;1;1;63;63;63;63;63;63;-1;-1;-1;;;;63;63;63;False;False;False;True;False;False;False;False;False;False;False;False;False;True;False;False;False;True;False;False;0;0;0;False;0;0;0;-1;False;0;0;0;0;-1;0;0;0;0;0;0;0;0;0;0;0;0;0;0;0;0;0;-1;-1;-1;0;0;0;0;-1;0;0;0;0;0;0;0;0;0
9001;Pafos FC;201;29;102183;False;;;;;;;;;;;;;;;;;;;;;;;;PAF;-1;-1;Stelios Kyriakidis Stadio;;-1;;262143;262143;262143;;;;;147472384;147472385;147472512;4294950912;4294950912;4294950912;4294950912;4294950912;4294950912;4294950912;0;13;42;35;35;35;0;0;0;1;1;1;63;63;63;63;63;63;-1;-1;-1;;;;63;63;63;False;False;False;True;False;False;False;False;False;False;False;False;False;True;False;False;False;True;False;False;0;0;0;False;0;0;0;-1;False;0;0;0;0;-1;0;0;0;0;0;0;0;0;0;0;0;0;0;0;0;0;0;-1;-1;-1;0;0;0;0;-1;0;0;0;0;0;0;0;0;0
9002;Al Riyadh SC;31;29;101750;False;;;;;;;;;;;;;;;;;;;;;;;;RIY;-1;-1;Prince Turki Abdulaziz Stadium;;-1;;262143;262143;262143;;;;;147488768;147488769;147488896;4294950912;4294950912;4294950912;4294950912;4294950912;4294950912;4294950912;43;6;7;10;10;10;0;0;0;1;1;1;63;63;63;63;63;63;-1;-1;-1;;;;63;63;63;False;False;False;True;False;False;False;False;False;False;False;False;False;True;False;False;False;True;False;False;0;0;0;False;0;0;0;-1;False;0;0;0;0;-1;0;0;0;0;0;0;0;0;0;0;0;0;0;0;0;0;0;-1;-1;-1;0;0;0;0;-1;0;0;0;0;0;0;0;0;0
9003;Damac FC;31;45;102142;False;;;;;;;;;;;;;;;;;;;;;;;;DAM;-1;-1;Prince Sultan Abdulaziz Stadium;;-1;;262143;262143;262143;;;;;147505152;147505153;147505280;4294950912;4294950912;4294950912;4294950912;4294950912;4294950912;4294950912;42;5;5;0;11;25;0;0;0;1;1;1;63;63;63;63;63;63;-1;-1;-1;;;;63;63;63;False;False;False;True;False;False;False;False;False;False;False;False;False;True;False;False;False;True;False;False;0;0;0;False;0;0;0;-1;False;0;0;0;0;-1;0;0;0;0;0;0;0;0;0;0;0;0;0;0;0;0;0;-1;-1;-1;0;0;0;0;-1;0;0;0;0;0;0;0;0;0
9004;NEOM SC;31;45;1172;False;;;;;;;;;;;;;;;;;;;;;;;;NSC;-1;-1;King Khalid Sport City;;-1;;262143;262143;262143;;;;;147521536;147521537;147521664;4294950912;4294950912;4294950912;4294950912;4294950912;4294950912;4294950912;7;20;38;61;51;18;0;0;0;1;1;1;63;63;63;63;63;63;-1;-1;-1;;;;63;63;63;False;False;False;True;False;False;False;False;False;False;False;False;False;True;False;False;False;True;False;False;0;0;0;False;0;0;0;-1;False;0;0;0;0;-1;0;0;0;0;0;0;0;0;0;0;0;0;0;0;0;0;0;-1;-1;-1;0;0;0;0;-1;0;0;0;0;0;0;0;0;0
9005;Al Okhdood Club;31;29;102138;False;;;;;;;;;;;;;;;;;;;;;;;;OKH;-1;-1;Prince Hathloul Stadium;;-1;;262143;262143;262143;;;;;147537920;147537921;147538048;4294950912;4294950912;4294950912;4294950912;4294950912;4294950912;4294950912;26;42;49;53;53;53;0;0;0;1;1;1;63;63;63;63;63;63;-1;-1;-1;;;;63;63;63;False;False;False;True;False;False;False;False;False;False;False;False;False;True;False;False;False;True;False;False;0;0;0;False;0;0;0;-1;False;0;0;0;0;-1;0;0;0;0;0;0;0;0;0;0;0;0;0;0;0;0;0;-1;-1;-1;0;0;0;0;-1;0;0;0;0;0;0;0;0;0
9006;Al Najma SC;31;20;102311;False;;;;;;;;;;;;;;;;;;;;;;;;NAJ;-1;-1;Department of Education Stadium;;-1;;262143;262143;262143;;;;;147554304;147554305;147554432;4294950912;4294950912;4294950912;4294950912;4294950912;4294950912;4294950912;53;53;53;12;51;12;0;0;0;1;1;1;63;63;63;63;63;63;-1;-1;-1;;;;63;63;63;False;False;False;True;False;False;False;False;False;False;False;False;False;True;False;False;False;True;False;False;0;0;0;False;0;0;0;-1;False;0;0;0;0;-1;0;0;0;0;0;0;0;0;0;0;0;0;0;0;0;0;0;-1;-1;-1;0;0;0;0;-1;0;0;0;0;0;0;0;0;0
9007;Al Khaleej Club;31;45;90027;False;;;;;;;;;;;;;;;;;;;;;;;;KHA;-1;-1;Al Khaleej Club Stadium;;-1;;262143;262143;262143;;;;;147570688;147570689;147570816;4294950912;4294950912;4294950912;4294950912;4294950912;4294950912;4294950912;59;45;5;0;26;7;0;0;0;1;1;1;63;63;63;63;63;63;-1;-1;-1;;;;63;63;63;False;False;False;True;False;False;False;False;False;False;False;False;False;True;False;False;False;True;False;False;0;0;0;False;0;0;0;-1;False;0;0;0;0;-1;0;0;0;0;0;0;0;0;0;0;0;0;0;0;0;0;0;-1;-1;-1;0;0;0;0;-1;0;0;0;0;0;0;0;0;0
9008;AE Larisa;211;29;90018;False;;;;;;;;;;;;;;;;;;;;;;;;AEL;-1;-1;AEL Novibet Arena;;-1;;262143;262143;262143;;;;;147587072;147587073;147587200;147587074;4294950912;4294950912;4294950912;4294950912;4294950912;4294950912;23;7;9;53;53;53;0;0;0;1;1;1;63;63;63;63;63;63;-1;-1;-1;;;;63;63;63;False;False;False;True;False;True;False;False;False;False;False;False;False;True;False;False;False;True;False;False;0;0;0;False;0;0;0;-1;False;0;0;0;0;-1;0;0;0;0;0;0;0;0;0;0;0;0;0;0;0;0;0;-1;-1;-1;0;0;0;0;-1;0;0;0;0;0;0;0;0;0
9010;Al Kholood Club;31;29;80;False;;;;;;;;;;;;;;;;;;;;;;;;KHO;-1;-1;Al Hazem Club Stadium;;-1;;9000;262143;262143;;;;;147619840;147619841;147619968;4294950912;4294950912;4294950912;4294950912;4294950912;4294950912;4294950912;53;53;53;8;14;16;0;0;0;1;1;1;63;63;63;63;63;63;-1;-1;-1;;;;63;63;63;False;False;False;True;False;False;False;False;False;False;False;False;False;True;False;False;False;True;False;False;0;0;0;False;0;0;0;-1;False;0;0;0;0;-1;0;0;0;0;0;0;0;0;0;0;0;0;0;0;0;0;0;-1;-1;-1;0;0;0;0;-1;0;0;0;0;0;0;0;0;0
9012;Al Qadsiah FC;31;20;115;False;;;;;;;;;;;;;;;;;;;;;;;;QAD;-1;-1;Prince Saud bin Jalawi Stadium;;-1;;262143;262143;262143;;;;;147652608;147652609;147652736;4294950912;4294950912;4294950912;4294950912;4294950912;4294950912;4294950912;27;3;6;53;53;53;0;0;0;1;1;1;63;63;63;63;63;63;-1;-1;-1;;;;63;63;63;False;False;False;True;False;False;False;False;False;False;False;False;False;True;False;False;False;True;False;False;0;0;0;False;0;0;0;-1;False;0;0;0;0;-1;0;0;0;0;0;0;0;0;0;0;0;0;0;0;0;0;0;-1;-1;-1;0;0;0;0;-1;0;0;0;0;0;0;0;0;0
9014;Al Fayha FC;31;20;121591;False;;;;;;;;;;;;;;;;;;;;;;;;FAY;-1;-1;King Salman Sport City;;-1;;262143;262143;262143;;;;;147685376;147685377;147685504;4294950912;4294950912;4294950912;4294950912;4294950912;4294950912;4294950912;53;25;0;30;30;30;0;0;0;1;1;1;63;63;63;63;63;63;-1;-1;-1;;;;63;63;63;False;False;False;True;False;False;False;False;False;False;False;False;False;True;False;False;False;True;False;False;0;0;0;False;0;0;0;-1;False;0;0;0;0;-1;0;0;0;0;0;0;0;0;0;0;0;0;0;0;0;0;0;-1;-1;-1;0;0;0;0;-1;0;0;0;0;0;0;0;0;0
9015;Dinamo Makhachkala;230;45;102301;False;;;;;;;;;;;;;;;;;;;;;;;;DYN;-1;-1;Anzhi Arena;;-1;;262143;262143;262143;;;;;147701760;147701761;147701888;147701762;4294950912;4294950912;4294950912;4294950912;4294950912;4294950912;43;6;7;6;33;43;0;0;0;1;1;1;63;63;63;63;63;63;-1;-1;-1;;;;63;63;63;False;False;False;True;False;True;False;False;False;False;False;False;False;True;False;False;False;True;False;False;0;0;0;False;0;0;0;-1;False;0;0;0;0;-1;0;0;0;0;0;0;0;0;0;0;0;0;0;0;0;0;0;-1;-1;-1;0;0;0;0;-1;0;0;0;0;0;0;0;0;0
9016;Akron Tolyatti;230;29;35955;False;;;;;;;;;;;;;;;;;;;;;;;;AKR;-1;-1;Samara Arena;;-1;;262143;262143;262143;;;;;147718144;147718145;147718272;147718146;4294950912;4294950912;4294950912;4294950912;4294950912;4294950912;10;10;10;49;5;5;0;0;0;1;1;1;63;63;63;63;63;63;-1;-1;-1;;;;63;63;63;False;False;False;True;False;True;False;False;False;False;False;False;False;True;False;False;False;True;False;False;0;0;0;False;0;0;0;-1;False;0;0;0;0;-1;0;0;0;0;0;0;0;0;0;0;0;0;0;0;0;0;0;-1;-1;-1;0;0;0;0;-1;0;0;0;0;0;0;0;0;0
9019;Panserraikos FC;211;29;55;False;;;;;;;;;;;;;;;;;;;;;;;;PAN;-1;-1;Serres Stadium;;-1;;262143;262143;262143;;;;;147767296;147767297;147767424;147767298;4294950912;4294950912;4294950912;4294950912;4294950912;4294950912;63;0;0;38;0;0;0;0;0;1;1;1;63;63;63;63;63;63;-1;-1;-1;;;;63;63;63;False;False;False;True;False;True;False;False;False;False;False;False;False;True;False;False;False;True;False;False;0;0;0;False;0;0;0;-1;False;0;0;0;0;-1;0;0;0;0;0;0;0;0;0;0;0;0;0;0;0;0;0;-1;-1;-1;0;0;0;0;-1;0;0;0;0;0;0;0;0;0
9020;AE Kifisias;211;29;100175;False;;;;;;;;;;;;;;;;;;;;;;;;KIF;-1;-1;Zirineio Stadium;;-1;;262143;262143;262143;;;;;147783680;147783681;147783808;147783682;4294950912;4294950912;4294950912;4294950912;4294950912;4294950912;53;53;53;6;16;41;0;0;0;1;1;1;63;63;63;63;63;63;-1;-1;-1;;;;63;63;63;False;False;False;True;False;True;False;False;False;False;False;False;False;True;False;False;False;True;False;False;0;0;0;False;0;0;0;-1;False;0;0;0;0;-1;0;0;0;0;0;0;0;0;0;0;0;0;0;0;0;0;0;-1;-1;-1;0;0;0;0;-1;0;0;0;0;0;0;0;0;0
9029;El Ahly Cairo;58;29;101917;False;;;;;;;;;;;;;;;;;;;;;;;;AHL;-1;-1;Cairo International Stadium;;-1;;262143;262143;262143;;;;;147931136;147931137;147931264;4294950912;4294950912;4294950912;4294950912;4294950912;4294950912;4294950912;33;2;2;33;2;2;0;0;0;1;1;1;63;63;63;63;63;63;-1;-1;-1;;;;63;63;63;False;False;False;True;False;False;False;False;False;False;False;False;False;True;False;False;False;True;False;False;0;0;0;False;0;0;0;-1;False;0;0;0;0;-1;0;0;0;0;0;0;0;0;0;0;0;0;0;0;0;0;0;-1;-1;-1;0;0;0;0;-1;0;0;0;0;0;0;0;0;0
9030;Wydad Casablanca;76;29;24;False;;;;;;;;;;;;;;;;;;;;;;;;WYD;-1;-1;Stade Mohamed V;;-1;;262143;262143;262143;;;;;147947520;147947521;147947648;147947522;4294950912;4294950912;4294950912;4294950912;4294950912;4294950912;35;1;4;53;53;53;0;0;0;1;1;1;63;63;63;63;63;63;-1;-1;-1;;;;63;63;63;False;False;False;True;False;False;False;False;False;False;False;False;False;True;False;False;False;True;False;False;0;0;0;False;0;0;0;-1;False;0;0;0;0;-1;0;0;0;0;0;0;0;0;0;0;0;0;0;0;0;0;0;-1;-1;-1;0;0;0;0;-1;0;0;0;0;0;0;0;0;0
9033;Esperance Tunis;92;29;100060;False;;;;;;;;;;;;;;;;;;;;;;;;ESP;-1;-1;Stade Olympique Hammadi Agrebi;;-1;;262143;262143;262143;;;;;147996672;147996673;147996800;147996674;4294950912;4294950912;4294950912;4294950912;4294950912;4294950912;43;6;6;58;45;6;0;0;0;1;1;1;63;63;63;63;63;63;-1;-1;-1;;;;63;63;63;False;False;False;True;False;False;False;False;False;False;False;False;False;True;False;False;False;True;False;False;0;0;0;False;0;0;0;-1;False;0;0;0;0;-1;0;0;0;0;0;0;0;0;0;0;0;0;0;0;0;0;0;-1;-1;-1;0;0;0;0;-1;0;0;0;0;0;0;0;0;0
65815;Jeonbuk Hyundai Motors;16;18;100110;False;;;;;;;;;;;;;;;;;;;;;;;;JEO;-1;-1;Pohang Steelyard;;-1;;262143;262143;262143;;;;;1078312960;1078312961;1078313088;4294950912;4294950912;4294950912;4294950912;4294950912;4294950912;4294950912;0;28;15;63;56;1;0;5;3;1;1;7;0;28;15;63;56;1;-1;-1;-1;;;;63;63;63;False;False;False;True;False;False;False;False;False;True;False;False;False;True;False;False;False;True;False;False;0;0;0;False;0;0;0;-1;False;0;0;0;0;-1;0;0;0;0;0;0;0;0;0;0;0;0;0;0;0;0;0;-1;-1;-1;0;0;0;0;-1;0;0;0;0;0;0;0;0;0
65817;Pohang Steelers;16;55;100143;False;;;;;;;;;;;;;;;;;;;;;;;;POH;-1;-1;Pohang Steelyard;;-1;;262143;262143;262143;;;;;1078345728;1078345729;1078345856;4294950912;4294950912;4294950912;4294950912;4294950912;4294950912;4294950912;10;10;10;55;55;55;0;0;0;1;1;1;63;63;63;63;63;63;-1;-1;-1;;;;63;63;63;False;False;False;True;False;True;False;False;False;True;False;False;False;True;False;False;False;True;False;False;0;0;0;False;0;0;0;-1;False;0;0;0;0;-1;0;0;0;0;0;0;0;0;0;0;0;0;0;0;0;0;0;-1;-1;-1;0;0;0;0;-1;0;0;0;0;0;0;0;0;0
66871;Al Ain FC;37;45;101738;False;;;;;;;;;;;;;;;;;;;;;;;;AIN;-1;-1;Hazza Bin Zayed Stadium;;-1;;262143;262143;262143;;;;;1095614464;1095614465;1095614592;4294950912;4294950912;4294950912;4294950912;4294950912;4294950912;4294950912;23;9;40;53;53;53;0;4;1;1;1;7;25;11;34;31;20;38;-1;-1;-1;;;;63;63;63;False;False;False;True;False;False;False;False;False;True;False;False;False;True;False;False;False;True;False;False;0;0;0;False;0;0;0;-1;False;0;0;0;0;-1;0;0;0;0;0;0;0;0;0;0;0;0;0;0;0;0;0;-1;-1;-1;0;0;0;0;-1;0;0;0;0;0;0;0;0;0
66877;Sepahan SC;11;29;102092;False;;;;;;;;;;;;;;;;;;;;;;;;SEP;-1;-1;Naghsh-E-Jahan Stadium;;-1;;262143;262143;262143;;;;;1095712768;1095712769;1095712896;4294950912;4294950912;4294950912;4294950912;4294950912;4294950912;4294950912;58;52;11;10;10;10;0;5;5;1;1;1;63;53;2;0;0;0;-1;-1;-1;;;;63;63;63;False;False;False;True;False;False;False;False;False;True;False;False;False;True;False;False;False;True;False;False;0;0;0;False;0;0;0;-1;False;0;0;0;0;-1;0;0;0;0;0;0;0;0;0;0;0;0;0;0;0;0;0;-1;-1;-1;0;0;0;0;-1;0;0;0;0;0;0;0;0;0
66882;Al Rayyan SC;30;29;210;False;;;;;;;;;;;;;;;;;;;;;;;;RYN;-1;-1;Ahmed bin Ali Stadium;;-1;;262143;262143;262143;;;;;1095794688;1095794689;1095794816;1095794690;4294950912;4294950912;4294950912;4294950912;4294950912;4294950912;60;15;13;10;10;10;0;0;0;1;1;1;63;63;63;63;63;63;-1;-1;-1;;;;63;63;63;False;False;False;True;False;True;False;False;False;True;False;False;False;True;False;False;False;True;False;False;0;0;0;False;0;0;0;-1;False;0;0;0;0;-1;0;0;0;0;0;0;0;0;0;0;0;0;0;0;0;0;0;-1;-1;-1;0;0;0;0;-1;0;0;0;0;0;0;0;0;0
66895;Pakhtakor Tashkent;240;29;10;False;;;;;;;;;;;;;;;;;;;;;;;;PAK;-1;-1;Pakhtakor Central Stadium;;-1;;262143;262143;262143;;;;;1096007680;1096007681;1096007808;4294950912;4294950912;4294950912;4294950912;4294950912;4294950912;4294950912;53;52;10;11;13;19;0;0;0;1;1;1;0;23;39;63;63;63;-1;-1;-1;;;;63;63;63;False;False;False;True;False;False;False;False;False;True;False;False;False;True;False;False;False;True;False;False;0;0;0;False;0;0;0;-1;False;0;0;0;0;-1;0;0;0;0;0;0;0;0;0;0;0;0;0;0;0;0;0;-1;-1;-1;0;0;0;0;-1;0;0;0;0;0;0;0;0;0
67024;Al Gharafa SC;30;29;90038;False;;;;;;;;;;;;;;;;;;;;;;;;GFC;-1;-1;Thani bin Jassim Stadium;;-1;;262143;262143;262143;;;;;1098121216;1098121217;1098121344;4294950912;4294950912;4294950912;4294950912;4294950912;4294950912;4294950912;61;55;15;7;7;15;0;0;0;1;1;1;63;63;63;63;63;63;-1;-1;-1;;;;63;63;63;False;False;False;True;False;True;False;False;False;True;False;False;False;True;False;False;False;True;False;False;0;0;0;False;0;0;0;-1;False;0;0;0;0;-1;0;0;0;0;0;0;0;0;0;0;0;0;0;0;0;0;0;-1;-1;-1;0;0;0;0;-1;0;0;0;0;0;0;0;0;0
67029;Buriram United;36;42;101624;False;;;;;;;;;;;;;;;;;;;;;;;;BRU;-1;-1;Chang Arena;;-1;;262143;262143;262143;;;;;1098203136;1098203137;1098203264;1098203138;4294950912;4294950912;4294950912;4294950912;4294950912;4294950912;7;17;39;0;0;15;0;1;8;3;1;6;7;17;39;0;0;15;-1;-1;-1;;;;63;63;63;False;False;False;True;False;False;False;False;False;True;False;False;False;True;False;False;False;True;False;False;0;0;0;False;0;0;0;-1;False;0;0;0;0;-1;0;0;0;0;0;0;0;0;0;0;0;0;0;0;0;0;0;-1;-1;-1;0;0;0;0;-1;0;0;0;0;0;0;0;0;0
67112;Esteghlal FC;11;29;101979;False;;;;;;;;;;;;;;;;;;;;;;;;EST;-1;-1;Azadi Sport Complex;;-1;;262143;262143;262143;;;;;1099563008;1099563009;1099563136;4294950912;4294950912;4294950912;4294950912;4294950912;4294950912;4294950912;13;16;40;55;55;55;0;3;1;1;1;5;4;14;34;0;35;57;-1;-1;-1;;;;63;63;63;False;False;False;True;False;False;False;False;False;True;False;False;False;True;False;False;False;True;False;False;0;0;0;False;0;0;0;-1;False;0;0;0;0;-1;0;0;0;0;0;0;0;0;0;0;0;0;0;0;0;0;0;-1;-1;-1;0;0;0;0;-1;0;0;0;0;0;0;0;0;0
67114;Sydney FC;162;45;102310;False;;;;;;;;;;;;;;;;;;;;;;;;MEL;-1;-1;Allianz Stadium Sydney;;-1;;262143;262143;262143;;;;;1099595776;1099595777;1099595904;4294950912;4294950912;4294950912;4294950912;4294950912;4294950912;4294950912;26;42;56;10;10;10;0;0;0;1;1;1;0;39;56;0;17;31;-1;-1;-1;;;;63;63;63;False;False;False;True;False;False;False;False;False;True;False;False;False;True;False;False;False;True;False;False;0;0;0;False;0;0;0;-1;False;0;0;0;0;-1;0;0;0;0;0;0;0;0;0;0;0;0;0;0;0;0;0;-1;-1;-1;0;0;0;0;-1;0;0;0;0;0;0;0;0;0
68138;Tractor FC;11;29;102143;False;;;;;;;;;;;;;;;;;;;;;;;;TRA;-1;-1;Yadegar-e-Emam Tabriz;;-1;;262143;262143;262143;;;;;1116372992;1116372993;1116373120;4294950912;4294950912;4294950912;4294950912;4294950912;4294950912;4294950912;51;11;12;55;55;55;0;0;0;1;1;1;63;63;63;63;63;63;-1;-1;-1;;;;63;63;63;False;False;False;True;False;True;False;False;False;True;False;False;False;True;False;False;False;True;False;False;0;0;0;False;0;0;0;-1;False;0;0;0;0;-1;0;0;0;0;0;0;0;0;0;0;0;0;0;0;0;0;0;-1;-1;-1;0;0;0;0;-1;0;0;0;0;0;0;0;0;0
68179;Muangthong United FC;36;29;100647;False;;;;;;;;;;;;;;;;;;;;;;;;ADS;-1;-1;Thunderdome Stadium;;-1;;262143;262143;262143;;;;;1117044736;1117044737;1117044864;4294950912;4294950912;4294950912;4294950912;4294950912;4294950912;4294950912;10;10;10;46;13;12;0;0;0;1;1;1;47;5;6;47;5;6;-1;-1;-1;;;;63;63;63;False;False;False;True;False;False;False;False;False;True;False;False;False;True;False;False;False;True;False;False;0;0;0;False;0;0;0;-1;False;0;0;0;0;-1;0;0;0;0;0;0;0;0;0;0;0;0;0;0;0;0;0;-1;-1;-1;0;0;0;0;-1;0;0;0;0;0;0;0;0;0
69706;Al Shorta SC;12;29;100719;False;;;;;;;;;;;;;;;;;;;;;;;;SRT;-1;-1;Al Shaab Stadium;;-1;;262143;262143;262143;;;;;1142063104;1142063105;1142063232;4294950912;4294950912;4294950912;4294950912;4294950912;4294950912;4294950912;5;24;26;55;55;55;0;0;0;1;1;1;63;63;63;63;63;63;-1;-1;-1;;;;63;63;63;False;False;False;True;False;False;False;False;False;True;False;False;False;True;False;False;False;True;False;False;0;0;0;False;0;0;0;-1;False;0;0;0;0;-1;0;0;0;0;0;0;0;0;0;0;0;0;0;0;0;0;0;-1;-1;-1;0;0;0;0;-1;0;0;0;0;0;0;0;0;0
69709;Al Sadd SC;30;20;35953;False;;;;;;;;;;;;;;;;;;;;;;;;SDD;-1;-1;Jassim Bin Hamad;;-1;;262143;262143;262143;;;;;1142112256;1142112257;1142112384;1142112258;4294950912;4294950912;4294950912;4294950912;4294950912;4294950912;0;0;0;53;53;53;0;5;1;1;1;1;0;0;0;63;63;63;-1;-1;-1;;;;63;63;63;False;False;False;True;False;False;False;False;False;True;False;False;False;True;False;False;False;True;False;False;0;0;0;False;0;0;0;-1;False;0;0;0;0;-1;0;0;0;0;0;0;0;0;0;0;0;0;0;0;0;0;0;-1;-1;-1;0;0;0;0;-1;0;0;0;0;0;0;0;0;0
69710;Ulsan HD FC;16;20;100078;False;;;;;;;;;;;;;;;;;;;;;;;;ULS;-1;-1;Ulsan Munsu Football Stadium;;-1;;262143;262143;262143;;;;;1142128640;1142128641;1142128768;4294950912;4294950912;4294950912;4294950912;4294950912;4294950912;4294950912;0;19;42;55;40;18;0;1;6;1;1;1;0;19;42;63;63;63;-1;-1;-1;;;;63;63;63;False;False;False;True;False;False;False;False;False;True;False;False;False;True;False;False;False;True;False;False;0;0;0;False;0;0;0;-1;False;0;0;0;0;-1;0;0;0;0;0;0;0;0;0;0;0;0;0;0;0;0;0;-1;-1;-1;0;0;0;0;-1;0;0;0;0;0;0;0;0;0
69714;FC Nasaf Qarshi;240;29;100036;False;;;;;;;;;;;;;;;;;;;;;;;;NAS;-1;-1;Markaziy stadioni;;-1;;262143;262143;262143;;;;;1142194176;1142194177;1142194304;4294950912;4294950912;4294950912;4294950912;4294950912;4294950912;4294950912;50;50;50;7;20;38;0;0;0;1;1;1;63;63;63;63;63;63;-1;-1;-1;;;;63;63;63;False;False;False;True;False;True;False;False;False;True;False;False;False;True;False;False;False;True;False;False;0;0;0;False;0;0;0;-1;False;0;0;0;0;-1;0;0;0;0;0;0;0;0;0;0;0;0;0;0;0;0;0;-1;-1;-1;0;0;0;0;-1;0;0;0;0;0;0;0;0;0
70481;PERSIB Bandung;10;55;35964;False;;;;;;;;;;;;;;;;;;;;;;;;BAN;-1;-1;Gelora Bandung Lautan Api;;-1;;262143;262143;262143;;;;;1154760704;1154760705;1154760832;4294950912;4294950912;4294950912;4294950912;4294950912;4294950912;4294950912;6;13;36;53;53;53;0;0;0;1;1;1;63;63;63;63;63;63;-1;-1;-1;;;;63;63;63;False;False;False;True;False;True;False;False;False;True;False;False;False;True;False;False;False;True;False;False;0;0;0;False;0;0;0;-1;False;0;0;0;0;-1;0;0;0;0;0;0;0;0;0;0;0;0;0;0;0;0;0;-1;-1;-1;0;0;0;0;-1;0;0;0;0;0;0;0;0;0
70484;Johor Darul Ta'zim;21;29;101760;False;;;;;;;;;;;;;;;;;;;;;;;;JDT;-1;-1;Sultan Ibrahim Stadium;;-1;;262143;262143;262143;;;;;1154809856;1154809857;1154809984;4294950912;4294950912;4294950912;4294950912;4294950912;4294950912;4294950912;0;4;31;57;3;10;0;0;0;1;1;1;63;63;63;63;63;63;-1;-1;-1;;;;63;63;63;False;False;False;True;False;False;False;False;False;True;False;False;False;True;False;False;False;True;False;False;0;0;0;False;0;0;0;-1;False;0;0;0;0;-1;0;0;0;0;0;0;0;0;0;0;0;0;0;0;0;0;0;-1;-1;-1;0;0;0;0;-1;0;0;0;0;0;0;0;0;0
70487;Persepolis FC;11;29;102187;False;;;;;;;;;;;;;;;;;;;;;;;;PER;-1;-1;Azadi Stadium;;-1;;262143;262143;262143;;;;;1154859008;1154859009;1154859136;4294950912;4294950912;4294950912;4294950912;4294950912;4294950912;4294950912;56;8;8;56;8;8;0;0;0;4;1;1;56;8;8;56;8;8;-1;-1;-1;;;;63;63;63;False;False;False;True;False;False;False;False;False;True;False;False;False;True;False;False;False;True;False;False;0;0;0;False;0;0;0;-1;False;0;0;0;0;-1;0;0;0;0;0;0;0;0;0;0;0;0;0;0;0;0;0;-1;-1;-1;0;0;0;0;-1;0;0;0;0;0;0;0;0;0
70490;Al Wehdat SC;14;17;101971;False;;;;;;;;;;;;;;;;;;;;;;;;HOL;-1;-1;King Abdullah II Stadium;;-1;;262143;262143;262143;;;;;1154908160;1154908161;1154908288;4294950912;4294950912;4294950912;4294950912;4294950912;4294950912;4294950912;2;26;8;55;5;15;0;0;0;1;1;1;63;63;63;63;63;63;-1;-1;-1;;;;63;63;63;False;False;False;True;False;True;False;False;False;True;False;False;False;True;False;False;False;True;False;False;0;0;0;False;0;0;0;-1;False;0;0;0;0;-1;0;0;0;0;0;0;0;0;0;0;0;0;0;0;0;0;0;-1;-1;-1;0;0;0;0;-1;0;0;0;0;0;0;0;0;0
70923;Air Force Club;12;29;90007;False;;;;;;;;;;;;;;;;;;;;;;;;MAG;-1;-1;Al Quwa Al Jawiya Stadium;;-1;;262143;262143;262143;;;;;1162002432;1162002433;1162002560;4294950912;4294950912;4294950912;4294950912;4294950912;4294950912;4294950912;14;23;49;53;42;10;0;0;0;1;1;1;63;63;63;63;63;63;-1;-1;-1;;;;63;63;63;False;False;False;True;False;True;False;False;False;True;False;False;False;True;False;False;False;True;False;False;0;0;0;False;0;0;0;-1;False;0;0;0;0;-1;0;0;0;0;0;0;0;0;0;0;0;0;0;0;0;0;0;-1;-1;-1;0;0;0;0;-1;0;0;0;0;0;0;0;0;0
70924;Al Wasl FC;37;15;312;False;;;;;;;;;;;;;;;;;;;;;;;;WAS;-1;-1;Zabeel Stadium;;-1;;262143;262143;262143;;;;;1162018816;1162018817;1162018944;4294950912;4294950912;4294950912;4294950912;4294950912;4294950912;4294950912;60;52;3;10;10;10;0;0;0;1;1;1;63;63;63;63;63;63;-1;-1;-1;;;;63;63;63;False;False;False;True;False;True;False;False;False;True;False;False;False;True;False;False;False;True;False;False;0;0;0;False;0;0;0;-1;False;0;0;0;0;-1;0;0;0;0;0;0;0;0;0;0;0;0;0;0;0;0;0;-1;-1;-1;0;0;0;0;-1;0;0;0;0;0;0;0;0;0
70930;True Bangkok United;36;20;207;False;;;;;;;;;;;;;;;;;;;;;;;;BKU;-1;-1;True BG Stadium;;-1;;262143;262143;262143;;;;;1162117120;1162117121;1162117248;4294950912;4294950912;4294950912;4294950912;4294950912;4294950912;4294950912;10;10;10;34;0;0;0;0;0;1;1;1;63;63;63;63;63;63;-1;-1;-1;;;;63;63;63;False;False;False;True;False;True;False;False;False;True;False;False;False;True;False;False;False;True;False;False;0;0;0;False;0;0;0;-1;False;0;0;0;0;-1;0;0;0;0;0;0;0;0;0;0;0;0;0;0;0;0;0;-1;-1;-1;0;0;0;0;-1;0;0;0;0;0;0;0;0;0
70937;Port FC;36;29;102275;False;;;;;;;;;;;;;;;;;;;;;;;;PFC;-1;-1;PAT Stadium;;-1;;262143;262143;262143;;;;;1162231808;1162231809;1162231936;4294950912;4294950912;4294950912;4294950912;4294950912;4294950912;4294950912;52;19;7;4;3;34;0;0;0;1;1;1;63;63;63;63;63;63;-1;-1;-1;;;;63;63;63;False;False;False;True;False;True;False;False;False;True;False;False;False;True;False;False;False;True;False;False;0;0;0;False;0;0;0;-1;False;0;0;0;0;-1;0;0;0;0;0;0;0;0;0;0;0;0;0;0;0;0;0;-1;-1;-1;0;0;0;0;-1;0;0;0;0;0;0;0;0;0
71134;Lion City Sailors;32;29;102274;False;;;;;;;;;;;;;;;;;;;;;;;;VFL;-1;-1;Bishan Stadium;;-1;;262143;262143;262143;;;;;1165459456;1165459457;1165459584;1165459458;4294950912;4294950912;4294950912;4294950912;4294950912;4294950912;53;53;53;12;15;48;0;0;0;1;1;1;63;63;63;63;63;63;-1;-1;-1;;;;63;63;63;False;False;False;True;False;True;False;False;False;True;False;False;False;True;False;False;False;True;False;False;0;0;0;False;0;0;0;-1;False;0;0;0;0;-1;0;0;0;0;0;0;0;0;0;0;0;0;0;0;0;0;0;-1;-1;-1;0;0;0;0;-1;0;0;0;0;0;0;0;0;0
71135;FC Istiqlol Dushanbe;41;29;100418;False;;;;;;;;;;;;;;;;;;;;;;;;IST;-1;-1;Central Republican Stadium;;-1;;262143;262143;262143;;;;;1165475840;1165475841;1165475968;4294950912;4294950912;4294950912;4294950912;4294950912;4294950912;4294950912;47;7;7;11;34;21;0;0;0;1;1;1;63;63;63;63;63;63;-1;-1;-1;;;;63;63;63;False;False;False;True;False;True;False;False;False;True;False;False;False;True;False;False;False;True;False;False;0;0;0;False;0;0;0;-1;False;0;0;0;0;-1;0;0;0;0;0;0;0;0;0;0;0;0;0;0;0;0;0;-1;-1;-1;0;0;0;0;-1;0;0;0;0;0;0;0;0;0
71212;Sharjah FC;37;29;37;False;;;;;;;;;;;;;;;;;;;;;;;;WAH;-1;-1;Sharjah Stadion;;-1;;262143;262143;262143;;;;;1166737408;1166737409;1166737536;4294950912;4294950912;4294950912;4294950912;4294950912;4294950912;4294950912;53;53;53;9;18;51;0;0;0;1;1;1;63;63;63;63;63;63;-1;-1;-1;;;;63;63;63;False;False;False;True;False;True;False;False;False;True;False;False;False;True;False;False;False;True;False;False;0;0;0;False;0;0;0;-1;False;0;0;0;0;-1;0;0;0;0;0;0;0;0;0;0;0;0;0;0;0;0;0;-1;-1;-1;0;0;0;0;-1;0;0;0;0;0;0;0;0;0
71311;Kaya FC-Iloilo;29;15;100043;False;;;;;;;;;;;;;;;;;;;;;;;;KAY;-1;-1;Iloilo Sports Complex;;-1;;262143;262143;262143;;;;;1168359424;1168359425;1168359552;4294950912;4294950912;4294950912;4294950912;4294950912;4294950912;4294950912;10;10;10;59;57;4;0;0;0;1;1;1;63;63;63;63;63;63;-1;-1;-1;;;;63;63;63;False;False;False;True;False;True;False;False;False;True;False;False;False;True;False;False;False;True;False;False;0;0;0;False;0;0;0;-1;False;0;0;0;0;-1;0;0;0;0;0;0;0;0;0;0;0;0;0;0;0;0;0;-1;-1;-1;0;0;0;0;-1;0;0;0;0;0;0;0;0;0
71450;Gwangju FC;16;13;102141;False;;;;;;;;;;;;;;;;;;;;;;;;GWA;-1;-1;Gwangju World Cup Stadium;;-1;;262143;262143;262143;;;;;1170636800;1170636801;1170636928;4294950912;4294950912;4294950912;4294950912;4294950912;4294950912;4294950912;56;41;8;10;13;23;0;0;0;1;1;1;63;63;63;63;63;63;-1;-1;-1;;;;63;63;63;False;False;False;True;False;True;False;False;False;True;False;False;False;True;False;False;False;True;False;False;0;0;0;False;0;0;0;-1;False;0;0;0;0;-1;0;0;0;0;0;0;0;0;0;0;0;0;0;0;0;0;0;-1;-1;-1;0;0;0;0;-1;0;0;0;0;0;0;0;0;0
71574;Mohun Bagan Super Giant;9;20;100764;False;;;;;;;;;;;;;;;;;;;;;;;;MB;-1;-1;Vivekananda Yuba Bharati Krirangan;;-1;;262143;262143;262143;;;;;1172668416;1172668417;1172668544;4294950912;4294950912;4294950912;4294950912;4294950912;4294950912;4294950912;5;20;12;40;12;15;0;0;0;1;1;1;63;63;63;63;63;63;-1;-1;-1;;;;63;63;63;False;False;False;True;False;True;False;False;False;True;False;False;False;True;False;False;False;True;False;False;0;0;0;False;0;0;0;-1;False;0;0;0;0;-1;0;0;0;0;0;0;0;0;0;0;0;0;0;0;0;0;0;-1;-1;-1;0;0;0;0;-1;0;0;0;0;0;0;0;0;0
71576;Al Hussein SC;14;45;3;False;;;;;;;;;;;;;;;;;;;;;;;;HSC;-1;-1;Al Hassan Stadium;;-1;;262143;262143;262143;;;;;1172701184;1172701185;1172701312;4294950912;4294950912;4294950912;4294950912;4294950912;4294950912;4294950912;53;45;9;53;53;53;0;0;0;1;1;1;63;63;63;63;63;63;-1;-1;-1;;;;63;63;63;False;False;False;True;False;True;False;False;False;True;False;False;False;True;False;False;False;True;False;False;0;0;0;False;0;0;0;-1;False;0;0;0;0;-1;0;0;0;0;0;0;0;0;0;0;0;0;0;0;0;0;0;-1;-1;-1;0;0;0;0;-1;0;0;0;0;0;0;0;0;0
71577;Selangor FC;21;54;100046;False;;;;;;;;;;;;;;;;;;;;;;;;PAD;-1;-1;Petaling Jaya Stadium;;-1;;262143;262143;262143;;;;;1172717568;1172717569;1172717696;4294950912;4294950912;4294950912;4294950912;4294950912;4294950912;4294950912;38;11;9;52;39;13;0;0;0;1;1;1;63;63;63;63;63;63;-1;-1;-1;;;;63;63;63;False;False;False;True;False;True;False;False;False;True;False;False;False;True;False;False;False;True;False;False;0;0;0;False;0;0;0;-1;False;0;0;0;0;-1;0;0;0;0;0;0;0;0;0;0;0;0;0;0;0;0;0;-1;-1;-1;0;0;0;0;-1;0;0;0;0;0;0;0;0;0
